Employee_ID,Name,Dept,Role,Age,MonthlySalary,Attrition_Prob,Risk,Engagement,PerformanceRating,Skill_Gap,Primary_Gap,Recommendation
101,David Williams 1,IT,Cybersecurity Specialist,21,97796,0.0,LOW,65.1,3,"Nmap, Vulnerability Assessment",Nmap,Learn Nmap: Mastering Nmap
102,Anna Dominguez 2,Sales,Sales Executive,56,122052,0.0,LOW,58.6,2,"Client Relationship Management, HubSpot, Negotiation",Client Relationship Management,Learn Client Relationship Management: Mastering Client Relationship Management
103,Manish Badami 3,HR,HR Executive,44,135808,0.1061,LOW,80.1,2,"HR Operations, Payroll Coordination",HR Operations,Learn HR Operations: Mastering HR Operations
104,Riya Mishra 4,Sales,Business Development,47,171311,0.0,LOW,80.0,3,"Partnership Management, Salesforce",Partnership Management,Learn Partnership Management: Mastering Partnership Management
105,Shannon Clark 5,IT,Cybersecurity Specialist,22,126951,0.0,LOW,79.9,3,"SIEM Tools, Vulnerability Assessment",SIEM Tools,Learn SIEM Tools: Mastering SIEM Tools
106,Arjun Rao 6,HR,Employee Relations,51,85886,0.2926,LOW,77.1,3,"Excel, ServiceNow HR",Excel,Learn Excel: Mastering Excel
107,Avani Bhat 7,HR,HR Manager,34,138424,0.0,LOW,83.3,2,"Employee Retention, Excel, HR Compliance",Employee Retention,Learn Employee Retention: Strategic HR Leadership & Talent Retention Strategies
108,Rita Walker 8,Support,Support Engineer,22,139697,0.0059,LOW,88.9,3,"SLA Management, Splunk",SLA Management,Learn SLA Management: Mastering SLA Management
109,Vivaan Gupta 9,Marketing,SEO Analyst,49,131299,0.0,LOW,49.5,3,"Competitor Analysis, Traffic Analysis",Competitor Analysis,Learn Competitor Analysis: Mastering Competitor Analysis
110,Diya Patel 10,Sales,Sales Executive,35,184177,0.0,LOW,43.9,4,"B2B Sales, HubSpot, Lead Generation",B2B Sales,Learn B2B Sales: Mastering B2B Sales
111,Judith Ware 11,HR,HR Executive,32,49497,0.0878,LOW,92.6,2,"Excel, HR Operations",Excel,Learn Excel: Mastering Excel
112,Cody Bright 12,IT,Data Analyst,57,167888,0.0,LOW,55.9,4,"Data Cleaning, Python",Data Cleaning,Learn Data Cleaning: Mastering Data Cleaning
113,Kabir Mehta 13,Sales,Business Development,48,153915,0.0014,LOW,59.0,3,"Partnership Management, Salesforce",Partnership Management,Learn Partnership Management: Mastering Partnership Management
114,Joel Fuller 14,HR,HR Executive,40,127019,0.0,LOW,68.5,3,"HR Operations, Workday",HR Operations,Learn HR Operations: Mastering HR Operations
115,Jasmine Gonzalez 15,Sales,Business Development,59,144017,0.0,LOW,52.2,3,"Partnership Management, ZoomInfo",Partnership Management,Learn Partnership Management: Mastering Partnership Management
116,Ashley Marsh 16,IT,Tester,44,104385,0.045,LOW,67.4,3,"Postman, Selenium",Postman,Learn Postman: Mastering Postman
117,Rohan Pillai 17,Sales,Business Development,41,140153,0.0005,LOW,60.6,3,"Salesforce, ZoomInfo",Salesforce,Learn Salesforce: Mastering Salesforce
118,Judith Ware 18,Support,Helpdesk,30,68826,0.0007,LOW,69.2,2,"Jira Service Desk, Zendesk",Jira Service Desk,Learn Jira Service Desk: Mastering Jira Service Desk
119,Diya Patel 19,Sales,Business Development,34,145034,0.0,LOW,75.4,4,"Salesforce, ZoomInfo",Salesforce,Learn Salesforce: Mastering Salesforce
120,Arjun Rao 20,HR,HR Manager,57,119242,0.0,LOW,67.9,2,"Excel, Talent Acquisition, Workday",Excel,Learn Excel: Mastering Excel
121,Brenda Bauer 21,Sales,Sales Executive,38,158066,0.0,LOW,67.3,3,"Lead Generation, LinkedIn Sales Navigator, Pipeline Management",Lead Generation,Learn Lead Generation: Mastering Lead Generation
122,Aditi Sen 22,Support,Support Engineer,44,85100,0.0,LOW,75.1,3,"SLA Management, Splunk, Technical Troubleshooting",SLA Management,Learn SLA Management: Mastering SLA Management
123,Megan Williams 23,IT,Developer,34,160170,0.0,LOW,84.5,3,"API Integration, Node.js",API Integration,Learn API Integration: Mastering API Integration
124,Christopher Benson 24,Sales,Business Development,54,170431,0.0,LOW,91.2,4,"Deal Closing, ZoomInfo",Deal Closing,Learn Deal Closing: Mastering Deal Closing
125,Cody Bright 25,HR,Employee Relations,32,131205,0.0,LOW,69.4,5,"Conflict Resolution, Employee Wellbeing",Conflict Resolution,Learn Conflict Resolution: Workplace Conflict Resolution & Empathy-Driven Leadership
126,Myra Nair 26,IT,Engineer,42,47809,0.04,LOW,93.9,1,"Backend Architecture, DevOps, Terraform",Backend Architecture,Learn Backend Architecture: Mastering Backend Architecture
127,Ishaan Malhotra 27,Marketing,Content Lead,26,99450,0.0126,LOW,82.5,3,"Adobe Creative Cloud, Content Production",Adobe Creative Cloud,Learn Adobe Creative Cloud: Mastering Adobe Creative Cloud
128,Kavya Menon 28,Sales,Account Manager,56,73428,0.9602,HIGH,57.2,4,"Account Growth, Zendesk",Account Growth,Learn Account Growth: Mastering Account Growth
129,Erin Massey 29,IT,Tester,56,107790,0.0016,LOW,56.9,3,"Bug Tracking, Jira, PyTest",Bug Tracking,Learn Bug Tracking: Mastering Bug Tracking
130,Brenda Bauer 30,IT,Tester,42,146126,0.5933,MEDIUM,65.1,3,"Bug Tracking, PyTest",Bug Tracking,Learn Bug Tracking: Mastering Bug Tracking
131,Meera Das 31,Sales,Account Manager,34,125321,0.0001,LOW,89.3,5,"Gainsight, Salesforce",Gainsight,Learn Gainsight: Mastering Gainsight
132,Clinton Scott 32,Finance,Auditor,36,37093,0.0001,LOW,66.0,3,"ACL Analytics, Excel",ACL Analytics,Learn ACL Analytics: Mastering ACL Analytics
133,Manish Badami 33,IT,Data Analyst,56,79498,0.0666,LOW,49.3,2,"Business Reporting, Exploratory Data Analysis, PowerBI, SQL",Business Reporting,Learn Business Reporting: Mastering Business Reporting
134,Steven Barnett 34,HR,Employee Relations,45,151251,0.0378,LOW,69.3,4,Employee Wellbeing,Employee Wellbeing,Learn Employee Wellbeing: Mastering Employee Wellbeing
135,Sara Snyder 35,IT,Tester,52,75985,0.3528,LOW,48.2,5,"Bug Tracking, Test Automation",Bug Tracking,Learn Bug Tracking: Mastering Bug Tracking
136,Pari Joshi 36,Sales,Sales Executive,53,67009,0.0,LOW,59.3,3,"Lead Generation, Pipeline Management, Salesforce",Lead Generation,Learn Lead Generation: Mastering Lead Generation
137,Reyansh Reddy 37,Support,Helpdesk,56,163515,0.0,LOW,65.0,3,"Jira Service Desk, Zendesk",Jira Service Desk,Learn Jira Service Desk: Mastering Jira Service Desk
138,Kavya Menon 38,IT,Developer,40,52718,0.9754,HIGH,73.8,4,"API Integration, Database Design, Full-Stack Development",API Integration,Learn API Integration: Mastering API Integration
139,Rita Walker 39,IT,Developer,38,51705,0.0142,LOW,84.3,5,"Full-Stack Development, JavaScript / TypeScript",Full-Stack Development,Learn Full-Stack Development: Mastering Full-Stack Development
140,Ishaan Malhotra 40,Support,Support Engineer,58,122618,0.0,LOW,80.3,4,"Jira, SLA Management",Jira,Learn Jira: Mastering Jira
141,Joel Fuller 41,IT,Software Engineer,23,97598,0.0001,LOW,57.8,3,"CI/CD, Code Quality & Testing, Kubernetes, Python",CI/CD,Learn CI/CD: Mastering CI/CD
142,Ayaan Saxena 42,IT,Cybersecurity Specialist,43,112878,0.0,LOW,67.5,4,"SIEM Tools, Vulnerability Assessment",SIEM Tools,Learn SIEM Tools: Mastering SIEM Tools
143,Christopher Benson 43,Sales,Business Development,52,47239,0.0406,LOW,72.9,3,"Deal Closing, Salesforce",Deal Closing,Learn Deal Closing: Mastering Deal Closing
144,Ishaan Malhotra 44,IT,Software Engineer,36,81622,0.0,LOW,68.9,2,"Data Structures & Algorithms, Docker, Kubernetes",Data Structures & Algorithms,Learn Data Structures & Algorithms: Mastering Data Structures & Algorithms
145,Riya Mishra 45,Sales,Business Development,25,81665,0.0,LOW,68.8,3,"Salesforce, ZoomInfo",Salesforce,Learn Salesforce: Mastering Salesforce
146,Christopher Benson 46,Finance,Accountant,24,67274,0.0004,LOW,51.3,3,"Financial Accounting, QuickBooks",Financial Accounting,Learn Financial Accounting: Mastering Financial Accounting
147,Connie Bailey 47,Finance,Financial Analyst,41,177491,0.0,LOW,58.2,4,"Excel, Financial Modeling, SQL",Excel,Learn Excel: Mastering Excel
148,Aditi Sen 48,Finance,Accountant,34,143368,0.0001,LOW,67.2,4,"Financial Accounting, Tax Compliance",Financial Accounting,Learn Financial Accounting: Mastering Financial Accounting
149,Riya Mishra 49,Marketing,SEO Analyst,59,181075,0.0,LOW,34.9,2,"Competitor Analysis, Google Search Console",Competitor Analysis,Learn Competitor Analysis: Mastering Competitor Analysis
150,Brenda Bauer 50,Sales,Business Development,51,143563,0.0041,LOW,79.7,3,"Market Expansion, Salesforce",Market Expansion,Learn Market Expansion: Mastering Market Expansion
151,David Williams 51,Marketing,Content Lead,34,171746,0.0353,LOW,55.5,3,"Content Production, Figma",Content Production,Learn Content Production: Mastering Content Production
152,Norman Lane 52,IT,Tester,26,128103,0.0009,LOW,80.2,4,"Bug Tracking, Postman, Test Automation",Bug Tracking,Learn Bug Tracking: Mastering Bug Tracking
153,David Williams 53,IT,Engineer,32,101446,0.0017,LOW,79.2,1,"Cloud Infrastructure, Terraform",Cloud Infrastructure,Learn Cloud Infrastructure: Mastering Cloud Infrastructure
154,Ashley Marsh 54,HR,HR Executive,36,64072,0.0003,LOW,65.5,3,"HR Operations, Onboarding",HR Operations,Learn HR Operations: Mastering HR Operations
155,Taylor Morris 55,Marketing,SEO Specialist,37,68717,0.0054,LOW,84.0,3,"Google Analytics, Technical SEO",Google Analytics,Learn Google Analytics: Mastering Google Analytics
156,Riya Mishra 56,IT,Tester,43,152202,0.0,LOW,80.9,4,"Bug Tracking, Postman, Selenium",Bug Tracking,Learn Bug Tracking: Mastering Bug Tracking
157,Jeffery Lopez 57,Finance,Accountant,34,157389,0.0,LOW,68.3,3,"Excel, SAP Financials",Excel,Learn Excel: Mastering Excel
158,Vivaan Gupta 58,HR,Recruitment Specialist,27,144525,0.0445,LOW,66.9,3,"LinkedIn Recruiter, Salary Benchmarking",LinkedIn Recruiter,Learn LinkedIn Recruiter: Mastering LinkedIn Recruiter
159,Peggy Mann 59,IT,Engineer,52,39646,0.0012,LOW,85.2,5,"Backend Architecture, Linux",Backend Architecture,Learn Backend Architecture: Mastering Backend Architecture
160,Troy Ford 60,IT,Developer,35,74713,0.0,LOW,74.8,3,"Full-Stack Development, Node.js, PostgreSQL",Full-Stack Development,Learn Full-Stack Development: Mastering Full-Stack Development
161,Navya Chopra 61,Sales,Sales Executive,37,102936,0.0001,LOW,84.5,2,"B2B Sales, Lead Generation, LinkedIn Sales Navigator",B2B Sales,Learn B2B Sales: Mastering B2B Sales
162,Jeffery Lopez 62,Sales,Business Development,54,57185,0.0004,LOW,43.3,2,"Market Expansion, Salesforce",Market Expansion,Learn Market Expansion: Mastering Market Expansion
163,Arjun Rao 63,IT,Cybersecurity Specialist,25,119263,0.0,LOW,73.2,4,"Nmap, Wireshark",Nmap,Learn Nmap: Mastering Nmap
164,Diya Patel 64,IT,Tester,47,87107,0.0,LOW,53.1,3,"Manual Testing, Postman",Manual Testing,Learn Manual Testing: Mastering Manual Testing
165,Christopher Benson 65,Sales,Business Development,43,52563,0.1667,LOW,71.7,3,"Partnership Management, Salesforce",Partnership Management,Learn Partnership Management: Mastering Partnership Management
166,Cody Bright 66,IT,Engineer,34,105729,0.0,LOW,80.6,3,"Cloud Infrastructure, DevOps",Cloud Infrastructure,Learn Cloud Infrastructure: Mastering Cloud Infrastructure
167,Aarav Sharma 67,Sales,Sales Executive,35,50701,0.0,LOW,92.9,5,"B2B Sales, HubSpot, LinkedIn Sales Navigator",B2B Sales,Learn B2B Sales: Mastering B2B Sales
168,Arjun Rao 68,Sales,Business Development,53,163331,0.0,LOW,60.7,3,"Market Expansion, Partnership Management",Market Expansion,Learn Market Expansion: Mastering Market Expansion
169,Reyansh Reddy 69,HR,Employee Relations,51,134280,0.0118,LOW,65.7,3,"Employee Wellbeing, Workplace Policy",Employee Wellbeing,Learn Employee Wellbeing: Mastering Employee Wellbeing
170,Christopher Benson 70,Marketing,Marketing Executive,55,73665,0.0,LOW,70.9,1,"Google Ads, Mailchimp",Google Ads,Learn Google Ads: Mastering Google Ads
171,Ananya Singh 71,IT,Cybersecurity Specialist,37,50957,0.3523,LOW,60.3,3,"Splunk, Vulnerability Assessment",Splunk,Learn Splunk: Mastering Splunk
172,Sara Snyder 72,Marketing,Content Lead,48,81008,0.0,LOW,83.7,2,"Brand Storytelling, Creative Direction",Brand Storytelling,Learn Brand Storytelling: Mastering Brand Storytelling
173,Reyansh Reddy 73,Sales,Account Manager,39,96920,0.0014,LOW,71.2,4,"Contract Renewal, Gainsight, Salesforce",Contract Renewal,Learn Contract Renewal: Mastering Contract Renewal
174,Vihaan Verma 74,Marketing,SEO Analyst,43,148828,0.0,LOW,73.5,4,Google Search Console,Google Search Console,Learn Google Search Console: Mastering Google Search Console
175,Rita Walker 75,Sales,Sales Executive,52,158852,0.0,LOW,79.4,3,"B2B Sales, Client Relationship Management, Pipeline Management, Salesforce",B2B Sales,Learn B2B Sales: Mastering B2B Sales
176,Meera Das 76,IT,Software Engineer,33,167698,0.0,LOW,71.1,3,"CI/CD, Code Quality & Testing, Docker, Python",CI/CD,Learn CI/CD: Mastering CI/CD
177,Reyansh Reddy 77,IT,Engineer,40,125815,0.0,LOW,62.2,3,"Cloud Infrastructure, Linux",Cloud Infrastructure,Learn Cloud Infrastructure: Mastering Cloud Infrastructure
178,Riya Mishra 78,IT,Data Analyst,55,73311,0.0097,LOW,71.2,3,"Data Cleaning, Python",Data Cleaning,Learn Data Cleaning: Mastering Data Cleaning
179,Megan Williams 79,IT,Engineer,25,67356,0.0,LOW,61.7,3,"Backend Architecture, Terraform",Backend Architecture,Learn Backend Architecture: Mastering Backend Architecture
180,Megan Williams 80,Sales,Business Development,29,38809,0.0007,LOW,73.3,5,"Partnership Management, ZoomInfo",Partnership Management,Learn Partnership Management: Mastering Partnership Management
181,Ayaan Saxena 81,IT,Cybersecurity Specialist,49,69875,0.0047,LOW,84.0,4,"Incident Response, Vulnerability Assessment",Incident Response,Learn Incident Response: Mastering Incident Response
182,Aditya Kumar 82,HR,HR Executive,26,44465,0.3728,LOW,57.9,3,"Excel, HR Operations",Excel,Learn Excel: Mastering Excel
183,Kabir Mehta 83,IT,Engineer,45,108844,0.0,LOW,53.6,3,"Backend Architecture, Linux",Backend Architecture,Learn Backend Architecture: Mastering Backend Architecture
184,Kavya Menon 84,IT,Software Engineer,51,121889,0.0,LOW,72.6,3,"CI/CD, Docker, Kubernetes, System Design",CI/CD,Learn CI/CD: Mastering CI/CD
185,Vihaan Verma 85,IT,Tester,42,50250,0.0,LOW,62.8,4,"Jira, Postman, Test Automation",Jira,Learn Jira: Mastering Jira
186,Ashley Marsh 86,Support,Support Engineer,22,81023,0.7099,HIGH,72.4,3,"Jira, Technical Troubleshooting",Jira,Learn Jira: Mastering Jira
187,Riya Mishra 87,Sales,Business Development,25,136350,0.0,LOW,75.8,3,"Partnership Management, Salesforce",Partnership Management,Learn Partnership Management: Mastering Partnership Management
188,Nicole Roberts 88,IT,Software Engineer,47,51427,0.5034,MEDIUM,46.3,1,"CI/CD, Data Structures & Algorithms, Git",CI/CD,Learn CI/CD: Mastering CI/CD
189,Saanvi Iyer 89,Sales,Sales Executive,45,106643,0.0,LOW,80.3,4,"B2B Sales, Pipeline Management",B2B Sales,Learn B2B Sales: Mastering B2B Sales
190,Nicole Roberts 90,IT,Developer,28,169511,0.0,LOW,58.0,4,"Database Design, Node.js",Database Design,Learn Database Design: Mastering Database Design
191,Christopher Benson 91,IT,Tester,21,113672,0.0009,LOW,71.7,3,"PyTest, Selenium",PyTest,Learn PyTest: Mastering PyTest
192,Connie Bailey 92,Sales,Sales Executive,40,52300,0.9629,HIGH,64.1,3,"B2B Sales, Client Relationship Management",B2B Sales,Learn B2B Sales: Mastering B2B Sales
193,Ananya Singh 93,HR,HR Executive,43,95289,0.0,LOW,65.4,2,"HR Operations, Workday",HR Operations,Learn HR Operations: Mastering HR Operations
194,Brenda Bauer 94,Sales,Account Manager,52,183254,0.0,LOW,92.3,4,"Account Growth, Client Relationship Management",Account Growth,Learn Account Growth: Mastering Account Growth
195,Avani Bhat 95,Support,Support Engineer,31,54659,0.0242,LOW,75.8,4,"Postman, Splunk",Postman,Learn Postman: Mastering Postman
196,Vihaan Verma 96,HR,Recruitment Specialist,59,45360,0.8717,HIGH,82.9,3,"Candidate Sourcing, Lever, Salary Benchmarking",Candidate Sourcing,Learn Candidate Sourcing: Mastering Candidate Sourcing
197,Norman Lane 97,Finance,Financial Analyst,44,56424,0.0001,LOW,73.8,2,"Excel, Financial Modeling, PowerBI",Excel,Learn Excel: Mastering Excel
198,Ananya Singh 98,Sales,Account Manager,31,133035,0.0,LOW,79.4,3,"Client Relationship Management, Salesforce",Client Relationship Management,Learn Client Relationship Management: Mastering Client Relationship Management
199,Ananya Singh 99,IT,Data Analyst,49,83791,0.0307,LOW,77.0,3,"Business Reporting, Exploratory Data Analysis, Statistical Analysis, Tableau",Business Reporting,Learn Business Reporting: Mastering Business Reporting
200,Saanvi Iyer 100,Support,Support Engineer,46,169137,0.0,LOW,75.1,3,"Jira, SLA Management",Jira,Learn Jira: Mastering Jira
201,Nicole Roberts 101,IT,Software Engineer,36,47300,0.0001,LOW,85.3,3,"AWS, CI/CD, Docker, Kubernetes",AWS,Learn AWS: AWS Certified Solutions Architect & Cloud Engineering
202,Vivaan Gupta 102,Sales,Business Development,55,68370,0.7009,HIGH,73.9,3,"Deal Closing, Partnership Management",Deal Closing,Learn Deal Closing: Mastering Deal Closing
203,Manish Badami 103,Sales,Sales Executive,40,62209,0.0151,LOW,99.4,3,"HubSpot, Lead Generation, Negotiation",HubSpot,Learn HubSpot: Mastering HubSpot
204,Rohan Pillai 104,Marketing,Content Lead,23,55927,0.0002,LOW,83.5,3,"Adobe Creative Cloud, Figma",Adobe Creative Cloud,Learn Adobe Creative Cloud: Mastering Adobe Creative Cloud
205,Troy Ford 105,HR,Recruitment Specialist,21,69579,0.0047,LOW,58.3,4,"Salary Benchmarking, Screening & Interviewing",Salary Benchmarking,Learn Salary Benchmarking: Mastering Salary Benchmarking
206,Jasmine Gonzalez 106,Finance,Financial Analyst,21,44032,0.0004,LOW,69.9,3,"PowerBI, Tableau",PowerBI,Learn PowerBI: PowerBI & Tableau Executive Dashboards
207,Sara Khan 107,Sales,Business Development,37,128254,0.0002,LOW,76.8,3,"Market Expansion, Salesforce",Market Expansion,Learn Market Expansion: Mastering Market Expansion
208,Jasmine Gonzalez 108,Sales,Sales Executive,22,113413,0.0,LOW,72.5,2,"B2B Sales, Lead Generation, Pipeline Management",B2B Sales,Learn B2B Sales: Mastering B2B Sales
209,Judith Ware 109,IT,Developer,49,148528,0.0,LOW,80.2,3,"Git Version Control, JavaScript / TypeScript, React",Git Version Control,Learn Git Version Control: Mastering Git Version Control
210,Troy Ford 110,Finance,Financial Analyst,40,158916,0.0,LOW,81.6,4,"Excel, SQL",Excel,Learn Excel: Mastering Excel
211,Steven Barnett 111,IT,Software Engineer,26,107302,0.0,LOW,55.7,1,"AWS, Data Structures & Algorithms, Docker",AWS,Learn AWS: AWS Certified Solutions Architect & Cloud Engineering
212,Ishaan Malhotra 112,Sales,Business Development,28,120757,0.0,LOW,87.4,3,"Partnership Management, ZoomInfo",Partnership Management,Learn Partnership Management: Mastering Partnership Management
213,Erin Massey 113,Marketing,Content Strategist,49,50932,0.8131,HIGH,66.0,2,"Canva, Notion",Canva,Learn Canva: Mastering Canva
214,Vihaan Verma 114,Sales,Account Manager,53,60714,0.0012,LOW,64.8,3,"Client Relationship Management, Gainsight, Salesforce",Client Relationship Management,Learn Client Relationship Management: Mastering Client Relationship Management
215,Aditya Kumar 115,Support,Support Engineer,23,92803,0.0,LOW,64.8,3,"SLA Management, Splunk",SLA Management,Learn SLA Management: Mastering SLA Management
216,Kabir Mehta 116,IT,Developer,55,168624,0.0,LOW,81.7,2,"Full-Stack Development, Node.js, PostgreSQL",Full-Stack Development,Learn Full-Stack Development: Mastering Full-Stack Development
217,Devansh Banerjee 117,Support,Support Engineer,25,91627,0.0,LOW,68.8,2,"Jira, Postman, Root Cause Analysis",Jira,Learn Jira: Mastering Jira
218,Devansh Banerjee 118,Marketing,Marketing Executive,47,114810,0.0,LOW,64.0,4,"Mailchimp, Market Research",Mailchimp,Learn Mailchimp: Mastering Mailchimp
219,Myra Nair 119,Marketing,SEO Specialist,32,80380,0.4727,MEDIUM,66.9,3,"Google Analytics, Keyword Research",Google Analytics,Learn Google Analytics: Mastering Google Analytics
220,Arjun Rao 120,IT,Engineer,40,99686,0.0,LOW,50.5,3,"DevOps, Linux",DevOps,Learn DevOps: Mastering DevOps
221,Anna Dominguez 121,Finance,Financial Analyst,40,155321,0.0,LOW,61.9,4,"PowerBI, Tableau",PowerBI,Learn PowerBI: PowerBI & Tableau Executive Dashboards
222,Meera Das 122,Marketing,SEO Specialist,29,80028,0.0,LOW,57.1,3,"Ahrefs, SEMrush, Technical SEO",Ahrefs,Learn Ahrefs: Mastering Ahrefs
223,Meera Das 123,HR,Recruitment Specialist,59,181367,0.0,LOW,68.8,4,"LinkedIn Recruiter, Screening & Interviewing",LinkedIn Recruiter,Learn LinkedIn Recruiter: Mastering LinkedIn Recruiter
224,Nicole Roberts 124,Marketing,Content Lead,24,148141,0.0006,LOW,80.0,5,"Brand Storytelling, Content Production",Brand Storytelling,Learn Brand Storytelling: Mastering Brand Storytelling
225,Ananya Singh 125,Marketing,Content Lead,39,90248,0.5139,MEDIUM,78.6,3,"Brand Storytelling, Creative Direction",Brand Storytelling,Learn Brand Storytelling: Mastering Brand Storytelling
226,Pari Joshi 126,HR,Employee Relations,58,45523,0.0662,LOW,87.1,3,"Conflict Resolution, Workplace Policy",Conflict Resolution,Learn Conflict Resolution: Workplace Conflict Resolution & Empathy-Driven Leadership
227,Aarav Sharma 127,Sales,Business Development,47,80530,0.0,LOW,84.4,3,"Market Expansion, ZoomInfo",Market Expansion,Learn Market Expansion: Mastering Market Expansion
228,Riya Mishra 128,Support,Support Engineer,33,48769,0.1666,LOW,65.7,4,"SLA Management, Technical Troubleshooting",SLA Management,Learn SLA Management: Mastering SLA Management
229,Peter Mckee 129,Sales,Account Manager,33,147035,0.0033,LOW,72.2,3,"Gainsight, Zendesk",Gainsight,Learn Gainsight: Mastering Gainsight
230,Shannon Clark 130,IT,Engineer,42,114782,0.0098,LOW,71.6,4,"AWS, DevOps",AWS,Learn AWS: AWS Certified Solutions Architect & Cloud Engineering
231,Myra Nair 131,HR,HR Manager,48,113382,0.0,LOW,46.2,5,"BambooHR, Talent Acquisition, Workday",BambooHR,Learn BambooHR: Mastering BambooHR
232,Diya Patel 132,Sales,Sales Executive,42,145939,0.0,LOW,57.4,4,"B2B Sales, LinkedIn Sales Navigator",B2B Sales,Learn B2B Sales: Mastering B2B Sales
233,David Williams 133,IT,Data Analyst,39,179542,0.0,LOW,70.0,4,"PowerBI, Tableau",PowerBI,Learn PowerBI: PowerBI & Tableau Executive Dashboards
234,Diya Patel 134,IT,Engineer,28,113712,0.0,LOW,69.9,3,DevOps,DevOps,Learn DevOps: Mastering DevOps
235,Navya Chopra 135,HR,HR Manager,28,153643,0.0,LOW,78.1,4,"BambooHR, Employee Retention, HR Compliance",BambooHR,Learn BambooHR: Mastering BambooHR
236,Devansh Banerjee 136,IT,Engineer,46,142417,0.0001,LOW,77.6,2,"Cloud Infrastructure, Linux",Cloud Infrastructure,Learn Cloud Infrastructure: Mastering Cloud Infrastructure
237,Taylor Morris 137,IT,Tester,46,172877,0.0007,LOW,50.8,3,"Manual Testing, Selenium",Manual Testing,Learn Manual Testing: Mastering Manual Testing
238,Sara Khan 138,Sales,Account Manager,43,163256,0.0,LOW,78.2,3,"Contract Renewal, Cross-selling, Zendesk",Contract Renewal,Learn Contract Renewal: Mastering Contract Renewal
239,Peggy Mann 139,Support,Helpdesk,33,136422,0.0,LOW,74.1,3,"Jira Service Desk, Zendesk",Jira Service Desk,Learn Jira Service Desk: Mastering Jira Service Desk
240,Manish Badami 140,Marketing,Content Strategist,48,124300,0.0003,LOW,79.5,2,"Canva, Content Strategy, Copywriting",Canva,Learn Canva: Mastering Canva
241,Diya Patel 141,IT,Cybersecurity Specialist,29,41630,0.9969,HIGH,84.8,3,"Splunk, Wireshark",Splunk,Learn Splunk: Mastering Splunk
242,Jeffery Lopez 142,IT,Data Analyst,40,159474,0.0,LOW,70.3,2,"Exploratory Data Analysis, PowerBI, Statistical Analysis",Exploratory Data Analysis,Learn Exploratory Data Analysis: Mastering Exploratory Data Analysis
243,Kavya Menon 143,HR,HR Manager,39,133869,0.0,LOW,86.9,3,"Employee Retention, Workday",Employee Retention,Learn Employee Retention: Strategic HR Leadership & Talent Retention Strategies
244,Judith Ware 144,Sales,Sales Executive,59,50701,0.0222,LOW,61.3,3,"LinkedIn Sales Navigator, Negotiation, Pipeline Management",LinkedIn Sales Navigator,Learn LinkedIn Sales Navigator: Mastering LinkedIn Sales Navigator
245,Kabir Mehta 145,IT,Data Analyst,32,180931,0.0,LOW,60.7,5,"Excel, Exploratory Data Analysis, Python",Excel,Learn Excel: Mastering Excel
246,Reyansh Reddy 146,Sales,Sales Executive,35,132285,0.0002,LOW,77.1,3,"HubSpot, Lead Generation",HubSpot,Learn HubSpot: Mastering HubSpot
247,Manish Badami 147,Sales,Account Manager,51,152556,0.0,LOW,67.6,4,"Account Growth, Contract Renewal, Cross-selling",Account Growth,Learn Account Growth: Mastering Account Growth
248,Christopher Benson 148,Support,Helpdesk,34,50021,0.0004,LOW,75.1,2,"Jira Service Desk, Zendesk",Jira Service Desk,Learn Jira Service Desk: Mastering Jira Service Desk
249,Diya Patel 149,Marketing,Content Lead,31,99361,0.0461,LOW,95.9,3,"Content Production, Figma",Content Production,Learn Content Production: Mastering Content Production
250,Erin Massey 150,Sales,Sales Executive,46,167317,0.0114,LOW,76.7,3,"B2B Sales, LinkedIn Sales Navigator, Negotiation",B2B Sales,Learn B2B Sales: Mastering B2B Sales
251,Clinton Scott 151,IT,Cybersecurity Specialist,47,45355,0.023,LOW,74.5,3,"Incident Response, Nmap",Incident Response,Learn Incident Response: Mastering Incident Response
252,Cody Bright 152,HR,Employee Relations,31,133841,0.0,LOW,61.6,4,Workplace Policy,Workplace Policy,Learn Workplace Policy: Mastering Workplace Policy
253,Riya Mishra 153,Marketing,Marketing Executive,58,52198,0.9989,HIGH,51.6,4,"Campaign Management, Google Ads",Campaign Management,Learn Campaign Management: Mastering Campaign Management
254,Connie Bailey 154,IT,Software Engineer,54,101951,0.0,LOW,71.1,4,Data Structures & Algorithms,Data Structures & Algorithms,Learn Data Structures & Algorithms: Mastering Data Structures & Algorithms
255,Sara Snyder 155,IT,Developer,39,167724,0.0,LOW,84.8,3,"API Integration, JavaScript / TypeScript",API Integration,Learn API Integration: Mastering API Integration
256,Navya Chopra 156,HR,Recruitment Specialist,26,53740,0.9218,HIGH,68.1,3,"LinkedIn Recruiter, Screening & Interviewing",LinkedIn Recruiter,Learn LinkedIn Recruiter: Mastering LinkedIn Recruiter
257,Vivaan Gupta 157,Finance,Financial Analyst,58,38810,0.9253,HIGH,76.8,3,"SQL, Tableau",SQL,Learn SQL: Advanced SQL & Modern Data Warehousing
258,Ishaan Malhotra 158,HR,Employee Relations,48,158743,0.0571,LOW,89.1,2,"Excel, Workplace Policy",Excel,Learn Excel: Mastering Excel
259,Jeffery Lopez 159,Sales,Business Development,21,182641,0.0018,LOW,88.8,4,Salesforce,Salesforce,Learn Salesforce: Mastering Salesforce
260,Avani Bhat 160,Support,Support Engineer,55,134855,0.0,LOW,77.1,4,"Splunk, Technical Troubleshooting",Splunk,Learn Splunk: Mastering Splunk
261,Jeffery Lopez 161,IT,Developer,28,61783,0.0,LOW,74.0,3,"JavaScript / TypeScript, Node.js",JavaScript / TypeScript,Learn JavaScript / TypeScript: Mastering JavaScript / TypeScript
262,Norman Lane 162,Marketing,SEO Specialist,27,156701,0.0,LOW,53.8,4,"SEMrush, Technical SEO",SEMrush,Learn SEMrush: Mastering SEMrush
263,Meera Das 163,Finance,Accountant,31,113047,0.0,LOW,64.4,4,"General Ledger, Tax Compliance",General Ledger,Learn General Ledger: Mastering General Ledger
264,Jasmine Gonzalez 164,Finance,Financial Analyst,59,44471,0.0001,LOW,68.6,3,"SQL, Tableau",SQL,Learn SQL: Advanced SQL & Modern Data Warehousing
265,Sara Khan 165,IT,Developer,24,145771,0.0,LOW,61.8,3,"Full-Stack Development, Git Version Control",Full-Stack Development,Learn Full-Stack Development: Mastering Full-Stack Development
266,Peter Mckee 166,Finance,Accountant,45,41163,0.0204,LOW,75.0,5,QuickBooks,QuickBooks,Learn QuickBooks: Mastering QuickBooks
267,Manish Badami 167,HR,Employee Relations,32,97071,0.0001,LOW,94.9,3,"ServiceNow HR, Workplace Policy",ServiceNow HR,Learn ServiceNow HR: Mastering ServiceNow HR
268,Manish Badami 168,IT,Software Engineer,46,51065,0.0001,LOW,90.2,3,"AWS, CI/CD, Docker, System Design",AWS,Learn AWS: AWS Certified Solutions Architect & Cloud Engineering
269,Meera Das 169,HR,Employee Relations,58,157323,0.0,LOW,74.9,3,"Employee Wellbeing, Workplace Policy",Employee Wellbeing,Learn Employee Wellbeing: Mastering Employee Wellbeing
270,Brenda Bauer 170,HR,Employee Relations,32,152969,0.0,LOW,81.4,3,"Excel, Workplace Policy",Excel,Learn Excel: Mastering Excel
271,Peter Mckee 171,IT,Tester,57,118456,0.0,LOW,63.3,3,"Bug Tracking, Jira, Test Automation",Bug Tracking,Learn Bug Tracking: Mastering Bug Tracking
272,Devansh Banerjee 172,Marketing,Content Lead,44,54154,0.0024,LOW,89.6,3,"Brand Storytelling, Figma",Brand Storytelling,Learn Brand Storytelling: Mastering Brand Storytelling
273,Navya Chopra 173,HR,Employee Relations,36,140703,0.0,LOW,53.3,3,"Excel, ServiceNow HR",Excel,Learn Excel: Mastering Excel
274,Peter Mckee 174,HR,HR Executive,33,55229,0.1428,LOW,83.0,3,"Excel, HR Operations",Excel,Learn Excel: Mastering Excel
275,Sara Snyder 175,IT,Developer,45,87587,0.0081,LOW,77.9,4,"JavaScript / TypeScript, PostgreSQL",JavaScript / TypeScript,Learn JavaScript / TypeScript: Mastering JavaScript / TypeScript
276,Jasmine Gonzalez 176,IT,Cybersecurity Specialist,24,84713,0.0,LOW,62.9,5,"Network Security, Nmap",Network Security,Learn Network Security: Mastering Network Security
277,Sara Snyder 177,Finance,Auditor,31,56101,0.6787,MEDIUM,69.5,3,"Excel, Internal Audit",Excel,Learn Excel: Mastering Excel
278,Joel Fuller 178,Sales,Account Manager,52,75391,0.0003,LOW,58.4,4,"Contract Renewal, Zendesk",Contract Renewal,Learn Contract Renewal: Mastering Contract Renewal
279,Peter Mckee 179,Finance,Auditor,27,107723,0.0007,LOW,58.9,4,"Excel, Financial Controls",Excel,Learn Excel: Mastering Excel
280,Connie Bailey 180,IT,Cybersecurity Specialist,31,135264,0.0,LOW,52.9,3,"Network Security, Vulnerability Assessment, Wireshark",Network Security,Learn Network Security: Mastering Network Security
281,Megan Williams 181,IT,Cybersecurity Specialist,48,72921,0.0003,LOW,81.2,4,"Incident Response, Vulnerability Assessment, Wireshark",Incident Response,Learn Incident Response: Mastering Incident Response
282,Rohan Pillai 182,IT,Data Analyst,43,63460,0.9969,HIGH,86.5,2,"Exploratory Data Analysis, PowerBI, SQL",Exploratory Data Analysis,Learn Exploratory Data Analysis: Mastering Exploratory Data Analysis
283,Avani Bhat 183,HR,Employee Relations,43,126725,0.0004,LOW,46.1,3,"Conflict Resolution, ServiceNow HR",Conflict Resolution,Learn Conflict Resolution: Workplace Conflict Resolution & Empathy-Driven Leadership
284,Pari Joshi 184,Finance,Auditor,48,93445,0.0042,LOW,94.1,3,"Excel, Financial Controls, SAP",Excel,Learn Excel: Mastering Excel
285,Devansh Banerjee 185,IT,Data Analyst,46,117208,0.0664,LOW,71.9,3,"Business Reporting, Excel, PowerBI, Statistical Analysis",Business Reporting,Learn Business Reporting: Mastering Business Reporting
286,Arjun Rao 186,Sales,Account Manager,45,141283,0.0007,LOW,75.5,3,"Client Relationship Management, Contract Renewal, Gainsight",Client Relationship Management,Learn Client Relationship Management: Mastering Client Relationship Management
287,Peggy Mann 187,IT,Tester,49,120779,0.0,LOW,54.3,4,"Manual Testing, Postman, Test Automation",Manual Testing,Learn Manual Testing: Mastering Manual Testing
288,Norman Lane 188,Sales,Business Development,39,38060,0.0001,LOW,87.8,2,"Deal Closing, Salesforce",Deal Closing,Learn Deal Closing: Mastering Deal Closing
289,Anna Dominguez 189,IT,Developer,53,160806,0.0,LOW,74.4,5,"API Integration, JavaScript / TypeScript, Node.js",API Integration,Learn API Integration: Mastering API Integration
290,Kabir Mehta 190,Sales,Sales Executive,56,48731,0.9998,HIGH,85.7,3,"Lead Generation, Salesforce",Lead Generation,Learn Lead Generation: Mastering Lead Generation
291,Taylor Morris 191,Sales,Account Manager,34,112830,0.118,LOW,86.7,4,"Contract Renewal, Gainsight",Contract Renewal,Learn Contract Renewal: Mastering Contract Renewal
292,Navya Chopra 192,Finance,Accountant,34,150871,0.0,LOW,88.0,3,"Financial Accounting, Tax Compliance",Financial Accounting,Learn Financial Accounting: Mastering Financial Accounting
293,Ishaan Malhotra 193,HR,HR Manager,55,55719,0.0,LOW,64.2,3,"Excel, Talent Acquisition",Excel,Learn Excel: Mastering Excel
294,Devansh Banerjee 194,Sales,Sales Executive,50,84116,0.0,LOW,69.5,3,"B2B Sales, Lead Generation",B2B Sales,Learn B2B Sales: Mastering B2B Sales
295,Avani Bhat 195,IT,Tester,48,61325,0.0077,LOW,64.7,3,"Bug Tracking, Manual Testing, Test Automation",Bug Tracking,Learn Bug Tracking: Mastering Bug Tracking
296,Peter Mckee 196,Sales,Sales Executive,37,49551,0.0,LOW,82.7,2,"Client Relationship Management, LinkedIn Sales Navigator, Negotiation",Client Relationship Management,Learn Client Relationship Management: Mastering Client Relationship Management
297,Christopher Benson 197,HR,HR Manager,23,128287,0.0001,LOW,76.0,3,"HR Compliance, Performance Management",HR Compliance,Learn HR Compliance: Mastering HR Compliance
298,Kabir Mehta 198,HR,HR Manager,36,59278,0.9439,HIGH,84.8,2,"BambooHR, Performance Management, Workday",BambooHR,Learn BambooHR: Mastering BambooHR
299,Steven Barnett 199,Finance,Financial Analyst,50,50141,0.9727,HIGH,85.4,3,"Budgeting & Forecasting, Tableau, Variance Analysis",Budgeting & Forecasting,Learn Budgeting & Forecasting: Mastering Budgeting & Forecasting
300,Christopher Benson 200,IT,Cybersecurity Specialist,49,102913,0.1109,LOW,51.3,5,"Nmap, Threat Modeling",Nmap,Learn Nmap: Mastering Nmap
301,Ashley Marsh 201,IT,Data Analyst,35,68615,0.9998,HIGH,88.2,1,"Business Reporting, Excel, Exploratory Data Analysis, Python, SQL",Business Reporting,Learn Business Reporting: Mastering Business Reporting
302,Steven Barnett 202,HR,Recruitment Specialist,45,157058,0.0,LOW,83.4,3,"Lever, Salary Benchmarking",Lever,Learn Lever: Mastering Lever
303,Steven Barnett 203,Finance,Accountant,58,147684,0.0,LOW,67.6,4,"Excel, Tax Compliance",Excel,Learn Excel: Mastering Excel
304,Norman Lane 204,IT,Data Analyst,58,62452,0.0133,LOW,76.2,3,"PowerBI, Statistical Analysis",PowerBI,Learn PowerBI: PowerBI & Tableau Executive Dashboards
305,Nicole Roberts 205,Sales,Sales Executive,43,85391,0.0,LOW,70.5,3,"B2B Sales, HubSpot",B2B Sales,Learn B2B Sales: Mastering B2B Sales
306,Ishaan Malhotra 206,IT,Tester,45,155288,0.0,LOW,79.4,3,"Manual Testing, Selenium",Manual Testing,Learn Manual Testing: Mastering Manual Testing
307,Devansh Banerjee 207,Finance,Auditor,27,148535,0.0,LOW,67.5,3,"Risk Assessment, SAP",Risk Assessment,Learn Risk Assessment: Mastering Risk Assessment
308,Ayaan Saxena 208,Finance,Accountant,42,177770,0.0,LOW,77.7,2,"Excel, Tax Compliance",Excel,Learn Excel: Mastering Excel
309,Steven Barnett 209,IT,Software Engineer,37,121711,0.1397,LOW,72.8,3,"Docker, Python",Docker,Learn Docker: Docker & Kubernetes for Cloud Native DevOps
310,Norman Lane 210,IT,Cybersecurity Specialist,38,112850,0.0,LOW,66.8,3,"SIEM Tools, Splunk",SIEM Tools,Learn SIEM Tools: Mastering SIEM Tools
311,Rohan Pillai 211,IT,Developer,30,144733,0.0,LOW,74.3,4,"API Integration, JavaScript / TypeScript, React",API Integration,Learn API Integration: Mastering API Integration
312,Myra Nair 212,Marketing,Content Lead,30,37365,0.0657,LOW,100.0,4,"Adobe Creative Cloud, Figma",Adobe Creative Cloud,Learn Adobe Creative Cloud: Mastering Adobe Creative Cloud
313,Peggy Mann 213,Sales,Business Development,27,132662,0.0,LOW,63.8,4,Market Expansion,Market Expansion,Learn Market Expansion: Mastering Market Expansion
314,Aarav Sharma 214,Sales,Business Development,58,78372,0.2175,LOW,69.0,3,"Deal Closing, Partnership Management",Deal Closing,Learn Deal Closing: Mastering Deal Closing
315,Saanvi Iyer 215,IT,Software Engineer,47,79134,0.7437,HIGH,64.0,3,"AWS, Docker, REST APIs",AWS,Learn AWS: AWS Certified Solutions Architect & Cloud Engineering
316,Riya Mishra 216,IT,Cybersecurity Specialist,53,72823,0.0333,LOW,65.2,3,"Network Security, SIEM Tools, Splunk, Vulnerability Assessment",Network Security,Learn Network Security: Mastering Network Security
317,Aditya Kumar 217,Sales,Business Development,21,106158,0.0005,LOW,81.8,3,"Deal Closing, Partnership Management",Deal Closing,Learn Deal Closing: Mastering Deal Closing
318,Peggy Mann 218,Marketing,Content Lead,54,131076,0.0,LOW,80.6,3,"Brand Storytelling, Content Production",Brand Storytelling,Learn Brand Storytelling: Mastering Brand Storytelling
319,Christopher Benson 219,HR,Recruitment Specialist,24,168021,0.0,LOW,71.9,4,"Candidate Sourcing, LinkedIn Recruiter",Candidate Sourcing,Learn Candidate Sourcing: Mastering Candidate Sourcing
320,Aarav Sharma 220,Finance,Auditor,37,84396,0.0,LOW,84.3,3,"Excel, Internal Audit",Excel,Learn Excel: Mastering Excel
321,Judith Ware 221,HR,HR Manager,24,143336,0.0,LOW,81.5,3,"BambooHR, Performance Management",BambooHR,Learn BambooHR: Mastering BambooHR
322,Steven Barnett 222,IT,Engineer,46,66912,0.0023,LOW,70.1,3,"AWS, Cloud Infrastructure",AWS,Learn AWS: AWS Certified Solutions Architect & Cloud Engineering
323,Peter Mckee 223,Finance,Financial Analyst,24,91947,0.0,LOW,53.6,4,"Budgeting & Forecasting, Financial Modeling",Budgeting & Forecasting,Learn Budgeting & Forecasting: Mastering Budgeting & Forecasting
324,Christopher Benson 224,Finance,Auditor,21,79387,0.0,LOW,82.0,3,"ACL Analytics, Risk Assessment, SAP",ACL Analytics,Learn ACL Analytics: Mastering ACL Analytics
325,Avani Bhat 225,Sales,Sales Executive,27,51508,0.0002,LOW,74.0,3,"Client Relationship Management, Lead Generation",Client Relationship Management,Learn Client Relationship Management: Mastering Client Relationship Management
326,Brenda Bauer 226,Sales,Business Development,50,80592,0.4187,LOW,72.3,4,"Market Expansion, ZoomInfo",Market Expansion,Learn Market Expansion: Mastering Market Expansion
327,Pari Joshi 227,IT,Cybersecurity Specialist,29,144249,0.0439,LOW,66.4,2,"Network Security, Threat Modeling, Wireshark",Network Security,Learn Network Security: Mastering Network Security
328,Reyansh Reddy 228,Sales,Business Development,55,36919,0.991,HIGH,80.9,3,"Partnership Management, Salesforce",Partnership Management,Learn Partnership Management: Mastering Partnership Management
329,Aarav Sharma 229,IT,Developer,28,77595,0.0,LOW,76.2,4,"Database Design, Full-Stack Development",Database Design,Learn Database Design: Mastering Database Design
330,Navya Chopra 230,IT,Developer,44,175689,0.0,LOW,69.2,4,"Database Design, Full-Stack Development, Node.js",Database Design,Learn Database Design: Mastering Database Design
331,David Williams 231,HR,HR Executive,39,68298,0.0001,LOW,57.3,1,"Payroll Coordination, Workday",Payroll Coordination,Learn Payroll Coordination: Mastering Payroll Coordination
332,Aditya Kumar 232,Finance,Accountant,56,173001,0.0,LOW,84.8,3,"QuickBooks, Tax Compliance",QuickBooks,Learn QuickBooks: Mastering QuickBooks
333,Erin Massey 233,IT,Developer,47,49456,0.0002,LOW,79.3,3,"API Integration, Database Design, JavaScript / TypeScript",API Integration,Learn API Integration: Mastering API Integration
334,Megan Williams 234,HR,HR Manager,52,144599,0.0,LOW,75.1,3,"Employee Retention, HR Compliance, Workday",Employee Retention,Learn Employee Retention: Strategic HR Leadership & Talent Retention Strategies
335,Norman Lane 235,Marketing,Content Lead,34,121676,0.0,LOW,40.1,3,"Content Production, Creative Direction",Content Production,Learn Content Production: Mastering Content Production
336,Sara Snyder 236,IT,Cybersecurity Specialist,38,118721,0.0015,LOW,71.5,5,"Incident Response, Vulnerability Assessment",Incident Response,Learn Incident Response: Mastering Incident Response
337,Norman Lane 237,IT,Developer,48,72924,0.0195,LOW,69.1,3,"Database Design, Git Version Control",Database Design,Learn Database Design: Mastering Database Design
338,Devansh Banerjee 238,IT,Engineer,49,59240,0.1558,LOW,64.6,3,"AWS, DevOps",AWS,Learn AWS: AWS Certified Solutions Architect & Cloud Engineering
339,Rohan Pillai 239,Support,Support Engineer,36,122381,0.0566,LOW,81.1,3,"Jira, Technical Troubleshooting",Jira,Learn Jira: Mastering Jira
340,Peter Mckee 240,Sales,Sales Executive,55,44228,0.9955,HIGH,80.6,2,"B2B Sales, Lead Generation, Negotiation",B2B Sales,Learn B2B Sales: Mastering B2B Sales
341,Diya Patel 241,Finance,Financial Analyst,51,56686,0.0,LOW,77.2,3,"Budgeting & Forecasting, PowerBI",Budgeting & Forecasting,Learn Budgeting & Forecasting: Mastering Budgeting & Forecasting
342,Peggy Mann 242,Marketing,Marketing Executive,24,46920,0.0001,LOW,84.5,3,"Google Ads, Meta Ads Manager",Google Ads,Learn Google Ads: Mastering Google Ads
343,Jeffery Lopez 243,Sales,Business Development,57,42432,0.0234,LOW,59.7,4,Partnership Management,Partnership Management,Learn Partnership Management: Mastering Partnership Management
344,Peggy Mann 244,Finance,Accountant,37,145507,0.0,LOW,66.6,3,"General Ledger, QuickBooks, Tax Compliance",General Ledger,Learn General Ledger: Mastering General Ledger
345,Aditya Kumar 245,Sales,Account Manager,59,165509,0.0,LOW,72.9,3,"Client Relationship Management, Contract Renewal",Client Relationship Management,Learn Client Relationship Management: Mastering Client Relationship Management
346,Anna Dominguez 246,Marketing,Content Lead,46,106725,0.0001,LOW,64.5,3,"Creative Direction, Figma",Creative Direction,Learn Creative Direction: Mastering Creative Direction
347,Aditi Sen 247,Finance,Auditor,59,156764,0.0,LOW,80.7,3,"Financial Controls, SAP",Financial Controls,Learn Financial Controls: Mastering Financial Controls
348,Joel Fuller 248,IT,Engineer,24,94099,0.0489,LOW,65.7,2,"Backend Architecture, Linux",Backend Architecture,Learn Backend Architecture: Mastering Backend Architecture
349,Peter Mckee 249,IT,Data Analyst,50,147557,0.0002,LOW,87.6,4,"Data Cleaning, PowerBI, Statistical Analysis",Data Cleaning,Learn Data Cleaning: Mastering Data Cleaning
350,Peggy Mann 250,Support,Helpdesk,50,121760,0.0001,LOW,60.8,4,"Ticket Resolution, Zendesk",Ticket Resolution,Learn Ticket Resolution: Mastering Ticket Resolution
351,Peggy Mann 251,Sales,Business Development,42,53013,0.843,HIGH,97.6,2,"Partnership Management, ZoomInfo",Partnership Management,Learn Partnership Management: Mastering Partnership Management
352,Riya Mishra 252,Support,Helpdesk,31,56446,0.0,LOW,96.4,4,"Jira Service Desk, Zendesk",Jira Service Desk,Learn Jira Service Desk: Mastering Jira Service Desk
353,Clinton Scott 253,Support,Helpdesk,22,140209,0.0067,LOW,70.9,3,"Jira Service Desk, Ticket Resolution",Jira Service Desk,Learn Jira Service Desk: Mastering Jira Service Desk
354,Manish Badami 254,IT,Cybersecurity Specialist,32,137261,0.0,LOW,85.8,3,"Splunk, Threat Modeling",Splunk,Learn Splunk: Mastering Splunk
355,Devansh Banerjee 255,Sales,Sales Executive,50,130739,0.0,LOW,67.2,3,"B2B Sales, Client Relationship Management, Salesforce",B2B Sales,Learn B2B Sales: Mastering B2B Sales
356,Rita Walker 256,HR,HR Manager,56,35557,0.4644,MEDIUM,84.2,3,"Talent Acquisition, Workday",Talent Acquisition,Learn Talent Acquisition: Mastering Talent Acquisition
357,Meera Das 257,Finance,Financial Analyst,38,165878,0.0,LOW,69.9,1,"Financial Modeling, PowerBI, SQL",Financial Modeling,"Learn Financial Modeling: Financial Modeling, Valuation & Risk Management"
358,Aditi Sen 258,Finance,Financial Analyst,46,134143,0.001,LOW,56.6,3,"PowerBI, Tableau",PowerBI,Learn PowerBI: PowerBI & Tableau Executive Dashboards
359,Ayaan Saxena 259,Sales,Account Manager,27,59578,0.4833,MEDIUM,30.0,2,"Client Relationship Management, Gainsight, Zendesk",Client Relationship Management,Learn Client Relationship Management: Mastering Client Relationship Management
360,Navya Chopra 260,Support,Support Engineer,21,109779,0.889,HIGH,68.8,1,"Jira, Postman, Technical Troubleshooting",Jira,Learn Jira: Mastering Jira
361,Arjun Rao 261,IT,Cybersecurity Specialist,46,175668,0.0,LOW,75.3,3,"Splunk, Vulnerability Assessment, Wireshark",Splunk,Learn Splunk: Mastering Splunk
362,Ishaan Malhotra 262,Finance,Accountant,43,92500,0.0088,LOW,88.0,3,"General Ledger, Tax Compliance",General Ledger,Learn General Ledger: Mastering General Ledger
363,Kavya Menon 263,IT,Developer,46,107534,0.0001,LOW,72.4,3,"Full-Stack Development, PostgreSQL",Full-Stack Development,Learn Full-Stack Development: Mastering Full-Stack Development
364,Steven Barnett 264,Support,Helpdesk,26,45129,0.0009,LOW,84.0,3,"Jira Service Desk, Ticket Resolution",Jira Service Desk,Learn Jira Service Desk: Mastering Jira Service Desk
365,Vivaan Gupta 265,Finance,Accountant,26,46596,0.0,LOW,66.6,2,"SAP Financials, Tax Compliance",SAP Financials,Learn SAP Financials: Mastering SAP Financials
366,Manish Badami 266,Sales,Business Development,28,100355,0.0,LOW,68.0,3,"Partnership Management, ZoomInfo",Partnership Management,Learn Partnership Management: Mastering Partnership Management
367,Steven Barnett 267,IT,Developer,44,47974,0.0,LOW,84.6,4,"Database Design, PostgreSQL",Database Design,Learn Database Design: Mastering Database Design
368,Vihaan Verma 268,IT,Engineer,42,147004,0.0,LOW,42.4,3,"Backend Architecture, DevOps",Backend Architecture,Learn Backend Architecture: Mastering Backend Architecture
369,Rita Walker 269,Finance,Accountant,39,161794,0.0,LOW,72.2,4,"Financial Accounting, General Ledger, QuickBooks",Financial Accounting,Learn Financial Accounting: Mastering Financial Accounting
370,Erin Massey 270,IT,Tester,57,105202,0.0,LOW,67.2,3,"Bug Tracking, Jira, Test Automation",Bug Tracking,Learn Bug Tracking: Mastering Bug Tracking
371,Peggy Mann 271,Support,Support Engineer,38,109442,0.0,LOW,88.3,4,"Jira, SLA Management",Jira,Learn Jira: Mastering Jira
372,Aditya Kumar 272,Marketing,Content Lead,51,90598,0.4148,LOW,65.7,3,"Adobe Creative Cloud, Figma",Adobe Creative Cloud,Learn Adobe Creative Cloud: Mastering Adobe Creative Cloud
373,Arjun Rao 273,Sales,Business Development,57,168726,0.9957,HIGH,78.2,2,"Market Expansion, ZoomInfo",Market Expansion,Learn Market Expansion: Mastering Market Expansion
374,Myra Nair 274,Support,Support Engineer,50,68758,0.0,LOW,83.1,3,"Postman, Splunk",Postman,Learn Postman: Mastering Postman
375,Vivaan Gupta 275,IT,Data Analyst,53,59204,0.4498,LOW,54.1,3,"Data Cleaning, Excel, Tableau",Data Cleaning,Learn Data Cleaning: Mastering Data Cleaning
376,Meera Das 276,Sales,Sales Executive,30,162309,0.0,LOW,70.3,3,"Client Relationship Management, Lead Generation, LinkedIn Sales Navigator",Client Relationship Management,Learn Client Relationship Management: Mastering Client Relationship Management
377,Diya Patel 277,IT,Engineer,57,65552,0.0,LOW,66.8,3,"Cloud Infrastructure, Linux",Cloud Infrastructure,Learn Cloud Infrastructure: Mastering Cloud Infrastructure
378,Avani Bhat 278,Sales,Business Development,32,176408,0.0033,LOW,83.4,1,"Market Expansion, Partnership Management",Market Expansion,Learn Market Expansion: Mastering Market Expansion
379,Judith Ware 279,Sales,Business Development,50,82037,0.0001,LOW,80.1,3,"Partnership Management, ZoomInfo",Partnership Management,Learn Partnership Management: Mastering Partnership Management
380,Diya Patel 280,IT,Developer,47,182278,0.0001,LOW,69.2,4,"Node.js, React",Node.js,Learn Node.js: Mastering Node.js
381,Ayaan Saxena 281,IT,Developer,59,69831,0.0,LOW,59.4,5,"Database Design, Full-Stack Development, React",Database Design,Learn Database Design: Mastering Database Design
382,Myra Nair 282,Finance,Accountant,29,78563,0.0001,LOW,84.5,3,"Excel, General Ledger, Tax Compliance",Excel,Learn Excel: Mastering Excel
383,Saanvi Iyer 283,Finance,Financial Analyst,41,53361,0.4299,LOW,71.2,1,"Budgeting & Forecasting, Excel, Financial Modeling",Budgeting & Forecasting,Learn Budgeting & Forecasting: Mastering Budgeting & Forecasting
384,Nicole Roberts 284,Finance,Accountant,32,76335,0.0018,LOW,52.6,2,"Excel, General Ledger, SAP Financials",Excel,Learn Excel: Mastering Excel
385,Christopher Benson 285,Sales,Sales Executive,49,109469,0.1093,LOW,53.6,4,"Client Relationship Management, Lead Generation",Client Relationship Management,Learn Client Relationship Management: Mastering Client Relationship Management
386,Manish Badami 286,IT,Software Engineer,53,60816,0.0034,LOW,77.3,4,"Kubernetes, Python, REST APIs",Kubernetes,Learn Kubernetes: Mastering Kubernetes
387,Ishaan Malhotra 287,Sales,Sales Executive,35,181691,0.0,LOW,56.7,4,"Lead Generation, Salesforce",Lead Generation,Learn Lead Generation: Mastering Lead Generation
388,Sara Khan 288,Sales,Account Manager,22,127479,0.0,LOW,94.3,3,"Contract Renewal, Gainsight, Zendesk",Contract Renewal,Learn Contract Renewal: Mastering Contract Renewal
389,Taylor Morris 289,Finance,Accountant,59,61819,0.0013,LOW,60.8,4,"Financial Accounting, SAP Financials",Financial Accounting,Learn Financial Accounting: Mastering Financial Accounting
390,Ayaan Saxena 290,Support,Helpdesk,38,177813,0.0,LOW,72.0,4,"Troubleshooting, Zendesk",Troubleshooting,Learn Troubleshooting: Mastering Troubleshooting
391,David Williams 291,IT,Tester,23,157330,0.0,LOW,73.9,3,"Manual Testing, Postman, Selenium",Manual Testing,Learn Manual Testing: Mastering Manual Testing
392,Sara Snyder 292,Marketing,Content Lead,27,43798,0.0,LOW,63.2,4,"Brand Storytelling, Creative Direction",Brand Storytelling,Learn Brand Storytelling: Mastering Brand Storytelling
393,Vihaan Verma 293,Sales,Business Development,38,84695,0.0,LOW,45.1,2,"Market Expansion, Salesforce",Market Expansion,Learn Market Expansion: Mastering Market Expansion
394,Ananya Singh 294,HR,HR Manager,58,164544,0.0,LOW,74.3,3,"HR Compliance, Workday",HR Compliance,Learn HR Compliance: Mastering HR Compliance
395,Megan Williams 295,IT,Software Engineer,57,44415,0.5565,MEDIUM,63.0,5,"CI/CD, REST APIs",CI/CD,Learn CI/CD: Mastering CI/CD
396,Aarav Sharma 296,Sales,Business Development,53,177157,0.0,LOW,73.4,2,"Partnership Management, Salesforce",Partnership Management,Learn Partnership Management: Mastering Partnership Management
397,Kabir Mehta 297,IT,Cybersecurity Specialist,51,181080,0.0,LOW,70.5,3,"Incident Response, SIEM Tools, Vulnerability Assessment",Incident Response,Learn Incident Response: Mastering Incident Response
398,Manish Badami 298,HR,Recruitment Specialist,31,122638,0.0008,LOW,75.2,3,"Salary Benchmarking, Screening & Interviewing",Salary Benchmarking,Learn Salary Benchmarking: Mastering Salary Benchmarking
399,Myra Nair 299,Marketing,SEO Specialist,24,53452,0.0,LOW,90.7,4,"Ahrefs, Google Analytics",Ahrefs,Learn Ahrefs: Mastering Ahrefs
400,Rohan Pillai 300,Marketing,SEO Analyst,38,174192,0.0001,LOW,65.4,3,"Google Search Console, Rank Tracking",Google Search Console,Learn Google Search Console: Mastering Google Search Console
401,Clinton Scott 301,Support,Support Engineer,24,145205,0.0,LOW,66.4,4,"Splunk, Technical Troubleshooting",Splunk,Learn Splunk: Mastering Splunk
402,Vihaan Verma 302,IT,Data Analyst,54,53170,0.1961,LOW,52.0,3,"Business Reporting, Excel, PowerBI, SQL",Business Reporting,Learn Business Reporting: Mastering Business Reporting
403,Norman Lane 303,IT,Developer,49,51259,0.0022,LOW,69.7,3,"API Integration, JavaScript / TypeScript",API Integration,Learn API Integration: Mastering API Integration
404,Meera Das 304,Sales,Account Manager,44,57099,0.7472,HIGH,76.9,1,"Account Growth, Cross-selling, Gainsight",Account Growth,Learn Account Growth: Mastering Account Growth
405,David Williams 305,IT,Data Analyst,42,175721,0.0,LOW,66.2,4,"Statistical Analysis, Tableau",Statistical Analysis,Learn Statistical Analysis: Mastering Statistical Analysis
406,Vivaan Gupta 306,HR,Employee Relations,22,164394,0.0,LOW,77.0,3,"Conflict Resolution, Workplace Policy",Conflict Resolution,Learn Conflict Resolution: Workplace Conflict Resolution & Empathy-Driven Leadership
407,Jeffery Lopez 307,IT,Data Analyst,26,94258,0.0002,LOW,69.9,3,"Data Cleaning, Exploratory Data Analysis",Data Cleaning,Learn Data Cleaning: Mastering Data Cleaning
408,Vihaan Verma 308,Support,Support Engineer,45,46805,0.0537,LOW,56.4,2,"Postman, Root Cause Analysis, Splunk",Postman,Learn Postman: Mastering Postman
409,Myra Nair 309,Sales,Sales Executive,41,78147,0.1204,LOW,75.7,4,"HubSpot, LinkedIn Sales Navigator, Negotiation",HubSpot,Learn HubSpot: Mastering HubSpot
410,Vihaan Verma 310,IT,Data Analyst,36,109280,0.0,LOW,69.5,3,"Excel, SQL, Statistical Analysis",Excel,Learn Excel: Mastering Excel
411,Avani Bhat 311,HR,Employee Relations,51,141777,0.0,LOW,73.5,4,ServiceNow HR,ServiceNow HR,Learn ServiceNow HR: Mastering ServiceNow HR
412,Taylor Morris 312,Sales,Account Manager,34,132841,0.0,LOW,65.2,3,"Client Relationship Management, Cross-selling, Zendesk",Client Relationship Management,Learn Client Relationship Management: Mastering Client Relationship Management
413,Jeffery Lopez 313,Sales,Account Manager,59,159726,0.0,LOW,64.1,2,"Client Relationship Management, Contract Renewal, Gainsight",Client Relationship Management,Learn Client Relationship Management: Mastering Client Relationship Management
414,Jasmine Gonzalez 314,Marketing,Marketing Executive,48,163359,0.0,LOW,73.9,3,"Market Research, Social Media Marketing",Market Research,Learn Market Research: Mastering Market Research
415,Nicole Roberts 315,HR,HR Executive,52,111215,0.0,LOW,69.2,4,"Onboarding, Workday",Onboarding,Learn Onboarding: Mastering Onboarding
416,Devansh Banerjee 316,Sales,Account Manager,48,147909,0.0,LOW,92.7,4,"Client Relationship Management, Contract Renewal",Client Relationship Management,Learn Client Relationship Management: Mastering Client Relationship Management
417,Aditya Kumar 317,Marketing,Marketing Executive,29,130365,0.0002,LOW,81.6,3,"Google Ads, Meta Ads Manager, Social Media Marketing",Google Ads,Learn Google Ads: Mastering Google Ads
418,Saanvi Iyer 318,Sales,Sales Executive,42,45985,0.0,LOW,78.5,5,"Client Relationship Management, LinkedIn Sales Navigator",Client Relationship Management,Learn Client Relationship Management: Mastering Client Relationship Management
419,Myra Nair 319,Finance,Auditor,52,47391,0.0,LOW,69.9,3,"ACL Analytics, Excel, SAP",ACL Analytics,Learn ACL Analytics: Mastering ACL Analytics
420,Sara Khan 320,Support,Helpdesk,25,39861,0.0546,LOW,47.7,3,"Jira Service Desk, Ticket Resolution",Jira Service Desk,Learn Jira Service Desk: Mastering Jira Service Desk
421,Kabir Mehta 321,IT,Developer,43,69364,0.0,LOW,62.3,3,"Database Design, JavaScript / TypeScript",Database Design,Learn Database Design: Mastering Database Design
422,Steven Barnett 322,IT,Tester,25,117399,0.5246,MEDIUM,64.2,3,"Jira, Postman, Selenium",Jira,Learn Jira: Mastering Jira
423,Avani Bhat 323,Finance,Accountant,52,77923,0.0012,LOW,68.7,3,"General Ledger, QuickBooks",General Ledger,Learn General Ledger: Mastering General Ledger
424,Rita Walker 324,Finance,Auditor,30,173991,0.0,LOW,71.6,3,"ACL Analytics, Internal Audit, Risk Assessment",ACL Analytics,Learn ACL Analytics: Mastering ACL Analytics
425,Kabir Mehta 325,Sales,Business Development,59,120818,0.0,LOW,79.9,3,"Partnership Management, Salesforce",Partnership Management,Learn Partnership Management: Mastering Partnership Management
426,Aditi Sen 326,IT,Tester,35,106160,0.0,LOW,75.3,2,"Manual Testing, Postman, Selenium",Manual Testing,Learn Manual Testing: Mastering Manual Testing
427,Cody Bright 327,HR,HR Manager,27,163165,0.0,LOW,85.9,3,"BambooHR, Performance Management, Workday",BambooHR,Learn BambooHR: Mastering BambooHR
428,Connie Bailey 328,Support,Support Engineer,49,174248,0.0,LOW,68.3,3,"Postman, Technical Troubleshooting",Postman,Learn Postman: Mastering Postman
429,Vivaan Gupta 329,Marketing,Marketing Executive,23,68529,0.0002,LOW,75.1,3,"Mailchimp, Market Research, Meta Ads Manager",Mailchimp,Learn Mailchimp: Mastering Mailchimp
430,Saanvi Iyer 330,Finance,Auditor,39,179013,0.0,LOW,76.1,4,"Risk Assessment, SAP",Risk Assessment,Learn Risk Assessment: Mastering Risk Assessment
431,Megan Williams 331,Finance,Accountant,30,36669,0.9508,HIGH,74.9,2,"Financial Accounting, QuickBooks",Financial Accounting,Learn Financial Accounting: Mastering Financial Accounting
432,Navya Chopra 332,Sales,Sales Executive,48,152373,0.0,LOW,87.4,4,"HubSpot, Lead Generation, LinkedIn Sales Navigator",HubSpot,Learn HubSpot: Mastering HubSpot
433,Devansh Banerjee 333,Sales,Business Development,49,79859,0.0068,LOW,81.6,4,Market Expansion,Market Expansion,Learn Market Expansion: Mastering Market Expansion
434,Pari Joshi 334,IT,Data Analyst,35,90786,0.6096,MEDIUM,56.2,3,"Data Cleaning, Statistical Analysis",Data Cleaning,Learn Data Cleaning: Mastering Data Cleaning
435,Reyansh Reddy 335,Sales,Sales Executive,55,55323,0.9428,HIGH,70.6,3,"B2B Sales, Negotiation, Salesforce",B2B Sales,Learn B2B Sales: Mastering B2B Sales
436,Diya Patel 336,Finance,Auditor,26,41021,1.0,HIGH,71.8,3,"Internal Audit, SAP",Internal Audit,Learn Internal Audit: Mastering Internal Audit
437,Rita Walker 337,IT,Developer,32,74807,0.484,MEDIUM,97.8,3,"Full-Stack Development, PostgreSQL",Full-Stack Development,Learn Full-Stack Development: Mastering Full-Stack Development
438,Kavya Menon 338,IT,Tester,58,163305,0.0395,LOW,68.0,3,"Selenium, Test Automation",Selenium,Learn Selenium: Mastering Selenium
439,Vihaan Verma 339,Finance,Financial Analyst,33,85355,0.033,LOW,60.2,3,"Excel, Tableau, Variance Analysis",Excel,Learn Excel: Mastering Excel
440,Rita Walker 340,IT,Software Engineer,49,148415,0.0018,LOW,77.3,3,"AWS, CI/CD, Docker, System Design",AWS,Learn AWS: AWS Certified Solutions Architect & Cloud Engineering
441,Erin Massey 341,HR,HR Manager,39,43711,0.0,LOW,78.0,3,"Excel, HR Compliance, Talent Acquisition",Excel,Learn Excel: Mastering Excel
442,Aarav Sharma 342,Sales,Business Development,23,42904,0.0022,LOW,71.1,4,"Partnership Management, ZoomInfo",Partnership Management,Learn Partnership Management: Mastering Partnership Management
443,David Williams 343,IT,Cybersecurity Specialist,28,99033,0.0319,LOW,69.4,2,"Network Security, Splunk, Threat Modeling",Network Security,Learn Network Security: Mastering Network Security
444,Taylor Morris 344,HR,HR Executive,28,121478,0.0,LOW,83.4,5,Payroll Coordination,Payroll Coordination,Learn Payroll Coordination: Mastering Payroll Coordination
445,Diya Patel 345,Finance,Financial Analyst,40,155035,0.0,LOW,61.8,2,"Excel, SQL, Tableau",Excel,Learn Excel: Mastering Excel
446,Jeffery Lopez 346,Sales,Account Manager,24,38093,0.0114,LOW,67.9,3,"Contract Renewal, Cross-selling, Salesforce",Contract Renewal,Learn Contract Renewal: Mastering Contract Renewal
447,Christopher Benson 347,IT,Developer,41,59918,0.0209,LOW,65.7,3,"JavaScript / TypeScript, React",JavaScript / TypeScript,Learn JavaScript / TypeScript: Mastering JavaScript / TypeScript
448,Brenda Bauer 348,HR,Recruitment Specialist,23,175466,0.0,LOW,85.1,2,"Candidate Sourcing, Screening & Interviewing",Candidate Sourcing,Learn Candidate Sourcing: Mastering Candidate Sourcing
449,Connie Bailey 349,IT,Developer,28,159501,0.0,LOW,75.4,4,"Full-Stack Development, Git Version Control",Full-Stack Development,Learn Full-Stack Development: Mastering Full-Stack Development
450,Meera Das 350,IT,Tester,43,127510,0.0,LOW,59.2,3,"Jira, Manual Testing, Test Automation",Jira,Learn Jira: Mastering Jira
451,Brenda Bauer 351,IT,Data Analyst,36,128708,0.0,LOW,60.4,2,"Exploratory Data Analysis, PowerBI, SQL",Exploratory Data Analysis,Learn Exploratory Data Analysis: Mastering Exploratory Data Analysis
452,Vihaan Verma 352,IT,Developer,33,132819,0.0,LOW,94.5,3,"API Integration, JavaScript / TypeScript, React",API Integration,Learn API Integration: Mastering API Integration
453,Vivaan Gupta 353,Marketing,Marketing Executive,23,179352,0.0,LOW,85.0,3,"Google Ads, Social Media Marketing",Google Ads,Learn Google Ads: Mastering Google Ads
454,Jeffery Lopez 354,Finance,Auditor,29,71303,0.0391,LOW,82.1,5,Internal Audit,Internal Audit,Learn Internal Audit: Mastering Internal Audit
455,Ananya Singh 355,Marketing,SEO Analyst,34,62453,0.0046,LOW,72.1,3,"Competitor Analysis, Rank Tracking",Competitor Analysis,Learn Competitor Analysis: Mastering Competitor Analysis
456,Clinton Scott 356,Finance,Accountant,33,143886,0.117,LOW,90.1,3,"QuickBooks, Tax Compliance",QuickBooks,Learn QuickBooks: Mastering QuickBooks
457,Clinton Scott 357,Support,Helpdesk,27,95695,0.0,LOW,58.8,2,"Jira Service Desk, Troubleshooting",Jira Service Desk,Learn Jira Service Desk: Mastering Jira Service Desk
458,Aditya Kumar 358,IT,Tester,35,168412,0.0022,LOW,81.0,3,"Manual Testing, Postman, Selenium",Manual Testing,Learn Manual Testing: Mastering Manual Testing
459,Connie Bailey 359,HR,Employee Relations,27,73057,0.0004,LOW,66.7,3,"Excel, Workplace Policy",Excel,Learn Excel: Mastering Excel
460,Steven Barnett 360,IT,Software Engineer,58,166669,0.0,LOW,69.0,5,"CI/CD, REST APIs, System Design",CI/CD,Learn CI/CD: Mastering CI/CD
461,Steven Barnett 361,IT,Engineer,54,129655,0.0001,LOW,80.7,3,"Linux, Terraform",Linux,Learn Linux: Mastering Linux
462,Aarav Sharma 362,Sales,Sales Executive,42,50025,0.0,LOW,70.3,4,"B2B Sales, Client Relationship Management, HubSpot",B2B Sales,Learn B2B Sales: Mastering B2B Sales
463,Kavya Menon 363,Marketing,Content Strategist,44,42145,0.0002,LOW,66.8,5,"Content Strategy, WordPress",Content Strategy,Learn Content Strategy: Mastering Content Strategy
464,Devansh Banerjee 364,IT,Developer,57,136206,0.0003,LOW,66.1,3,"Git Version Control, JavaScript / TypeScript, Node.js, React",Git Version Control,Learn Git Version Control: Mastering Git Version Control
465,Aditi Sen 365,HR,Recruitment Specialist,21,76723,0.9291,HIGH,48.2,2,"Candidate Sourcing, LinkedIn Recruiter, Salary Benchmarking",Candidate Sourcing,Learn Candidate Sourcing: Mastering Candidate Sourcing
466,Peter Mckee 366,Sales,Sales Executive,30,108230,0.0015,LOW,81.2,2,"Client Relationship Management, Negotiation, Pipeline Management",Client Relationship Management,Learn Client Relationship Management: Mastering Client Relationship Management
467,Sara Khan 367,IT,Developer,36,170902,0.0,LOW,59.9,3,"API Integration, Git Version Control",API Integration,Learn API Integration: Mastering API Integration
468,Riya Mishra 368,Sales,Sales Executive,28,143138,0.0266,LOW,94.3,3,"Lead Generation, LinkedIn Sales Navigator",Lead Generation,Learn Lead Generation: Mastering Lead Generation
469,Connie Bailey 369,IT,Cybersecurity Specialist,45,97040,0.0005,LOW,68.5,2,"Splunk, Threat Modeling, Vulnerability Assessment",Splunk,Learn Splunk: Mastering Splunk
470,Joel Fuller 370,IT,Developer,32,143668,0.0,LOW,87.7,3,"JavaScript / TypeScript, Node.js, React",JavaScript / TypeScript,Learn JavaScript / TypeScript: Mastering JavaScript / TypeScript
471,Vihaan Verma 371,Marketing,SEO Specialist,45,90030,0.0002,LOW,50.3,3,"Ahrefs, Keyword Research",Ahrefs,Learn Ahrefs: Mastering Ahrefs
472,Judith Ware 372,IT,Cybersecurity Specialist,37,91815,0.7918,HIGH,80.8,1,"Incident Response, Network Security, Vulnerability Assessment, Wireshark",Incident Response,Learn Incident Response: Mastering Incident Response
473,Troy Ford 373,IT,Developer,46,147789,0.0,LOW,83.9,3,"Git Version Control, Node.js",Git Version Control,Learn Git Version Control: Mastering Git Version Control
474,Arjun Rao 374,Finance,Accountant,34,92923,0.0147,LOW,87.6,2,"Financial Accounting, QuickBooks, Tax Compliance",Financial Accounting,Learn Financial Accounting: Mastering Financial Accounting
475,David Williams 375,HR,Employee Relations,56,102904,0.0003,LOW,53.7,3,"Conflict Resolution, Excel",Conflict Resolution,Learn Conflict Resolution: Workplace Conflict Resolution & Empathy-Driven Leadership
476,Judith Ware 376,Marketing,Marketing Executive,43,112088,0.0,LOW,63.6,2,"Google Ads, Social Media Marketing",Google Ads,Learn Google Ads: Mastering Google Ads
477,Jasmine Gonzalez 377,Sales,Sales Executive,26,40608,0.0,LOW,78.9,4,"Client Relationship Management, Lead Generation, Negotiation",Client Relationship Management,Learn Client Relationship Management: Mastering Client Relationship Management
478,Brenda Bauer 378,Sales,Business Development,25,80667,0.0217,LOW,73.8,2,"Market Expansion, Partnership Management",Market Expansion,Learn Market Expansion: Mastering Market Expansion
479,Kabir Mehta 379,Sales,Business Development,45,90547,0.0,LOW,75.5,4,"Partnership Management, ZoomInfo",Partnership Management,Learn Partnership Management: Mastering Partnership Management
480,Steven Barnett 380,IT,Tester,38,175934,0.0,LOW,67.7,3,"Jira, Postman, Test Automation",Jira,Learn Jira: Mastering Jira
481,Christopher Benson 381,Sales,Business Development,33,163391,0.0081,LOW,90.6,3,"Partnership Management, Salesforce",Partnership Management,Learn Partnership Management: Mastering Partnership Management
482,Kavya Menon 382,IT,Developer,34,110948,0.0,LOW,100.0,3,"API Integration, PostgreSQL, React",API Integration,Learn API Integration: Mastering API Integration
483,Vihaan Verma 383,Finance,Auditor,48,106880,0.0,LOW,73.2,3,"Excel, Internal Audit",Excel,Learn Excel: Mastering Excel
484,Joel Fuller 384,Sales,Business Development,38,92560,0.0995,LOW,77.4,2,"Partnership Management, Salesforce",Partnership Management,Learn Partnership Management: Mastering Partnership Management
485,Riya Mishra 385,Finance,Financial Analyst,48,150063,0.0001,LOW,72.7,4,"Tableau, Variance Analysis",Tableau,Learn Tableau: Mastering Tableau
486,Sara Snyder 386,Finance,Financial Analyst,47,129218,0.0072,LOW,87.4,4,"Budgeting & Forecasting, Tableau",Budgeting & Forecasting,Learn Budgeting & Forecasting: Mastering Budgeting & Forecasting
487,Devansh Banerjee 387,IT,Cybersecurity Specialist,52,149462,0.0,LOW,81.9,5,"Nmap, Vulnerability Assessment",Nmap,Learn Nmap: Mastering Nmap
488,Joel Fuller 388,Marketing,Content Strategist,29,52997,0.0,LOW,59.2,3,"Canva, WordPress",Canva,Learn Canva: Mastering Canva
489,Sara Snyder 389,IT,Software Engineer,52,156266,0.0,LOW,64.6,3,"CI/CD, Code Quality & Testing, Git, Kubernetes",CI/CD,Learn CI/CD: Mastering CI/CD
490,Erin Massey 390,Finance,Auditor,40,38679,0.8742,HIGH,59.9,3,"ACL Analytics, Excel",ACL Analytics,Learn ACL Analytics: Mastering ACL Analytics
491,Peggy Mann 391,HR,HR Manager,48,75308,0.0,LOW,100.0,3,"Excel, HR Compliance, Performance Management",Excel,Learn Excel: Mastering Excel
492,Erin Massey 392,Sales,Account Manager,53,40695,0.0061,LOW,79.6,4,"Account Growth, Cross-selling, Zendesk",Account Growth,Learn Account Growth: Mastering Account Growth
493,Peggy Mann 393,IT,Software Engineer,24,93499,0.0662,LOW,64.9,3,"AWS, Code Quality & Testing, Python",AWS,Learn AWS: AWS Certified Solutions Architect & Cloud Engineering
494,Kavya Menon 394,Marketing,Content Lead,54,58382,0.0005,LOW,63.9,4,Content Production,Content Production,Learn Content Production: Mastering Content Production
495,Clinton Scott 395,IT,Developer,23,49235,0.0002,LOW,81.7,3,"API Integration, JavaScript / TypeScript",API Integration,Learn API Integration: Mastering API Integration
496,Aarav Sharma 396,Finance,Accountant,46,168438,0.0,LOW,82.9,3,"General Ledger, Tax Compliance",General Ledger,Learn General Ledger: Mastering General Ledger
497,Navya Chopra 397,IT,Data Analyst,28,147468,0.0,LOW,81.6,5,"Business Reporting, SQL",Business Reporting,Learn Business Reporting: Mastering Business Reporting
498,Steven Barnett 398,IT,Developer,26,41764,0.3495,LOW,66.9,4,"API Integration, PostgreSQL",API Integration,Learn API Integration: Mastering API Integration
499,Devansh Banerjee 399,HR,Employee Relations,36,148831,0.0009,LOW,75.7,3,"Employee Wellbeing, Workplace Policy",Employee Wellbeing,Learn Employee Wellbeing: Mastering Employee Wellbeing
500,Aditya Kumar 400,IT,Engineer,44,96836,0.0,LOW,73.3,3,"Linux, Terraform",Linux,Learn Linux: Mastering Linux
501,Ayaan Saxena 401,IT,Cybersecurity Specialist,59,66923,0.72,HIGH,60.8,3,"Nmap, Splunk",Nmap,Learn Nmap: Mastering Nmap
502,Riya Mishra 402,IT,Developer,50,130711,0.0001,LOW,60.9,2,"Full-Stack Development, PostgreSQL, React",Full-Stack Development,Learn Full-Stack Development: Mastering Full-Stack Development
503,Sara Khan 403,HR,Recruitment Specialist,33,51292,0.9059,HIGH,76.9,3,"Greenhouse, Lever",Greenhouse,Learn Greenhouse: Mastering Greenhouse
504,Aarav Sharma 404,IT,Cybersecurity Specialist,25,159913,0.0,LOW,74.4,3,"Splunk, Vulnerability Assessment",Splunk,Learn Splunk: Mastering Splunk
505,Ashley Marsh 405,IT,Software Engineer,45,167686,0.0102,LOW,78.6,3,"Docker, REST APIs, System Design",Docker,Learn Docker: Docker & Kubernetes for Cloud Native DevOps
506,Devansh Banerjee 406,Sales,Account Manager,40,55939,0.0,LOW,81.5,3,"Account Growth, Client Relationship Management, Zendesk",Account Growth,Learn Account Growth: Mastering Account Growth
507,Ashley Marsh 407,Sales,Account Manager,38,53800,0.9985,HIGH,90.0,3,"Account Growth, Cross-selling",Account Growth,Learn Account Growth: Mastering Account Growth
508,Meera Das 408,Sales,Account Manager,38,91440,0.0,LOW,62.7,3,"Account Growth, Cross-selling",Account Growth,Learn Account Growth: Mastering Account Growth
509,Ananya Singh 409,Sales,Account Manager,22,162521,0.0,LOW,79.6,4,"Contract Renewal, Cross-selling, Zendesk",Contract Renewal,Learn Contract Renewal: Mastering Contract Renewal
510,Jeffery Lopez 410,Finance,Financial Analyst,30,156327,0.0,LOW,81.0,1,"PowerBI, SQL, Tableau",PowerBI,Learn PowerBI: PowerBI & Tableau Executive Dashboards
511,Troy Ford 411,Finance,Financial Analyst,32,84648,0.0,LOW,68.3,4,"Excel, SQL",Excel,Learn Excel: Mastering Excel
512,Aarav Sharma 412,IT,Cybersecurity Specialist,33,150192,0.0,LOW,73.5,3,"Nmap, Splunk",Nmap,Learn Nmap: Mastering Nmap
513,Peggy Mann 413,Support,Helpdesk,31,128498,0.0,LOW,68.6,3,"Customer Support, Zendesk",Customer Support,Learn Customer Support: Mastering Customer Support
514,Ayaan Saxena 414,Marketing,Content Lead,39,64764,0.0,LOW,97.3,4,"Adobe Creative Cloud, Brand Storytelling",Adobe Creative Cloud,Learn Adobe Creative Cloud: Mastering Adobe Creative Cloud
515,Norman Lane 415,Support,Support Engineer,55,67470,0.0,LOW,73.3,3,"Root Cause Analysis, Splunk, Technical Troubleshooting",Root Cause Analysis,Learn Root Cause Analysis: Mastering Root Cause Analysis
516,Rohan Pillai 416,Sales,Account Manager,59,92207,0.0,LOW,77.4,2,"Contract Renewal, Gainsight, Salesforce",Contract Renewal,Learn Contract Renewal: Mastering Contract Renewal
517,Aditi Sen 417,IT,Tester,46,97157,0.0,LOW,68.8,3,"Selenium, Test Automation",Selenium,Learn Selenium: Mastering Selenium
518,Megan Williams 418,HR,HR Manager,34,169288,0.0,LOW,66.2,3,"Excel, Workday",Excel,Learn Excel: Mastering Excel
519,Rita Walker 419,Finance,Financial Analyst,44,128778,0.0,LOW,56.4,3,"Budgeting & Forecasting, Excel",Budgeting & Forecasting,Learn Budgeting & Forecasting: Mastering Budgeting & Forecasting
520,Myra Nair 420,HR,Recruitment Specialist,21,165016,0.0001,LOW,85.2,2,"Lever, Screening & Interviewing",Lever,Learn Lever: Mastering Lever
521,Kabir Mehta 421,Finance,Accountant,42,159288,0.0,LOW,81.2,2,"Excel, Financial Accounting",Excel,Learn Excel: Mastering Excel
522,Judith Ware 422,Sales,Account Manager,43,145573,0.0,LOW,68.4,3,"Account Growth, Gainsight, Zendesk",Account Growth,Learn Account Growth: Mastering Account Growth
523,Arjun Rao 423,Finance,Accountant,39,155730,0.0,LOW,61.2,3,"Excel, General Ledger, SAP Financials",Excel,Learn Excel: Mastering Excel
524,Norman Lane 424,Finance,Financial Analyst,38,183933,0.0,LOW,74.2,3,"Budgeting & Forecasting, Variance Analysis",Budgeting & Forecasting,Learn Budgeting & Forecasting: Mastering Budgeting & Forecasting
525,Megan Williams 425,Finance,Auditor,32,99186,0.0,LOW,66.0,3,"ACL Analytics, Financial Controls, Internal Audit",ACL Analytics,Learn ACL Analytics: Mastering ACL Analytics
526,Avani Bhat 426,IT,Cybersecurity Specialist,48,39960,0.5165,MEDIUM,69.3,3,"Vulnerability Assessment, Wireshark",Vulnerability Assessment,Learn Vulnerability Assessment: Mastering Vulnerability Assessment
527,Vivaan Gupta 427,IT,Data Analyst,48,53781,0.0,LOW,56.8,2,"Excel, Exploratory Data Analysis, PowerBI, Statistical Analysis",Excel,Learn Excel: Mastering Excel
528,Brenda Bauer 428,IT,Engineer,53,66126,0.0,LOW,74.6,3,"Linux, Terraform",Linux,Learn Linux: Mastering Linux
529,Sara Khan 429,Sales,Account Manager,39,141034,0.0,LOW,74.8,4,"Contract Renewal, Salesforce, Zendesk",Contract Renewal,Learn Contract Renewal: Mastering Contract Renewal
530,Joel Fuller 430,IT,Cybersecurity Specialist,48,52883,0.9678,HIGH,85.1,3,"SIEM Tools, Vulnerability Assessment",SIEM Tools,Learn SIEM Tools: Mastering SIEM Tools
531,Aarav Sharma 431,Sales,Account Manager,57,64782,0.0,LOW,70.2,4,"Client Relationship Management, Contract Renewal",Client Relationship Management,Learn Client Relationship Management: Mastering Client Relationship Management
532,Ananya Singh 432,IT,Developer,46,91387,0.0041,LOW,68.0,4,"Full-Stack Development, Node.js, React",Full-Stack Development,Learn Full-Stack Development: Mastering Full-Stack Development
533,Saanvi Iyer 433,Sales,Business Development,55,183051,0.0,LOW,53.3,4,Deal Closing,Deal Closing,Learn Deal Closing: Mastering Deal Closing
534,Kavya Menon 434,HR,HR Manager,54,68746,0.0,LOW,85.2,3,"Excel, Performance Management, Workday",Excel,Learn Excel: Mastering Excel
535,Aditi Sen 435,Sales,Business Development,55,101266,0.4639,MEDIUM,82.7,3,"Market Expansion, Salesforce",Market Expansion,Learn Market Expansion: Mastering Market Expansion
536,Megan Williams 436,IT,Engineer,36,35056,0.9945,HIGH,72.3,4,"Backend Architecture, Terraform",Backend Architecture,Learn Backend Architecture: Mastering Backend Architecture
537,Peggy Mann 437,IT,Software Engineer,58,66457,0.0,LOW,56.0,3,"CI/CD, Code Quality & Testing, Git",CI/CD,Learn CI/CD: Mastering CI/CD
538,Peter Mckee 438,Marketing,Content Lead,33,168315,0.0,LOW,57.4,3,"Brand Storytelling, Figma",Brand Storytelling,Learn Brand Storytelling: Mastering Brand Storytelling
539,Christopher Benson 439,Support,Support Engineer,43,167773,0.0,LOW,65.4,2,"Postman, Root Cause Analysis, Splunk",Postman,Learn Postman: Mastering Postman
540,Anna Dominguez 440,Marketing,Content Strategist,42,108839,0.0,LOW,83.6,3,"Canva, Notion, WordPress",Canva,Learn Canva: Mastering Canva
541,Anna Dominguez 441,Marketing,Content Lead,36,115636,0.0,LOW,75.5,3,"Brand Storytelling, Creative Direction",Brand Storytelling,Learn Brand Storytelling: Mastering Brand Storytelling
542,Aditya Kumar 442,IT,Software Engineer,48,142697,0.035,LOW,54.1,3,"CI/CD, Git, System Design",CI/CD,Learn CI/CD: Mastering CI/CD
543,Kabir Mehta 443,Finance,Auditor,55,101483,0.0,LOW,76.9,3,"Financial Controls, SAP",Financial Controls,Learn Financial Controls: Mastering Financial Controls
544,Christopher Benson 444,Sales,Sales Executive,28,55505,0.1558,LOW,61.9,5,"Client Relationship Management, HubSpot, Salesforce",Client Relationship Management,Learn Client Relationship Management: Mastering Client Relationship Management
545,Rohan Pillai 445,Sales,Sales Executive,42,172625,0.0069,LOW,65.7,5,"HubSpot, Pipeline Management",HubSpot,Learn HubSpot: Mastering HubSpot
546,Manish Badami 446,Finance,Auditor,41,68525,0.7036,HIGH,83.7,4,"ACL Analytics, Internal Audit",ACL Analytics,Learn ACL Analytics: Mastering ACL Analytics
547,Steven Barnett 447,Finance,Accountant,46,131008,0.0,LOW,81.2,5,QuickBooks,QuickBooks,Learn QuickBooks: Mastering QuickBooks
548,Troy Ford 448,Finance,Financial Analyst,41,79348,0.0,LOW,85.1,5,"Financial Modeling, Variance Analysis",Financial Modeling,"Learn Financial Modeling: Financial Modeling, Valuation & Risk Management"
549,Ananya Singh 449,HR,HR Executive,45,42273,0.2837,LOW,71.7,4,Payroll Coordination,Payroll Coordination,Learn Payroll Coordination: Mastering Payroll Coordination
550,Ayaan Saxena 450,IT,Cybersecurity Specialist,21,99236,0.0009,LOW,82.6,2,"SIEM Tools, Threat Modeling, Wireshark",SIEM Tools,Learn SIEM Tools: Mastering SIEM Tools
551,Vivaan Gupta 451,HR,HR Executive,26,169607,0.0,LOW,65.0,3,"Excel, HR Operations",Excel,Learn Excel: Mastering Excel
552,Sara Khan 452,Finance,Financial Analyst,43,184749,0.0,LOW,68.9,3,"Financial Modeling, PowerBI, SQL",Financial Modeling,"Learn Financial Modeling: Financial Modeling, Valuation & Risk Management"
553,Troy Ford 453,Finance,Financial Analyst,43,142157,0.0,LOW,68.1,2,"Excel, SQL, Variance Analysis",Excel,Learn Excel: Mastering Excel
554,Diya Patel 454,HR,HR Manager,43,35908,0.0,LOW,72.3,4,"Employee Retention, HR Compliance, Workday",Employee Retention,Learn Employee Retention: Strategic HR Leadership & Talent Retention Strategies
555,Ashley Marsh 455,Finance,Financial Analyst,52,143352,0.0,LOW,56.6,2,"Excel, PowerBI",Excel,Learn Excel: Mastering Excel
556,Devansh Banerjee 456,HR,HR Manager,50,130967,0.0,LOW,69.3,3,"BambooHR, Employee Retention, Workday",BambooHR,Learn BambooHR: Mastering BambooHR
557,Arjun Rao 457,Marketing,SEO Analyst,33,123989,0.0,LOW,89.4,2,"Rank Tracking, Screaming Frog",Rank Tracking,Learn Rank Tracking: Mastering Rank Tracking
558,Rohan Pillai 458,IT,Engineer,38,70079,0.1578,LOW,58.9,3,"Backend Architecture, Linux",Backend Architecture,Learn Backend Architecture: Mastering Backend Architecture
559,Arjun Rao 459,IT,Tester,43,146889,0.0065,LOW,56.0,3,"Jira, Manual Testing",Jira,Learn Jira: Mastering Jira
560,Sara Snyder 460,Marketing,Content Strategist,35,84323,0.0,LOW,57.0,3,"Canva, Copywriting, Editorial Calendar",Canva,Learn Canva: Mastering Canva
561,David Williams 461,IT,Data Analyst,53,124909,0.0,LOW,100.0,3,"Exploratory Data Analysis, PowerBI, Statistical Analysis",Exploratory Data Analysis,Learn Exploratory Data Analysis: Mastering Exploratory Data Analysis
562,Jeffery Lopez 462,Finance,Accountant,41,81105,0.1692,LOW,77.6,3,"SAP Financials, Tax Compliance",SAP Financials,Learn SAP Financials: Mastering SAP Financials
563,Ishaan Malhotra 463,IT,Tester,59,167957,0.0,LOW,68.8,3,"Manual Testing, PyTest, Test Automation",Manual Testing,Learn Manual Testing: Mastering Manual Testing
564,Brenda Bauer 464,Marketing,Content Lead,43,36049,0.0,LOW,72.8,4,Figma,Figma,Learn Figma: Mastering Figma
565,David Williams 465,Support,Helpdesk,47,88281,0.0,LOW,74.7,3,"Jira Service Desk, Troubleshooting",Jira Service Desk,Learn Jira Service Desk: Mastering Jira Service Desk
566,Peggy Mann 466,IT,Cybersecurity Specialist,38,78271,0.0002,LOW,64.3,2,"SIEM Tools, Splunk, Threat Modeling",SIEM Tools,Learn SIEM Tools: Mastering SIEM Tools
567,Megan Williams 467,Finance,Accountant,44,101697,0.0,LOW,65.8,1,"Excel, QuickBooks",Excel,Learn Excel: Mastering Excel
568,Saanvi Iyer 468,Sales,Account Manager,27,71534,0.0013,LOW,70.1,4,"Account Growth, Contract Renewal, Salesforce",Account Growth,Learn Account Growth: Mastering Account Growth
569,Diya Patel 469,Finance,Accountant,40,128034,0.0007,LOW,63.3,3,"General Ledger, Tax Compliance",General Ledger,Learn General Ledger: Mastering General Ledger
570,Megan Williams 470,Marketing,SEO Specialist,47,93097,0.0037,LOW,67.2,2,"Ahrefs, SEMrush",Ahrefs,Learn Ahrefs: Mastering Ahrefs
571,Aditi Sen 471,Sales,Sales Executive,26,60037,0.227,LOW,76.2,2,"B2B Sales, Client Relationship Management, LinkedIn Sales Navigator",B2B Sales,Learn B2B Sales: Mastering B2B Sales
572,Christopher Benson 472,Sales,Sales Executive,47,62278,0.0,LOW,60.0,4,"Client Relationship Management, Negotiation",Client Relationship Management,Learn Client Relationship Management: Mastering Client Relationship Management
573,Judith Ware 473,Sales,Business Development,29,174344,0.0,LOW,100.0,3,"Market Expansion, ZoomInfo",Market Expansion,Learn Market Expansion: Mastering Market Expansion
574,Jasmine Gonzalez 474,Finance,Accountant,51,134173,0.0,LOW,81.0,3,"QuickBooks, SAP Financials",QuickBooks,Learn QuickBooks: Mastering QuickBooks
575,David Williams 475,IT,Data Analyst,41,73294,0.0106,LOW,56.8,3,"Excel, PowerBI",Excel,Learn Excel: Mastering Excel
576,Rita Walker 476,Finance,Auditor,46,108277,0.3116,LOW,42.3,2,"ACL Analytics, Internal Audit",ACL Analytics,Learn ACL Analytics: Mastering ACL Analytics
577,Pari Joshi 477,Sales,Business Development,33,39694,0.9988,HIGH,63.7,3,"Partnership Management, ZoomInfo",Partnership Management,Learn Partnership Management: Mastering Partnership Management
578,Reyansh Reddy 478,HR,Employee Relations,43,93150,0.0,LOW,80.2,3,"Employee Wellbeing, ServiceNow HR",Employee Wellbeing,Learn Employee Wellbeing: Mastering Employee Wellbeing
579,Troy Ford 479,Finance,Financial Analyst,40,102470,0.3328,LOW,77.9,3,"Budgeting & Forecasting, Excel, SQL",Budgeting & Forecasting,Learn Budgeting & Forecasting: Mastering Budgeting & Forecasting
580,Peggy Mann 480,IT,Engineer,57,56556,0.9812,HIGH,70.7,4,"Backend Architecture, Cloud Infrastructure",Backend Architecture,Learn Backend Architecture: Mastering Backend Architecture
581,Kabir Mehta 481,Support,Support Engineer,48,84086,0.2496,LOW,64.8,3,"Root Cause Analysis, Splunk",Root Cause Analysis,Learn Root Cause Analysis: Mastering Root Cause Analysis
582,Ashley Marsh 482,HR,Employee Relations,37,184979,0.0,LOW,61.2,3,"ServiceNow HR, Workplace Policy",ServiceNow HR,Learn ServiceNow HR: Mastering ServiceNow HR
583,Nicole Roberts 483,IT,Developer,48,134468,0.0001,LOW,67.2,3,"API Integration, Node.js, React",API Integration,Learn API Integration: Mastering API Integration
584,Myra Nair 484,Marketing,Content Lead,22,68387,0.0377,LOW,59.9,3,"Adobe Creative Cloud, Brand Storytelling",Adobe Creative Cloud,Learn Adobe Creative Cloud: Mastering Adobe Creative Cloud
585,Myra Nair 485,Marketing,SEO Analyst,45,103602,0.0,LOW,67.2,3,"Rank Tracking, Traffic Analysis",Rank Tracking,Learn Rank Tracking: Mastering Rank Tracking
586,Ananya Singh 486,HR,Recruitment Specialist,26,171666,0.0002,LOW,88.0,3,"Greenhouse, Lever, Screening & Interviewing",Greenhouse,Learn Greenhouse: Mastering Greenhouse
587,Ayaan Saxena 487,Finance,Financial Analyst,31,37460,0.0003,LOW,62.7,3,"Financial Modeling, Tableau, Variance Analysis",Financial Modeling,"Learn Financial Modeling: Financial Modeling, Valuation & Risk Management"
588,Christopher Benson 488,Marketing,Content Lead,58,107356,0.0,LOW,79.3,3,"Adobe Creative Cloud, Brand Storytelling",Adobe Creative Cloud,Learn Adobe Creative Cloud: Mastering Adobe Creative Cloud
589,Sara Khan 489,Marketing,Marketing Executive,26,89698,0.0,LOW,81.2,3,"Mailchimp, Market Research",Mailchimp,Learn Mailchimp: Mastering Mailchimp
590,David Williams 490,Marketing,SEO Analyst,31,136746,0.0,LOW,59.0,5,Traffic Analysis,Traffic Analysis,Learn Traffic Analysis: Mastering Traffic Analysis
591,Connie Bailey 491,Finance,Financial Analyst,34,51191,0.9754,HIGH,61.9,2,"Budgeting & Forecasting, Excel",Budgeting & Forecasting,Learn Budgeting & Forecasting: Mastering Budgeting & Forecasting
592,Taylor Morris 492,HR,HR Executive,22,119631,0.0,LOW,84.8,2,"Excel, Onboarding",Excel,Learn Excel: Mastering Excel
593,Peggy Mann 493,Sales,Account Manager,23,45529,0.0003,LOW,60.9,2,"Gainsight, Zendesk",Gainsight,Learn Gainsight: Mastering Gainsight
594,Reyansh Reddy 494,Marketing,Content Strategist,55,67175,0.0011,LOW,71.3,3,"Copywriting, Notion",Copywriting,Learn Copywriting: Mastering Copywriting
595,Myra Nair 495,IT,Tester,53,52675,0.0101,LOW,96.5,2,"Bug Tracking, Manual Testing, PyTest",Bug Tracking,Learn Bug Tracking: Mastering Bug Tracking
596,Jasmine Gonzalez 496,Sales,Account Manager,44,81798,0.0644,LOW,83.8,3,"Cross-selling, Gainsight",Cross-selling,Learn Cross-selling: Mastering Cross-selling
597,Brenda Bauer 497,Finance,Auditor,39,105910,0.0,LOW,73.0,3,"Financial Controls, Internal Audit",Financial Controls,Learn Financial Controls: Mastering Financial Controls
598,Arjun Rao 498,Finance,Accountant,38,165400,0.0001,LOW,82.1,3,"General Ledger, QuickBooks",General Ledger,Learn General Ledger: Mastering General Ledger
599,Jeffery Lopez 499,Marketing,Content Strategist,44,113678,0.0,LOW,71.3,2,"Canva, Editorial Calendar, Notion",Canva,Learn Canva: Mastering Canva
600,Aditya Kumar 500,HR,HR Manager,55,97821,0.0,LOW,84.2,3,"BambooHR, HR Compliance, Performance Management",BambooHR,Learn BambooHR: Mastering BambooHR
601,Ishaan Malhotra 501,IT,Cybersecurity Specialist,21,47204,0.0,LOW,47.4,2,"Network Security, SIEM Tools, Vulnerability Assessment",Network Security,Learn Network Security: Mastering Network Security
602,Clinton Scott 502,IT,Data Analyst,56,42394,0.961,HIGH,70.3,2,"SQL, Statistical Analysis, Tableau",SQL,Learn SQL: Advanced SQL & Modern Data Warehousing
603,Connie Bailey 503,Finance,Auditor,45,99814,0.0,LOW,47.0,3,"Excel, Financial Controls",Excel,Learn Excel: Mastering Excel
604,Pari Joshi 504,IT,Data Analyst,54,68593,0.9909,HIGH,73.9,3,"Business Reporting, Tableau",Business Reporting,Learn Business Reporting: Mastering Business Reporting
605,Rita Walker 505,IT,Engineer,45,150064,0.0967,LOW,69.2,2,"AWS, Cloud Infrastructure, Terraform",AWS,Learn AWS: AWS Certified Solutions Architect & Cloud Engineering
606,Ayaan Saxena 506,Marketing,SEO Analyst,36,88365,0.0004,LOW,88.3,3,"Competitor Analysis, Rank Tracking",Competitor Analysis,Learn Competitor Analysis: Mastering Competitor Analysis
607,Vivaan Gupta 507,IT,Engineer,54,166515,0.0,LOW,80.5,3,"Backend Architecture, Terraform",Backend Architecture,Learn Backend Architecture: Mastering Backend Architecture
608,Shannon Clark 508,IT,Engineer,49,138700,0.0,LOW,65.7,3,"AWS, DevOps, Linux",AWS,Learn AWS: AWS Certified Solutions Architect & Cloud Engineering
609,Troy Ford 509,Sales,Business Development,39,132077,0.0,LOW,67.1,4,Deal Closing,Deal Closing,Learn Deal Closing: Mastering Deal Closing
610,Sara Khan 510,Sales,Sales Executive,43,169537,0.0,LOW,76.6,4,"HubSpot, Lead Generation",HubSpot,Learn HubSpot: Mastering HubSpot
611,Clinton Scott 511,IT,Tester,39,103247,0.0,LOW,65.1,3,"Manual Testing, Postman, Selenium",Manual Testing,Learn Manual Testing: Mastering Manual Testing
612,Rohan Pillai 512,Sales,Sales Executive,45,89740,0.0,LOW,71.6,3,"Client Relationship Management, HubSpot",Client Relationship Management,Learn Client Relationship Management: Mastering Client Relationship Management
613,Jasmine Gonzalez 513,IT,Engineer,36,62898,0.0001,LOW,87.8,4,"Backend Architecture, Linux",Backend Architecture,Learn Backend Architecture: Mastering Backend Architecture
614,Erin Massey 514,HR,Employee Relations,29,167991,0.0,LOW,62.1,2,"Conflict Resolution, Excel",Conflict Resolution,Learn Conflict Resolution: Workplace Conflict Resolution & Empathy-Driven Leadership
615,Arjun Rao 515,Sales,Sales Executive,21,97613,0.0,LOW,66.6,3,"Client Relationship Management, Salesforce",Client Relationship Management,Learn Client Relationship Management: Mastering Client Relationship Management
616,Pari Joshi 516,Sales,Sales Executive,39,131707,0.4902,MEDIUM,68.3,4,"HubSpot, Pipeline Management",HubSpot,Learn HubSpot: Mastering HubSpot
617,Ishaan Malhotra 517,Sales,Account Manager,53,146777,0.9324,HIGH,100.0,3,"Client Relationship Management, Cross-selling",Client Relationship Management,Learn Client Relationship Management: Mastering Client Relationship Management
618,Diya Patel 518,Marketing,Marketing Executive,54,82003,0.0069,LOW,79.3,3,"Google Ads, Mailchimp",Google Ads,Learn Google Ads: Mastering Google Ads
619,Connie Bailey 519,Sales,Business Development,36,83478,0.0,LOW,85.6,3,"Market Expansion, ZoomInfo",Market Expansion,Learn Market Expansion: Mastering Market Expansion
620,Kavya Menon 520,HR,HR Manager,38,180506,0.0,LOW,81.2,2,"Employee Retention, HR Compliance, Talent Acquisition",Employee Retention,Learn Employee Retention: Strategic HR Leadership & Talent Retention Strategies
621,Vihaan Verma 521,IT,Engineer,54,94030,0.0,LOW,82.0,3,"Backend Architecture, DevOps",Backend Architecture,Learn Backend Architecture: Mastering Backend Architecture
622,Kabir Mehta 522,Sales,Business Development,45,168071,0.0,LOW,77.7,3,"Deal Closing, Market Expansion",Deal Closing,Learn Deal Closing: Mastering Deal Closing
623,Navya Chopra 523,IT,Tester,26,180921,0.0,LOW,76.4,1,"Bug Tracking, Manual Testing, PyTest, Selenium",Bug Tracking,Learn Bug Tracking: Mastering Bug Tracking
624,Arjun Rao 524,Sales,Sales Executive,41,87800,0.0199,LOW,54.6,2,"Lead Generation, Pipeline Management, Salesforce",Lead Generation,Learn Lead Generation: Mastering Lead Generation
625,Aditi Sen 525,IT,Engineer,26,40445,0.0001,LOW,76.3,3,"DevOps, Linux",DevOps,Learn DevOps: Mastering DevOps
626,Rita Walker 526,Sales,Account Manager,52,184112,0.0003,LOW,70.7,2,"Cross-selling, Salesforce, Zendesk",Cross-selling,Learn Cross-selling: Mastering Cross-selling
627,Steven Barnett 527,Finance,Auditor,59,35246,1.0,HIGH,78.5,3,"Financial Controls, Internal Audit",Financial Controls,Learn Financial Controls: Mastering Financial Controls
628,Shannon Clark 528,IT,Data Analyst,51,66153,0.0018,LOW,71.1,3,"Data Cleaning, Exploratory Data Analysis, Statistical Analysis",Data Cleaning,Learn Data Cleaning: Mastering Data Cleaning
629,Ananya Singh 529,IT,Tester,30,40212,0.0001,LOW,81.2,1,"Bug Tracking, Jira, Selenium",Bug Tracking,Learn Bug Tracking: Mastering Bug Tracking
630,Shannon Clark 530,HR,Recruitment Specialist,50,169411,0.0,LOW,83.3,3,"LinkedIn Recruiter, Salary Benchmarking",LinkedIn Recruiter,Learn LinkedIn Recruiter: Mastering LinkedIn Recruiter
631,Joel Fuller 531,Sales,Sales Executive,38,91238,0.0,LOW,37.1,1,"Lead Generation, LinkedIn Sales Navigator, Negotiation, Salesforce",Lead Generation,Learn Lead Generation: Mastering Lead Generation
632,Steven Barnett 532,Sales,Business Development,44,88871,0.0001,LOW,66.8,3,"Deal Closing, Partnership Management",Deal Closing,Learn Deal Closing: Mastering Deal Closing
633,Riya Mishra 533,IT,Developer,29,135672,0.0,LOW,49.7,3,"Git Version Control, PostgreSQL",Git Version Control,Learn Git Version Control: Mastering Git Version Control
634,Pari Joshi 534,Marketing,SEO Analyst,51,69607,0.0004,LOW,74.9,3,"Screaming Frog, Traffic Analysis",Screaming Frog,Learn Screaming Frog: Mastering Screaming Frog
635,Avani Bhat 535,IT,Data Analyst,35,87055,0.0,LOW,68.4,3,"Excel, Exploratory Data Analysis, Tableau",Excel,Learn Excel: Mastering Excel
636,Brenda Bauer 536,Finance,Financial Analyst,24,139509,0.0,LOW,88.3,3,"Excel, PowerBI, Variance Analysis",Excel,Learn Excel: Mastering Excel
637,Christopher Benson 537,HR,HR Manager,29,170467,0.0011,LOW,74.5,3,"BambooHR, Talent Acquisition, Workday",BambooHR,Learn BambooHR: Mastering BambooHR
638,Arjun Rao 538,HR,Recruitment Specialist,29,162378,0.0,LOW,66.2,3,"Candidate Sourcing, Greenhouse, Lever",Candidate Sourcing,Learn Candidate Sourcing: Mastering Candidate Sourcing
639,Peggy Mann 539,Sales,Business Development,46,181362,0.0,LOW,83.3,3,"Deal Closing, ZoomInfo",Deal Closing,Learn Deal Closing: Mastering Deal Closing
640,Arjun Rao 540,IT,Tester,24,122687,0.0001,LOW,68.2,4,"Jira, Postman, PyTest",Jira,Learn Jira: Mastering Jira
641,Vivaan Gupta 541,IT,Cybersecurity Specialist,37,100078,0.0,LOW,66.0,3,"Threat Modeling, Vulnerability Assessment, Wireshark",Threat Modeling,Learn Threat Modeling: Mastering Threat Modeling
642,Peter Mckee 542,Sales,Sales Executive,36,169763,0.0003,LOW,76.7,5,"Client Relationship Management, Lead Generation, Pipeline Management",Client Relationship Management,Learn Client Relationship Management: Mastering Client Relationship Management
643,Peter Mckee 543,HR,Employee Relations,35,173542,0.0,LOW,91.4,4,"Employee Wellbeing, Excel",Employee Wellbeing,Learn Employee Wellbeing: Mastering Employee Wellbeing
644,Sara Khan 544,Sales,Account Manager,55,169913,0.0,LOW,82.2,3,"Cross-selling, Gainsight, Zendesk",Cross-selling,Learn Cross-selling: Mastering Cross-selling
645,Sara Snyder 545,HR,HR Executive,25,137652,0.0,LOW,78.8,4,"Onboarding, Payroll Coordination",Onboarding,Learn Onboarding: Mastering Onboarding
646,Rita Walker 546,Finance,Accountant,25,98197,0.0,LOW,100.0,4,"Excel, SAP Financials",Excel,Learn Excel: Mastering Excel
647,Kavya Menon 547,Sales,Account Manager,40,90773,0.0025,LOW,63.2,4,"Account Growth, Salesforce",Account Growth,Learn Account Growth: Mastering Account Growth
648,Taylor Morris 548,IT,Developer,35,183848,0.0,LOW,62.9,3,"Git Version Control, Node.js, PostgreSQL",Git Version Control,Learn Git Version Control: Mastering Git Version Control
649,Erin Massey 549,Sales,Business Development,38,153943,0.0,LOW,73.7,3,"Market Expansion, ZoomInfo",Market Expansion,Learn Market Expansion: Mastering Market Expansion
650,Rohan Pillai 550,Finance,Accountant,22,62584,0.0,LOW,90.2,1,"Excel, Financial Accounting, General Ledger",Excel,Learn Excel: Mastering Excel
651,Riya Mishra 551,Sales,Sales Executive,49,170372,0.0008,LOW,60.7,3,"Negotiation, Pipeline Management, Salesforce",Negotiation,Learn Negotiation: Strategic Negotiation & High-Value B2B Closing
652,Christopher Benson 552,Marketing,Marketing Executive,33,38338,0.0,LOW,93.1,3,"Campaign Management, Market Research",Campaign Management,Learn Campaign Management: Mastering Campaign Management
653,Sara Snyder 553,IT,Developer,24,97601,0.0,LOW,54.7,3,"Database Design, Full-Stack Development",Database Design,Learn Database Design: Mastering Database Design
654,Judith Ware 554,Marketing,Marketing Executive,30,171559,0.0,LOW,70.5,5,Meta Ads Manager,Meta Ads Manager,Learn Meta Ads Manager: Mastering Meta Ads Manager
655,Erin Massey 555,IT,Developer,51,71282,0.0,LOW,74.1,2,"API Integration, Full-Stack Development, Git Version Control",API Integration,Learn API Integration: Mastering API Integration
656,Arjun Rao 556,Finance,Financial Analyst,28,150447,0.0,LOW,61.4,3,"Financial Modeling, PowerBI, Tableau",Financial Modeling,"Learn Financial Modeling: Financial Modeling, Valuation & Risk Management"
657,Taylor Morris 557,HR,Employee Relations,23,130798,0.0,LOW,64.5,2,"Employee Wellbeing, Excel",Employee Wellbeing,Learn Employee Wellbeing: Mastering Employee Wellbeing
658,Erin Massey 558,Finance,Accountant,29,165963,0.0025,LOW,81.6,1,"Financial Accounting, QuickBooks, SAP Financials",Financial Accounting,Learn Financial Accounting: Mastering Financial Accounting
659,Aarav Sharma 559,IT,Tester,50,143611,0.0,LOW,89.3,3,"Bug Tracking, PyTest",Bug Tracking,Learn Bug Tracking: Mastering Bug Tracking
660,Ayaan Saxena 560,IT,Cybersecurity Specialist,31,175987,0.0,LOW,46.6,2,"Incident Response, Threat Modeling, Vulnerability Assessment",Incident Response,Learn Incident Response: Mastering Incident Response
661,Steven Barnett 561,IT,Data Analyst,55,46158,0.0021,LOW,74.2,5,"Data Cleaning, Exploratory Data Analysis, Python",Data Cleaning,Learn Data Cleaning: Mastering Data Cleaning
662,Jeffery Lopez 562,Support,Support Engineer,57,45547,0.0,LOW,70.6,3,"Jira, Root Cause Analysis, Technical Troubleshooting",Jira,Learn Jira: Mastering Jira
663,Rohan Pillai 563,Sales,Account Manager,33,123713,0.0001,LOW,73.3,2,"Account Growth, Cross-selling, Gainsight",Account Growth,Learn Account Growth: Mastering Account Growth
664,Ayaan Saxena 564,HR,Recruitment Specialist,56,37459,0.2389,LOW,68.2,1,"Greenhouse, Salary Benchmarking",Greenhouse,Learn Greenhouse: Mastering Greenhouse
665,Meera Das 565,Marketing,SEO Specialist,33,98146,0.0,LOW,56.5,3,"Google Analytics, Keyword Research, Technical SEO",Google Analytics,Learn Google Analytics: Mastering Google Analytics
666,Ayaan Saxena 566,IT,Software Engineer,32,138577,0.2927,LOW,90.5,1,"Docker, Git, System Design",Docker,Learn Docker: Docker & Kubernetes for Cloud Native DevOps
667,Reyansh Reddy 567,IT,Developer,57,142761,0.0,LOW,85.9,3,"Full-Stack Development, PostgreSQL",Full-Stack Development,Learn Full-Stack Development: Mastering Full-Stack Development
668,Norman Lane 568,HR,Recruitment Specialist,30,138727,0.0,LOW,70.8,3,"Candidate Sourcing, LinkedIn Recruiter, Screening & Interviewing",Candidate Sourcing,Learn Candidate Sourcing: Mastering Candidate Sourcing
669,Megan Williams 569,Sales,Account Manager,29,85460,0.0049,LOW,66.1,2,"Client Relationship Management, Cross-selling, Gainsight",Client Relationship Management,Learn Client Relationship Management: Mastering Client Relationship Management
670,Ananya Singh 570,Finance,Auditor,27,117970,0.0049,LOW,64.7,3,"Risk Assessment, SAP",Risk Assessment,Learn Risk Assessment: Mastering Risk Assessment
671,Cody Bright 571,IT,Cybersecurity Specialist,22,50419,0.9914,HIGH,41.0,4,"Nmap, SIEM Tools",Nmap,Learn Nmap: Mastering Nmap
672,Ayaan Saxena 572,HR,HR Manager,43,70577,0.0392,LOW,76.2,3,"Employee Retention, HR Compliance",Employee Retention,Learn Employee Retention: Strategic HR Leadership & Talent Retention Strategies
673,Riya Mishra 573,Sales,Account Manager,59,37921,0.0001,LOW,81.4,3,"Account Growth, Salesforce",Account Growth,Learn Account Growth: Mastering Account Growth
674,Nicole Roberts 574,IT,Developer,59,170748,0.0,LOW,73.7,3,"Database Design, Git Version Control, PostgreSQL",Database Design,Learn Database Design: Mastering Database Design
675,Megan Williams 575,HR,HR Executive,41,179535,0.0,LOW,71.0,3,"Onboarding, Payroll Coordination",Onboarding,Learn Onboarding: Mastering Onboarding
676,Troy Ford 576,Sales,Sales Executive,43,75935,0.0161,LOW,73.6,4,"Lead Generation, Pipeline Management",Lead Generation,Learn Lead Generation: Mastering Lead Generation
677,Nicole Roberts 577,HR,HR Executive,49,160534,0.0,LOW,61.8,4,Excel,Excel,Learn Excel: Mastering Excel
678,Riya Mishra 578,Finance,Accountant,34,107828,0.0018,LOW,66.0,3,"QuickBooks, Tax Compliance",QuickBooks,Learn QuickBooks: Mastering QuickBooks
679,Devansh Banerjee 579,Sales,Sales Executive,46,158649,0.0,LOW,70.0,2,"Client Relationship Management, Negotiation, Pipeline Management",Client Relationship Management,Learn Client Relationship Management: Mastering Client Relationship Management
680,Meera Das 580,IT,Tester,25,124062,0.0,LOW,80.4,3,"Bug Tracking, Postman",Bug Tracking,Learn Bug Tracking: Mastering Bug Tracking
681,Judith Ware 581,Finance,Auditor,51,90152,0.0,LOW,88.5,4,"Risk Assessment, SAP",Risk Assessment,Learn Risk Assessment: Mastering Risk Assessment
682,Pari Joshi 582,HR,HR Manager,45,131491,0.0115,LOW,69.3,2,"Excel, Performance Management, Talent Acquisition",Excel,Learn Excel: Mastering Excel
683,Judith Ware 583,IT,Developer,51,121569,0.0003,LOW,59.5,3,"Database Design, React",Database Design,Learn Database Design: Mastering Database Design
684,Rohan Pillai 584,Marketing,SEO Analyst,40,107467,0.0,LOW,72.4,3,"Competitor Analysis, Rank Tracking",Competitor Analysis,Learn Competitor Analysis: Mastering Competitor Analysis
685,Reyansh Reddy 585,IT,Tester,37,182435,0.0005,LOW,96.1,3,"Jira, PyTest",Jira,Learn Jira: Mastering Jira
686,Ishaan Malhotra 586,IT,Developer,22,157537,0.0,LOW,60.5,3,"API Integration, Git Version Control, JavaScript / TypeScript",API Integration,Learn API Integration: Mastering API Integration
687,Myra Nair 587,Sales,Business Development,45,88806,0.0231,LOW,82.6,3,"Deal Closing, ZoomInfo",Deal Closing,Learn Deal Closing: Mastering Deal Closing
688,Ashley Marsh 588,Sales,Sales Executive,33,166332,0.0,LOW,88.0,2,"B2B Sales, Lead Generation, Pipeline Management",B2B Sales,Learn B2B Sales: Mastering B2B Sales
689,Shannon Clark 589,HR,HR Executive,59,110992,0.5733,MEDIUM,67.7,3,"Excel, Onboarding",Excel,Learn Excel: Mastering Excel
690,Avani Bhat 590,Sales,Business Development,48,57320,0.0982,LOW,63.6,1,"Deal Closing, ZoomInfo",Deal Closing,Learn Deal Closing: Mastering Deal Closing
691,Troy Ford 591,IT,Data Analyst,26,113971,0.0,LOW,78.9,3,"Data Cleaning, Statistical Analysis, Tableau",Data Cleaning,Learn Data Cleaning: Mastering Data Cleaning
692,Saanvi Iyer 592,Finance,Financial Analyst,23,83581,0.0108,LOW,76.2,4,"Excel, PowerBI",Excel,Learn Excel: Mastering Excel
693,Brenda Bauer 593,HR,HR Executive,55,128645,0.0,LOW,80.3,3,"Excel, Payroll Coordination",Excel,Learn Excel: Mastering Excel
694,Christopher Benson 594,IT,Tester,38,55754,0.0126,LOW,96.9,3,"Bug Tracking, Manual Testing, Selenium",Bug Tracking,Learn Bug Tracking: Mastering Bug Tracking
695,Ishaan Malhotra 595,Sales,Sales Executive,31,104837,0.0,LOW,74.0,3,"Client Relationship Management, Negotiation, Pipeline Management",Client Relationship Management,Learn Client Relationship Management: Mastering Client Relationship Management
696,Rohan Pillai 596,IT,Data Analyst,40,173279,0.0,LOW,57.7,2,"Business Reporting, Excel, PowerBI, Python",Business Reporting,Learn Business Reporting: Mastering Business Reporting
697,Pari Joshi 597,Sales,Business Development,25,158746,0.1397,LOW,72.8,1,"Deal Closing, Partnership Management",Deal Closing,Learn Deal Closing: Mastering Deal Closing
698,Troy Ford 598,Finance,Financial Analyst,39,149780,0.0,LOW,74.9,3,"Excel, PowerBI",Excel,Learn Excel: Mastering Excel
699,Devansh Banerjee 599,HR,HR Executive,42,122081,0.0,LOW,87.2,4,"Onboarding, Workday",Onboarding,Learn Onboarding: Mastering Onboarding
700,Peter Mckee 600,HR,HR Executive,39,59016,0.0,LOW,69.6,5,"Onboarding, Workday",Onboarding,Learn Onboarding: Mastering Onboarding
701,Aditi Sen 601,Sales,Sales Executive,36,95522,0.0,LOW,67.1,3,"Pipeline Management, Salesforce",Pipeline Management,Learn Pipeline Management: Mastering Pipeline Management
702,Riya Mishra 602,IT,Software Engineer,44,155896,0.0002,LOW,55.5,3,"Code Quality & Testing, Docker, Kubernetes, Python",Code Quality & Testing,Learn Code Quality & Testing: Mastering Code Quality & Testing
703,Vivaan Gupta 603,IT,Engineer,24,147099,0.0,LOW,78.6,3,"Backend Architecture, DevOps",Backend Architecture,Learn Backend Architecture: Mastering Backend Architecture
704,Sara Snyder 604,HR,HR Manager,35,139429,0.0001,LOW,100.0,3,"Excel, Performance Management",Excel,Learn Excel: Mastering Excel
705,Anna Dominguez 605,Sales,Business Development,45,36924,0.9988,HIGH,69.3,3,"Market Expansion, Salesforce",Market Expansion,Learn Market Expansion: Mastering Market Expansion
706,Sara Khan 606,Sales,Business Development,55,120015,0.0,LOW,77.4,3,"Market Expansion, ZoomInfo",Market Expansion,Learn Market Expansion: Mastering Market Expansion
707,Aditya Kumar 607,IT,Developer,34,139987,0.0001,LOW,65.4,4,"Database Design, Node.js, React",Database Design,Learn Database Design: Mastering Database Design
708,Christopher Benson 608,Sales,Sales Executive,39,89333,0.0002,LOW,56.6,3,"B2B Sales, Salesforce",B2B Sales,Learn B2B Sales: Mastering B2B Sales
709,Riya Mishra 609,Sales,Business Development,58,161372,0.0,LOW,77.2,3,"Partnership Management, Salesforce",Partnership Management,Learn Partnership Management: Mastering Partnership Management
710,Troy Ford 610,Support,Helpdesk,56,166378,0.0,LOW,72.3,5,"Customer Support, Jira Service Desk",Customer Support,Learn Customer Support: Mastering Customer Support
711,Diya Patel 611,Support,Helpdesk,27,123495,0.0008,LOW,43.4,3,"Jira Service Desk, Ticket Resolution",Jira Service Desk,Learn Jira Service Desk: Mastering Jira Service Desk
712,Anna Dominguez 612,IT,Data Analyst,50,104767,0.0,LOW,91.3,3,"Excel, Statistical Analysis",Excel,Learn Excel: Mastering Excel
713,Diya Patel 613,IT,Engineer,39,139332,0.1872,LOW,77.0,3,Backend Architecture,Backend Architecture,Learn Backend Architecture: Mastering Backend Architecture
714,Anna Dominguez 614,Finance,Accountant,45,178279,0.0,LOW,72.9,4,"Financial Accounting, General Ledger",Financial Accounting,Learn Financial Accounting: Mastering Financial Accounting
715,Erin Massey 615,Finance,Accountant,36,74426,0.8302,HIGH,66.9,3,"QuickBooks, Tax Compliance",QuickBooks,Learn QuickBooks: Mastering QuickBooks
716,Navya Chopra 616,HR,HR Executive,28,41336,0.0,LOW,76.9,3,"Onboarding, Workday",Onboarding,Learn Onboarding: Mastering Onboarding
717,Ayaan Saxena 617,Support,Support Engineer,38,147200,0.0,LOW,77.4,3,"Postman, Root Cause Analysis",Postman,Learn Postman: Mastering Postman
718,Christopher Benson 618,IT,Engineer,48,52256,0.0,LOW,76.8,4,"Cloud Infrastructure, Terraform",Cloud Infrastructure,Learn Cloud Infrastructure: Mastering Cloud Infrastructure
719,Pari Joshi 619,Support,Helpdesk,36,68719,0.0,LOW,84.8,3,"Customer Support, Zendesk",Customer Support,Learn Customer Support: Mastering Customer Support
720,Ayaan Saxena 620,HR,Employee Relations,39,77017,0.1425,LOW,87.5,3,"ServiceNow HR, Workplace Policy",ServiceNow HR,Learn ServiceNow HR: Mastering ServiceNow HR
721,Sara Khan 621,Finance,Financial Analyst,37,80704,0.1701,LOW,96.1,4,"PowerBI, SQL",PowerBI,Learn PowerBI: PowerBI & Tableau Executive Dashboards
722,Anna Dominguez 622,Support,Support Engineer,33,65013,0.0,LOW,62.0,4,"Postman, Technical Troubleshooting",Postman,Learn Postman: Mastering Postman
723,Arjun Rao 623,HR,HR Executive,27,114991,0.0,LOW,65.1,4,"Excel, Onboarding",Excel,Learn Excel: Mastering Excel
724,Manish Badami 624,IT,Cybersecurity Specialist,47,105258,0.0042,LOW,76.3,2,"Incident Response, Threat Modeling, Wireshark",Incident Response,Learn Incident Response: Mastering Incident Response
725,David Williams 625,Finance,Financial Analyst,30,113348,0.0,LOW,62.7,3,"PowerBI, SQL",PowerBI,Learn PowerBI: PowerBI & Tableau Executive Dashboards
726,Rohan Pillai 626,Marketing,SEO Analyst,54,45060,0.0629,LOW,64.6,3,"Google Search Console, Screaming Frog",Google Search Console,Learn Google Search Console: Mastering Google Search Console
727,Riya Mishra 627,IT,Cybersecurity Specialist,56,172727,0.0001,LOW,77.7,3,"Network Security, Vulnerability Assessment",Network Security,Learn Network Security: Mastering Network Security
728,Aditi Sen 628,IT,Tester,45,84923,0.0,LOW,82.8,4,"Jira, Postman, Selenium",Jira,Learn Jira: Mastering Jira
729,Megan Williams 629,Sales,Business Development,26,113563,0.0752,LOW,87.3,4,"Partnership Management, Salesforce",Partnership Management,Learn Partnership Management: Mastering Partnership Management
730,Taylor Morris 630,IT,Developer,44,170102,0.0,LOW,69.7,3,"API Integration, Node.js, PostgreSQL, React",API Integration,Learn API Integration: Mastering API Integration
731,Anna Dominguez 631,HR,HR Executive,38,124779,0.0,LOW,77.6,2,"HR Operations, Onboarding",HR Operations,Learn HR Operations: Mastering HR Operations
732,Megan Williams 632,HR,Recruitment Specialist,43,134704,0.0,LOW,74.9,1,"Candidate Sourcing, LinkedIn Recruiter, Salary Benchmarking",Candidate Sourcing,Learn Candidate Sourcing: Mastering Candidate Sourcing
733,Megan Williams 633,HR,HR Manager,26,164157,0.0,LOW,72.2,3,"BambooHR, Talent Acquisition",BambooHR,Learn BambooHR: Mastering BambooHR
734,Clinton Scott 634,Sales,Sales Executive,49,145234,0.0153,LOW,62.2,1,"B2B Sales, Client Relationship Management, Pipeline Management",B2B Sales,Learn B2B Sales: Mastering B2B Sales
735,Aarav Sharma 635,IT,Developer,45,96687,0.0093,LOW,60.7,3,"API Integration, Database Design, Full-Stack Development",API Integration,Learn API Integration: Mastering API Integration
736,Aditya Kumar 636,Finance,Financial Analyst,37,71491,0.0012,LOW,80.0,3,"Excel, Variance Analysis",Excel,Learn Excel: Mastering Excel
737,Jasmine Gonzalez 637,IT,Software Engineer,44,107115,0.0,LOW,62.0,4,"Code Quality & Testing, Data Structures & Algorithms, Git, REST APIs",Code Quality & Testing,Learn Code Quality & Testing: Mastering Code Quality & Testing
738,Jasmine Gonzalez 638,IT,Tester,31,152935,0.0,LOW,50.7,2,"Bug Tracking, Selenium, Test Automation",Bug Tracking,Learn Bug Tracking: Mastering Bug Tracking
739,Sara Khan 639,IT,Developer,46,118778,0.0,LOW,71.6,3,"Full-Stack Development, React",Full-Stack Development,Learn Full-Stack Development: Mastering Full-Stack Development
740,Ayaan Saxena 640,IT,Cybersecurity Specialist,54,170853,0.0,LOW,89.5,4,"Nmap, Vulnerability Assessment",Nmap,Learn Nmap: Mastering Nmap
741,Jasmine Gonzalez 641,HR,HR Executive,48,55448,0.0014,LOW,38.5,3,"Payroll Coordination, Workday",Payroll Coordination,Learn Payroll Coordination: Mastering Payroll Coordination
742,Kabir Mehta 642,IT,Engineer,23,86550,0.0015,LOW,68.5,2,"AWS, Backend Architecture, Cloud Infrastructure",AWS,Learn AWS: AWS Certified Solutions Architect & Cloud Engineering
743,Nicole Roberts 643,Marketing,Content Strategist,31,84294,0.1181,LOW,80.1,2,"Canva, Editorial Calendar",Canva,Learn Canva: Mastering Canva
744,Nicole Roberts 644,Marketing,Marketing Executive,58,56446,0.0,LOW,50.1,4,"Google Ads, Mailchimp",Google Ads,Learn Google Ads: Mastering Google Ads
745,Diya Patel 645,IT,Engineer,34,111579,0.0,LOW,69.4,3,"Backend Architecture, Cloud Infrastructure",Backend Architecture,Learn Backend Architecture: Mastering Backend Architecture
746,Brenda Bauer 646,Sales,Account Manager,46,149679,0.0001,LOW,58.3,4,"Cross-selling, Salesforce",Cross-selling,Learn Cross-selling: Mastering Cross-selling
747,Anna Dominguez 647,IT,Tester,41,120615,0.0236,LOW,59.9,2,"Bug Tracking, PyTest",Bug Tracking,Learn Bug Tracking: Mastering Bug Tracking
748,Vihaan Verma 648,Sales,Account Manager,59,52101,0.9986,HIGH,67.2,4,"Contract Renewal, Gainsight",Contract Renewal,Learn Contract Renewal: Mastering Contract Renewal
749,Connie Bailey 649,IT,Software Engineer,50,63016,0.316,LOW,58.5,3,"CI/CD, Git, Python",CI/CD,Learn CI/CD: Mastering CI/CD
750,Kabir Mehta 650,HR,Employee Relations,28,125481,0.0,LOW,57.5,3,"ServiceNow HR, Workplace Policy",ServiceNow HR,Learn ServiceNow HR: Mastering ServiceNow HR
751,Myra Nair 651,Support,Support Engineer,40,87802,0.8738,HIGH,71.3,5,"Jira, Technical Troubleshooting",Jira,Learn Jira: Mastering Jira
752,Jasmine Gonzalez 652,Sales,Business Development,52,42549,0.0182,LOW,98.7,3,"Market Expansion, Salesforce",Market Expansion,Learn Market Expansion: Mastering Market Expansion
753,Manish Badami 653,IT,Cybersecurity Specialist,42,82842,0.0,LOW,81.1,4,"Nmap, SIEM Tools",Nmap,Learn Nmap: Mastering Nmap
754,Joel Fuller 654,Finance,Accountant,27,81539,0.0001,LOW,84.1,4,"General Ledger, SAP Financials, Tax Compliance",General Ledger,Learn General Ledger: Mastering General Ledger
755,Cody Bright 655,Sales,Account Manager,29,68717,0.0002,LOW,81.6,3,"Account Growth, Contract Renewal, Salesforce",Account Growth,Learn Account Growth: Mastering Account Growth
756,Devansh Banerjee 656,IT,Developer,21,150042,0.0,LOW,63.6,3,"JavaScript / TypeScript, PostgreSQL",JavaScript / TypeScript,Learn JavaScript / TypeScript: Mastering JavaScript / TypeScript
757,Rita Walker 657,IT,Tester,49,162922,0.0,LOW,75.7,3,"Bug Tracking, Jira, Selenium",Bug Tracking,Learn Bug Tracking: Mastering Bug Tracking
758,Saanvi Iyer 658,HR,Employee Relations,28,127447,0.0,LOW,85.2,3,"Conflict Resolution, Employee Wellbeing",Conflict Resolution,Learn Conflict Resolution: Workplace Conflict Resolution & Empathy-Driven Leadership
759,Cody Bright 659,Sales,Account Manager,24,118402,0.1622,LOW,81.9,3,"Account Growth, Zendesk",Account Growth,Learn Account Growth: Mastering Account Growth
760,Saanvi Iyer 660,Sales,Business Development,55,77607,0.0,LOW,74.3,4,"Deal Closing, Market Expansion",Deal Closing,Learn Deal Closing: Mastering Deal Closing
761,Ananya Singh 661,IT,Data Analyst,23,47823,0.0975,LOW,78.2,1,"Business Reporting, Data Cleaning, Excel",Business Reporting,Learn Business Reporting: Mastering Business Reporting
762,Kavya Menon 662,Sales,Account Manager,27,64986,0.0002,LOW,100.0,3,"Client Relationship Management, Contract Renewal, Cross-selling",Client Relationship Management,Learn Client Relationship Management: Mastering Client Relationship Management
763,Saanvi Iyer 663,Finance,Accountant,47,156682,0.0195,LOW,82.1,3,"Financial Accounting, General Ledger, Tax Compliance",Financial Accounting,Learn Financial Accounting: Mastering Financial Accounting
764,Reyansh Reddy 664,Sales,Account Manager,21,99325,0.0,LOW,68.2,3,"Account Growth, Contract Renewal",Account Growth,Learn Account Growth: Mastering Account Growth
765,Arjun Rao 665,Support,Helpdesk,47,162925,0.0,LOW,71.1,4,Ticket Resolution,Ticket Resolution,Learn Ticket Resolution: Mastering Ticket Resolution
766,Clinton Scott 666,Marketing,Content Strategist,36,92771,0.4349,LOW,59.4,2,"Canva, WordPress",Canva,Learn Canva: Mastering Canva
767,Sara Snyder 667,Marketing,SEO Analyst,58,89973,0.0,LOW,100.0,3,"Competitor Analysis, Traffic Analysis",Competitor Analysis,Learn Competitor Analysis: Mastering Competitor Analysis
768,Meera Das 668,Sales,Business Development,27,180762,0.0,LOW,91.2,3,"Market Expansion, Salesforce",Market Expansion,Learn Market Expansion: Mastering Market Expansion
769,Arjun Rao 669,IT,Cybersecurity Specialist,43,74107,0.0,LOW,73.0,3,"Splunk, Threat Modeling",Splunk,Learn Splunk: Mastering Splunk
770,Arjun Rao 670,HR,HR Manager,31,92888,0.0,LOW,98.2,3,"Excel, Performance Management",Excel,Learn Excel: Mastering Excel
771,Norman Lane 671,Finance,Auditor,53,45956,0.9866,HIGH,79.6,3,"Financial Controls, Risk Assessment",Financial Controls,Learn Financial Controls: Mastering Financial Controls
772,Diya Patel 672,Sales,Account Manager,56,121839,0.8951,HIGH,66.8,3,"Contract Renewal, Salesforce, Zendesk",Contract Renewal,Learn Contract Renewal: Mastering Contract Renewal
773,Ashley Marsh 673,IT,Software Engineer,57,136131,0.0,LOW,82.9,3,"AWS, Git, Python",AWS,Learn AWS: AWS Certified Solutions Architect & Cloud Engineering
774,Pari Joshi 674,Sales,Business Development,37,102594,0.9935,HIGH,76.8,3,"Market Expansion, Salesforce",Market Expansion,Learn Market Expansion: Mastering Market Expansion
775,Cody Bright 675,Finance,Accountant,55,46519,0.0005,LOW,82.1,3,"Excel, Financial Accounting",Excel,Learn Excel: Mastering Excel
776,Peter Mckee 676,Sales,Business Development,25,36832,0.0035,LOW,55.6,3,"Deal Closing, Partnership Management",Deal Closing,Learn Deal Closing: Mastering Deal Closing
777,Devansh Banerjee 677,Sales,Sales Executive,52,148922,0.0,LOW,62.3,3,"Lead Generation, Pipeline Management, Salesforce",Lead Generation,Learn Lead Generation: Mastering Lead Generation
778,Riya Mishra 678,Marketing,SEO Analyst,23,140474,0.1214,LOW,89.9,2,"Competitor Analysis, Google Search Console, Traffic Analysis",Competitor Analysis,Learn Competitor Analysis: Mastering Competitor Analysis
779,Navya Chopra 679,IT,Engineer,55,104715,0.0,LOW,92.3,2,"Backend Architecture, Cloud Infrastructure",Backend Architecture,Learn Backend Architecture: Mastering Backend Architecture
780,Jasmine Gonzalez 680,IT,Developer,34,106835,0.0005,LOW,89.0,3,"Database Design, Git Version Control",Database Design,Learn Database Design: Mastering Database Design
781,Aditi Sen 681,IT,Software Engineer,51,108366,0.0001,LOW,98.6,3,"CI/CD, Docker, Kubernetes, System Design",CI/CD,Learn CI/CD: Mastering CI/CD
782,Brenda Bauer 682,Sales,Business Development,51,72570,0.0022,LOW,78.9,1,"Partnership Management, ZoomInfo",Partnership Management,Learn Partnership Management: Mastering Partnership Management
783,Erin Massey 683,Sales,Sales Executive,37,172687,0.0001,LOW,78.1,3,"B2B Sales, Lead Generation, Pipeline Management",B2B Sales,Learn B2B Sales: Mastering B2B Sales
784,Kabir Mehta 684,IT,Software Engineer,44,73311,0.0003,LOW,61.0,2,"CI/CD, Git, Kubernetes, System Design",CI/CD,Learn CI/CD: Mastering CI/CD
785,Aarav Sharma 685,Marketing,Marketing Executive,43,125245,0.0,LOW,65.0,5,"Google Ads, Meta Ads Manager",Google Ads,Learn Google Ads: Mastering Google Ads
786,Norman Lane 686,Sales,Sales Executive,38,138187,0.007,LOW,48.1,3,"Client Relationship Management, HubSpot, LinkedIn Sales Navigator",Client Relationship Management,Learn Client Relationship Management: Mastering Client Relationship Management
787,Joel Fuller 687,IT,Engineer,34,58434,0.0001,LOW,68.1,3,Backend Architecture,Backend Architecture,Learn Backend Architecture: Mastering Backend Architecture
788,Sara Snyder 688,Sales,Sales Executive,35,121879,0.9024,HIGH,47.3,3,"HubSpot, Lead Generation",HubSpot,Learn HubSpot: Mastering HubSpot
789,Navya Chopra 689,Sales,Account Manager,35,50739,0.9996,HIGH,85.0,4,"Cross-selling, Salesforce",Cross-selling,Learn Cross-selling: Mastering Cross-selling
790,Reyansh Reddy 690,Marketing,SEO Specialist,26,101202,0.0891,LOW,76.7,2,"Google Analytics, Keyword Research",Google Analytics,Learn Google Analytics: Mastering Google Analytics
791,Shannon Clark 691,IT,Software Engineer,47,133580,0.0007,LOW,47.7,5,"AWS, Code Quality & Testing, Git",AWS,Learn AWS: AWS Certified Solutions Architect & Cloud Engineering
792,Saanvi Iyer 692,HR,Recruitment Specialist,35,114599,0.0574,LOW,69.7,3,"Candidate Sourcing, Lever",Candidate Sourcing,Learn Candidate Sourcing: Mastering Candidate Sourcing
793,Erin Massey 693,IT,Data Analyst,56,151770,0.0,LOW,95.6,2,"Python, Statistical Analysis, Tableau",Python,Learn Python: Advanced Python Architecture & Performance Optimization
794,Devansh Banerjee 694,IT,Engineer,28,74470,0.0818,LOW,70.5,3,"AWS, Backend Architecture, Cloud Infrastructure",AWS,Learn AWS: AWS Certified Solutions Architect & Cloud Engineering
795,Anna Dominguez 695,Finance,Auditor,35,109965,0.0,LOW,60.0,3,"Excel, SAP",Excel,Learn Excel: Mastering Excel
796,Kavya Menon 696,IT,Cybersecurity Specialist,23,160332,0.0,LOW,50.6,5,"Incident Response, Nmap, Splunk",Incident Response,Learn Incident Response: Mastering Incident Response
797,Manish Badami 697,Sales,Sales Executive,33,164681,0.0,LOW,50.9,4,"Negotiation, Pipeline Management",Negotiation,Learn Negotiation: Strategic Negotiation & High-Value B2B Closing
798,Ashley Marsh 698,Marketing,Marketing Executive,54,149300,0.0124,LOW,78.4,3,"Google Ads, Social Media Marketing",Google Ads,Learn Google Ads: Mastering Google Ads
799,Arjun Rao 699,Marketing,Marketing Executive,44,72997,0.0,LOW,66.8,3,"Mailchimp, Market Research",Mailchimp,Learn Mailchimp: Mastering Mailchimp
800,Erin Massey 700,IT,Cybersecurity Specialist,52,132805,0.0,LOW,67.8,4,"Nmap, Threat Modeling, Wireshark",Nmap,Learn Nmap: Mastering Nmap
801,Ananya Singh 701,Marketing,Content Strategist,52,157202,0.0,LOW,66.8,3,"Canva, Copywriting, Notion",Canva,Learn Canva: Mastering Canva
802,Norman Lane 702,IT,Developer,50,37526,0.4083,LOW,70.3,3,"Full-Stack Development, Git Version Control, JavaScript / TypeScript",Full-Stack Development,Learn Full-Stack Development: Mastering Full-Stack Development
803,Myra Nair 703,IT,Cybersecurity Specialist,33,108339,0.0829,LOW,57.3,3,"Incident Response, SIEM Tools, Splunk",Incident Response,Learn Incident Response: Mastering Incident Response
804,Anna Dominguez 704,IT,Tester,21,41574,0.9787,HIGH,75.8,3,"PyTest, Selenium, Test Automation",PyTest,Learn PyTest: Mastering PyTest
805,Myra Nair 705,IT,Data Analyst,54,43733,0.7048,HIGH,54.9,4,"Data Cleaning, SQL",Data Cleaning,Learn Data Cleaning: Mastering Data Cleaning
806,Erin Massey 706,Marketing,Content Strategist,35,85290,0.0,LOW,62.9,3,"Canva, WordPress",Canva,Learn Canva: Mastering Canva
807,Christopher Benson 707,Sales,Sales Executive,34,107793,0.0,LOW,84.1,3,"B2B Sales, Lead Generation, Salesforce",B2B Sales,Learn B2B Sales: Mastering B2B Sales
808,Shannon Clark 708,Finance,Accountant,49,71051,0.0014,LOW,76.5,4,"General Ledger, Tax Compliance",General Ledger,Learn General Ledger: Mastering General Ledger
809,Joel Fuller 709,Marketing,Content Lead,54,50909,0.0028,LOW,80.2,1,"Adobe Creative Cloud, Brand Storytelling",Adobe Creative Cloud,Learn Adobe Creative Cloud: Mastering Adobe Creative Cloud
810,Pari Joshi 710,HR,HR Executive,38,112338,0.005,LOW,97.8,3,"Excel, HR Operations",Excel,Learn Excel: Mastering Excel
811,Rita Walker 711,Sales,Sales Executive,27,108432,0.0203,LOW,71.3,4,"Lead Generation, LinkedIn Sales Navigator, Pipeline Management",Lead Generation,Learn Lead Generation: Mastering Lead Generation
812,Jasmine Gonzalez 712,Marketing,SEO Analyst,49,63133,0.0,LOW,72.3,3,"Screaming Frog, Traffic Analysis",Screaming Frog,Learn Screaming Frog: Mastering Screaming Frog
813,David Williams 713,IT,Developer,51,114062,0.0005,LOW,68.8,3,"Database Design, Full-Stack Development, Git Version Control, React",Database Design,Learn Database Design: Mastering Database Design
814,Peter Mckee 714,Sales,Business Development,45,177350,0.0,LOW,66.7,3,"Deal Closing, Partnership Management",Deal Closing,Learn Deal Closing: Mastering Deal Closing
815,Steven Barnett 715,Sales,Business Development,58,146546,0.0268,LOW,59.9,3,"Market Expansion, ZoomInfo",Market Expansion,Learn Market Expansion: Mastering Market Expansion
816,David Williams 716,Sales,Account Manager,34,86458,0.0,LOW,73.0,3,"Account Growth, Salesforce",Account Growth,Learn Account Growth: Mastering Account Growth
817,Aditi Sen 717,Finance,Accountant,28,90415,0.0656,LOW,76.3,1,"Excel, QuickBooks",Excel,Learn Excel: Mastering Excel
818,Aditya Kumar 718,IT,Developer,47,89160,0.0004,LOW,76.9,2,"Full-Stack Development, Git Version Control, JavaScript / TypeScript, Node.js",Full-Stack Development,Learn Full-Stack Development: Mastering Full-Stack Development
819,Aarav Sharma 719,IT,Tester,22,89399,0.0,LOW,72.8,3,"Manual Testing, Selenium, Test Automation",Manual Testing,Learn Manual Testing: Mastering Manual Testing
820,Vihaan Verma 720,IT,Software Engineer,37,60298,0.8475,HIGH,83.1,3,"Kubernetes, Python, REST APIs",Kubernetes,Learn Kubernetes: Mastering Kubernetes
821,Rita Walker 721,HR,Recruitment Specialist,57,124407,0.0,LOW,72.4,4,"Candidate Sourcing, LinkedIn Recruiter",Candidate Sourcing,Learn Candidate Sourcing: Mastering Candidate Sourcing
822,David Williams 722,IT,Cybersecurity Specialist,34,97513,0.0019,LOW,67.1,3,"Threat Modeling, Wireshark",Threat Modeling,Learn Threat Modeling: Mastering Threat Modeling
823,Erin Massey 723,Finance,Auditor,45,86097,0.0003,LOW,60.9,3,"ACL Analytics, Financial Controls",ACL Analytics,Learn ACL Analytics: Mastering ACL Analytics
824,Peggy Mann 724,IT,Developer,50,180476,0.0,LOW,53.4,4,"API Integration, Full-Stack Development, Git Version Control",API Integration,Learn API Integration: Mastering API Integration
825,Vihaan Verma 725,IT,Developer,49,70198,0.0,LOW,89.5,1,"Database Design, Node.js, React",Database Design,Learn Database Design: Mastering Database Design
826,Peggy Mann 726,IT,Data Analyst,40,84997,0.9939,HIGH,63.6,2,"Business Reporting, Excel, Exploratory Data Analysis",Business Reporting,Learn Business Reporting: Mastering Business Reporting
827,Sara Snyder 727,Sales,Sales Executive,41,166639,0.0,LOW,60.9,3,"B2B Sales, Pipeline Management, Salesforce",B2B Sales,Learn B2B Sales: Mastering B2B Sales
828,Ashley Marsh 728,Sales,Account Manager,42,37179,0.0226,LOW,67.0,2,"Account Growth, Client Relationship Management, Salesforce",Account Growth,Learn Account Growth: Mastering Account Growth
829,Norman Lane 729,Marketing,SEO Specialist,55,37019,0.0001,LOW,68.7,3,"Google Analytics, Search Engine Optimization",Google Analytics,Learn Google Analytics: Mastering Google Analytics
830,Judith Ware 730,Finance,Accountant,57,116455,0.0,LOW,91.7,5,Excel,Excel,Learn Excel: Mastering Excel
831,Reyansh Reddy 731,HR,HR Manager,36,184776,0.0,LOW,68.1,4,"Performance Management, Workday",Performance Management,Learn Performance Management: Mastering Performance Management
832,Aarav Sharma 732,Sales,Business Development,37,184102,0.0,LOW,100.0,3,"Market Expansion, Salesforce",Market Expansion,Learn Market Expansion: Mastering Market Expansion
833,Nicole Roberts 733,Marketing,Marketing Executive,36,161883,0.0,LOW,72.8,4,"Google Ads, Market Research",Google Ads,Learn Google Ads: Mastering Google Ads
834,Reyansh Reddy 734,IT,Engineer,22,104445,0.0006,LOW,96.7,2,"AWS, Cloud Infrastructure, Linux",AWS,Learn AWS: AWS Certified Solutions Architect & Cloud Engineering
835,Judith Ware 735,Sales,Sales Executive,24,108551,0.0,LOW,82.7,3,"Client Relationship Management, Lead Generation",Client Relationship Management,Learn Client Relationship Management: Mastering Client Relationship Management
836,Avani Bhat 736,IT,Cybersecurity Specialist,41,38420,0.0,LOW,76.3,3,"Incident Response, Threat Modeling",Incident Response,Learn Incident Response: Mastering Incident Response
837,Shannon Clark 737,Sales,Account Manager,59,94875,0.0918,LOW,90.9,3,"Contract Renewal, Gainsight",Contract Renewal,Learn Contract Renewal: Mastering Contract Renewal
838,Manish Badami 738,IT,Engineer,54,51740,0.002,LOW,85.5,1,"AWS, Linux",AWS,Learn AWS: AWS Certified Solutions Architect & Cloud Engineering
839,Norman Lane 739,IT,Developer,50,100263,0.012,LOW,79.6,4,"API Integration, React",API Integration,Learn API Integration: Mastering API Integration
840,Vihaan Verma 740,Sales,Account Manager,26,140789,0.0,LOW,99.8,4,"Account Growth, Gainsight",Account Growth,Learn Account Growth: Mastering Account Growth
841,Jeffery Lopez 741,Support,Helpdesk,37,54465,0.9969,HIGH,66.0,3,"Customer Support, Troubleshooting",Customer Support,Learn Customer Support: Mastering Customer Support
842,Aditi Sen 742,Sales,Sales Executive,59,39131,0.0,LOW,60.1,2,"B2B Sales, Lead Generation, LinkedIn Sales Navigator, Negotiation",B2B Sales,Learn B2B Sales: Mastering B2B Sales
843,Christopher Benson 743,Sales,Business Development,45,45652,0.0462,LOW,63.9,3,"Deal Closing, Salesforce",Deal Closing,Learn Deal Closing: Mastering Deal Closing
844,Arjun Rao 744,Finance,Financial Analyst,25,82671,0.0307,LOW,93.0,4,"Excel, SQL",Excel,Learn Excel: Mastering Excel
845,Manish Badami 745,Sales,Account Manager,25,124342,0.0,LOW,89.4,3,"Account Growth, Cross-selling",Account Growth,Learn Account Growth: Mastering Account Growth
846,Joel Fuller 746,Finance,Auditor,40,54171,0.0225,LOW,65.7,3,"ACL Analytics, Internal Audit",ACL Analytics,Learn ACL Analytics: Mastering ACL Analytics
847,Ananya Singh 747,Sales,Business Development,36,93541,0.0,LOW,43.7,4,"Market Expansion, Salesforce",Market Expansion,Learn Market Expansion: Mastering Market Expansion
848,Sara Snyder 748,Support,Support Engineer,57,44470,0.7753,HIGH,69.5,3,"Root Cause Analysis, Technical Troubleshooting",Root Cause Analysis,Learn Root Cause Analysis: Mastering Root Cause Analysis
849,Ayaan Saxena 749,Sales,Sales Executive,29,79308,0.7661,HIGH,59.8,3,"Client Relationship Management, Negotiation, Salesforce",Client Relationship Management,Learn Client Relationship Management: Mastering Client Relationship Management
850,Aditi Sen 750,Marketing,Marketing Executive,25,170669,0.0009,LOW,66.1,3,"Campaign Management, Mailchimp",Campaign Management,Learn Campaign Management: Mastering Campaign Management
851,Megan Williams 751,HR,HR Executive,22,137840,0.0,LOW,59.3,3,"Excel, Payroll Coordination",Excel,Learn Excel: Mastering Excel
852,Arjun Rao 752,Finance,Accountant,29,84477,0.0087,LOW,52.7,3,"General Ledger, Tax Compliance",General Ledger,Learn General Ledger: Mastering General Ledger
853,Riya Mishra 753,Support,Helpdesk,56,143261,0.0002,LOW,94.6,3,"Troubleshooting, Zendesk",Troubleshooting,Learn Troubleshooting: Mastering Troubleshooting
854,Diya Patel 754,IT,Tester,42,137466,0.0,LOW,63.8,3,"Jira, Selenium",Jira,Learn Jira: Mastering Jira
855,Peggy Mann 755,Sales,Sales Executive,42,68071,0.0,LOW,89.0,3,"Lead Generation, LinkedIn Sales Navigator, Pipeline Management",Lead Generation,Learn Lead Generation: Mastering Lead Generation
856,Meera Das 756,Sales,Sales Executive,42,105560,0.0005,LOW,69.3,2,"B2B Sales, Client Relationship Management, LinkedIn Sales Navigator, Negotiation",B2B Sales,Learn B2B Sales: Mastering B2B Sales
857,Peter Mckee 757,HR,Employee Relations,54,111762,0.0,LOW,58.4,3,"Conflict Resolution, Workplace Policy",Conflict Resolution,Learn Conflict Resolution: Workplace Conflict Resolution & Empathy-Driven Leadership
858,Clinton Scott 758,HR,Employee Relations,49,178641,0.0,LOW,78.1,3,"Excel, Workplace Policy",Excel,Learn Excel: Mastering Excel
859,Erin Massey 759,IT,Data Analyst,58,37369,0.8393,HIGH,67.3,4,"Data Cleaning, PowerBI, SQL",Data Cleaning,Learn Data Cleaning: Mastering Data Cleaning
860,Ashley Marsh 760,Sales,Sales Executive,53,144963,0.2519,LOW,69.5,3,"Client Relationship Management, HubSpot",Client Relationship Management,Learn Client Relationship Management: Mastering Client Relationship Management
861,Navya Chopra 761,Sales,Business Development,38,35528,1.0,HIGH,73.7,3,"Market Expansion, ZoomInfo",Market Expansion,Learn Market Expansion: Mastering Market Expansion
862,Taylor Morris 762,IT,Developer,27,143806,0.0,LOW,62.3,3,"Full-Stack Development, Node.js",Full-Stack Development,Learn Full-Stack Development: Mastering Full-Stack Development
863,Joel Fuller 763,Finance,Financial Analyst,21,137979,0.0,LOW,52.5,3,"Budgeting & Forecasting, Tableau",Budgeting & Forecasting,Learn Budgeting & Forecasting: Mastering Budgeting & Forecasting
864,Megan Williams 764,Finance,Accountant,53,184119,0.0,LOW,71.4,3,"Excel, General Ledger",Excel,Learn Excel: Mastering Excel
865,Connie Bailey 765,Marketing,SEO Analyst,21,54748,0.0,LOW,83.6,4,"Competitor Analysis, Traffic Analysis",Competitor Analysis,Learn Competitor Analysis: Mastering Competitor Analysis
866,Reyansh Reddy 766,HR,HR Executive,44,70109,0.0001,LOW,61.2,3,"Excel, HR Operations",Excel,Learn Excel: Mastering Excel
867,Kavya Menon 767,IT,Tester,24,48919,0.8384,HIGH,73.8,4,"Bug Tracking, Manual Testing",Bug Tracking,Learn Bug Tracking: Mastering Bug Tracking
868,Norman Lane 768,Sales,Sales Executive,24,82498,0.0,LOW,90.1,2,"B2B Sales, Client Relationship Management, HubSpot",B2B Sales,Learn B2B Sales: Mastering B2B Sales
869,Ashley Marsh 769,HR,Employee Relations,38,90808,0.9991,HIGH,70.9,1,"Employee Wellbeing, Workplace Policy",Employee Wellbeing,Learn Employee Wellbeing: Mastering Employee Wellbeing
870,Sara Snyder 770,IT,Tester,47,105441,0.7151,HIGH,73.0,4,"PyTest, Test Automation",PyTest,Learn PyTest: Mastering PyTest
871,Meera Das 771,Sales,Business Development,52,148843,0.0014,LOW,72.7,3,"Market Expansion, Partnership Management",Market Expansion,Learn Market Expansion: Mastering Market Expansion
872,Anna Dominguez 772,HR,HR Manager,53,109420,0.0003,LOW,63.8,3,"Excel, HR Compliance",Excel,Learn Excel: Mastering Excel
873,Aditya Kumar 773,IT,Engineer,48,142447,0.0,LOW,60.1,3,Linux,Linux,Learn Linux: Mastering Linux
874,Anna Dominguez 774,Support,Helpdesk,56,101896,0.0048,LOW,60.1,2,"Customer Support, Jira Service Desk",Customer Support,Learn Customer Support: Mastering Customer Support
875,Cody Bright 775,Sales,Account Manager,26,138431,0.0,LOW,76.4,3,"Gainsight, Salesforce, Zendesk",Gainsight,Learn Gainsight: Mastering Gainsight
876,Cody Bright 776,HR,HR Executive,36,82020,0.0137,LOW,81.1,4,"HR Operations, Onboarding",HR Operations,Learn HR Operations: Mastering HR Operations
877,Norman Lane 777,IT,Tester,54,57161,0.998,HIGH,81.7,2,"PyTest, Test Automation",PyTest,Learn PyTest: Mastering PyTest
878,Megan Williams 778,IT,Cybersecurity Specialist,43,62738,0.0,LOW,67.5,4,"Incident Response, Wireshark",Incident Response,Learn Incident Response: Mastering Incident Response
879,Reyansh Reddy 779,Finance,Auditor,44,169997,0.0,LOW,85.1,3,"ACL Analytics, Internal Audit",ACL Analytics,Learn ACL Analytics: Mastering ACL Analytics
880,Saanvi Iyer 780,Marketing,Content Strategist,33,174535,0.0,LOW,75.7,3,"Canva, Content Strategy, Notion",Canva,Learn Canva: Mastering Canva
881,Aditya Kumar 781,IT,Software Engineer,38,92153,0.0,LOW,72.8,2,"Code Quality & Testing, Docker, Git",Code Quality & Testing,Learn Code Quality & Testing: Mastering Code Quality & Testing
882,Jasmine Gonzalez 782,Sales,Sales Executive,33,96009,0.0,LOW,31.9,3,"Lead Generation, LinkedIn Sales Navigator, Salesforce",Lead Generation,Learn Lead Generation: Mastering Lead Generation
883,Vivaan Gupta 783,HR,Recruitment Specialist,57,122938,0.0,LOW,62.2,2,"Salary Benchmarking, Screening & Interviewing",Salary Benchmarking,Learn Salary Benchmarking: Mastering Salary Benchmarking
884,Sara Khan 784,IT,Tester,59,134546,0.0002,LOW,53.7,1,"Bug Tracking, PyTest, Selenium",Bug Tracking,Learn Bug Tracking: Mastering Bug Tracking
885,Cody Bright 785,Sales,Sales Executive,37,91271,0.0,LOW,79.5,5,"Negotiation, Pipeline Management",Negotiation,Learn Negotiation: Strategic Negotiation & High-Value B2B Closing
886,Vihaan Verma 786,HR,Employee Relations,35,44797,0.0003,LOW,73.1,3,"Excel, ServiceNow HR",Excel,Learn Excel: Mastering Excel
887,Devansh Banerjee 787,Marketing,SEO Specialist,38,121130,0.0,LOW,59.1,3,"SEMrush, Search Engine Optimization",SEMrush,Learn SEMrush: Mastering SEMrush
888,Peter Mckee 788,IT,Software Engineer,43,106942,0.0002,LOW,75.7,2,"Docker, Kubernetes, REST APIs",Docker,Learn Docker: Docker & Kubernetes for Cloud Native DevOps
889,Ishaan Malhotra 789,Marketing,SEO Specialist,50,153065,0.0,LOW,54.9,4,"Ahrefs, Search Engine Optimization",Ahrefs,Learn Ahrefs: Mastering Ahrefs
890,Anna Dominguez 790,Finance,Auditor,54,48965,0.0035,LOW,59.5,3,"Financial Controls, Internal Audit, Risk Assessment",Financial Controls,Learn Financial Controls: Mastering Financial Controls
891,Erin Massey 791,IT,Developer,24,48733,0.8968,HIGH,63.5,4,"API Integration, Full-Stack Development",API Integration,Learn API Integration: Mastering API Integration
892,Rita Walker 792,Support,Support Engineer,23,162182,0.0,LOW,78.5,1,"Postman, SLA Management",Postman,Learn Postman: Mastering Postman
893,Jasmine Gonzalez 793,HR,HR Executive,27,118360,0.0074,LOW,88.8,3,"Excel, Payroll Coordination",Excel,Learn Excel: Mastering Excel
894,Joel Fuller 794,Finance,Auditor,38,143378,0.0,LOW,65.0,5,Internal Audit,Internal Audit,Learn Internal Audit: Mastering Internal Audit
895,Myra Nair 795,Sales,Sales Executive,27,63287,0.0007,LOW,87.9,3,"Lead Generation, LinkedIn Sales Navigator, Salesforce",Lead Generation,Learn Lead Generation: Mastering Lead Generation
896,Arjun Rao 796,Support,Helpdesk,26,117104,0.0,LOW,72.6,4,Troubleshooting,Troubleshooting,Learn Troubleshooting: Mastering Troubleshooting
897,Aditya Kumar 797,Finance,Auditor,42,121916,0.0,LOW,74.8,3,"Excel, Financial Controls",Excel,Learn Excel: Mastering Excel
898,Rohan Pillai 798,HR,HR Manager,21,38188,0.8634,HIGH,71.2,3,"Excel, HR Compliance",Excel,Learn Excel: Mastering Excel
899,Meera Das 799,Sales,Sales Executive,24,126205,0.0,LOW,69.6,4,"Lead Generation, Negotiation",Lead Generation,Learn Lead Generation: Mastering Lead Generation
900,Kabir Mehta 800,Finance,Auditor,49,132349,0.0,LOW,77.3,3,"ACL Analytics, Internal Audit",ACL Analytics,Learn ACL Analytics: Mastering ACL Analytics
901,Avani Bhat 801,HR,Employee Relations,41,172837,0.0,LOW,80.9,3,"Conflict Resolution, ServiceNow HR",Conflict Resolution,Learn Conflict Resolution: Workplace Conflict Resolution & Empathy-Driven Leadership
902,Riya Mishra 802,IT,Engineer,46,176879,0.0,LOW,61.4,3,"Cloud Infrastructure, Terraform",Cloud Infrastructure,Learn Cloud Infrastructure: Mastering Cloud Infrastructure
903,Meera Das 803,IT,Engineer,34,45204,0.3982,LOW,69.7,2,DevOps,DevOps,Learn DevOps: Mastering DevOps
904,Clinton Scott 804,Marketing,Content Lead,29,77120,0.0,LOW,92.0,3,"Creative Direction, Figma",Creative Direction,Learn Creative Direction: Mastering Creative Direction
905,Vivaan Gupta 805,HR,HR Executive,32,137903,0.0,LOW,74.1,3,"Payroll Coordination, Workday",Payroll Coordination,Learn Payroll Coordination: Mastering Payroll Coordination
906,Cody Bright 806,IT,Engineer,26,72081,0.0001,LOW,75.4,4,"Cloud Infrastructure, DevOps",Cloud Infrastructure,Learn Cloud Infrastructure: Mastering Cloud Infrastructure
907,Steven Barnett 807,Sales,Account Manager,40,69986,0.9946,HIGH,86.0,3,"Account Growth, Cross-selling, Zendesk",Account Growth,Learn Account Growth: Mastering Account Growth
908,Connie Bailey 808,IT,Developer,44,114322,0.3132,LOW,66.0,3,"API Integration, JavaScript / TypeScript",API Integration,Learn API Integration: Mastering API Integration
909,Brenda Bauer 809,Sales,Business Development,47,129819,0.0,LOW,71.6,4,Salesforce,Salesforce,Learn Salesforce: Mastering Salesforce
910,Anna Dominguez 810,HR,HR Manager,58,165015,0.0,LOW,81.8,3,"BambooHR, Employee Retention, Workday",BambooHR,Learn BambooHR: Mastering BambooHR
911,Kabir Mehta 811,Marketing,SEO Analyst,28,85304,0.0881,LOW,86.9,4,Competitor Analysis,Competitor Analysis,Learn Competitor Analysis: Mastering Competitor Analysis
912,Shannon Clark 812,IT,Tester,21,100592,0.0,LOW,43.6,5,"Jira, Manual Testing",Jira,Learn Jira: Mastering Jira
913,Ashley Marsh 813,IT,Cybersecurity Specialist,44,93548,0.0902,LOW,63.2,1,"Network Security, Splunk, Vulnerability Assessment, Wireshark",Network Security,Learn Network Security: Mastering Network Security
914,Devansh Banerjee 814,Finance,Financial Analyst,27,133447,0.0196,LOW,60.0,2,"Financial Modeling, Tableau, Variance Analysis",Financial Modeling,"Learn Financial Modeling: Financial Modeling, Valuation & Risk Management"
915,Troy Ford 815,Sales,Account Manager,39,74986,0.0001,LOW,70.5,2,"Contract Renewal, Cross-selling, Gainsight",Contract Renewal,Learn Contract Renewal: Mastering Contract Renewal
916,Joel Fuller 816,Sales,Business Development,42,109095,0.0219,LOW,60.9,4,"Market Expansion, Partnership Management",Market Expansion,Learn Market Expansion: Mastering Market Expansion
917,Brenda Bauer 817,Sales,Sales Executive,55,126594,0.0,LOW,80.0,2,"Client Relationship Management, Negotiation, Pipeline Management, Salesforce",Client Relationship Management,Learn Client Relationship Management: Mastering Client Relationship Management
918,Aditya Kumar 818,IT,Data Analyst,50,123281,0.5281,MEDIUM,74.1,3,"Exploratory Data Analysis, SQL",Exploratory Data Analysis,Learn Exploratory Data Analysis: Mastering Exploratory Data Analysis
919,Reyansh Reddy 819,Sales,Business Development,49,101151,0.0,LOW,82.7,3,"Deal Closing, ZoomInfo",Deal Closing,Learn Deal Closing: Mastering Deal Closing
920,Saanvi Iyer 820,Sales,Account Manager,42,108598,0.0,LOW,83.4,4,"Contract Renewal, Salesforce",Contract Renewal,Learn Contract Renewal: Mastering Contract Renewal
921,Arjun Rao 821,Sales,Sales Executive,31,63214,0.9988,HIGH,80.1,4,"Pipeline Management, Salesforce",Pipeline Management,Learn Pipeline Management: Mastering Pipeline Management
922,Meera Das 822,Finance,Accountant,40,73745,0.0034,LOW,68.0,5,Financial Accounting,Financial Accounting,Learn Financial Accounting: Mastering Financial Accounting
923,Jeffery Lopez 823,Marketing,SEO Analyst,49,176753,0.0,LOW,73.3,3,"Screaming Frog, Traffic Analysis",Screaming Frog,Learn Screaming Frog: Mastering Screaming Frog
924,Devansh Banerjee 824,Finance,Accountant,54,173056,0.0,LOW,66.5,3,"Excel, QuickBooks, SAP Financials",Excel,Learn Excel: Mastering Excel
925,Norman Lane 825,IT,Data Analyst,21,125810,0.0,LOW,55.6,1,"Excel, Exploratory Data Analysis, SQL, Statistical Analysis",Excel,Learn Excel: Mastering Excel
926,Judith Ware 826,Finance,Auditor,51,35944,0.9948,HIGH,83.4,3,"Financial Controls, SAP",Financial Controls,Learn Financial Controls: Mastering Financial Controls
927,Rohan Pillai 827,Marketing,SEO Specialist,50,128993,0.0003,LOW,71.0,3,"Ahrefs, Technical SEO",Ahrefs,Learn Ahrefs: Mastering Ahrefs
928,Shannon Clark 828,IT,Cybersecurity Specialist,38,44114,0.0,LOW,54.0,5,"Incident Response, SIEM Tools",Incident Response,Learn Incident Response: Mastering Incident Response
929,Ashley Marsh 829,IT,Data Analyst,37,74846,0.7467,HIGH,78.4,4,"Python, Statistical Analysis",Python,Learn Python: Advanced Python Architecture & Performance Optimization
930,Steven Barnett 830,Marketing,SEO Analyst,58,67596,0.0,LOW,69.3,2,"Google Search Console, Traffic Analysis",Google Search Console,Learn Google Search Console: Mastering Google Search Console
931,Devansh Banerjee 831,Finance,Financial Analyst,34,139087,0.0,LOW,47.3,4,"Budgeting & Forecasting, Variance Analysis",Budgeting & Forecasting,Learn Budgeting & Forecasting: Mastering Budgeting & Forecasting
932,Ananya Singh 832,IT,Engineer,43,41907,0.186,LOW,55.5,2,"AWS, Cloud Infrastructure, DevOps",AWS,Learn AWS: AWS Certified Solutions Architect & Cloud Engineering
933,David Williams 833,IT,Cybersecurity Specialist,45,60009,0.0312,LOW,63.6,2,"Incident Response, Network Security, Threat Modeling, Wireshark",Incident Response,Learn Incident Response: Mastering Incident Response
934,Navya Chopra 834,Sales,Sales Executive,35,119846,0.0,LOW,74.5,4,"Client Relationship Management, LinkedIn Sales Navigator, Salesforce",Client Relationship Management,Learn Client Relationship Management: Mastering Client Relationship Management
935,Rohan Pillai 835,IT,Cybersecurity Specialist,42,85241,0.0002,LOW,81.5,5,"Incident Response, Wireshark",Incident Response,Learn Incident Response: Mastering Incident Response
936,Jeffery Lopez 836,Finance,Financial Analyst,23,53996,0.7725,HIGH,81.0,2,"Budgeting & Forecasting, Financial Modeling, SQL",Budgeting & Forecasting,Learn Budgeting & Forecasting: Mastering Budgeting & Forecasting
937,Steven Barnett 837,Finance,Auditor,39,172119,0.0,LOW,79.2,4,"Excel, Financial Controls",Excel,Learn Excel: Mastering Excel
938,Devansh Banerjee 838,Sales,Account Manager,54,63767,0.012,LOW,71.6,4,"Client Relationship Management, Contract Renewal",Client Relationship Management,Learn Client Relationship Management: Mastering Client Relationship Management
939,Kavya Menon 839,Support,Helpdesk,55,51347,0.0,LOW,92.7,2,"Jira Service Desk, Zendesk",Jira Service Desk,Learn Jira Service Desk: Mastering Jira Service Desk
940,Ishaan Malhotra 840,IT,Tester,21,137063,0.0,LOW,80.4,3,"Bug Tracking, Test Automation",Bug Tracking,Learn Bug Tracking: Mastering Bug Tracking
941,Connie Bailey 841,IT,Tester,41,59102,0.0104,LOW,74.7,3,"Bug Tracking, Postman",Bug Tracking,Learn Bug Tracking: Mastering Bug Tracking
942,Peter Mckee 842,Sales,Sales Executive,49,39263,0.0006,LOW,78.8,4,"HubSpot, Lead Generation",HubSpot,Learn HubSpot: Mastering HubSpot
943,Ashley Marsh 843,IT,Software Engineer,26,143585,0.0031,LOW,67.2,3,"Code Quality & Testing, Git, System Design",Code Quality & Testing,Learn Code Quality & Testing: Mastering Code Quality & Testing
944,Joel Fuller 844,HR,Recruitment Specialist,57,102438,0.0,LOW,71.3,2,"Candidate Sourcing, Lever, LinkedIn Recruiter",Candidate Sourcing,Learn Candidate Sourcing: Mastering Candidate Sourcing
945,Judith Ware 845,Sales,Business Development,21,131359,0.0,LOW,47.0,3,"Market Expansion, Partnership Management",Market Expansion,Learn Market Expansion: Mastering Market Expansion
946,Diya Patel 846,IT,Data Analyst,21,165251,0.0002,LOW,67.4,3,"Data Cleaning, SQL, Statistical Analysis",Data Cleaning,Learn Data Cleaning: Mastering Data Cleaning
947,Christopher Benson 847,IT,Cybersecurity Specialist,47,62690,0.7639,HIGH,93.1,3,"Nmap, SIEM Tools, Splunk",Nmap,Learn Nmap: Mastering Nmap
948,Troy Ford 848,Sales,Sales Executive,41,37994,0.9992,HIGH,73.8,2,"B2B Sales, Client Relationship Management, HubSpot, Lead Generation",B2B Sales,Learn B2B Sales: Mastering B2B Sales
949,Vivaan Gupta 849,Finance,Accountant,36,138533,0.0,LOW,73.3,4,"Financial Accounting, General Ledger, SAP Financials",Financial Accounting,Learn Financial Accounting: Mastering Financial Accounting
950,Peggy Mann 850,Sales,Business Development,46,102546,0.0,LOW,84.0,3,"Market Expansion, Salesforce",Market Expansion,Learn Market Expansion: Mastering Market Expansion
951,Meera Das 851,Sales,Business Development,36,173449,0.0,LOW,76.3,4,ZoomInfo,ZoomInfo,Learn ZoomInfo: Mastering ZoomInfo
952,Myra Nair 852,IT,Developer,48,113572,0.0178,LOW,62.6,4,"Git Version Control, Node.js",Git Version Control,Learn Git Version Control: Mastering Git Version Control
953,Steven Barnett 853,IT,Data Analyst,21,61467,0.0061,LOW,72.3,4,"Data Cleaning, Excel",Data Cleaning,Learn Data Cleaning: Mastering Data Cleaning
954,Erin Massey 854,Finance,Accountant,56,166120,0.0003,LOW,58.4,5,"QuickBooks, SAP Financials",QuickBooks,Learn QuickBooks: Mastering QuickBooks
955,Meera Das 855,IT,Engineer,30,82606,0.0001,LOW,74.2,5,"Backend Architecture, Linux",Backend Architecture,Learn Backend Architecture: Mastering Backend Architecture
956,Nicole Roberts 856,Marketing,SEO Specialist,37,133112,0.0,LOW,61.9,3,"Google Analytics, Keyword Research",Google Analytics,Learn Google Analytics: Mastering Google Analytics
957,Sara Khan 857,Sales,Sales Executive,43,108414,0.0,LOW,83.1,3,"B2B Sales, LinkedIn Sales Navigator",B2B Sales,Learn B2B Sales: Mastering B2B Sales
958,Ananya Singh 858,HR,Recruitment Specialist,27,128145,0.0,LOW,65.9,3,"LinkedIn Recruiter, Screening & Interviewing",LinkedIn Recruiter,Learn LinkedIn Recruiter: Mastering LinkedIn Recruiter
959,Kabir Mehta 859,HR,HR Manager,27,83115,0.0,LOW,62.1,3,"BambooHR, Performance Management, Workday",BambooHR,Learn BambooHR: Mastering BambooHR
960,Pari Joshi 860,Finance,Financial Analyst,35,124606,0.7214,HIGH,70.6,1,"Excel, SQL, Variance Analysis",Excel,Learn Excel: Mastering Excel
961,Diya Patel 861,Marketing,Content Lead,54,75647,0.0,LOW,76.4,3,"Adobe Creative Cloud, Brand Storytelling",Adobe Creative Cloud,Learn Adobe Creative Cloud: Mastering Adobe Creative Cloud
962,Rohan Pillai 862,IT,Data Analyst,24,89607,0.0109,LOW,57.5,2,"Data Cleaning, Excel, PowerBI, Python",Data Cleaning,Learn Data Cleaning: Mastering Data Cleaning
963,Kavya Menon 863,IT,Developer,34,56996,0.0145,LOW,65.7,3,"API Integration, Full-Stack Development, Node.js",API Integration,Learn API Integration: Mastering API Integration
964,Peggy Mann 864,Sales,Sales Executive,34,118697,0.0029,LOW,73.3,2,"Lead Generation, LinkedIn Sales Navigator, Pipeline Management",Lead Generation,Learn Lead Generation: Mastering Lead Generation
965,David Williams 865,Marketing,Marketing Executive,36,81022,0.0,LOW,88.1,4,"Campaign Management, Social Media Marketing",Campaign Management,Learn Campaign Management: Mastering Campaign Management
966,Rita Walker 866,HR,Recruitment Specialist,27,75148,0.0032,LOW,41.7,3,"Greenhouse, Salary Benchmarking",Greenhouse,Learn Greenhouse: Mastering Greenhouse
967,Sara Snyder 867,IT,Cybersecurity Specialist,52,102764,0.4304,LOW,79.4,2,"SIEM Tools, Splunk, Threat Modeling, Wireshark",SIEM Tools,Learn SIEM Tools: Mastering SIEM Tools
968,Diya Patel 868,Sales,Sales Executive,39,126901,0.0,LOW,67.4,3,"B2B Sales, Lead Generation, Pipeline Management",B2B Sales,Learn B2B Sales: Mastering B2B Sales
969,David Williams 869,IT,Tester,22,125724,0.0,LOW,66.1,2,"PyTest, Selenium",PyTest,Learn PyTest: Mastering PyTest
970,Rohan Pillai 870,HR,Employee Relations,30,159766,0.0,LOW,63.8,4,"Conflict Resolution, ServiceNow HR",Conflict Resolution,Learn Conflict Resolution: Workplace Conflict Resolution & Empathy-Driven Leadership
971,Nicole Roberts 871,Support,Support Engineer,37,43888,0.007,LOW,67.6,3,"Jira, SLA Management",Jira,Learn Jira: Mastering Jira
972,Vihaan Verma 872,HR,HR Executive,57,133941,0.0,LOW,79.4,3,"Excel, HR Operations",Excel,Learn Excel: Mastering Excel
973,Rita Walker 873,Support,Support Engineer,32,52333,0.0,LOW,65.6,4,"Root Cause Analysis, Splunk, Technical Troubleshooting",Root Cause Analysis,Learn Root Cause Analysis: Mastering Root Cause Analysis
974,Pari Joshi 874,Support,Helpdesk,26,71355,0.0023,LOW,91.9,3,"Customer Support, Ticket Resolution",Customer Support,Learn Customer Support: Mastering Customer Support
975,Pari Joshi 875,IT,Engineer,42,164686,0.0,LOW,79.5,4,"DevOps, Linux",DevOps,Learn DevOps: Mastering DevOps
976,Reyansh Reddy 876,IT,Data Analyst,52,138170,0.0,LOW,74.4,3,"Excel, PowerBI",Excel,Learn Excel: Mastering Excel
977,Aditi Sen 877,IT,Tester,40,110675,0.0024,LOW,70.0,3,"Manual Testing, Test Automation",Manual Testing,Learn Manual Testing: Mastering Manual Testing
978,Aditya Kumar 878,IT,Developer,21,102664,0.0002,LOW,86.3,3,"Full-Stack Development, Git Version Control, React",Full-Stack Development,Learn Full-Stack Development: Mastering Full-Stack Development
979,Sara Khan 879,Sales,Business Development,26,121153,0.0,LOW,88.0,2,"Deal Closing, Partnership Management",Deal Closing,Learn Deal Closing: Mastering Deal Closing
980,Judith Ware 880,Sales,Sales Executive,39,128616,0.0057,LOW,58.1,2,"B2B Sales, HubSpot, LinkedIn Sales Navigator",B2B Sales,Learn B2B Sales: Mastering B2B Sales
981,Shannon Clark 881,Sales,Sales Executive,38,70285,0.0007,LOW,63.6,3,"HubSpot, LinkedIn Sales Navigator",HubSpot,Learn HubSpot: Mastering HubSpot
982,Clinton Scott 882,IT,Cybersecurity Specialist,26,183605,0.002,LOW,79.6,4,"Network Security, Nmap, Wireshark",Network Security,Learn Network Security: Mastering Network Security
983,Jasmine Gonzalez 883,Support,Helpdesk,53,81996,0.0006,LOW,83.2,3,"Ticket Resolution, Zendesk",Ticket Resolution,Learn Ticket Resolution: Mastering Ticket Resolution
984,Kabir Mehta 884,HR,Recruitment Specialist,43,81947,0.2506,LOW,68.4,2,"Candidate Sourcing, Greenhouse, Lever",Candidate Sourcing,Learn Candidate Sourcing: Mastering Candidate Sourcing
985,Shannon Clark 885,Support,Helpdesk,43,86030,0.0328,LOW,63.1,3,"Jira Service Desk, Troubleshooting",Jira Service Desk,Learn Jira Service Desk: Mastering Jira Service Desk
986,Saanvi Iyer 886,HR,HR Executive,46,77443,0.0,LOW,72.9,4,"Excel, Payroll Coordination",Excel,Learn Excel: Mastering Excel
987,Kavya Menon 887,Sales,Account Manager,33,163344,0.0,LOW,89.7,2,"Account Growth, Cross-selling",Account Growth,Learn Account Growth: Mastering Account Growth
988,Arjun Rao 888,Marketing,SEO Specialist,27,100464,0.0011,LOW,72.5,3,"Google Analytics, Technical SEO",Google Analytics,Learn Google Analytics: Mastering Google Analytics
989,Cody Bright 889,Sales,Sales Executive,35,163019,0.0001,LOW,56.8,3,"HubSpot, Lead Generation",HubSpot,Learn HubSpot: Mastering HubSpot
990,Clinton Scott 890,HR,HR Manager,47,170024,0.0,LOW,73.3,3,"HR Compliance, Talent Acquisition",HR Compliance,Learn HR Compliance: Mastering HR Compliance
991,Ayaan Saxena 891,HR,Recruitment Specialist,46,155454,0.0002,LOW,81.4,3,"Lever, Salary Benchmarking, Screening & Interviewing",Lever,Learn Lever: Mastering Lever
992,Vihaan Verma 892,HR,HR Manager,53,159444,0.0,LOW,70.8,4,"BambooHR, Excel, Talent Acquisition",BambooHR,Learn BambooHR: Mastering BambooHR
993,Ayaan Saxena 893,HR,HR Manager,35,147175,0.0,LOW,87.1,3,"Employee Retention, Excel, Workday",Employee Retention,Learn Employee Retention: Strategic HR Leadership & Talent Retention Strategies
994,Anna Dominguez 894,Sales,Account Manager,56,77460,0.3572,LOW,82.4,3,"Client Relationship Management, Gainsight",Client Relationship Management,Learn Client Relationship Management: Mastering Client Relationship Management
995,Ayaan Saxena 895,Support,Support Engineer,47,35015,0.8438,HIGH,71.3,3,"SLA Management, Technical Troubleshooting",SLA Management,Learn SLA Management: Mastering SLA Management
996,Brenda Bauer 896,IT,Software Engineer,25,84757,0.0039,LOW,72.5,3,"Code Quality & Testing, Docker, Kubernetes, REST APIs",Code Quality & Testing,Learn Code Quality & Testing: Mastering Code Quality & Testing
997,Brenda Bauer 897,IT,Cybersecurity Specialist,22,116541,0.0316,LOW,49.9,2,"Incident Response, Nmap, Vulnerability Assessment",Incident Response,Learn Incident Response: Mastering Incident Response
998,Aditi Sen 898,Finance,Accountant,53,56292,0.0888,LOW,86.5,4,"General Ledger, QuickBooks, SAP Financials",General Ledger,Learn General Ledger: Mastering General Ledger
999,Reyansh Reddy 899,IT,Engineer,36,157694,0.0,LOW,68.0,2,"Backend Architecture, Terraform",Backend Architecture,Learn Backend Architecture: Mastering Backend Architecture
1000,Ashley Marsh 900,Marketing,Marketing Executive,43,82046,0.0054,LOW,67.2,4,"Mailchimp, Social Media Marketing",Mailchimp,Learn Mailchimp: Mastering Mailchimp
1001,Anna Dominguez 901,Finance,Auditor,58,49817,0.5134,MEDIUM,65.4,3,"ACL Analytics, Internal Audit",ACL Analytics,Learn ACL Analytics: Mastering ACL Analytics
1002,Rohan Pillai 902,IT,Developer,36,44759,0.0003,LOW,77.5,3,"Database Design, Git Version Control, React",Database Design,Learn Database Design: Mastering Database Design
1003,Devansh Banerjee 903,Finance,Accountant,34,41412,0.2854,LOW,58.5,2,"General Ledger, Tax Compliance",General Ledger,Learn General Ledger: Mastering General Ledger
1004,Diya Patel 904,IT,Cybersecurity Specialist,49,55504,0.0,LOW,60.2,3,"Network Security, SIEM Tools, Threat Modeling",Network Security,Learn Network Security: Mastering Network Security
1005,Peter Mckee 905,Finance,Auditor,46,143500,0.0,LOW,71.4,3,"Financial Controls, SAP",Financial Controls,Learn Financial Controls: Mastering Financial Controls
1006,Peggy Mann 906,IT,Software Engineer,55,43507,0.0003,LOW,64.5,4,"Code Quality & Testing, Data Structures & Algorithms, REST APIs",Code Quality & Testing,Learn Code Quality & Testing: Mastering Code Quality & Testing
1007,Myra Nair 907,IT,Software Engineer,35,56050,0.0,LOW,76.0,3,"Code Quality & Testing, Docker, Kubernetes",Code Quality & Testing,Learn Code Quality & Testing: Mastering Code Quality & Testing
1008,Taylor Morris 908,IT,Cybersecurity Specialist,23,170892,0.0,LOW,64.9,3,"SIEM Tools, Splunk, Wireshark",SIEM Tools,Learn SIEM Tools: Mastering SIEM Tools
1009,Arjun Rao 909,IT,Cybersecurity Specialist,43,173907,0.0,LOW,91.1,1,"Network Security, Nmap, SIEM Tools",Network Security,Learn Network Security: Mastering Network Security
1010,Judith Ware 910,IT,Software Engineer,49,135153,0.0,LOW,80.3,4,"CI/CD, Data Structures & Algorithms, Kubernetes, System Design",CI/CD,Learn CI/CD: Mastering CI/CD
1011,Peter Mckee 911,IT,Engineer,54,48587,0.9944,HIGH,80.2,4,"DevOps, Terraform",DevOps,Learn DevOps: Mastering DevOps
1012,Ayaan Saxena 912,Sales,Account Manager,53,92732,0.0001,LOW,64.7,3,"Salesforce, Zendesk",Salesforce,Learn Salesforce: Mastering Salesforce
1013,Jasmine Gonzalez 913,HR,Employee Relations,43,86921,0.0005,LOW,100.0,1,"Excel, ServiceNow HR",Excel,Learn Excel: Mastering Excel
1014,Rita Walker 914,HR,HR Executive,27,152734,0.0029,LOW,66.7,3,"Excel, Onboarding",Excel,Learn Excel: Mastering Excel
1015,Avani Bhat 915,Finance,Accountant,23,165104,0.0,LOW,63.4,4,"Financial Accounting, General Ledger",Financial Accounting,Learn Financial Accounting: Mastering Financial Accounting
1016,Jeffery Lopez 916,IT,Developer,52,172912,0.0,LOW,80.5,3,"Database Design, Git Version Control",Database Design,Learn Database Design: Mastering Database Design
1017,Megan Williams 917,Support,Support Engineer,51,66440,0.0991,LOW,74.3,3,"Jira, Splunk",Jira,Learn Jira: Mastering Jira
1018,Navya Chopra 918,IT,Cybersecurity Specialist,38,70183,0.99,HIGH,62.2,4,"Nmap, SIEM Tools",Nmap,Learn Nmap: Mastering Nmap
1019,Brenda Bauer 919,Finance,Accountant,27,131172,0.0,LOW,98.4,2,"Financial Accounting, QuickBooks",Financial Accounting,Learn Financial Accounting: Mastering Financial Accounting
1020,Aditya Kumar 920,IT,Developer,21,168461,0.0,LOW,83.7,3,"JavaScript / TypeScript, React",JavaScript / TypeScript,Learn JavaScript / TypeScript: Mastering JavaScript / TypeScript
1021,Erin Massey 921,IT,Data Analyst,34,149515,0.0,LOW,72.0,1,"Excel, Python, SQL, Statistical Analysis",Excel,Learn Excel: Mastering Excel
1022,Peggy Mann 922,IT,Engineer,52,158183,0.0752,LOW,100.0,2,"Cloud Infrastructure, DevOps",Cloud Infrastructure,Learn Cloud Infrastructure: Mastering Cloud Infrastructure
1023,David Williams 923,Finance,Auditor,26,101299,0.0022,LOW,81.7,4,"Internal Audit, SAP",Internal Audit,Learn Internal Audit: Mastering Internal Audit
1024,Christopher Benson 924,Finance,Financial Analyst,59,150503,0.0,LOW,71.9,3,"Excel, Variance Analysis",Excel,Learn Excel: Mastering Excel
1025,Arjun Rao 925,IT,Cybersecurity Specialist,30,74023,0.0,LOW,99.4,4,"Nmap, Threat Modeling",Nmap,Learn Nmap: Mastering Nmap
1026,Ananya Singh 926,Sales,Business Development,27,74941,0.4431,LOW,79.9,3,"Partnership Management, Salesforce",Partnership Management,Learn Partnership Management: Mastering Partnership Management
1027,Taylor Morris 927,Marketing,Marketing Executive,46,156677,0.0,LOW,79.4,4,"Market Research, Meta Ads Manager",Market Research,Learn Market Research: Mastering Market Research
1028,Judith Ware 928,Marketing,SEO Specialist,54,111054,0.046,LOW,67.4,3,"Ahrefs, SEMrush, Technical SEO",Ahrefs,Learn Ahrefs: Mastering Ahrefs
1029,Rita Walker 929,HR,Recruitment Specialist,50,100363,0.2371,LOW,72.6,1,"Lever, LinkedIn Recruiter, Salary Benchmarking",Lever,Learn Lever: Mastering Lever
1030,Navya Chopra 930,Sales,Sales Executive,56,96742,0.0,LOW,67.1,4,"Client Relationship Management, LinkedIn Sales Navigator",Client Relationship Management,Learn Client Relationship Management: Mastering Client Relationship Management
1031,Judith Ware 931,IT,Engineer,41,80215,0.0,LOW,89.3,2,"AWS, Linux",AWS,Learn AWS: AWS Certified Solutions Architect & Cloud Engineering
1032,Ananya Singh 932,Sales,Sales Executive,37,82857,0.0185,LOW,52.7,3,"B2B Sales, Negotiation, Salesforce",B2B Sales,Learn B2B Sales: Mastering B2B Sales
1033,Jasmine Gonzalez 933,HR,HR Manager,53,90476,0.001,LOW,88.4,3,"BambooHR, Performance Management",BambooHR,Learn BambooHR: Mastering BambooHR
1034,Ishaan Malhotra 934,IT,Engineer,30,175467,0.0072,LOW,61.5,1,"AWS, Cloud Infrastructure",AWS,Learn AWS: AWS Certified Solutions Architect & Cloud Engineering
1035,Ayaan Saxena 935,Marketing,Content Lead,32,94768,0.0007,LOW,71.3,2,"Adobe Creative Cloud, Creative Direction",Adobe Creative Cloud,Learn Adobe Creative Cloud: Mastering Adobe Creative Cloud
1036,Erin Massey 936,IT,Developer,36,138591,0.0,LOW,68.5,4,"API Integration, Git Version Control, JavaScript / TypeScript",API Integration,Learn API Integration: Mastering API Integration
1037,Jeffery Lopez 937,HR,HR Executive,52,81229,0.3152,LOW,65.8,3,"Excel, HR Operations",Excel,Learn Excel: Mastering Excel
1038,Vihaan Verma 938,IT,Cybersecurity Specialist,35,146706,0.0,LOW,80.3,3,"Nmap, Vulnerability Assessment, Wireshark",Nmap,Learn Nmap: Mastering Nmap
1039,Kavya Menon 939,IT,Software Engineer,47,97583,0.9483,HIGH,71.9,3,"CI/CD, Docker, Python",CI/CD,Learn CI/CD: Mastering CI/CD
1040,Joel Fuller 940,IT,Data Analyst,48,161011,0.0,LOW,64.0,3,"Data Cleaning, Excel, Python",Data Cleaning,Learn Data Cleaning: Mastering Data Cleaning
1041,Christopher Benson 941,Sales,Sales Executive,37,65104,0.201,LOW,73.8,4,"Lead Generation, Pipeline Management",Lead Generation,Learn Lead Generation: Mastering Lead Generation
1042,Peter Mckee 942,Sales,Business Development,22,72594,0.9683,HIGH,63.6,4,Deal Closing,Deal Closing,Learn Deal Closing: Mastering Deal Closing
1043,Aditya Kumar 943,Sales,Account Manager,56,38664,0.031,LOW,65.5,2,"Client Relationship Management, Gainsight, Salesforce",Client Relationship Management,Learn Client Relationship Management: Mastering Client Relationship Management
1044,Erin Massey 944,Sales,Account Manager,27,45528,0.0001,LOW,54.0,3,"Account Growth, Cross-selling, Gainsight",Account Growth,Learn Account Growth: Mastering Account Growth
1045,Troy Ford 945,Finance,Accountant,33,163404,0.0,LOW,66.6,3,"Financial Accounting, General Ledger",Financial Accounting,Learn Financial Accounting: Mastering Financial Accounting
1046,Peter Mckee 946,IT,Cybersecurity Specialist,35,67899,0.0003,LOW,77.9,3,"Network Security, Nmap",Network Security,Learn Network Security: Mastering Network Security
1047,Nicole Roberts 947,HR,Recruitment Specialist,45,105979,0.0,LOW,72.4,3,"Candidate Sourcing, Greenhouse",Candidate Sourcing,Learn Candidate Sourcing: Mastering Candidate Sourcing
1048,Manish Badami 948,Sales,Account Manager,43,52241,0.0004,LOW,93.8,3,"Account Growth, Contract Renewal, Zendesk",Account Growth,Learn Account Growth: Mastering Account Growth
1049,Connie Bailey 949,Finance,Auditor,42,81211,0.301,LOW,100.0,2,"Excel, Risk Assessment, SAP",Excel,Learn Excel: Mastering Excel
1050,Anna Dominguez 950,HR,HR Executive,46,98472,0.0052,LOW,66.4,3,"Excel, Onboarding",Excel,Learn Excel: Mastering Excel
1051,Jeffery Lopez 951,Sales,Account Manager,53,66346,0.1464,LOW,62.0,2,"Contract Renewal, Cross-selling, Gainsight",Contract Renewal,Learn Contract Renewal: Mastering Contract Renewal
1052,Shannon Clark 952,Sales,Sales Executive,31,116196,0.0179,LOW,85.6,2,"B2B Sales, HubSpot, LinkedIn Sales Navigator, Salesforce",B2B Sales,Learn B2B Sales: Mastering B2B Sales
1053,Meera Das 953,Finance,Accountant,30,139451,0.234,LOW,76.0,5,Excel,Excel,Learn Excel: Mastering Excel
1054,Nicole Roberts 954,Sales,Sales Executive,45,137908,0.0008,LOW,85.6,3,"Client Relationship Management, Negotiation, Salesforce",Client Relationship Management,Learn Client Relationship Management: Mastering Client Relationship Management
1055,Reyansh Reddy 955,IT,Engineer,57,184014,0.0,LOW,76.8,3,"Cloud Infrastructure, DevOps",Cloud Infrastructure,Learn Cloud Infrastructure: Mastering Cloud Infrastructure
1056,Peggy Mann 956,Marketing,SEO Analyst,58,84167,0.0,LOW,69.7,3,"Google Search Console, Rank Tracking",Google Search Console,Learn Google Search Console: Mastering Google Search Console
1057,Steven Barnett 957,Finance,Financial Analyst,44,71373,0.0,LOW,69.7,4,"PowerBI, SQL",PowerBI,Learn PowerBI: PowerBI & Tableau Executive Dashboards
1058,Peggy Mann 958,HR,HR Manager,53,102143,0.0154,LOW,77.2,3,"BambooHR, HR Compliance, Performance Management",BambooHR,Learn BambooHR: Mastering BambooHR
1059,Steven Barnett 959,IT,Cybersecurity Specialist,37,155623,0.0,LOW,69.5,3,"Incident Response, Threat Modeling",Incident Response,Learn Incident Response: Mastering Incident Response
1060,Vihaan Verma 960,Sales,Business Development,44,145013,0.0,LOW,86.6,3,"Partnership Management, ZoomInfo",Partnership Management,Learn Partnership Management: Mastering Partnership Management
1061,Norman Lane 961,Marketing,SEO Specialist,57,37016,0.9516,HIGH,56.4,4,"Ahrefs, Google Analytics",Ahrefs,Learn Ahrefs: Mastering Ahrefs
1062,Manish Badami 962,Sales,Sales Executive,22,104110,0.0,LOW,86.6,4,"B2B Sales, Negotiation, Salesforce",B2B Sales,Learn B2B Sales: Mastering B2B Sales
1063,Peter Mckee 963,Sales,Sales Executive,52,42274,0.9969,HIGH,49.5,3,"B2B Sales, Client Relationship Management, Pipeline Management",B2B Sales,Learn B2B Sales: Mastering B2B Sales
1064,Nicole Roberts 964,HR,Employee Relations,44,50748,0.0089,LOW,73.7,4,"Excel, ServiceNow HR",Excel,Learn Excel: Mastering Excel
1065,Jeffery Lopez 965,Sales,Business Development,29,46826,0.8572,HIGH,68.0,3,"Market Expansion, Salesforce",Market Expansion,Learn Market Expansion: Mastering Market Expansion
1066,Navya Chopra 966,Sales,Account Manager,24,118008,0.0156,LOW,53.8,5,"Cross-selling, Zendesk",Cross-selling,Learn Cross-selling: Mastering Cross-selling
1067,Jeffery Lopez 967,HR,HR Manager,37,164288,0.0,LOW,47.3,4,"BambooHR, Performance Management",BambooHR,Learn BambooHR: Mastering BambooHR
1068,Christopher Benson 968,IT,Developer,37,140623,0.0,LOW,58.8,3,"Database Design, JavaScript / TypeScript",Database Design,Learn Database Design: Mastering Database Design
1069,Peggy Mann 969,IT,Cybersecurity Specialist,50,174592,0.0008,LOW,72.5,3,"Incident Response, Splunk",Incident Response,Learn Incident Response: Mastering Incident Response
1070,Arjun Rao 970,HR,HR Executive,31,118106,0.0023,LOW,64.8,3,"Onboarding, Workday",Onboarding,Learn Onboarding: Mastering Onboarding
1071,Judith Ware 971,IT,Software Engineer,41,89638,0.0,LOW,59.5,3,"CI/CD, Code Quality & Testing, Docker",CI/CD,Learn CI/CD: Mastering CI/CD
1072,Navya Chopra 972,HR,Recruitment Specialist,41,104072,0.0,LOW,88.2,2,"Greenhouse, Salary Benchmarking, Screening & Interviewing",Greenhouse,Learn Greenhouse: Mastering Greenhouse
1073,Megan Williams 973,IT,Tester,38,102309,0.515,MEDIUM,57.2,1,"Bug Tracking, PyTest, Test Automation",Bug Tracking,Learn Bug Tracking: Mastering Bug Tracking
1074,Vihaan Verma 974,Sales,Account Manager,49,159724,0.0,LOW,80.1,1,"Client Relationship Management, Contract Renewal, Salesforce",Client Relationship Management,Learn Client Relationship Management: Mastering Client Relationship Management
1075,Taylor Morris 975,IT,Cybersecurity Specialist,44,162843,0.0,LOW,61.3,5,"Network Security, Vulnerability Assessment",Network Security,Learn Network Security: Mastering Network Security
1076,Judith Ware 976,Sales,Sales Executive,30,70326,0.0002,LOW,58.5,2,"B2B Sales, Client Relationship Management, Lead Generation",B2B Sales,Learn B2B Sales: Mastering B2B Sales
1077,Navya Chopra 977,Marketing,Content Strategist,37,40079,0.04,LOW,64.8,1,"Copywriting, Editorial Calendar, WordPress",Copywriting,Learn Copywriting: Mastering Copywriting
1078,Avani Bhat 978,IT,Software Engineer,38,156412,0.0,LOW,79.4,3,"CI/CD, Data Structures & Algorithms, System Design",CI/CD,Learn CI/CD: Mastering CI/CD
1079,Ayaan Saxena 979,Sales,Sales Executive,40,122340,0.0,LOW,55.5,3,"Client Relationship Management, LinkedIn Sales Navigator, Pipeline Management",Client Relationship Management,Learn Client Relationship Management: Mastering Client Relationship Management
1080,Kavya Menon 980,HR,HR Manager,57,120211,0.0014,LOW,75.4,4,"Employee Retention, Talent Acquisition",Employee Retention,Learn Employee Retention: Strategic HR Leadership & Talent Retention Strategies
1081,Peter Mckee 981,IT,Developer,38,77749,0.4562,MEDIUM,60.5,3,"Git Version Control, React",Git Version Control,Learn Git Version Control: Mastering Git Version Control
1082,Nicole Roberts 982,HR,Employee Relations,37,153192,0.0013,LOW,62.6,3,"Conflict Resolution, Workplace Policy",Conflict Resolution,Learn Conflict Resolution: Workplace Conflict Resolution & Empathy-Driven Leadership
1083,Arjun Rao 983,Sales,Sales Executive,29,109534,0.0,LOW,76.8,4,"B2B Sales, LinkedIn Sales Navigator, Salesforce",B2B Sales,Learn B2B Sales: Mastering B2B Sales
1084,Jeffery Lopez 984,IT,Developer,34,114233,0.8174,HIGH,98.1,1,"API Integration, Database Design, Full-Stack Development",API Integration,Learn API Integration: Mastering API Integration
1085,Steven Barnett 985,HR,Employee Relations,49,86818,0.0,LOW,61.1,5,"Conflict Resolution, Workplace Policy",Conflict Resolution,Learn Conflict Resolution: Workplace Conflict Resolution & Empathy-Driven Leadership
1086,Peggy Mann 986,IT,Engineer,51,146910,0.0,LOW,80.6,2,"Backend Architecture, Cloud Infrastructure",Backend Architecture,Learn Backend Architecture: Mastering Backend Architecture
1087,Diya Patel 987,Sales,Account Manager,24,48429,0.0015,LOW,68.2,4,"Cross-selling, Salesforce, Zendesk",Cross-selling,Learn Cross-selling: Mastering Cross-selling
1088,Aarav Sharma 988,Support,Support Engineer,38,92748,0.0822,LOW,66.3,1,"Postman, Root Cause Analysis",Postman,Learn Postman: Mastering Postman
1089,Jeffery Lopez 989,IT,Engineer,40,83807,0.024,LOW,84.9,4,"Cloud Infrastructure, Terraform",Cloud Infrastructure,Learn Cloud Infrastructure: Mastering Cloud Infrastructure
1090,Shannon Clark 990,Finance,Auditor,29,42140,0.6286,MEDIUM,61.9,2,"Excel, SAP",Excel,Learn Excel: Mastering Excel
1091,Vihaan Verma 991,IT,Tester,33,98226,0.0,LOW,58.2,2,"Jira, Test Automation",Jira,Learn Jira: Mastering Jira
1092,Reyansh Reddy 992,HR,Employee Relations,35,180973,0.0,LOW,77.5,4,"Employee Wellbeing, Excel",Employee Wellbeing,Learn Employee Wellbeing: Mastering Employee Wellbeing
1093,Manish Badami 993,Support,Helpdesk,47,123815,0.0,LOW,91.1,2,"Ticket Resolution, Troubleshooting",Ticket Resolution,Learn Ticket Resolution: Mastering Ticket Resolution
1094,Norman Lane 994,HR,HR Manager,35,63525,0.0,LOW,81.0,4,"BambooHR, HR Compliance",BambooHR,Learn BambooHR: Mastering BambooHR
1095,Peggy Mann 995,Sales,Account Manager,48,55491,0.0137,LOW,55.1,3,"Gainsight, Salesforce, Zendesk",Gainsight,Learn Gainsight: Mastering Gainsight
1096,Navya Chopra 996,Sales,Sales Executive,57,43078,0.0069,LOW,64.6,3,"HubSpot, Lead Generation, Pipeline Management",HubSpot,Learn HubSpot: Mastering HubSpot
1097,Ashley Marsh 997,Finance,Accountant,39,126654,0.0,LOW,83.8,3,"General Ledger, SAP Financials",General Ledger,Learn General Ledger: Mastering General Ledger
1098,Vihaan Verma 998,IT,Data Analyst,46,164101,0.0,LOW,91.0,4,"PowerBI, Tableau",PowerBI,Learn PowerBI: PowerBI & Tableau Executive Dashboards
1099,Erin Massey 999,IT,Tester,46,51997,0.0,LOW,74.7,4,"Jira, Postman",Jira,Learn Jira: Mastering Jira
1100,Shannon Clark 1000,Sales,Business Development,45,166940,0.0,LOW,65.0,3,"Market Expansion, ZoomInfo",Market Expansion,Learn Market Expansion: Mastering Market Expansion
1101,Peggy Mann 1001,Sales,Sales Executive,46,132356,0.0004,LOW,91.8,3,"HubSpot, Lead Generation",HubSpot,Learn HubSpot: Mastering HubSpot
1102,Navya Chopra 1002,Finance,Accountant,46,148711,0.5101,MEDIUM,71.1,3,"Financial Accounting, Tax Compliance",Financial Accounting,Learn Financial Accounting: Mastering Financial Accounting
1103,Devansh Banerjee 1003,Finance,Accountant,48,56246,0.9999,HIGH,64.7,3,"Excel, QuickBooks",Excel,Learn Excel: Mastering Excel
1104,Steven Barnett 1004,Sales,Account Manager,38,182326,0.0,LOW,62.7,3,"Client Relationship Management, Gainsight, Zendesk",Client Relationship Management,Learn Client Relationship Management: Mastering Client Relationship Management
1105,Vihaan Verma 1005,Sales,Business Development,52,69512,0.0002,LOW,57.7,4,"Deal Closing, Salesforce",Deal Closing,Learn Deal Closing: Mastering Deal Closing
1106,Clinton Scott 1006,Marketing,Marketing Executive,23,92865,0.0,LOW,100.0,4,"Campaign Management, Market Research",Campaign Management,Learn Campaign Management: Mastering Campaign Management
1107,Kavya Menon 1007,Finance,Auditor,22,138393,0.0,LOW,89.1,4,"Internal Audit, Risk Assessment",Internal Audit,Learn Internal Audit: Mastering Internal Audit
1108,Aditi Sen 1008,Sales,Sales Executive,53,107144,0.0049,LOW,64.1,3,"B2B Sales, Client Relationship Management, Lead Generation",B2B Sales,Learn B2B Sales: Mastering B2B Sales
1109,Shannon Clark 1009,Sales,Sales Executive,39,152363,0.0,LOW,92.8,3,"Client Relationship Management, HubSpot, Pipeline Management",Client Relationship Management,Learn Client Relationship Management: Mastering Client Relationship Management
1110,Rita Walker 1010,Sales,Sales Executive,37,85665,0.0,LOW,78.4,4,"Client Relationship Management, Pipeline Management, Salesforce",Client Relationship Management,Learn Client Relationship Management: Mastering Client Relationship Management
1111,Kabir Mehta 1011,IT,Cybersecurity Specialist,53,128542,0.0001,LOW,77.7,4,"Incident Response, Nmap, Wireshark",Incident Response,Learn Incident Response: Mastering Incident Response
1112,Peggy Mann 1012,IT,Software Engineer,32,136311,0.0,LOW,63.4,3,"AWS, CI/CD, Code Quality & Testing, Python",AWS,Learn AWS: AWS Certified Solutions Architect & Cloud Engineering
1113,Anna Dominguez 1013,HR,Recruitment Specialist,23,49325,0.9878,HIGH,65.8,1,"Candidate Sourcing, Greenhouse",Candidate Sourcing,Learn Candidate Sourcing: Mastering Candidate Sourcing
1114,Reyansh Reddy 1014,Finance,Auditor,46,167825,0.0,LOW,71.5,3,"ACL Analytics, Excel, Financial Controls",ACL Analytics,Learn ACL Analytics: Mastering ACL Analytics
1115,Ishaan Malhotra 1015,IT,Data Analyst,55,184068,0.0,LOW,48.4,3,"Data Cleaning, SQL, Statistical Analysis",Data Cleaning,Learn Data Cleaning: Mastering Data Cleaning
1116,Sara Snyder 1016,Marketing,Content Strategist,28,103811,0.0049,LOW,66.2,2,"Editorial Calendar, WordPress",Editorial Calendar,Learn Editorial Calendar: Mastering Editorial Calendar
1117,Connie Bailey 1017,Finance,Financial Analyst,56,151737,0.0,LOW,72.1,3,"Excel, Financial Modeling",Excel,Learn Excel: Mastering Excel
1118,Taylor Morris 1018,Support,Helpdesk,27,35824,0.0,LOW,87.7,3,"Ticket Resolution, Zendesk",Ticket Resolution,Learn Ticket Resolution: Mastering Ticket Resolution
1119,Aarav Sharma 1019,IT,Data Analyst,56,179952,0.0,LOW,64.6,4,"Excel, Exploratory Data Analysis, Python, Tableau",Excel,Learn Excel: Mastering Excel
1120,Erin Massey 1020,Marketing,SEO Analyst,36,152718,0.0026,LOW,81.7,3,"Competitor Analysis, Traffic Analysis",Competitor Analysis,Learn Competitor Analysis: Mastering Competitor Analysis
1121,Aarav Sharma 1021,IT,Cybersecurity Specialist,44,101617,0.0,LOW,47.3,3,"Incident Response, Vulnerability Assessment",Incident Response,Learn Incident Response: Mastering Incident Response
1122,Taylor Morris 1022,IT,Developer,21,46517,0.0,LOW,86.0,4,"API Integration, Database Design, Git Version Control",API Integration,Learn API Integration: Mastering API Integration
1123,Nicole Roberts 1023,Marketing,Content Strategist,45,182948,0.0,LOW,61.2,3,"Editorial Calendar, WordPress",Editorial Calendar,Learn Editorial Calendar: Mastering Editorial Calendar
1124,Devansh Banerjee 1024,Finance,Auditor,30,138068,0.0,LOW,73.6,4,"ACL Analytics, Excel",ACL Analytics,Learn ACL Analytics: Mastering ACL Analytics
1125,Cody Bright 1025,Sales,Sales Executive,36,150016,0.0034,LOW,76.9,3,"Lead Generation, Salesforce",Lead Generation,Learn Lead Generation: Mastering Lead Generation
1126,Cody Bright 1026,Sales,Business Development,36,44982,0.0,LOW,74.5,4,"Partnership Management, Salesforce",Partnership Management,Learn Partnership Management: Mastering Partnership Management
1127,Manish Badami 1027,HR,HR Executive,28,180711,0.0,LOW,70.7,3,"HR Operations, Onboarding",HR Operations,Learn HR Operations: Mastering HR Operations
1128,Rita Walker 1028,Support,Support Engineer,49,105210,0.0008,LOW,57.1,2,"Root Cause Analysis, Technical Troubleshooting",Root Cause Analysis,Learn Root Cause Analysis: Mastering Root Cause Analysis
1129,Arjun Rao 1029,HR,HR Manager,59,104852,0.2216,LOW,61.3,3,"Employee Retention, Talent Acquisition",Employee Retention,Learn Employee Retention: Strategic HR Leadership & Talent Retention Strategies
1130,Pari Joshi 1030,HR,HR Manager,48,148618,0.0,LOW,84.0,4,"Performance Management, Talent Acquisition",Performance Management,Learn Performance Management: Mastering Performance Management
1131,Sara Snyder 1031,Marketing,Content Lead,26,44695,0.0897,LOW,64.8,3,"Content Production, Figma",Content Production,Learn Content Production: Mastering Content Production
1132,Connie Bailey 1032,HR,HR Manager,36,83582,0.4518,MEDIUM,70.8,3,"BambooHR, HR Compliance",BambooHR,Learn BambooHR: Mastering BambooHR
1133,Ayaan Saxena 1033,HR,HR Executive,40,66094,0.0084,LOW,54.1,1,"HR Operations, Onboarding",HR Operations,Learn HR Operations: Mastering HR Operations
1134,Ayaan Saxena 1034,Finance,Financial Analyst,36,57187,0.0005,LOW,82.3,3,"Excel, Tableau, Variance Analysis",Excel,Learn Excel: Mastering Excel
1135,Taylor Morris 1035,Support,Support Engineer,27,153013,0.0002,LOW,56.2,3,"SLA Management, Technical Troubleshooting",SLA Management,Learn SLA Management: Mastering SLA Management
1136,Ananya Singh 1036,Sales,Sales Executive,34,163721,0.006,LOW,83.0,2,"Client Relationship Management, HubSpot, LinkedIn Sales Navigator",Client Relationship Management,Learn Client Relationship Management: Mastering Client Relationship Management
1137,Devansh Banerjee 1037,Sales,Sales Executive,46,141683,0.0162,LOW,59.2,3,"HubSpot, Negotiation, Salesforce",HubSpot,Learn HubSpot: Mastering HubSpot
1138,Arjun Rao 1038,Sales,Sales Executive,46,36214,0.9922,HIGH,84.2,1,"Client Relationship Management, Negotiation, Salesforce",Client Relationship Management,Learn Client Relationship Management: Mastering Client Relationship Management
1139,Pari Joshi 1039,Sales,Sales Executive,34,58940,0.0,LOW,72.1,3,"B2B Sales, LinkedIn Sales Navigator, Negotiation",B2B Sales,Learn B2B Sales: Mastering B2B Sales
1140,Devansh Banerjee 1040,IT,Data Analyst,27,79406,0.484,MEDIUM,65.3,4,"Data Cleaning, PowerBI, Python, SQL",Data Cleaning,Learn Data Cleaning: Mastering Data Cleaning
1141,Troy Ford 1041,IT,Tester,53,182049,0.0006,LOW,91.2,3,"Manual Testing, Test Automation",Manual Testing,Learn Manual Testing: Mastering Manual Testing
1142,Joel Fuller 1042,Marketing,Marketing Executive,46,93414,0.0,LOW,71.2,1,"Meta Ads Manager, Social Media Marketing",Meta Ads Manager,Learn Meta Ads Manager: Mastering Meta Ads Manager
1143,Ananya Singh 1043,Sales,Account Manager,40,136440,0.9477,HIGH,67.7,3,"Cross-selling, Salesforce",Cross-selling,Learn Cross-selling: Mastering Cross-selling
1144,Rita Walker 1044,Sales,Business Development,23,138569,0.0,LOW,82.9,3,"Deal Closing, ZoomInfo",Deal Closing,Learn Deal Closing: Mastering Deal Closing
1145,Pari Joshi 1045,HR,Employee Relations,24,95481,0.0361,LOW,54.2,3,"Excel, ServiceNow HR",Excel,Learn Excel: Mastering Excel
1146,Kabir Mehta 1046,IT,Engineer,46,62740,0.5051,MEDIUM,41.7,3,"DevOps, Terraform",DevOps,Learn DevOps: Mastering DevOps
1147,Vivaan Gupta 1047,HR,HR Executive,31,98328,0.0,LOW,85.9,4,Payroll Coordination,Payroll Coordination,Learn Payroll Coordination: Mastering Payroll Coordination
1148,Diya Patel 1048,IT,Developer,22,46881,0.9742,HIGH,62.0,4,"API Integration, Full-Stack Development, Git Version Control",API Integration,Learn API Integration: Mastering API Integration
1149,Kavya Menon 1049,IT,Developer,34,71996,0.0613,LOW,82.4,2,"Database Design, Full-Stack Development, Git Version Control, JavaScript / TypeScript",Database Design,Learn Database Design: Mastering Database Design
1150,Joel Fuller 1050,Sales,Business Development,50,157196,0.0,LOW,72.6,2,"Deal Closing, ZoomInfo",Deal Closing,Learn Deal Closing: Mastering Deal Closing
1151,Nicole Roberts 1051,Support,Helpdesk,32,72177,0.0,LOW,58.0,3,"Jira Service Desk, Zendesk",Jira Service Desk,Learn Jira Service Desk: Mastering Jira Service Desk
1152,Sara Khan 1052,Sales,Sales Executive,46,101126,0.0,LOW,79.3,3,"Client Relationship Management, HubSpot, Negotiation",Client Relationship Management,Learn Client Relationship Management: Mastering Client Relationship Management
1153,Ananya Singh 1053,Sales,Account Manager,53,91531,0.0,LOW,67.1,3,"Client Relationship Management, Contract Renewal",Client Relationship Management,Learn Client Relationship Management: Mastering Client Relationship Management
1154,Peter Mckee 1054,IT,Data Analyst,33,61119,0.0,LOW,59.1,4,"Business Reporting, PowerBI, SQL",Business Reporting,Learn Business Reporting: Mastering Business Reporting
1155,Aditya Kumar 1055,HR,Employee Relations,34,152744,0.0,LOW,59.4,2,"Employee Wellbeing, ServiceNow HR",Employee Wellbeing,Learn Employee Wellbeing: Mastering Employee Wellbeing
1156,Ananya Singh 1056,Support,Helpdesk,44,151894,0.0,LOW,51.2,4,Zendesk,Zendesk,Learn Zendesk: Mastering Zendesk
1157,Megan Williams 1057,Sales,Sales Executive,54,168780,0.0014,LOW,76.8,3,"B2B Sales, Client Relationship Management, Lead Generation",B2B Sales,Learn B2B Sales: Mastering B2B Sales
1158,Pari Joshi 1058,HR,Employee Relations,46,79989,0.0002,LOW,60.8,5,"Conflict Resolution, Employee Wellbeing",Conflict Resolution,Learn Conflict Resolution: Workplace Conflict Resolution & Empathy-Driven Leadership
1159,Manish Badami 1059,Finance,Auditor,41,57106,0.0005,LOW,71.6,3,"Excel, Risk Assessment",Excel,Learn Excel: Mastering Excel
1160,Norman Lane 1060,Sales,Business Development,48,52131,0.0,LOW,69.8,3,"Market Expansion, ZoomInfo",Market Expansion,Learn Market Expansion: Mastering Market Expansion
1161,Rita Walker 1061,IT,Cybersecurity Specialist,56,81553,0.0,LOW,60.7,2,"Incident Response, Splunk, Threat Modeling",Incident Response,Learn Incident Response: Mastering Incident Response
1162,Reyansh Reddy 1062,IT,Engineer,22,41553,0.9525,HIGH,53.7,4,"Cloud Infrastructure, Linux",Cloud Infrastructure,Learn Cloud Infrastructure: Mastering Cloud Infrastructure
1163,Meera Das 1063,IT,Tester,29,52881,0.0008,LOW,100.0,2,"Bug Tracking, Jira, Test Automation",Bug Tracking,Learn Bug Tracking: Mastering Bug Tracking
1164,Vihaan Verma 1064,Sales,Sales Executive,43,36379,0.8541,HIGH,71.4,3,"Client Relationship Management, Salesforce",Client Relationship Management,Learn Client Relationship Management: Mastering Client Relationship Management
1165,Steven Barnett 1065,Finance,Auditor,35,125791,0.0002,LOW,93.9,2,"ACL Analytics, Financial Controls",ACL Analytics,Learn ACL Analytics: Mastering ACL Analytics
1166,Megan Williams 1066,Sales,Account Manager,33,140664,0.0,LOW,86.0,2,"Account Growth, Zendesk",Account Growth,Learn Account Growth: Mastering Account Growth
1167,Ashley Marsh 1067,IT,Tester,43,104306,0.4693,MEDIUM,68.1,2,"Postman, Test Automation",Postman,Learn Postman: Mastering Postman
1168,Clinton Scott 1068,Finance,Accountant,37,175160,0.0,LOW,74.2,2,"Excel, Financial Accounting, SAP Financials",Excel,Learn Excel: Mastering Excel
1169,Aditi Sen 1069,Finance,Auditor,22,139512,0.0,LOW,73.8,3,"ACL Analytics, Risk Assessment",ACL Analytics,Learn ACL Analytics: Mastering ACL Analytics
1170,Shannon Clark 1070,Sales,Sales Executive,40,51350,0.0002,LOW,94.1,5,"HubSpot, Negotiation",HubSpot,Learn HubSpot: Mastering HubSpot
1171,Diya Patel 1071,Sales,Sales Executive,40,134599,0.0002,LOW,82.0,3,"B2B Sales, HubSpot",B2B Sales,Learn B2B Sales: Mastering B2B Sales
1172,Peter Mckee 1072,Finance,Accountant,23,116397,0.0003,LOW,62.3,4,"SAP Financials, Tax Compliance",SAP Financials,Learn SAP Financials: Mastering SAP Financials
1173,Kabir Mehta 1073,Support,Support Engineer,32,114509,0.0,LOW,76.2,2,"Postman, Splunk",Postman,Learn Postman: Mastering Postman
1174,Brenda Bauer 1074,Sales,Sales Executive,22,52769,0.4034,LOW,81.7,3,"Client Relationship Management, LinkedIn Sales Navigator",Client Relationship Management,Learn Client Relationship Management: Mastering Client Relationship Management
1175,Ananya Singh 1075,Sales,Business Development,56,136584,0.0001,LOW,57.9,2,"Salesforce, ZoomInfo",Salesforce,Learn Salesforce: Mastering Salesforce
1176,Steven Barnett 1076,IT,Data Analyst,34,81365,0.9716,HIGH,77.9,2,"Business Reporting, Excel, Statistical Analysis, Tableau",Business Reporting,Learn Business Reporting: Mastering Business Reporting
1177,Anna Dominguez 1077,IT,Cybersecurity Specialist,36,85185,0.0,LOW,88.1,2,"SIEM Tools, Splunk, Vulnerability Assessment, Wireshark",SIEM Tools,Learn SIEM Tools: Mastering SIEM Tools
1178,Erin Massey 1078,IT,Data Analyst,39,168858,0.0,LOW,61.7,3,"Business Reporting, Python, Statistical Analysis",Business Reporting,Learn Business Reporting: Mastering Business Reporting
1179,Brenda Bauer 1079,Marketing,Content Lead,54,161525,0.0,LOW,63.4,2,"Brand Storytelling, Content Production",Brand Storytelling,Learn Brand Storytelling: Mastering Brand Storytelling
1180,Jeffery Lopez 1080,HR,Recruitment Specialist,26,167692,0.004,LOW,85.9,4,"LinkedIn Recruiter, Salary Benchmarking",LinkedIn Recruiter,Learn LinkedIn Recruiter: Mastering LinkedIn Recruiter
1181,Ayaan Saxena 1081,IT,Data Analyst,33,71303,0.9696,HIGH,67.7,3,"Data Cleaning, PowerBI, Tableau",Data Cleaning,Learn Data Cleaning: Mastering Data Cleaning
1182,Norman Lane 1082,Marketing,SEO Analyst,56,54589,0.0056,LOW,60.2,4,"Competitor Analysis, Rank Tracking",Competitor Analysis,Learn Competitor Analysis: Mastering Competitor Analysis
1183,Peggy Mann 1083,Finance,Accountant,42,37882,0.1448,LOW,82.6,5,"QuickBooks, Tax Compliance",QuickBooks,Learn QuickBooks: Mastering QuickBooks
1184,Saanvi Iyer 1084,Sales,Sales Executive,38,164236,0.001,LOW,78.9,3,"B2B Sales, Lead Generation, LinkedIn Sales Navigator",B2B Sales,Learn B2B Sales: Mastering B2B Sales
1185,Anna Dominguez 1085,HR,HR Manager,32,44745,0.0008,LOW,73.1,4,"Performance Management, Talent Acquisition",Performance Management,Learn Performance Management: Mastering Performance Management
1186,Ayaan Saxena 1086,HR,Employee Relations,50,50861,0.1754,LOW,85.5,2,"Conflict Resolution, ServiceNow HR",Conflict Resolution,Learn Conflict Resolution: Workplace Conflict Resolution & Empathy-Driven Leadership
1187,David Williams 1087,Sales,Sales Executive,27,126707,0.0014,LOW,86.3,4,"Lead Generation, Negotiation",Lead Generation,Learn Lead Generation: Mastering Lead Generation
1188,Aditya Kumar 1088,Finance,Auditor,52,89261,0.0598,LOW,71.0,3,"Excel, SAP",Excel,Learn Excel: Mastering Excel
1189,Sara Khan 1089,IT,Cybersecurity Specialist,39,168909,0.0001,LOW,95.7,3,"Incident Response, Nmap, SIEM Tools, Wireshark",Incident Response,Learn Incident Response: Mastering Incident Response
1190,Diya Patel 1090,Finance,Financial Analyst,26,109135,0.0241,LOW,91.0,3,"Excel, Financial Modeling, Tableau",Excel,Learn Excel: Mastering Excel
1191,Pari Joshi 1091,HR,Recruitment Specialist,40,89380,0.0139,LOW,48.2,4,"Candidate Sourcing, LinkedIn Recruiter",Candidate Sourcing,Learn Candidate Sourcing: Mastering Candidate Sourcing
1192,Taylor Morris 1092,IT,Software Engineer,47,121089,0.0193,LOW,59.6,4,"AWS, Data Structures & Algorithms, Git, System Design",AWS,Learn AWS: AWS Certified Solutions Architect & Cloud Engineering
1193,Norman Lane 1093,HR,Employee Relations,57,140025,0.0003,LOW,44.9,2,"Conflict Resolution, Employee Wellbeing",Conflict Resolution,Learn Conflict Resolution: Workplace Conflict Resolution & Empathy-Driven Leadership
1194,Diya Patel 1094,IT,Cybersecurity Specialist,27,79397,0.0011,LOW,68.1,3,"Network Security, Nmap, Vulnerability Assessment",Network Security,Learn Network Security: Mastering Network Security
1195,Ananya Singh 1095,Sales,Sales Executive,25,112085,0.2604,LOW,57.5,4,"B2B Sales, Negotiation, Salesforce",B2B Sales,Learn B2B Sales: Mastering B2B Sales
1196,Saanvi Iyer 1096,IT,Cybersecurity Specialist,31,98865,0.0229,LOW,62.2,3,"Network Security, Nmap, SIEM Tools",Network Security,Learn Network Security: Mastering Network Security
1197,Sara Khan 1097,Sales,Business Development,35,90956,0.2162,LOW,85.1,1,"Market Expansion, Salesforce",Market Expansion,Learn Market Expansion: Mastering Market Expansion
1198,Aarav Sharma 1098,Finance,Accountant,23,135727,0.0162,LOW,50.9,3,"Financial Accounting, QuickBooks",Financial Accounting,Learn Financial Accounting: Mastering Financial Accounting
1199,Jeffery Lopez 1099,Finance,Financial Analyst,25,178978,0.0,LOW,73.6,4,"Excel, Financial Modeling",Excel,Learn Excel: Mastering Excel
1200,Ishaan Malhotra 1100,Sales,Sales Executive,43,49988,0.003,LOW,73.5,3,"B2B Sales, Negotiation, Pipeline Management",B2B Sales,Learn B2B Sales: Mastering B2B Sales
1201,Norman Lane 1101,IT,Developer,57,68800,0.0002,LOW,71.0,3,"API Integration, JavaScript / TypeScript",API Integration,Learn API Integration: Mastering API Integration
1202,Kabir Mehta 1102,IT,Data Analyst,29,122329,0.0,LOW,73.6,3,"Python, Statistical Analysis",Python,Learn Python: Advanced Python Architecture & Performance Optimization
1203,Navya Chopra 1103,IT,Engineer,35,87284,0.0067,LOW,45.2,3,"Backend Architecture, Linux",Backend Architecture,Learn Backend Architecture: Mastering Backend Architecture
1204,Manish Badami 1104,HR,Employee Relations,23,91232,0.0059,LOW,62.3,4,"Employee Wellbeing, Excel",Employee Wellbeing,Learn Employee Wellbeing: Mastering Employee Wellbeing
1205,Rohan Pillai 1105,IT,Developer,49,79420,0.8916,HIGH,90.5,3,"API Integration, Database Design",API Integration,Learn API Integration: Mastering API Integration
1206,Avani Bhat 1106,Sales,Account Manager,26,72710,0.5254,MEDIUM,57.6,3,"Contract Renewal, Salesforce",Contract Renewal,Learn Contract Renewal: Mastering Contract Renewal
1207,Vihaan Verma 1107,Finance,Auditor,37,127035,0.0,LOW,92.0,4,"Financial Controls, Risk Assessment",Financial Controls,Learn Financial Controls: Mastering Financial Controls
1208,Ashley Marsh 1108,Sales,Sales Executive,46,66283,0.0017,LOW,55.1,1,"B2B Sales, Pipeline Management, Salesforce",B2B Sales,Learn B2B Sales: Mastering B2B Sales
1209,Rohan Pillai 1109,IT,Software Engineer,41,60968,0.0009,LOW,53.7,4,"Data Structures & Algorithms, Kubernetes, REST APIs",Data Structures & Algorithms,Learn Data Structures & Algorithms: Mastering Data Structures & Algorithms
1210,Rohan Pillai 1110,Support,Helpdesk,28,97508,0.0,LOW,60.6,3,"Ticket Resolution, Troubleshooting",Ticket Resolution,Learn Ticket Resolution: Mastering Ticket Resolution
1211,Reyansh Reddy 1111,Sales,Sales Executive,41,148435,0.0187,LOW,85.5,4,"Client Relationship Management, HubSpot, Salesforce",Client Relationship Management,Learn Client Relationship Management: Mastering Client Relationship Management
1212,Jasmine Gonzalez 1112,IT,Data Analyst,31,120366,0.0,LOW,65.4,3,"Exploratory Data Analysis, PowerBI, Python",Exploratory Data Analysis,Learn Exploratory Data Analysis: Mastering Exploratory Data Analysis
1213,Vihaan Verma 1113,Finance,Accountant,58,40738,0.0002,LOW,76.1,3,"Financial Accounting, SAP Financials",Financial Accounting,Learn Financial Accounting: Mastering Financial Accounting
1214,Sara Snyder 1114,Support,Helpdesk,28,38098,0.0004,LOW,72.9,4,"Customer Support, Ticket Resolution",Customer Support,Learn Customer Support: Mastering Customer Support
1215,Megan Williams 1115,Sales,Account Manager,44,130424,0.0,LOW,71.3,3,"Contract Renewal, Cross-selling, Gainsight",Contract Renewal,Learn Contract Renewal: Mastering Contract Renewal
1216,Erin Massey 1116,IT,Data Analyst,55,113672,0.0,LOW,87.3,3,"Data Cleaning, Python, Statistical Analysis",Data Cleaning,Learn Data Cleaning: Mastering Data Cleaning
1217,Aarav Sharma 1117,IT,Developer,34,73244,0.7592,HIGH,81.3,3,"Full-Stack Development, JavaScript / TypeScript, PostgreSQL",Full-Stack Development,Learn Full-Stack Development: Mastering Full-Stack Development
1218,Connie Bailey 1118,HR,HR Manager,34,174325,0.0,LOW,58.3,3,"BambooHR, HR Compliance, Performance Management",BambooHR,Learn BambooHR: Mastering BambooHR
1219,Vihaan Verma 1119,Marketing,Content Lead,30,89333,0.0001,LOW,68.7,3,"Content Production, Creative Direction",Content Production,Learn Content Production: Mastering Content Production
1220,Troy Ford 1120,Sales,Account Manager,32,160349,0.0,LOW,92.9,3,"Contract Renewal, Cross-selling, Salesforce",Contract Renewal,Learn Contract Renewal: Mastering Contract Renewal
1221,Devansh Banerjee 1121,IT,Developer,58,85969,0.8014,HIGH,75.8,3,"Database Design, Full-Stack Development",Database Design,Learn Database Design: Mastering Database Design
1222,Aditi Sen 1122,Sales,Sales Executive,54,125744,0.0,LOW,53.9,4,"B2B Sales, HubSpot, Lead Generation",B2B Sales,Learn B2B Sales: Mastering B2B Sales
1223,Peter Mckee 1123,IT,Tester,30,152286,0.0146,LOW,54.8,3,"Manual Testing, Postman",Manual Testing,Learn Manual Testing: Mastering Manual Testing
1224,Arjun Rao 1124,IT,Software Engineer,37,110028,0.9759,HIGH,82.7,1,"Code Quality & Testing, Docker, System Design",Code Quality & Testing,Learn Code Quality & Testing: Mastering Code Quality & Testing
1225,Erin Massey 1125,Sales,Account Manager,37,70421,0.0601,LOW,80.4,1,"Account Growth, Cross-selling, Salesforce",Account Growth,Learn Account Growth: Mastering Account Growth
1226,Jasmine Gonzalez 1126,Marketing,Content Lead,23,167526,0.0001,LOW,60.9,3,"Content Production, Figma",Content Production,Learn Content Production: Mastering Content Production
1227,Nicole Roberts 1127,Sales,Account Manager,51,183594,0.0004,LOW,81.0,3,"Contract Renewal, Zendesk",Contract Renewal,Learn Contract Renewal: Mastering Contract Renewal
1228,Taylor Morris 1128,Sales,Sales Executive,21,73575,0.0,LOW,91.2,3,"B2B Sales, Lead Generation, Salesforce",B2B Sales,Learn B2B Sales: Mastering B2B Sales
1229,Christopher Benson 1129,IT,Tester,32,38192,0.7107,HIGH,89.5,4,"Jira, Postman",Jira,Learn Jira: Mastering Jira
1230,Peter Mckee 1130,Marketing,SEO Specialist,59,146116,0.0015,LOW,91.3,3,"Ahrefs, Google Analytics",Ahrefs,Learn Ahrefs: Mastering Ahrefs
1231,Arjun Rao 1131,IT,Developer,24,162874,0.0,LOW,78.7,5,"Database Design, JavaScript / TypeScript",Database Design,Learn Database Design: Mastering Database Design
1232,Steven Barnett 1132,HR,HR Executive,33,116311,0.0,LOW,69.9,4,"Excel, Payroll Coordination",Excel,Learn Excel: Mastering Excel
1233,Peter Mckee 1133,IT,Tester,54,176474,0.0,LOW,67.2,1,"Postman, PyTest, Test Automation",Postman,Learn Postman: Mastering Postman
1234,Steven Barnett 1134,Finance,Financial Analyst,41,115781,0.0,LOW,71.8,4,"Financial Modeling, Tableau, Variance Analysis",Financial Modeling,"Learn Financial Modeling: Financial Modeling, Valuation & Risk Management"
1235,Devansh Banerjee 1135,Sales,Business Development,42,71527,0.0001,LOW,61.5,3,"Market Expansion, Partnership Management",Market Expansion,Learn Market Expansion: Mastering Market Expansion
1236,Taylor Morris 1136,IT,Tester,24,87181,0.0045,LOW,67.7,3,"Bug Tracking, Selenium",Bug Tracking,Learn Bug Tracking: Mastering Bug Tracking
1237,Arjun Rao 1137,Support,Support Engineer,38,126472,0.0,LOW,87.3,3,"SLA Management, Technical Troubleshooting",SLA Management,Learn SLA Management: Mastering SLA Management
1238,Megan Williams 1138,IT,Cybersecurity Specialist,25,116219,0.0,LOW,52.7,4,"Nmap, Threat Modeling",Nmap,Learn Nmap: Mastering Nmap
1239,Myra Nair 1139,Sales,Sales Executive,39,178532,0.0,LOW,53.5,5,"Client Relationship Management, LinkedIn Sales Navigator",Client Relationship Management,Learn Client Relationship Management: Mastering Client Relationship Management
1240,Vivaan Gupta 1140,HR,Employee Relations,22,154783,0.0,LOW,82.0,3,"Excel, ServiceNow HR",Excel,Learn Excel: Mastering Excel
1241,Anna Dominguez 1141,Finance,Financial Analyst,32,182519,0.0,LOW,67.8,2,"Budgeting & Forecasting, PowerBI",Budgeting & Forecasting,Learn Budgeting & Forecasting: Mastering Budgeting & Forecasting
1242,Norman Lane 1142,IT,Data Analyst,37,118265,0.0034,LOW,48.9,3,"Data Cleaning, Tableau",Data Cleaning,Learn Data Cleaning: Mastering Data Cleaning
1243,Sara Snyder 1143,Finance,Financial Analyst,30,85126,0.9953,HIGH,71.3,2,"Budgeting & Forecasting, SQL, Variance Analysis",Budgeting & Forecasting,Learn Budgeting & Forecasting: Mastering Budgeting & Forecasting
1244,Peter Mckee 1144,Finance,Accountant,54,55545,0.0038,LOW,69.6,3,"General Ledger, Tax Compliance",General Ledger,Learn General Ledger: Mastering General Ledger
1245,Brenda Bauer 1145,IT,Tester,26,90114,0.1279,LOW,66.8,4,"Postman, PyTest",Postman,Learn Postman: Mastering Postman
1246,Sara Khan 1146,HR,HR Manager,28,128740,0.0,LOW,80.2,3,"Employee Retention, HR Compliance, Performance Management",Employee Retention,Learn Employee Retention: Strategic HR Leadership & Talent Retention Strategies
1247,Kavya Menon 1147,Sales,Business Development,31,48890,0.9999,HIGH,56.0,2,"Deal Closing, Market Expansion",Deal Closing,Learn Deal Closing: Mastering Deal Closing
1248,Meera Das 1148,Marketing,Marketing Executive,32,156284,0.0001,LOW,72.2,3,"Market Research, Social Media Marketing",Market Research,Learn Market Research: Mastering Market Research
1249,Kabir Mehta 1149,Sales,Account Manager,29,87482,0.3861,LOW,69.5,3,"Account Growth, Client Relationship Management, Cross-selling",Account Growth,Learn Account Growth: Mastering Account Growth
1250,Shannon Clark 1150,HR,Employee Relations,22,167812,0.0016,LOW,72.5,3,"Employee Wellbeing, Workplace Policy",Employee Wellbeing,Learn Employee Wellbeing: Mastering Employee Wellbeing
1251,Clinton Scott 1151,Sales,Sales Executive,28,177290,0.0,LOW,51.2,3,"Client Relationship Management, HubSpot, Pipeline Management",Client Relationship Management,Learn Client Relationship Management: Mastering Client Relationship Management
1252,Riya Mishra 1152,Marketing,Content Lead,31,106591,0.0,LOW,65.7,5,Adobe Creative Cloud,Adobe Creative Cloud,Learn Adobe Creative Cloud: Mastering Adobe Creative Cloud
1253,Christopher Benson 1153,Sales,Account Manager,56,123241,0.0,LOW,72.2,3,"Account Growth, Contract Renewal",Account Growth,Learn Account Growth: Mastering Account Growth
1254,Nicole Roberts 1154,HR,HR Manager,30,69722,0.0,LOW,78.5,3,"BambooHR, Excel, Talent Acquisition",BambooHR,Learn BambooHR: Mastering BambooHR
1255,Megan Williams 1155,HR,Employee Relations,41,84431,0.9565,HIGH,94.2,3,"Employee Wellbeing, ServiceNow HR",Employee Wellbeing,Learn Employee Wellbeing: Mastering Employee Wellbeing
1256,Peter Mckee 1156,Finance,Financial Analyst,40,77000,0.0053,LOW,81.7,2,"Excel, Financial Modeling",Excel,Learn Excel: Mastering Excel
1257,Ishaan Malhotra 1157,Sales,Sales Executive,28,106975,0.0,LOW,77.5,4,"Lead Generation, Pipeline Management",Lead Generation,Learn Lead Generation: Mastering Lead Generation
1258,Aarav Sharma 1158,IT,Software Engineer,56,65921,0.0001,LOW,87.3,3,"CI/CD, Data Structures & Algorithms, Git, REST APIs",CI/CD,Learn CI/CD: Mastering CI/CD
1259,Cody Bright 1159,HR,HR Executive,49,134265,0.0051,LOW,68.4,5,HR Operations,HR Operations,Learn HR Operations: Mastering HR Operations
1260,Megan Williams 1160,Finance,Auditor,32,123747,0.0,LOW,90.6,5,Internal Audit,Internal Audit,Learn Internal Audit: Mastering Internal Audit
1261,Meera Das 1161,Sales,Sales Executive,34,52601,0.0065,LOW,85.4,3,"B2B Sales, HubSpot",B2B Sales,Learn B2B Sales: Mastering B2B Sales
1262,Riya Mishra 1162,Sales,Sales Executive,41,128332,0.0,LOW,66.6,5,"Client Relationship Management, LinkedIn Sales Navigator, Salesforce",Client Relationship Management,Learn Client Relationship Management: Mastering Client Relationship Management
1263,Aditya Kumar 1163,Support,Helpdesk,42,158254,0.0,LOW,95.1,5,"Troubleshooting, Zendesk",Troubleshooting,Learn Troubleshooting: Mastering Troubleshooting
1264,Aditya Kumar 1164,HR,Employee Relations,41,154004,0.0003,LOW,77.4,3,"Conflict Resolution, ServiceNow HR",Conflict Resolution,Learn Conflict Resolution: Workplace Conflict Resolution & Empathy-Driven Leadership
1265,Aarav Sharma 1165,Sales,Business Development,50,182364,0.0,LOW,98.3,3,"Partnership Management, ZoomInfo",Partnership Management,Learn Partnership Management: Mastering Partnership Management
1266,Rohan Pillai 1166,IT,Engineer,59,63000,0.0,LOW,75.6,4,Cloud Infrastructure,Cloud Infrastructure,Learn Cloud Infrastructure: Mastering Cloud Infrastructure
1267,Pari Joshi 1167,Support,Support Engineer,40,165439,0.0,LOW,65.3,3,"Root Cause Analysis, SLA Management, Technical Troubleshooting",Root Cause Analysis,Learn Root Cause Analysis: Mastering Root Cause Analysis
1268,Steven Barnett 1168,IT,Data Analyst,44,154277,0.0,LOW,62.8,3,"Excel, Python, Tableau",Excel,Learn Excel: Mastering Excel
1269,Taylor Morris 1169,Finance,Auditor,43,65383,0.9256,HIGH,67.7,1,"Financial Controls, Risk Assessment, SAP",Financial Controls,Learn Financial Controls: Mastering Financial Controls
1270,Judith Ware 1170,HR,HR Manager,27,177857,0.0,LOW,65.1,3,"Employee Retention, HR Compliance, Talent Acquisition",Employee Retention,Learn Employee Retention: Strategic HR Leadership & Talent Retention Strategies
1271,Riya Mishra 1171,HR,HR Executive,29,75910,0.0002,LOW,87.3,5,"Excel, Payroll Coordination",Excel,Learn Excel: Mastering Excel
1272,Judith Ware 1172,HR,HR Manager,21,59281,0.0003,LOW,71.7,3,"BambooHR, Performance Management, Workday",BambooHR,Learn BambooHR: Mastering BambooHR
1273,Aarav Sharma 1173,Sales,Account Manager,46,148838,0.0,LOW,52.6,4,"Contract Renewal, Zendesk",Contract Renewal,Learn Contract Renewal: Mastering Contract Renewal
1274,Navya Chopra 1174,IT,Software Engineer,58,39841,0.8489,HIGH,74.6,3,"Data Structures & Algorithms, Git, REST APIs, System Design",Data Structures & Algorithms,Learn Data Structures & Algorithms: Mastering Data Structures & Algorithms
1275,Navya Chopra 1175,IT,Software Engineer,58,132204,0.0,LOW,73.5,3,"Code Quality & Testing, Docker, Git, System Design",Code Quality & Testing,Learn Code Quality & Testing: Mastering Code Quality & Testing
1276,Rita Walker 1176,HR,Employee Relations,42,95155,0.0909,LOW,66.4,3,"Employee Wellbeing, Workplace Policy",Employee Wellbeing,Learn Employee Wellbeing: Mastering Employee Wellbeing
1277,David Williams 1177,IT,Engineer,30,91313,0.0001,LOW,75.2,2,"AWS, Cloud Infrastructure, DevOps",AWS,Learn AWS: AWS Certified Solutions Architect & Cloud Engineering
1278,Taylor Morris 1178,Sales,Account Manager,26,146688,0.0,LOW,71.5,3,"Account Growth, Salesforce",Account Growth,Learn Account Growth: Mastering Account Growth
1279,Peter Mckee 1179,HR,Employee Relations,37,183515,0.0,LOW,79.6,4,"Conflict Resolution, ServiceNow HR",Conflict Resolution,Learn Conflict Resolution: Workplace Conflict Resolution & Empathy-Driven Leadership
1280,Troy Ford 1180,Sales,Account Manager,58,167994,0.0,LOW,78.9,3,"Contract Renewal, Salesforce",Contract Renewal,Learn Contract Renewal: Mastering Contract Renewal
1281,Erin Massey 1181,HR,Recruitment Specialist,44,66976,0.9725,HIGH,76.4,3,"Lever, Screening & Interviewing",Lever,Learn Lever: Mastering Lever
1282,Aditi Sen 1182,IT,Data Analyst,30,178063,0.0,LOW,56.4,3,"Data Cleaning, Exploratory Data Analysis",Data Cleaning,Learn Data Cleaning: Mastering Data Cleaning
1283,Sara Khan 1183,IT,Tester,28,139405,0.4598,MEDIUM,97.4,3,"Bug Tracking, Manual Testing",Bug Tracking,Learn Bug Tracking: Mastering Bug Tracking
1284,Anna Dominguez 1184,Sales,Sales Executive,41,88744,0.0,LOW,53.3,4,"Lead Generation, Pipeline Management",Lead Generation,Learn Lead Generation: Mastering Lead Generation
1285,Jeffery Lopez 1185,Finance,Auditor,26,37473,0.5277,MEDIUM,70.5,3,"Financial Controls, Risk Assessment",Financial Controls,Learn Financial Controls: Mastering Financial Controls
1286,Vihaan Verma 1186,Finance,Financial Analyst,41,174180,0.0,LOW,58.9,3,"Budgeting & Forecasting, PowerBI",Budgeting & Forecasting,Learn Budgeting & Forecasting: Mastering Budgeting & Forecasting
1287,Devansh Banerjee 1187,Finance,Financial Analyst,59,63715,0.0112,LOW,76.8,2,"Tableau, Variance Analysis",Tableau,Learn Tableau: Mastering Tableau
1288,Devansh Banerjee 1188,IT,Data Analyst,44,72317,0.0,LOW,73.7,3,"Business Reporting, Exploratory Data Analysis",Business Reporting,Learn Business Reporting: Mastering Business Reporting
1289,Pari Joshi 1189,Sales,Sales Executive,53,100516,0.0021,LOW,70.0,3,"B2B Sales, LinkedIn Sales Navigator, Pipeline Management",B2B Sales,Learn B2B Sales: Mastering B2B Sales
1290,Kabir Mehta 1190,IT,Developer,38,89604,0.9755,HIGH,90.2,3,"Full-Stack Development, Node.js, React",Full-Stack Development,Learn Full-Stack Development: Mastering Full-Stack Development
1291,Devansh Banerjee 1191,IT,Software Engineer,48,39889,0.7618,HIGH,85.3,3,"Code Quality & Testing, Kubernetes, Python",Code Quality & Testing,Learn Code Quality & Testing: Mastering Code Quality & Testing
1292,Sara Snyder 1192,HR,Recruitment Specialist,52,108748,0.0013,LOW,68.1,4,"Greenhouse, Salary Benchmarking",Greenhouse,Learn Greenhouse: Mastering Greenhouse
1293,Clinton Scott 1193,Finance,Accountant,32,66971,0.0021,LOW,81.6,3,"General Ledger, Tax Compliance",General Ledger,Learn General Ledger: Mastering General Ledger
1294,Sara Khan 1194,Marketing,Marketing Executive,47,85551,0.0,LOW,90.8,3,"Mailchimp, Market Research",Mailchimp,Learn Mailchimp: Mastering Mailchimp
1295,Connie Bailey 1195,Sales,Account Manager,30,169273,0.0,LOW,85.2,5,"Gainsight, Zendesk",Gainsight,Learn Gainsight: Mastering Gainsight
1296,Connie Bailey 1196,HR,Employee Relations,52,143957,0.0,LOW,70.4,5,ServiceNow HR,ServiceNow HR,Learn ServiceNow HR: Mastering ServiceNow HR
1297,Kavya Menon 1197,Sales,Business Development,46,124882,0.004,LOW,52.9,3,"Deal Closing, Market Expansion",Deal Closing,Learn Deal Closing: Mastering Deal Closing
1298,Nicole Roberts 1198,IT,Tester,45,72958,0.0146,LOW,75.9,3,"PyTest, Test Automation",PyTest,Learn PyTest: Mastering PyTest
1299,Ananya Singh 1199,Finance,Financial Analyst,31,40681,0.6583,MEDIUM,80.0,3,"Budgeting & Forecasting, Excel, Variance Analysis",Budgeting & Forecasting,Learn Budgeting & Forecasting: Mastering Budgeting & Forecasting
1300,Megan Williams 1200,HR,Employee Relations,43,136982,0.0,LOW,62.8,2,"Employee Wellbeing, Workplace Policy",Employee Wellbeing,Learn Employee Wellbeing: Mastering Employee Wellbeing
1301,Norman Lane 1201,Sales,Sales Executive,54,81870,0.0003,LOW,72.3,4,"B2B Sales, Pipeline Management, Salesforce",B2B Sales,Learn B2B Sales: Mastering B2B Sales
1302,Saanvi Iyer 1202,Support,Helpdesk,43,163396,0.0,LOW,71.0,3,"Ticket Resolution, Zendesk",Ticket Resolution,Learn Ticket Resolution: Mastering Ticket Resolution
1303,Saanvi Iyer 1203,Sales,Sales Executive,49,102203,0.0,LOW,88.7,2,"Client Relationship Management, LinkedIn Sales Navigator, Pipeline Management, Salesforce",Client Relationship Management,Learn Client Relationship Management: Mastering Client Relationship Management
1304,Rita Walker 1204,HR,HR Executive,51,85061,0.0,LOW,94.2,4,"Excel, Workday",Excel,Learn Excel: Mastering Excel
1305,Norman Lane 1205,IT,Software Engineer,27,93235,0.1877,LOW,86.1,4,"CI/CD, REST APIs",CI/CD,Learn CI/CD: Mastering CI/CD
1306,Avani Bhat 1206,Marketing,Content Strategist,53,72890,0.0423,LOW,71.0,4,"Content Strategy, Notion",Content Strategy,Learn Content Strategy: Mastering Content Strategy
1307,Anna Dominguez 1207,Marketing,SEO Analyst,41,125073,0.0,LOW,85.8,3,"Google Search Console, Rank Tracking",Google Search Console,Learn Google Search Console: Mastering Google Search Console
1308,Jeffery Lopez 1208,Marketing,SEO Analyst,22,96401,0.0,LOW,79.8,3,"Google Search Console, Rank Tracking",Google Search Console,Learn Google Search Console: Mastering Google Search Console
1309,Judith Ware 1209,Marketing,Marketing Executive,38,46217,0.0098,LOW,71.1,2,"Market Research, Meta Ads Manager",Market Research,Learn Market Research: Mastering Market Research
1310,Peter Mckee 1210,IT,Data Analyst,53,83351,0.0004,LOW,97.1,4,"Excel, Exploratory Data Analysis, Statistical Analysis",Excel,Learn Excel: Mastering Excel
1311,Aditya Kumar 1211,Finance,Auditor,57,68741,0.4853,MEDIUM,63.1,4,"ACL Analytics, Internal Audit",ACL Analytics,Learn ACL Analytics: Mastering ACL Analytics
1312,Pari Joshi 1212,Marketing,Content Lead,54,36408,0.0029,LOW,79.2,4,"Content Production, Figma",Content Production,Learn Content Production: Mastering Content Production
1313,Connie Bailey 1213,Sales,Account Manager,40,77903,0.0232,LOW,82.1,4,"Contract Renewal, Gainsight, Salesforce",Contract Renewal,Learn Contract Renewal: Mastering Contract Renewal
1314,Joel Fuller 1214,Finance,Auditor,55,142042,0.0015,LOW,68.6,1,"ACL Analytics, Internal Audit",ACL Analytics,Learn ACL Analytics: Mastering ACL Analytics
1315,Troy Ford 1215,Marketing,SEO Specialist,38,167290,0.0002,LOW,78.7,3,"Google Analytics, Keyword Research, Technical SEO",Google Analytics,Learn Google Analytics: Mastering Google Analytics
1316,Sara Snyder 1216,Sales,Sales Executive,44,157189,0.0,LOW,83.3,3,"B2B Sales, Negotiation",B2B Sales,Learn B2B Sales: Mastering B2B Sales
1317,Rohan Pillai 1217,Sales,Sales Executive,28,144268,0.0,LOW,74.9,4,"B2B Sales, HubSpot, Salesforce",B2B Sales,Learn B2B Sales: Mastering B2B Sales
1318,Nicole Roberts 1218,Finance,Accountant,50,65105,0.026,LOW,77.7,2,"General Ledger, QuickBooks",General Ledger,Learn General Ledger: Mastering General Ledger
1319,Ayaan Saxena 1219,Support,Support Engineer,30,104634,0.0567,LOW,73.3,3,"Splunk, Technical Troubleshooting",Splunk,Learn Splunk: Mastering Splunk
1320,Rohan Pillai 1220,IT,Developer,43,152426,0.0,LOW,81.6,2,"Git Version Control, JavaScript / TypeScript, React",Git Version Control,Learn Git Version Control: Mastering Git Version Control
1321,Jeffery Lopez 1221,IT,Data Analyst,31,173691,0.0,LOW,69.3,3,"Statistical Analysis, Tableau",Statistical Analysis,Learn Statistical Analysis: Mastering Statistical Analysis
1322,Steven Barnett 1222,IT,Data Analyst,22,178011,0.0,LOW,68.3,4,"Business Reporting, Excel",Business Reporting,Learn Business Reporting: Mastering Business Reporting
1323,Cody Bright 1223,Finance,Auditor,46,53226,0.0,LOW,72.2,3,"Financial Controls, Risk Assessment",Financial Controls,Learn Financial Controls: Mastering Financial Controls
1324,Saanvi Iyer 1224,IT,Tester,56,60322,0.8174,HIGH,86.2,4,"Jira, Test Automation",Jira,Learn Jira: Mastering Jira
1325,Reyansh Reddy 1225,IT,Software Engineer,53,152504,0.0013,LOW,51.0,3,"CI/CD, Data Structures & Algorithms, System Design",CI/CD,Learn CI/CD: Mastering CI/CD
1326,Kabir Mehta 1226,Finance,Accountant,33,93215,0.5371,MEDIUM,61.1,2,"Excel, QuickBooks",Excel,Learn Excel: Mastering Excel
1327,Aarav Sharma 1227,IT,Engineer,45,182950,0.0,LOW,99.3,3,"Backend Architecture, Linux",Backend Architecture,Learn Backend Architecture: Mastering Backend Architecture
1328,Kavya Menon 1228,Sales,Account Manager,24,172632,0.0,LOW,75.3,5,"Account Growth, Cross-selling",Account Growth,Learn Account Growth: Mastering Account Growth
1329,Erin Massey 1229,HR,HR Manager,39,129835,0.0001,LOW,67.1,3,"BambooHR, HR Compliance",BambooHR,Learn BambooHR: Mastering BambooHR
1330,Sara Khan 1230,IT,Software Engineer,38,108079,0.0112,LOW,81.5,2,"Data Structures & Algorithms, Kubernetes, System Design",Data Structures & Algorithms,Learn Data Structures & Algorithms: Mastering Data Structures & Algorithms
1331,Aditi Sen 1231,Finance,Auditor,57,58946,0.0,LOW,62.6,3,"Financial Controls, Risk Assessment",Financial Controls,Learn Financial Controls: Mastering Financial Controls
1332,Jasmine Gonzalez 1232,Marketing,SEO Analyst,50,145733,0.0,LOW,46.8,3,"Google Search Console, Rank Tracking",Google Search Console,Learn Google Search Console: Mastering Google Search Console
1333,David Williams 1233,Finance,Financial Analyst,39,42253,0.0,LOW,76.3,3,"Budgeting & Forecasting, Excel, Tableau",Budgeting & Forecasting,Learn Budgeting & Forecasting: Mastering Budgeting & Forecasting
1334,Judith Ware 1234,Support,Helpdesk,43,114311,0.0,LOW,63.2,3,"Customer Support, Ticket Resolution",Customer Support,Learn Customer Support: Mastering Customer Support
1335,Jeffery Lopez 1235,Marketing,Marketing Executive,36,67813,0.0014,LOW,73.2,5,"Market Research, Meta Ads Manager",Market Research,Learn Market Research: Mastering Market Research
1336,Vihaan Verma 1236,Sales,Account Manager,21,83365,0.9767,HIGH,76.0,4,"Cross-selling, Gainsight",Cross-selling,Learn Cross-selling: Mastering Cross-selling
1337,Joel Fuller 1237,Finance,Auditor,32,102593,0.0011,LOW,73.7,1,"Excel, Financial Controls, SAP",Excel,Learn Excel: Mastering Excel
1338,Kavya Menon 1238,Support,Helpdesk,44,184485,0.0054,LOW,51.5,3,"Troubleshooting, Zendesk",Troubleshooting,Learn Troubleshooting: Mastering Troubleshooting
1339,Avani Bhat 1239,HR,HR Executive,54,73485,0.0,LOW,72.3,4,HR Operations,HR Operations,Learn HR Operations: Mastering HR Operations
1340,Riya Mishra 1240,Sales,Sales Executive,28,146504,0.0,LOW,77.3,4,"HubSpot, LinkedIn Sales Navigator",HubSpot,Learn HubSpot: Mastering HubSpot
1341,David Williams 1241,IT,Software Engineer,38,51101,0.0001,LOW,55.2,3,"CI/CD, Code Quality & Testing, Data Structures & Algorithms, Python",CI/CD,Learn CI/CD: Mastering CI/CD
1342,Ananya Singh 1242,Marketing,Content Lead,25,43831,0.5218,MEDIUM,53.8,3,"Adobe Creative Cloud, Brand Storytelling",Adobe Creative Cloud,Learn Adobe Creative Cloud: Mastering Adobe Creative Cloud
1343,Jasmine Gonzalez 1243,IT,Software Engineer,46,86897,0.8257,HIGH,59.2,4,"Docker, Kubernetes, REST APIs",Docker,Learn Docker: Docker & Kubernetes for Cloud Native DevOps
1344,Anna Dominguez 1244,Sales,Sales Executive,50,40004,0.0012,LOW,81.0,4,"Lead Generation, LinkedIn Sales Navigator, Pipeline Management",Lead Generation,Learn Lead Generation: Mastering Lead Generation
1345,Judith Ware 1245,Sales,Account Manager,33,80924,0.0008,LOW,48.0,3,"Cross-selling, Gainsight",Cross-selling,Learn Cross-selling: Mastering Cross-selling
1346,Norman Lane 1246,Sales,Account Manager,39,72170,0.7291,HIGH,82.0,2,"Contract Renewal, Gainsight",Contract Renewal,Learn Contract Renewal: Mastering Contract Renewal
1347,Reyansh Reddy 1247,HR,HR Manager,49,78555,0.0,LOW,76.7,3,"Employee Retention, HR Compliance, Workday",Employee Retention,Learn Employee Retention: Strategic HR Leadership & Talent Retention Strategies
1348,Vihaan Verma 1248,Support,Helpdesk,23,180734,0.0,LOW,68.9,2,"Troubleshooting, Zendesk",Troubleshooting,Learn Troubleshooting: Mastering Troubleshooting
1349,Manish Badami 1249,Marketing,SEO Analyst,46,153115,0.0,LOW,54.2,2,"Google Search Console, Traffic Analysis",Google Search Console,Learn Google Search Console: Mastering Google Search Console
1350,Meera Das 1250,IT,Tester,32,139216,0.0,LOW,62.4,3,"Bug Tracking, Manual Testing, PyTest",Bug Tracking,Learn Bug Tracking: Mastering Bug Tracking
1351,Joel Fuller 1251,IT,Developer,22,100930,0.0,LOW,81.4,3,"JavaScript / TypeScript, Node.js",JavaScript / TypeScript,Learn JavaScript / TypeScript: Mastering JavaScript / TypeScript
1352,Peggy Mann 1252,Sales,Account Manager,31,71365,0.0022,LOW,87.1,3,"Account Growth, Cross-selling",Account Growth,Learn Account Growth: Mastering Account Growth
1353,Peter Mckee 1253,Finance,Auditor,48,97188,0.0091,LOW,59.6,3,"Internal Audit, SAP",Internal Audit,Learn Internal Audit: Mastering Internal Audit
1354,Saanvi Iyer 1254,Sales,Account Manager,38,133633,0.0001,LOW,85.7,1,"Account Growth, Client Relationship Management, Gainsight",Account Growth,Learn Account Growth: Mastering Account Growth
1355,Troy Ford 1255,HR,HR Manager,33,98471,0.0,LOW,80.2,2,"BambooHR, Performance Management, Workday",BambooHR,Learn BambooHR: Mastering BambooHR
1356,Aarav Sharma 1256,HR,HR Executive,57,183228,0.0,LOW,71.9,2,"HR Operations, Payroll Coordination",HR Operations,Learn HR Operations: Mastering HR Operations
1357,Cody Bright 1257,Marketing,Content Strategist,42,92287,0.0,LOW,63.1,3,"Canva, WordPress",Canva,Learn Canva: Mastering Canva
1358,Sara Khan 1258,HR,HR Executive,32,167717,0.0,LOW,65.0,3,"Onboarding, Payroll Coordination",Onboarding,Learn Onboarding: Mastering Onboarding
1359,Brenda Bauer 1259,IT,Tester,22,94076,0.9155,HIGH,93.9,3,"Bug Tracking, PyTest",Bug Tracking,Learn Bug Tracking: Mastering Bug Tracking
1360,Kabir Mehta 1260,Finance,Auditor,57,151475,0.0,LOW,74.1,3,"Internal Audit, Risk Assessment",Internal Audit,Learn Internal Audit: Mastering Internal Audit
1361,Christopher Benson 1261,Support,Helpdesk,27,85151,0.0,LOW,88.0,3,"Jira Service Desk, Troubleshooting",Jira Service Desk,Learn Jira Service Desk: Mastering Jira Service Desk
1362,Kavya Menon 1262,Finance,Financial Analyst,46,102384,0.1369,LOW,74.9,3,"Budgeting & Forecasting, Excel, Financial Modeling",Budgeting & Forecasting,Learn Budgeting & Forecasting: Mastering Budgeting & Forecasting
1363,Cody Bright 1263,Marketing,SEO Analyst,46,134865,0.0,LOW,66.6,4,Competitor Analysis,Competitor Analysis,Learn Competitor Analysis: Mastering Competitor Analysis
1364,Joel Fuller 1264,IT,Tester,44,68541,0.0195,LOW,79.0,3,"Selenium, Test Automation",Selenium,Learn Selenium: Mastering Selenium
1365,Aditi Sen 1265,Finance,Financial Analyst,32,107847,0.0543,LOW,97.9,4,"Tableau, Variance Analysis",Tableau,Learn Tableau: Mastering Tableau
1366,Troy Ford 1266,Sales,Sales Executive,36,85955,0.0,LOW,64.3,3,"Pipeline Management, Salesforce",Pipeline Management,Learn Pipeline Management: Mastering Pipeline Management
1367,Pari Joshi 1267,HR,Employee Relations,43,175362,0.0,LOW,83.0,4,"Employee Wellbeing, Workplace Policy",Employee Wellbeing,Learn Employee Wellbeing: Mastering Employee Wellbeing
1368,Kavya Menon 1268,Marketing,Content Strategist,29,122780,0.3102,LOW,74.3,3,"Notion, WordPress",Notion,Learn Notion: Mastering Notion
1369,Connie Bailey 1269,Marketing,SEO Analyst,52,134919,0.0004,LOW,54.6,3,"Google Search Console, Screaming Frog",Google Search Console,Learn Google Search Console: Mastering Google Search Console
1370,Devansh Banerjee 1270,Finance,Accountant,35,147854,0.0,LOW,54.3,3,"QuickBooks, SAP Financials",QuickBooks,Learn QuickBooks: Mastering QuickBooks
1371,Sara Khan 1271,Sales,Sales Executive,57,96768,0.0034,LOW,66.6,4,"B2B Sales, Negotiation",B2B Sales,Learn B2B Sales: Mastering B2B Sales
1372,Cody Bright 1272,Sales,Business Development,33,78262,0.0,LOW,76.2,3,"Salesforce, ZoomInfo",Salesforce,Learn Salesforce: Mastering Salesforce
1373,Peggy Mann 1273,Marketing,SEO Specialist,25,171578,0.0,LOW,82.5,4,"Google Analytics, Search Engine Optimization",Google Analytics,Learn Google Analytics: Mastering Google Analytics
1374,Ananya Singh 1274,IT,Engineer,31,55605,0.9303,HIGH,53.1,3,"Cloud Infrastructure, DevOps",Cloud Infrastructure,Learn Cloud Infrastructure: Mastering Cloud Infrastructure
1375,Sara Snyder 1275,Sales,Business Development,30,113590,0.0,LOW,79.8,3,"Partnership Management, ZoomInfo",Partnership Management,Learn Partnership Management: Mastering Partnership Management
1376,Norman Lane 1276,Finance,Auditor,33,63231,0.0,LOW,70.6,4,"Excel, Financial Controls",Excel,Learn Excel: Mastering Excel
1377,Devansh Banerjee 1277,Sales,Sales Executive,35,114397,0.0,LOW,72.0,5,"Lead Generation, LinkedIn Sales Navigator",Lead Generation,Learn Lead Generation: Mastering Lead Generation
1378,Jeffery Lopez 1278,Support,Support Engineer,27,112123,0.0001,LOW,79.1,3,"Postman, Splunk, Technical Troubleshooting",Postman,Learn Postman: Mastering Postman
1379,Peter Mckee 1279,Sales,Sales Executive,48,48515,0.0029,LOW,93.0,3,"B2B Sales, Negotiation",B2B Sales,Learn B2B Sales: Mastering B2B Sales
1380,Kabir Mehta 1280,HR,HR Manager,52,122211,0.0,LOW,75.6,3,"Excel, HR Compliance",Excel,Learn Excel: Mastering Excel
1381,Myra Nair 1281,IT,Software Engineer,55,51600,0.0,LOW,55.7,3,"Data Structures & Algorithms, Kubernetes, Python",Data Structures & Algorithms,Learn Data Structures & Algorithms: Mastering Data Structures & Algorithms
1382,Taylor Morris 1282,IT,Tester,35,104310,0.0,LOW,69.8,2,"Bug Tracking, Jira, Manual Testing",Bug Tracking,Learn Bug Tracking: Mastering Bug Tracking
1383,Navya Chopra 1283,IT,Developer,56,170501,0.0,LOW,82.2,2,"Git Version Control, PostgreSQL, React",Git Version Control,Learn Git Version Control: Mastering Git Version Control
1384,Peter Mckee 1284,IT,Tester,41,170678,0.0,LOW,82.6,3,"Postman, Test Automation",Postman,Learn Postman: Mastering Postman
1385,Nicole Roberts 1285,Finance,Financial Analyst,26,170550,0.0,LOW,80.0,4,"Tableau, Variance Analysis",Tableau,Learn Tableau: Mastering Tableau
1386,Jasmine Gonzalez 1286,HR,HR Manager,21,149380,0.0011,LOW,65.9,1,"HR Compliance, Talent Acquisition, Workday",HR Compliance,Learn HR Compliance: Mastering HR Compliance
1387,Vivaan Gupta 1287,Marketing,SEO Analyst,24,146780,0.0,LOW,55.6,3,"Google Search Console, Screaming Frog",Google Search Console,Learn Google Search Console: Mastering Google Search Console
1388,Navya Chopra 1288,Sales,Account Manager,31,101177,0.0,LOW,79.1,3,"Gainsight, Salesforce",Gainsight,Learn Gainsight: Mastering Gainsight
1389,Clinton Scott 1289,Sales,Sales Executive,46,90746,0.9143,HIGH,57.4,4,"HubSpot, Lead Generation",HubSpot,Learn HubSpot: Mastering HubSpot
1390,Brenda Bauer 1290,Sales,Sales Executive,57,158075,0.0,LOW,80.3,2,"HubSpot, LinkedIn Sales Navigator, Salesforce",HubSpot,Learn HubSpot: Mastering HubSpot
1391,Arjun Rao 1291,Finance,Financial Analyst,43,120195,0.0002,LOW,80.3,3,"Financial Modeling, PowerBI",Financial Modeling,"Learn Financial Modeling: Financial Modeling, Valuation & Risk Management"
1392,Erin Massey 1292,IT,Tester,49,71818,0.0001,LOW,66.4,5,"Postman, Selenium",Postman,Learn Postman: Mastering Postman
1393,Anna Dominguez 1293,HR,HR Executive,41,56309,0.0,LOW,70.7,3,"HR Operations, Onboarding",HR Operations,Learn HR Operations: Mastering HR Operations
1394,Meera Das 1294,Marketing,SEO Specialist,47,184760,0.0,LOW,74.4,3,"Google Analytics, Search Engine Optimization",Google Analytics,Learn Google Analytics: Mastering Google Analytics
1395,Navya Chopra 1295,Finance,Auditor,59,63176,0.0,LOW,64.6,4,"Excel, Internal Audit",Excel,Learn Excel: Mastering Excel
1396,Jeffery Lopez 1296,IT,Software Engineer,33,103879,0.0076,LOW,55.4,2,"CI/CD, Code Quality & Testing, Data Structures & Algorithms, Kubernetes",CI/CD,Learn CI/CD: Mastering CI/CD
1397,Devansh Banerjee 1297,IT,Cybersecurity Specialist,43,102592,0.0,LOW,71.5,5,"Incident Response, Splunk, Threat Modeling",Incident Response,Learn Incident Response: Mastering Incident Response
1398,Kavya Menon 1298,HR,HR Manager,36,119728,0.001,LOW,72.8,4,"Excel, Performance Management",Excel,Learn Excel: Mastering Excel
1399,Aditya Kumar 1299,IT,Data Analyst,50,175488,0.0,LOW,88.3,2,"Python, SQL, Statistical Analysis, Tableau",Python,Learn Python: Advanced Python Architecture & Performance Optimization
1400,Kabir Mehta 1300,Marketing,Content Strategist,24,43584,0.0051,LOW,62.6,3,"Editorial Calendar, WordPress",Editorial Calendar,Learn Editorial Calendar: Mastering Editorial Calendar
1401,Saanvi Iyer 1301,Sales,Business Development,36,159555,0.0,LOW,84.8,3,"Deal Closing, Salesforce",Deal Closing,Learn Deal Closing: Mastering Deal Closing
1402,Vihaan Verma 1302,HR,Recruitment Specialist,51,128302,0.0,LOW,58.2,4,"Candidate Sourcing, Lever",Candidate Sourcing,Learn Candidate Sourcing: Mastering Candidate Sourcing
1403,Anna Dominguez 1303,IT,Software Engineer,45,157408,0.0,LOW,55.9,2,"Code Quality & Testing, Docker, Git, System Design",Code Quality & Testing,Learn Code Quality & Testing: Mastering Code Quality & Testing
1404,Steven Barnett 1304,Finance,Auditor,32,53830,0.6436,MEDIUM,68.4,3,"Risk Assessment, SAP",Risk Assessment,Learn Risk Assessment: Mastering Risk Assessment
1405,Ashley Marsh 1305,Sales,Sales Executive,46,112066,0.0,LOW,60.7,3,"HubSpot, Lead Generation, Pipeline Management",HubSpot,Learn HubSpot: Mastering HubSpot
1406,Sara Snyder 1306,Support,Support Engineer,57,38591,0.1771,LOW,55.7,4,"Jira, Splunk",Jira,Learn Jira: Mastering Jira
1407,Shannon Clark 1307,Marketing,Content Lead,53,128878,0.0,LOW,95.3,3,"Creative Direction, Figma",Creative Direction,Learn Creative Direction: Mastering Creative Direction
1408,Norman Lane 1308,Marketing,Content Strategist,48,160407,0.0,LOW,66.6,3,"Content Strategy, Copywriting, WordPress",Content Strategy,Learn Content Strategy: Mastering Content Strategy
1409,Rita Walker 1309,Finance,Accountant,29,151869,0.0,LOW,99.7,3,"Excel, General Ledger",Excel,Learn Excel: Mastering Excel
1410,Manish Badami 1310,IT,Data Analyst,32,56395,0.4194,LOW,60.1,4,"Data Cleaning, Excel",Data Cleaning,Learn Data Cleaning: Mastering Data Cleaning
1411,Joel Fuller 1311,IT,Cybersecurity Specialist,25,51738,0.9271,HIGH,51.5,3,"Incident Response, Nmap",Incident Response,Learn Incident Response: Mastering Incident Response
1412,Joel Fuller 1312,IT,Tester,48,168703,0.0,LOW,87.5,4,"Bug Tracking, Postman",Bug Tracking,Learn Bug Tracking: Mastering Bug Tracking
1413,Ayaan Saxena 1313,Finance,Auditor,55,183977,0.0002,LOW,63.3,2,"Excel, Risk Assessment",Excel,Learn Excel: Mastering Excel
1414,Riya Mishra 1314,Sales,Sales Executive,25,54056,0.0002,LOW,73.7,3,"Client Relationship Management, LinkedIn Sales Navigator, Salesforce",Client Relationship Management,Learn Client Relationship Management: Mastering Client Relationship Management
1415,Erin Massey 1315,Sales,Account Manager,54,156656,0.0,LOW,55.7,4,"Cross-selling, Salesforce",Cross-selling,Learn Cross-selling: Mastering Cross-selling
1416,Arjun Rao 1316,Sales,Sales Executive,54,150316,0.0,LOW,71.5,3,"LinkedIn Sales Navigator, Negotiation, Pipeline Management",LinkedIn Sales Navigator,Learn LinkedIn Sales Navigator: Mastering LinkedIn Sales Navigator
1417,Erin Massey 1317,IT,Developer,33,89418,0.0,LOW,55.5,4,"API Integration, Full-Stack Development, JavaScript / TypeScript",API Integration,Learn API Integration: Mastering API Integration
1418,Peter Mckee 1318,IT,Developer,59,72190,0.0302,LOW,71.1,3,"Database Design, Full-Stack Development, Git Version Control",Database Design,Learn Database Design: Mastering Database Design
1419,Meera Das 1319,Finance,Accountant,34,61014,0.0079,LOW,66.3,4,"QuickBooks, SAP Financials",QuickBooks,Learn QuickBooks: Mastering QuickBooks
1420,Cody Bright 1320,IT,Tester,31,160563,0.0,LOW,74.8,2,"Selenium, Test Automation",Selenium,Learn Selenium: Mastering Selenium
1421,Riya Mishra 1321,Finance,Financial Analyst,58,36780,0.0011,LOW,79.5,2,"Excel, Financial Modeling, Tableau",Excel,Learn Excel: Mastering Excel
1422,Myra Nair 1322,Finance,Financial Analyst,24,77192,0.0,LOW,74.9,4,"Budgeting & Forecasting, SQL",Budgeting & Forecasting,Learn Budgeting & Forecasting: Mastering Budgeting & Forecasting
1423,Shannon Clark 1323,HR,Employee Relations,53,139875,0.0,LOW,77.4,4,"ServiceNow HR, Workplace Policy",ServiceNow HR,Learn ServiceNow HR: Mastering ServiceNow HR
1424,Ashley Marsh 1324,Finance,Auditor,27,134129,0.0001,LOW,70.7,3,"Internal Audit, SAP",Internal Audit,Learn Internal Audit: Mastering Internal Audit
1425,Aarav Sharma 1325,IT,Data Analyst,28,78923,0.0,LOW,66.8,5,"Data Cleaning, Exploratory Data Analysis, Tableau",Data Cleaning,Learn Data Cleaning: Mastering Data Cleaning
1426,Diya Patel 1326,HR,HR Executive,57,124196,0.123,LOW,77.6,3,"Excel, HR Operations",Excel,Learn Excel: Mastering Excel
1427,Kavya Menon 1327,Marketing,Content Lead,30,37395,0.0,LOW,70.7,5,Creative Direction,Creative Direction,Learn Creative Direction: Mastering Creative Direction
1428,Avani Bhat 1328,Support,Helpdesk,35,137449,0.0,LOW,71.1,3,"Customer Support, Zendesk",Customer Support,Learn Customer Support: Mastering Customer Support
1429,Ashley Marsh 1329,IT,Engineer,58,156747,0.0,LOW,76.8,3,"Backend Architecture, Linux",Backend Architecture,Learn Backend Architecture: Mastering Backend Architecture
1430,Manish Badami 1330,HR,HR Manager,35,181851,0.0,LOW,59.6,3,"BambooHR, HR Compliance, Workday",BambooHR,Learn BambooHR: Mastering BambooHR
1431,Sara Khan 1331,Sales,Business Development,25,106028,0.0,LOW,89.2,5,"Partnership Management, Salesforce",Partnership Management,Learn Partnership Management: Mastering Partnership Management
1432,Peter Mckee 1332,Sales,Business Development,49,173183,0.0074,LOW,69.0,3,"Deal Closing, Market Expansion",Deal Closing,Learn Deal Closing: Mastering Deal Closing
1433,Judith Ware 1333,Finance,Accountant,39,176056,0.0,LOW,73.5,5,SAP Financials,SAP Financials,Learn SAP Financials: Mastering SAP Financials
1434,Kabir Mehta 1334,HR,HR Executive,30,128176,0.0016,LOW,71.5,4,"HR Operations, Payroll Coordination",HR Operations,Learn HR Operations: Mastering HR Operations
1435,Pari Joshi 1335,Marketing,SEO Specialist,32,61924,0.2195,LOW,79.8,3,"Ahrefs, Keyword Research",Ahrefs,Learn Ahrefs: Mastering Ahrefs
1436,Peggy Mann 1336,Finance,Financial Analyst,24,67577,0.0811,LOW,76.1,3,"Budgeting & Forecasting, PowerBI, SQL",Budgeting & Forecasting,Learn Budgeting & Forecasting: Mastering Budgeting & Forecasting
1437,Kavya Menon 1337,Sales,Business Development,51,173783,0.0004,LOW,71.4,3,"Market Expansion, Salesforce",Market Expansion,Learn Market Expansion: Mastering Market Expansion
1438,Riya Mishra 1338,IT,Software Engineer,38,120548,0.0,LOW,89.4,3,"Code Quality & Testing, REST APIs, System Design",Code Quality & Testing,Learn Code Quality & Testing: Mastering Code Quality & Testing
1439,Peter Mckee 1339,Marketing,Content Strategist,36,160093,0.0005,LOW,33.6,2,"Editorial Calendar, Notion",Editorial Calendar,Learn Editorial Calendar: Mastering Editorial Calendar
1440,Aditi Sen 1340,HR,Recruitment Specialist,56,170168,0.0,LOW,86.9,4,"Salary Benchmarking, Screening & Interviewing",Salary Benchmarking,Learn Salary Benchmarking: Mastering Salary Benchmarking
1441,Rita Walker 1341,IT,Tester,45,101555,0.0,LOW,83.0,3,"Jira, PyTest",Jira,Learn Jira: Mastering Jira
1442,Peggy Mann 1342,IT,Data Analyst,43,124848,0.0,LOW,50.0,4,"Data Cleaning, PowerBI, Python",Data Cleaning,Learn Data Cleaning: Mastering Data Cleaning
1443,Reyansh Reddy 1343,IT,Tester,32,43254,0.1554,LOW,83.2,3,"Bug Tracking, Jira",Bug Tracking,Learn Bug Tracking: Mastering Bug Tracking
1444,Myra Nair 1344,IT,Tester,54,160410,0.0,LOW,84.7,3,"Bug Tracking, Manual Testing",Bug Tracking,Learn Bug Tracking: Mastering Bug Tracking
1445,Anna Dominguez 1345,Finance,Financial Analyst,56,172037,0.0003,LOW,78.7,3,"Budgeting & Forecasting, PowerBI, SQL",Budgeting & Forecasting,Learn Budgeting & Forecasting: Mastering Budgeting & Forecasting
1446,Vihaan Verma 1346,IT,Software Engineer,57,138025,0.0,LOW,53.3,4,"Data Structures & Algorithms, System Design",Data Structures & Algorithms,Learn Data Structures & Algorithms: Mastering Data Structures & Algorithms
1447,Kabir Mehta 1347,IT,Tester,23,165509,0.0,LOW,80.2,3,"Manual Testing, PyTest",Manual Testing,Learn Manual Testing: Mastering Manual Testing
1448,Jeffery Lopez 1348,Marketing,SEO Specialist,29,67963,0.3872,LOW,84.1,5,"Keyword Research, Search Engine Optimization",Keyword Research,Learn Keyword Research: Mastering Keyword Research
1449,Myra Nair 1349,IT,Engineer,38,38273,0.0,LOW,65.1,3,"Cloud Infrastructure, Terraform",Cloud Infrastructure,Learn Cloud Infrastructure: Mastering Cloud Infrastructure
1450,Joel Fuller 1350,Finance,Financial Analyst,55,50330,0.0,LOW,77.3,5,"Budgeting & Forecasting, Tableau",Budgeting & Forecasting,Learn Budgeting & Forecasting: Mastering Budgeting & Forecasting
1451,Arjun Rao 1351,Finance,Accountant,54,111422,0.0,LOW,67.8,4,"General Ledger, QuickBooks",General Ledger,Learn General Ledger: Mastering General Ledger
1452,Peter Mckee 1352,Support,Helpdesk,34,157089,0.0001,LOW,82.6,4,"Jira Service Desk, Ticket Resolution",Jira Service Desk,Learn Jira Service Desk: Mastering Jira Service Desk
1453,Ananya Singh 1353,HR,Employee Relations,24,38212,0.0101,LOW,68.2,3,"Employee Wellbeing, Excel",Employee Wellbeing,Learn Employee Wellbeing: Mastering Employee Wellbeing
1454,Avani Bhat 1354,Finance,Financial Analyst,49,122594,0.0217,LOW,65.0,3,"PowerBI, Tableau, Variance Analysis",PowerBI,Learn PowerBI: PowerBI & Tableau Executive Dashboards
1455,David Williams 1355,Marketing,Marketing Executive,35,167152,0.0,LOW,71.5,4,"Market Research, Meta Ads Manager",Market Research,Learn Market Research: Mastering Market Research
1456,Ananya Singh 1356,IT,Software Engineer,48,67675,0.9443,HIGH,55.9,3,"AWS, Data Structures & Algorithms, Python, REST APIs",AWS,Learn AWS: AWS Certified Solutions Architect & Cloud Engineering
1457,Ashley Marsh 1357,Sales,Sales Executive,36,57007,0.9766,HIGH,70.3,3,"Negotiation, Salesforce",Negotiation,Learn Negotiation: Strategic Negotiation & High-Value B2B Closing
1458,Myra Nair 1358,IT,Software Engineer,32,148805,0.0005,LOW,76.3,4,"Git, Python",Git,Learn Git: Mastering Git
1459,Taylor Morris 1359,Finance,Accountant,25,117641,0.0003,LOW,82.4,3,"Excel, QuickBooks, SAP Financials",Excel,Learn Excel: Mastering Excel
1460,Reyansh Reddy 1360,IT,Engineer,54,130815,0.0,LOW,75.0,3,Terraform,Terraform,Learn Terraform: Mastering Terraform
1461,Meera Das 1361,Finance,Accountant,21,81815,0.0207,LOW,54.8,2,"Financial Accounting, SAP Financials, Tax Compliance",Financial Accounting,Learn Financial Accounting: Mastering Financial Accounting
1462,Aditya Kumar 1362,Sales,Account Manager,59,118482,0.2089,LOW,88.2,3,"Cross-selling, Salesforce",Cross-selling,Learn Cross-selling: Mastering Cross-selling
1463,Manish Badami 1363,HR,HR Executive,52,35639,0.007,LOW,89.2,4,Workday,Workday,Learn Workday: Mastering Workday
1464,Taylor Morris 1364,IT,Cybersecurity Specialist,46,98593,0.722,HIGH,73.4,4,"Network Security, Splunk",Network Security,Learn Network Security: Mastering Network Security
1465,Meera Das 1365,Finance,Auditor,37,113038,0.0,LOW,63.0,1,"ACL Analytics, Excel, Risk Assessment",ACL Analytics,Learn ACL Analytics: Mastering ACL Analytics
1466,Arjun Rao 1366,IT,Engineer,47,128899,0.0536,LOW,65.6,4,DevOps,DevOps,Learn DevOps: Mastering DevOps
1467,Vivaan Gupta 1367,Support,Support Engineer,44,38736,0.1348,LOW,69.6,1,"Jira, Root Cause Analysis",Jira,Learn Jira: Mastering Jira
1468,Peggy Mann 1368,HR,HR Manager,55,51473,0.9756,HIGH,75.3,3,"Excel, Performance Management",Excel,Learn Excel: Mastering Excel
1469,Nicole Roberts 1369,Sales,Sales Executive,59,163771,0.0001,LOW,68.3,2,"B2B Sales, Lead Generation, Pipeline Management",B2B Sales,Learn B2B Sales: Mastering B2B Sales
1470,Jeffery Lopez 1370,HR,HR Manager,46,160801,0.0001,LOW,61.7,5,"BambooHR, HR Compliance",BambooHR,Learn BambooHR: Mastering BambooHR
1471,Ananya Singh 1371,Finance,Accountant,58,142598,0.0,LOW,84.3,5,QuickBooks,QuickBooks,Learn QuickBooks: Mastering QuickBooks
1472,Ashley Marsh 1372,Marketing,Content Lead,43,121623,0.9553,HIGH,75.1,3,"Content Production, Creative Direction",Content Production,Learn Content Production: Mastering Content Production
1473,Sara Snyder 1373,Marketing,SEO Analyst,42,71820,0.0002,LOW,59.4,3,"Competitor Analysis, Rank Tracking",Competitor Analysis,Learn Competitor Analysis: Mastering Competitor Analysis
1474,Kavya Menon 1374,Marketing,SEO Specialist,24,92589,0.0,LOW,75.5,3,"Keyword Research, Search Engine Optimization, Technical SEO",Keyword Research,Learn Keyword Research: Mastering Keyword Research
1475,Arjun Rao 1375,Sales,Business Development,29,53414,0.9326,HIGH,73.9,4,Partnership Management,Partnership Management,Learn Partnership Management: Mastering Partnership Management
1476,Pari Joshi 1376,IT,Data Analyst,24,162378,0.0,LOW,63.4,3,"Data Cleaning, Python, Statistical Analysis",Data Cleaning,Learn Data Cleaning: Mastering Data Cleaning
1477,Norman Lane 1377,Marketing,SEO Specialist,27,59220,0.0046,LOW,86.3,3,"Google Analytics, SEMrush, Technical SEO",Google Analytics,Learn Google Analytics: Mastering Google Analytics
1478,Judith Ware 1378,IT,Data Analyst,43,95531,0.0,LOW,73.6,3,"Data Cleaning, Exploratory Data Analysis, PowerBI, Python",Data Cleaning,Learn Data Cleaning: Mastering Data Cleaning
1479,Pari Joshi 1379,IT,Cybersecurity Specialist,22,145002,0.0,LOW,69.4,3,"Vulnerability Assessment, Wireshark",Vulnerability Assessment,Learn Vulnerability Assessment: Mastering Vulnerability Assessment
1480,Riya Mishra 1380,HR,Employee Relations,44,44387,0.0035,LOW,71.0,1,"Conflict Resolution, ServiceNow HR",Conflict Resolution,Learn Conflict Resolution: Workplace Conflict Resolution & Empathy-Driven Leadership
1481,Judith Ware 1381,Finance,Financial Analyst,51,111815,0.0,LOW,77.3,3,"Budgeting & Forecasting, Variance Analysis",Budgeting & Forecasting,Learn Budgeting & Forecasting: Mastering Budgeting & Forecasting
1482,Ayaan Saxena 1382,Sales,Business Development,51,62584,0.0001,LOW,71.1,3,"Deal Closing, Market Expansion",Deal Closing,Learn Deal Closing: Mastering Deal Closing
1483,Sara Snyder 1383,Sales,Account Manager,54,79783,0.0,LOW,71.0,5,"Cross-selling, Zendesk",Cross-selling,Learn Cross-selling: Mastering Cross-selling
1484,Pari Joshi 1384,Finance,Financial Analyst,44,159494,0.0009,LOW,84.8,1,"Budgeting & Forecasting, Financial Modeling, PowerBI",Budgeting & Forecasting,Learn Budgeting & Forecasting: Mastering Budgeting & Forecasting
1485,Pari Joshi 1385,HR,HR Executive,46,150814,0.0004,LOW,55.0,3,"Excel, Workday",Excel,Learn Excel: Mastering Excel
1486,Clinton Scott 1386,IT,Engineer,36,165752,0.0,LOW,57.0,3,"AWS, Backend Architecture, Cloud Infrastructure",AWS,Learn AWS: AWS Certified Solutions Architect & Cloud Engineering
1487,Joel Fuller 1387,Finance,Accountant,33,176929,0.0,LOW,81.3,3,"Financial Accounting, General Ledger, SAP Financials",Financial Accounting,Learn Financial Accounting: Mastering Financial Accounting
1488,Taylor Morris 1388,IT,Tester,35,108588,0.0001,LOW,100.0,3,"Bug Tracking, Test Automation",Bug Tracking,Learn Bug Tracking: Mastering Bug Tracking
1489,Reyansh Reddy 1389,Sales,Sales Executive,47,183067,0.0,LOW,82.5,2,"Client Relationship Management, HubSpot, Pipeline Management",Client Relationship Management,Learn Client Relationship Management: Mastering Client Relationship Management
1490,Shannon Clark 1390,Sales,Sales Executive,24,48580,0.9991,HIGH,94.4,3,"B2B Sales, Client Relationship Management, Negotiation",B2B Sales,Learn B2B Sales: Mastering B2B Sales
1491,Avani Bhat 1391,IT,Developer,36,53240,0.0003,LOW,66.8,4,"Node.js, React",Node.js,Learn Node.js: Mastering Node.js
1492,Kavya Menon 1392,Marketing,Content Strategist,50,118446,0.0,LOW,64.4,3,"Copywriting, Notion",Copywriting,Learn Copywriting: Mastering Copywriting
1493,Kabir Mehta 1393,IT,Software Engineer,50,139533,0.009,LOW,77.5,5,"Code Quality & Testing, Git, System Design",Code Quality & Testing,Learn Code Quality & Testing: Mastering Code Quality & Testing
1494,Jeffery Lopez 1394,IT,Cybersecurity Specialist,56,115974,0.0002,LOW,83.4,3,"Nmap, SIEM Tools, Wireshark",Nmap,Learn Nmap: Mastering Nmap
1495,Troy Ford 1395,IT,Tester,23,108401,0.0,LOW,56.3,3,"Bug Tracking, Selenium, Test Automation",Bug Tracking,Learn Bug Tracking: Mastering Bug Tracking
1496,Kabir Mehta 1396,HR,HR Manager,42,178283,0.0024,LOW,69.4,3,"BambooHR, Employee Retention",BambooHR,Learn BambooHR: Mastering BambooHR
1497,Megan Williams 1397,IT,Software Engineer,42,38646,0.0,LOW,71.7,3,"Git, System Design",Git,Learn Git: Mastering Git
1498,Devansh Banerjee 1398,IT,Tester,32,77816,0.0039,LOW,63.9,4,"Jira, PyTest, Selenium",Jira,Learn Jira: Mastering Jira
1499,Kavya Menon 1399,Marketing,SEO Specialist,41,124460,0.0,LOW,65.3,3,"Ahrefs, SEMrush",Ahrefs,Learn Ahrefs: Mastering Ahrefs
1500,Peggy Mann 1400,Sales,Business Development,24,79112,0.5065,MEDIUM,82.1,3,"Partnership Management, Salesforce",Partnership Management,Learn Partnership Management: Mastering Partnership Management
1501,Joel Fuller 1401,Finance,Accountant,51,86048,0.0381,LOW,77.6,3,"General Ledger, Tax Compliance",General Ledger,Learn General Ledger: Mastering General Ledger
1502,Reyansh Reddy 1402,IT,Cybersecurity Specialist,51,167850,0.0,LOW,81.6,5,"Network Security, Threat Modeling",Network Security,Learn Network Security: Mastering Network Security
1503,Rohan Pillai 1403,IT,Tester,43,80752,0.0,LOW,76.0,2,"Bug Tracking, Postman, Selenium",Bug Tracking,Learn Bug Tracking: Mastering Bug Tracking
1504,Erin Massey 1404,IT,Tester,40,105726,0.0,LOW,61.5,3,"Bug Tracking, PyTest, Selenium",Bug Tracking,Learn Bug Tracking: Mastering Bug Tracking
1505,Aditya Kumar 1405,Marketing,SEO Specialist,35,79788,0.0077,LOW,77.1,3,"Ahrefs, Keyword Research, SEMrush",Ahrefs,Learn Ahrefs: Mastering Ahrefs
1506,Judith Ware 1406,Finance,Accountant,43,39747,0.9852,HIGH,60.6,4,"General Ledger, QuickBooks",General Ledger,Learn General Ledger: Mastering General Ledger
1507,Ashley Marsh 1407,HR,Employee Relations,48,35045,0.0127,LOW,68.3,2,"Excel, Workplace Policy",Excel,Learn Excel: Mastering Excel
1508,Vihaan Verma 1408,IT,Engineer,36,42758,0.6559,MEDIUM,59.6,3,"AWS, Cloud Infrastructure, DevOps",AWS,Learn AWS: AWS Certified Solutions Architect & Cloud Engineering
1509,Ashley Marsh 1409,IT,Software Engineer,57,160076,0.0,LOW,64.7,3,"CI/CD, Docker, REST APIs",CI/CD,Learn CI/CD: Mastering CI/CD
1510,Jasmine Gonzalez 1410,Sales,Business Development,41,175926,0.0,LOW,73.1,3,"Market Expansion, Salesforce",Market Expansion,Learn Market Expansion: Mastering Market Expansion
1511,Connie Bailey 1411,Sales,Business Development,35,91950,0.0001,LOW,66.5,4,"Partnership Management, ZoomInfo",Partnership Management,Learn Partnership Management: Mastering Partnership Management
1512,Aditya Kumar 1412,Sales,Account Manager,37,183421,0.0,LOW,61.4,3,"Cross-selling, Gainsight, Zendesk",Cross-selling,Learn Cross-selling: Mastering Cross-selling
1513,Aditya Kumar 1413,Sales,Business Development,57,54455,0.0025,LOW,85.7,3,"Deal Closing, Partnership Management",Deal Closing,Learn Deal Closing: Mastering Deal Closing
1514,Nicole Roberts 1414,IT,Cybersecurity Specialist,33,123552,0.0,LOW,70.6,5,"Splunk, Vulnerability Assessment",Splunk,Learn Splunk: Mastering Splunk
1515,Ananya Singh 1415,Finance,Accountant,39,81116,0.1826,LOW,65.7,3,"Financial Accounting, QuickBooks, Tax Compliance",Financial Accounting,Learn Financial Accounting: Mastering Financial Accounting
1516,Erin Massey 1416,IT,Cybersecurity Specialist,50,155461,0.0,LOW,59.0,3,"Incident Response, Nmap, SIEM Tools",Incident Response,Learn Incident Response: Mastering Incident Response
1517,Ashley Marsh 1417,Finance,Auditor,38,75484,0.0816,LOW,49.5,3,"Excel, Risk Assessment",Excel,Learn Excel: Mastering Excel
1518,Peter Mckee 1418,Finance,Accountant,34,116638,0.005,LOW,69.3,4,"Excel, Financial Accounting",Excel,Learn Excel: Mastering Excel
1519,Norman Lane 1419,HR,Recruitment Specialist,56,169476,0.0,LOW,55.5,3,"Candidate Sourcing, Screening & Interviewing",Candidate Sourcing,Learn Candidate Sourcing: Mastering Candidate Sourcing
1520,Saanvi Iyer 1420,Finance,Financial Analyst,56,135647,0.0007,LOW,80.5,3,"Excel, SQL, Tableau",Excel,Learn Excel: Mastering Excel
1521,Aarav Sharma 1421,Sales,Business Development,40,100642,0.0,LOW,72.4,4,"Salesforce, ZoomInfo",Salesforce,Learn Salesforce: Mastering Salesforce
1522,Ananya Singh 1422,Marketing,SEO Analyst,39,81009,0.0092,LOW,90.7,3,"Competitor Analysis, Traffic Analysis",Competitor Analysis,Learn Competitor Analysis: Mastering Competitor Analysis
1523,Brenda Bauer 1423,Sales,Account Manager,27,163824,0.0,LOW,74.7,4,"Gainsight, Salesforce",Gainsight,Learn Gainsight: Mastering Gainsight
1524,Aarav Sharma 1424,Finance,Auditor,24,64605,0.4023,LOW,63.3,4,"Internal Audit, Risk Assessment",Internal Audit,Learn Internal Audit: Mastering Internal Audit
1525,Reyansh Reddy 1425,Sales,Business Development,54,145879,0.0093,LOW,49.4,3,"Market Expansion, Partnership Management",Market Expansion,Learn Market Expansion: Mastering Market Expansion
1526,Meera Das 1426,IT,Data Analyst,22,155827,0.0,LOW,81.7,4,"Data Cleaning, SQL",Data Cleaning,Learn Data Cleaning: Mastering Data Cleaning
1527,Reyansh Reddy 1427,Marketing,Content Lead,25,40580,0.9942,HIGH,56.4,2,"Content Production, Creative Direction",Content Production,Learn Content Production: Mastering Content Production
1528,Reyansh Reddy 1428,Sales,Business Development,30,149902,0.0,LOW,67.1,4,"Deal Closing, ZoomInfo",Deal Closing,Learn Deal Closing: Mastering Deal Closing
1529,Brenda Bauer 1429,Finance,Auditor,52,40400,0.0027,LOW,92.1,4,"Internal Audit, Risk Assessment",Internal Audit,Learn Internal Audit: Mastering Internal Audit
1530,Megan Williams 1430,HR,HR Manager,33,131032,0.0,LOW,79.3,3,"Employee Retention, HR Compliance, Workday",Employee Retention,Learn Employee Retention: Strategic HR Leadership & Talent Retention Strategies
1531,Aditya Kumar 1431,HR,Recruitment Specialist,59,162319,0.0,LOW,76.7,3,"Candidate Sourcing, Lever, Screening & Interviewing",Candidate Sourcing,Learn Candidate Sourcing: Mastering Candidate Sourcing
1532,Navya Chopra 1432,HR,HR Executive,25,141960,0.0024,LOW,83.3,2,"Excel, HR Operations",Excel,Learn Excel: Mastering Excel
1533,Aditi Sen 1433,IT,Engineer,30,74015,0.8565,HIGH,82.9,1,"Cloud Infrastructure, DevOps, Linux",Cloud Infrastructure,Learn Cloud Infrastructure: Mastering Cloud Infrastructure
1534,Ishaan Malhotra 1434,Marketing,SEO Specialist,30,106713,0.0002,LOW,91.0,3,"Keyword Research, Search Engine Optimization",Keyword Research,Learn Keyword Research: Mastering Keyword Research
1535,Meera Das 1435,Sales,Business Development,58,181046,0.0,LOW,64.8,4,"Deal Closing, Market Expansion",Deal Closing,Learn Deal Closing: Mastering Deal Closing
1536,Aditi Sen 1436,Finance,Financial Analyst,47,180109,0.0,LOW,67.5,3,"Financial Modeling, Tableau",Financial Modeling,"Learn Financial Modeling: Financial Modeling, Valuation & Risk Management"
1537,Norman Lane 1437,Finance,Accountant,41,182239,0.0005,LOW,60.9,3,"General Ledger, QuickBooks",General Ledger,Learn General Ledger: Mastering General Ledger
1538,Jeffery Lopez 1438,Sales,Account Manager,28,123754,0.0001,LOW,71.6,4,"Salesforce, Zendesk",Salesforce,Learn Salesforce: Mastering Salesforce
1539,Joel Fuller 1439,Sales,Sales Executive,21,78148,0.002,LOW,70.4,3,"Negotiation, Salesforce",Negotiation,Learn Negotiation: Strategic Negotiation & High-Value B2B Closing
1540,Ananya Singh 1440,HR,Employee Relations,48,157790,0.0,LOW,50.9,4,ServiceNow HR,ServiceNow HR,Learn ServiceNow HR: Mastering ServiceNow HR
1541,Aditi Sen 1441,IT,Software Engineer,59,121078,0.0,LOW,64.2,3,"Data Structures & Algorithms, Git, Kubernetes",Data Structures & Algorithms,Learn Data Structures & Algorithms: Mastering Data Structures & Algorithms
1542,Aditi Sen 1442,Sales,Business Development,34,91879,0.3312,LOW,89.3,3,"Market Expansion, Salesforce",Market Expansion,Learn Market Expansion: Mastering Market Expansion
1543,Aditi Sen 1443,Sales,Sales Executive,41,154894,0.0,LOW,74.9,3,"Client Relationship Management, Salesforce",Client Relationship Management,Learn Client Relationship Management: Mastering Client Relationship Management
1544,Devansh Banerjee 1444,Finance,Financial Analyst,50,100839,0.0011,LOW,80.6,4,"Financial Modeling, Tableau",Financial Modeling,"Learn Financial Modeling: Financial Modeling, Valuation & Risk Management"
1545,David Williams 1445,IT,Software Engineer,41,64756,0.0,LOW,70.6,2,"Code Quality & Testing, Docker, Kubernetes, Python",Code Quality & Testing,Learn Code Quality & Testing: Mastering Code Quality & Testing
1546,Shannon Clark 1446,Sales,Sales Executive,29,178755,0.0,LOW,49.4,2,"B2B Sales, HubSpot, Negotiation, Pipeline Management",B2B Sales,Learn B2B Sales: Mastering B2B Sales
1547,Clinton Scott 1447,HR,HR Executive,37,177097,0.0,LOW,70.5,3,"Excel, Payroll Coordination",Excel,Learn Excel: Mastering Excel
1548,Vihaan Verma 1448,IT,Cybersecurity Specialist,25,184787,0.0,LOW,84.5,4,"Network Security, Nmap, Threat Modeling",Network Security,Learn Network Security: Mastering Network Security
1549,Avani Bhat 1449,IT,Cybersecurity Specialist,51,127943,0.0012,LOW,57.8,2,"Network Security, Nmap, SIEM Tools, Threat Modeling",Network Security,Learn Network Security: Mastering Network Security
1550,Sara Snyder 1450,Marketing,Content Lead,58,183188,0.0,LOW,81.0,3,"Adobe Creative Cloud, Brand Storytelling",Adobe Creative Cloud,Learn Adobe Creative Cloud: Mastering Adobe Creative Cloud
1551,Rohan Pillai 1451,Sales,Business Development,39,71744,0.0011,LOW,51.6,3,"Market Expansion, Salesforce",Market Expansion,Learn Market Expansion: Mastering Market Expansion
1552,Steven Barnett 1452,IT,Data Analyst,56,159697,0.0,LOW,72.2,3,"Business Reporting, PowerBI, Python",Business Reporting,Learn Business Reporting: Mastering Business Reporting
1553,Navya Chopra 1453,Marketing,Content Strategist,53,151072,0.0,LOW,78.5,3,"Content Strategy, Editorial Calendar",Content Strategy,Learn Content Strategy: Mastering Content Strategy
1554,Riya Mishra 1454,HR,HR Executive,33,168196,0.0024,LOW,68.3,3,"Excel, Payroll Coordination",Excel,Learn Excel: Mastering Excel
1555,Aarav Sharma 1455,IT,Tester,34,42176,0.8955,HIGH,100.0,3,"Bug Tracking, PyTest",Bug Tracking,Learn Bug Tracking: Mastering Bug Tracking
1556,Connie Bailey 1456,Finance,Accountant,53,126310,0.0009,LOW,66.1,3,"Excel, Financial Accounting, SAP Financials",Excel,Learn Excel: Mastering Excel
1557,Jeffery Lopez 1457,IT,Developer,49,184748,0.0,LOW,65.1,2,"Database Design, Git Version Control, JavaScript / TypeScript, Node.js",Database Design,Learn Database Design: Mastering Database Design
1558,Rohan Pillai 1458,Sales,Sales Executive,56,80177,0.0006,LOW,74.5,3,"LinkedIn Sales Navigator, Pipeline Management",LinkedIn Sales Navigator,Learn LinkedIn Sales Navigator: Mastering LinkedIn Sales Navigator
1559,Aarav Sharma 1459,HR,HR Manager,30,145623,0.0,LOW,62.9,3,"Employee Retention, Talent Acquisition",Employee Retention,Learn Employee Retention: Strategic HR Leadership & Talent Retention Strategies
1560,Anna Dominguez 1460,Marketing,SEO Specialist,51,35997,0.911,HIGH,54.7,3,"Ahrefs, Google Analytics, Keyword Research",Ahrefs,Learn Ahrefs: Mastering Ahrefs
1561,Myra Nair 1461,Marketing,Content Strategist,26,155179,0.0,LOW,58.8,3,"Copywriting, WordPress",Copywriting,Learn Copywriting: Mastering Copywriting
1562,Brenda Bauer 1462,Sales,Account Manager,21,155403,0.0,LOW,81.1,4,"Account Growth, Gainsight",Account Growth,Learn Account Growth: Mastering Account Growth
1563,Jeffery Lopez 1463,HR,Recruitment Specialist,27,177303,0.0,LOW,68.3,3,"Greenhouse, LinkedIn Recruiter, Screening & Interviewing",Greenhouse,Learn Greenhouse: Mastering Greenhouse
1564,Aditya Kumar 1464,IT,Engineer,47,130287,0.0,LOW,92.4,3,"Cloud Infrastructure, DevOps",Cloud Infrastructure,Learn Cloud Infrastructure: Mastering Cloud Infrastructure
1565,Jeffery Lopez 1465,IT,Software Engineer,41,154574,0.0,LOW,66.7,2,"AWS, CI/CD, Data Structures & Algorithms, Docker",AWS,Learn AWS: AWS Certified Solutions Architect & Cloud Engineering
1566,Pari Joshi 1466,Sales,Sales Executive,48,156509,0.0,LOW,80.5,3,"B2B Sales, Negotiation, Salesforce",B2B Sales,Learn B2B Sales: Mastering B2B Sales
1567,Cody Bright 1467,IT,Data Analyst,36,120447,0.0,LOW,78.1,3,"Exploratory Data Analysis, Tableau",Exploratory Data Analysis,Learn Exploratory Data Analysis: Mastering Exploratory Data Analysis
1568,Vihaan Verma 1468,HR,HR Executive,43,144522,0.0,LOW,66.5,3,"HR Operations, Workday",HR Operations,Learn HR Operations: Mastering HR Operations
1569,Steven Barnett 1469,IT,Data Analyst,40,116144,0.0001,LOW,61.5,3,"Python, Statistical Analysis, Tableau",Python,Learn Python: Advanced Python Architecture & Performance Optimization
1570,Norman Lane 1470,Sales,Account Manager,58,127693,0.0,LOW,51.2,4,"Cross-selling, Gainsight",Cross-selling,Learn Cross-selling: Mastering Cross-selling
1571,Connie Bailey 1471,IT,Engineer,45,129315,0.0,LOW,78.6,4,"DevOps, Linux",DevOps,Learn DevOps: Mastering DevOps
1572,Aditya Kumar 1472,IT,Cybersecurity Specialist,48,62387,0.0002,LOW,86.4,1,"Network Security, Threat Modeling, Vulnerability Assessment",Network Security,Learn Network Security: Mastering Network Security
1573,Troy Ford 1473,IT,Engineer,25,39090,0.0005,LOW,52.9,3,"Backend Architecture, Linux",Backend Architecture,Learn Backend Architecture: Mastering Backend Architecture
1574,Vihaan Verma 1474,Sales,Business Development,41,155846,0.0,LOW,67.6,1,"Market Expansion, Partnership Management",Market Expansion,Learn Market Expansion: Mastering Market Expansion
1575,Avani Bhat 1475,IT,Developer,38,75239,0.2045,LOW,64.0,3,"Node.js, React",Node.js,Learn Node.js: Mastering Node.js
1576,Sara Snyder 1476,IT,Tester,26,38743,0.0019,LOW,78.6,3,"Jira, Manual Testing, Selenium",Jira,Learn Jira: Mastering Jira
1577,Jasmine Gonzalez 1477,Finance,Financial Analyst,49,65924,0.9984,HIGH,68.1,3,"Financial Modeling, Variance Analysis",Financial Modeling,"Learn Financial Modeling: Financial Modeling, Valuation & Risk Management"
1578,Ayaan Saxena 1478,IT,Developer,39,176268,0.0001,LOW,87.9,3,"API Integration, Full-Stack Development, Git Version Control, JavaScript / TypeScript",API Integration,Learn API Integration: Mastering API Integration
1579,Diya Patel 1479,Marketing,Marketing Executive,53,165160,0.0,LOW,67.4,4,"Meta Ads Manager, Social Media Marketing",Meta Ads Manager,Learn Meta Ads Manager: Mastering Meta Ads Manager
1580,Nicole Roberts 1480,IT,Data Analyst,21,126815,0.0,LOW,57.2,3,"Business Reporting, PowerBI",Business Reporting,Learn Business Reporting: Mastering Business Reporting
1581,Brenda Bauer 1481,IT,Tester,23,140312,0.0,LOW,66.4,3,"Manual Testing, Selenium",Manual Testing,Learn Manual Testing: Mastering Manual Testing
1582,Ayaan Saxena 1482,HR,Employee Relations,41,103860,0.0003,LOW,67.7,3,"ServiceNow HR, Workplace Policy",ServiceNow HR,Learn ServiceNow HR: Mastering ServiceNow HR
1583,Ashley Marsh 1483,IT,Cybersecurity Specialist,55,115399,0.0004,LOW,78.3,3,"Incident Response, Network Security, Nmap",Incident Response,Learn Incident Response: Mastering Incident Response
1584,Joel Fuller 1484,IT,Tester,23,83795,0.2969,LOW,67.5,2,"Bug Tracking, Jira",Bug Tracking,Learn Bug Tracking: Mastering Bug Tracking
1585,Sara Khan 1485,IT,Cybersecurity Specialist,45,86553,0.0009,LOW,77.3,3,"Network Security, Splunk",Network Security,Learn Network Security: Mastering Network Security
1586,Avani Bhat 1486,Support,Support Engineer,58,138976,0.0002,LOW,62.5,3,"Jira, SLA Management",Jira,Learn Jira: Mastering Jira
1587,Sara Snyder 1487,IT,Cybersecurity Specialist,40,148566,0.0,LOW,68.5,3,"Nmap, Splunk, Vulnerability Assessment",Nmap,Learn Nmap: Mastering Nmap
1588,Aditya Kumar 1488,IT,Cybersecurity Specialist,54,154968,0.0,LOW,62.6,2,"Incident Response, Network Security, Nmap",Incident Response,Learn Incident Response: Mastering Incident Response
1589,Judith Ware 1489,IT,Tester,41,96600,0.9723,HIGH,61.8,2,"Jira, PyTest, Selenium",Jira,Learn Jira: Mastering Jira
1590,Arjun Rao 1490,Sales,Business Development,43,85022,0.0006,LOW,87.3,3,"Market Expansion, ZoomInfo",Market Expansion,Learn Market Expansion: Mastering Market Expansion
1591,Peggy Mann 1491,IT,Developer,26,169271,0.0,LOW,63.4,3,"API Integration, JavaScript / TypeScript, PostgreSQL",API Integration,Learn API Integration: Mastering API Integration
1592,Rohan Pillai 1492,Finance,Accountant,33,85897,0.0173,LOW,67.8,3,"Excel, Tax Compliance",Excel,Learn Excel: Mastering Excel
1593,Erin Massey 1493,Sales,Sales Executive,43,73038,0.0,LOW,84.5,3,"HubSpot, Negotiation",HubSpot,Learn HubSpot: Mastering HubSpot
1594,Ayaan Saxena 1494,IT,Data Analyst,29,158323,0.0,LOW,81.0,3,"Exploratory Data Analysis, SQL, Tableau",Exploratory Data Analysis,Learn Exploratory Data Analysis: Mastering Exploratory Data Analysis
1595,Ananya Singh 1495,Sales,Business Development,37,155278,0.9087,HIGH,91.7,3,"Partnership Management, Salesforce",Partnership Management,Learn Partnership Management: Mastering Partnership Management
1596,Diya Patel 1496,HR,Recruitment Specialist,22,146054,0.0032,LOW,77.8,4,"Candidate Sourcing, Salary Benchmarking",Candidate Sourcing,Learn Candidate Sourcing: Mastering Candidate Sourcing
1597,Nicole Roberts 1497,Sales,Business Development,39,42897,0.0497,LOW,64.8,3,"Salesforce, ZoomInfo",Salesforce,Learn Salesforce: Mastering Salesforce
1598,Nicole Roberts 1498,Sales,Business Development,39,99541,0.0082,LOW,96.7,5,ZoomInfo,ZoomInfo,Learn ZoomInfo: Mastering ZoomInfo
1599,Myra Nair 1499,Sales,Account Manager,27,141968,0.0,LOW,79.0,3,"Client Relationship Management, Contract Renewal",Client Relationship Management,Learn Client Relationship Management: Mastering Client Relationship Management
1600,Saanvi Iyer 1500,IT,Engineer,40,49892,0.0076,LOW,70.1,4,"Cloud Infrastructure, DevOps",Cloud Infrastructure,Learn Cloud Infrastructure: Mastering Cloud Infrastructure
1601,Myra Nair 1501,Finance,Financial Analyst,29,174343,0.0002,LOW,72.7,3,"Excel, PowerBI, Variance Analysis",Excel,Learn Excel: Mastering Excel
1602,Vihaan Verma 1502,Marketing,SEO Specialist,37,59815,0.0001,LOW,74.2,4,"Keyword Research, SEMrush",Keyword Research,Learn Keyword Research: Mastering Keyword Research
1603,Clinton Scott 1503,Finance,Financial Analyst,47,80612,0.7757,HIGH,69.2,5,"Excel, PowerBI",Excel,Learn Excel: Mastering Excel
1604,Nicole Roberts 1504,Sales,Sales Executive,22,51267,0.0026,LOW,55.5,1,"LinkedIn Sales Navigator, Negotiation, Pipeline Management, Salesforce",LinkedIn Sales Navigator,Learn LinkedIn Sales Navigator: Mastering LinkedIn Sales Navigator
1605,Taylor Morris 1505,Sales,Sales Executive,56,53268,0.0009,LOW,91.5,2,"B2B Sales, Pipeline Management, Salesforce",B2B Sales,Learn B2B Sales: Mastering B2B Sales
1606,Manish Badami 1506,IT,Data Analyst,39,149463,0.0001,LOW,71.7,3,"Business Reporting, Statistical Analysis",Business Reporting,Learn Business Reporting: Mastering Business Reporting
1607,Reyansh Reddy 1507,Marketing,Content Strategist,37,180335,0.0,LOW,74.2,3,"Content Strategy, Copywriting",Content Strategy,Learn Content Strategy: Mastering Content Strategy
1608,Sara Snyder 1508,Marketing,Content Strategist,25,130347,0.0001,LOW,96.9,4,"Content Strategy, Copywriting, Notion",Content Strategy,Learn Content Strategy: Mastering Content Strategy
1609,Saanvi Iyer 1509,IT,Data Analyst,59,129542,0.0121,LOW,63.8,1,"Excel, PowerBI, Statistical Analysis",Excel,Learn Excel: Mastering Excel
1610,Sara Snyder 1510,Sales,Account Manager,38,101612,0.0,LOW,79.9,4,"Account Growth, Contract Renewal",Account Growth,Learn Account Growth: Mastering Account Growth
1611,Taylor Morris 1511,Finance,Accountant,27,173307,0.0001,LOW,62.5,2,"Financial Accounting, SAP Financials",Financial Accounting,Learn Financial Accounting: Mastering Financial Accounting
1612,Aditi Sen 1512,Finance,Accountant,37,123757,0.0001,LOW,75.9,3,"General Ledger, QuickBooks",General Ledger,Learn General Ledger: Mastering General Ledger
1613,Shannon Clark 1513,Marketing,Content Lead,59,182489,0.0,LOW,74.4,5,"Creative Direction, Figma",Creative Direction,Learn Creative Direction: Mastering Creative Direction
1614,Troy Ford 1514,Support,Helpdesk,56,133075,0.0,LOW,81.5,2,"Customer Support, Troubleshooting",Customer Support,Learn Customer Support: Mastering Customer Support
1615,Clinton Scott 1515,IT,Data Analyst,24,69609,0.0546,LOW,86.5,3,"Data Cleaning, Exploratory Data Analysis",Data Cleaning,Learn Data Cleaning: Mastering Data Cleaning
1616,Aarav Sharma 1516,IT,Tester,58,137785,0.0,LOW,65.0,2,"Bug Tracking, Test Automation",Bug Tracking,Learn Bug Tracking: Mastering Bug Tracking
1617,Arjun Rao 1517,HR,HR Executive,45,58645,0.2315,LOW,89.0,4,Excel,Excel,Learn Excel: Mastering Excel
1618,Christopher Benson 1518,IT,Engineer,25,97233,0.0112,LOW,89.8,3,"Backend Architecture, Cloud Infrastructure",Backend Architecture,Learn Backend Architecture: Mastering Backend Architecture
1619,Vivaan Gupta 1519,Sales,Business Development,50,146443,0.2223,LOW,69.0,4,Salesforce,Salesforce,Learn Salesforce: Mastering Salesforce
1620,Aditi Sen 1520,IT,Engineer,32,42771,0.9731,HIGH,71.9,3,"Cloud Infrastructure, Linux",Cloud Infrastructure,Learn Cloud Infrastructure: Mastering Cloud Infrastructure
1621,Troy Ford 1521,Marketing,Content Strategist,24,137601,0.0,LOW,66.1,3,"Canva, Notion",Canva,Learn Canva: Mastering Canva
1622,Jasmine Gonzalez 1522,HR,Recruitment Specialist,44,168014,0.0008,LOW,68.3,1,"Candidate Sourcing, Greenhouse",Candidate Sourcing,Learn Candidate Sourcing: Mastering Candidate Sourcing
1623,Riya Mishra 1523,Marketing,Content Strategist,49,160224,0.0,LOW,57.6,3,"Content Strategy, Notion, WordPress",Content Strategy,Learn Content Strategy: Mastering Content Strategy
1624,Riya Mishra 1524,IT,Engineer,29,118251,0.0,LOW,81.3,3,Backend Architecture,Backend Architecture,Learn Backend Architecture: Mastering Backend Architecture
1625,Peggy Mann 1525,HR,Recruitment Specialist,24,92042,0.0037,LOW,47.4,3,"Candidate Sourcing, Lever",Candidate Sourcing,Learn Candidate Sourcing: Mastering Candidate Sourcing
1626,Ananya Singh 1526,HR,HR Manager,44,88740,0.0036,LOW,63.6,3,"BambooHR, Employee Retention, Talent Acquisition",BambooHR,Learn BambooHR: Mastering BambooHR
1627,Aditya Kumar 1527,IT,Software Engineer,34,82024,0.3386,LOW,71.4,2,"Data Structures & Algorithms, Git",Data Structures & Algorithms,Learn Data Structures & Algorithms: Mastering Data Structures & Algorithms
1628,Ashley Marsh 1528,Sales,Sales Executive,25,91965,0.0001,LOW,87.6,3,"Lead Generation, LinkedIn Sales Navigator, Pipeline Management, Salesforce",Lead Generation,Learn Lead Generation: Mastering Lead Generation
1629,Peggy Mann 1529,IT,Software Engineer,38,45057,0.9979,HIGH,65.5,3,"CI/CD, Code Quality & Testing, Kubernetes, REST APIs",CI/CD,Learn CI/CD: Mastering CI/CD
1630,Shannon Clark 1530,IT,Engineer,39,43983,0.9968,HIGH,77.1,2,"DevOps, Linux",DevOps,Learn DevOps: Mastering DevOps
1631,Jasmine Gonzalez 1531,IT,Engineer,32,165469,0.7211,HIGH,71.0,2,"Backend Architecture, Terraform",Backend Architecture,Learn Backend Architecture: Mastering Backend Architecture
1632,Troy Ford 1532,IT,Cybersecurity Specialist,38,54995,0.0,LOW,83.3,1,"Network Security, Splunk, Threat Modeling, Wireshark",Network Security,Learn Network Security: Mastering Network Security
1633,Ananya Singh 1533,Support,Helpdesk,37,149587,0.0,LOW,76.5,4,"Jira Service Desk, Troubleshooting",Jira Service Desk,Learn Jira Service Desk: Mastering Jira Service Desk
1634,Sara Snyder 1534,Marketing,SEO Analyst,50,73886,0.873,HIGH,82.0,3,"Screaming Frog, Traffic Analysis",Screaming Frog,Learn Screaming Frog: Mastering Screaming Frog
1635,Troy Ford 1535,IT,Cybersecurity Specialist,44,124025,0.0,LOW,65.4,4,"SIEM Tools, Splunk",SIEM Tools,Learn SIEM Tools: Mastering SIEM Tools
1636,Ishaan Malhotra 1536,Sales,Business Development,31,130149,0.0,LOW,59.8,3,"Deal Closing, ZoomInfo",Deal Closing,Learn Deal Closing: Mastering Deal Closing
1637,Saanvi Iyer 1537,HR,HR Executive,55,129020,0.0004,LOW,76.4,3,"HR Operations, Payroll Coordination",HR Operations,Learn HR Operations: Mastering HR Operations
1638,Troy Ford 1538,HR,HR Manager,43,37673,0.0017,LOW,66.1,2,"Performance Management, Workday",Performance Management,Learn Performance Management: Mastering Performance Management
1639,Sara Snyder 1539,IT,Developer,37,112513,0.0012,LOW,72.4,3,"Node.js, PostgreSQL, React",Node.js,Learn Node.js: Mastering Node.js
1640,Jasmine Gonzalez 1540,IT,Engineer,21,58466,0.4484,LOW,75.8,3,"Backend Architecture, DevOps, Linux",Backend Architecture,Learn Backend Architecture: Mastering Backend Architecture
1641,Ayaan Saxena 1541,Sales,Sales Executive,35,127545,0.0,LOW,86.9,2,"Client Relationship Management, HubSpot, Pipeline Management",Client Relationship Management,Learn Client Relationship Management: Mastering Client Relationship Management
1642,Navya Chopra 1542,Finance,Financial Analyst,52,85406,0.0,LOW,81.4,4,"SQL, Tableau, Variance Analysis",SQL,Learn SQL: Advanced SQL & Modern Data Warehousing
1643,Connie Bailey 1543,Support,Support Engineer,29,169760,0.0,LOW,63.8,3,"Postman, SLA Management",Postman,Learn Postman: Mastering Postman
1644,Diya Patel 1544,Support,Support Engineer,35,104284,0.0,LOW,58.3,3,"Jira, Root Cause Analysis",Jira,Learn Jira: Mastering Jira
1645,Ananya Singh 1545,IT,Engineer,48,149579,0.0005,LOW,92.5,3,"Backend Architecture, Cloud Infrastructure",Backend Architecture,Learn Backend Architecture: Mastering Backend Architecture
1646,Kabir Mehta 1546,Finance,Accountant,44,48665,0.7885,HIGH,53.0,3,"QuickBooks, Tax Compliance",QuickBooks,Learn QuickBooks: Mastering QuickBooks
1647,Connie Bailey 1547,HR,Recruitment Specialist,55,55641,0.2667,LOW,66.6,3,"Candidate Sourcing, LinkedIn Recruiter",Candidate Sourcing,Learn Candidate Sourcing: Mastering Candidate Sourcing
1648,Judith Ware 1548,Sales,Sales Executive,42,70797,0.0,LOW,79.7,3,"Lead Generation, LinkedIn Sales Navigator, Salesforce",Lead Generation,Learn Lead Generation: Mastering Lead Generation
1649,Taylor Morris 1549,Finance,Accountant,47,80950,0.0003,LOW,91.7,1,"General Ledger, Tax Compliance",General Ledger,Learn General Ledger: Mastering General Ledger
1650,Christopher Benson 1550,Finance,Financial Analyst,39,164554,0.0,LOW,69.7,2,"Excel, Tableau, Variance Analysis",Excel,Learn Excel: Mastering Excel
1651,Rohan Pillai 1551,HR,Employee Relations,32,137339,0.0,LOW,72.3,3,"Conflict Resolution, Workplace Policy",Conflict Resolution,Learn Conflict Resolution: Workplace Conflict Resolution & Empathy-Driven Leadership
1652,Ashley Marsh 1552,IT,Developer,40,148431,0.0003,LOW,61.5,3,"PostgreSQL, React",PostgreSQL,Learn PostgreSQL: Mastering PostgreSQL
1653,Saanvi Iyer 1553,Sales,Account Manager,21,175710,0.0,LOW,73.5,3,"Account Growth, Client Relationship Management, Cross-selling",Account Growth,Learn Account Growth: Mastering Account Growth
1654,Shannon Clark 1554,Sales,Business Development,41,56173,0.3914,LOW,58.2,3,"Market Expansion, Partnership Management",Market Expansion,Learn Market Expansion: Mastering Market Expansion
1655,Jeffery Lopez 1555,IT,Engineer,21,179294,0.0065,LOW,63.0,3,"Backend Architecture, Terraform",Backend Architecture,Learn Backend Architecture: Mastering Backend Architecture
1656,Steven Barnett 1556,HR,HR Manager,30,53095,0.0001,LOW,81.2,3,"BambooHR, Performance Management",BambooHR,Learn BambooHR: Mastering BambooHR
1657,Ashley Marsh 1557,Marketing,SEO Analyst,52,158554,0.0,LOW,66.8,4,Google Search Console,Google Search Console,Learn Google Search Console: Mastering Google Search Console
1658,Judith Ware 1558,Sales,Business Development,59,167511,0.0007,LOW,83.0,2,"Deal Closing, Salesforce",Deal Closing,Learn Deal Closing: Mastering Deal Closing
1659,Cody Bright 1559,IT,Developer,42,160614,0.0,LOW,70.2,3,"Database Design, Full-Stack Development, Git Version Control",Database Design,Learn Database Design: Mastering Database Design
1660,Ayaan Saxena 1560,Sales,Business Development,38,171447,0.0001,LOW,55.6,4,ZoomInfo,ZoomInfo,Learn ZoomInfo: Mastering ZoomInfo
1661,Shannon Clark 1561,Finance,Auditor,52,124023,0.0,LOW,86.0,3,"Financial Controls, SAP",Financial Controls,Learn Financial Controls: Mastering Financial Controls
1662,Peggy Mann 1562,Sales,Account Manager,47,142181,0.0,LOW,56.2,3,"Client Relationship Management, Zendesk",Client Relationship Management,Learn Client Relationship Management: Mastering Client Relationship Management
1663,Riya Mishra 1563,Finance,Financial Analyst,48,55600,0.6735,MEDIUM,64.8,2,"Excel, Financial Modeling, PowerBI",Excel,Learn Excel: Mastering Excel
1664,David Williams 1564,Sales,Account Manager,38,37466,0.001,LOW,69.6,4,"Account Growth, Gainsight",Account Growth,Learn Account Growth: Mastering Account Growth
1665,Rita Walker 1565,IT,Tester,59,144934,0.0,LOW,84.1,3,"Selenium, Test Automation",Selenium,Learn Selenium: Mastering Selenium
1666,Aarav Sharma 1566,Sales,Business Development,49,88276,0.0001,LOW,65.7,3,"Deal Closing, Market Expansion",Deal Closing,Learn Deal Closing: Mastering Deal Closing
1667,Pari Joshi 1567,Marketing,Marketing Executive,38,41928,0.0,LOW,60.9,2,"Campaign Management, Mailchimp, Social Media Marketing",Campaign Management,Learn Campaign Management: Mastering Campaign Management
1668,Taylor Morris 1568,HR,Recruitment Specialist,28,90309,0.0,LOW,74.0,1,"Greenhouse, Lever, LinkedIn Recruiter",Greenhouse,Learn Greenhouse: Mastering Greenhouse
1669,Navya Chopra 1569,Sales,Sales Executive,51,151196,0.0,LOW,69.4,3,"Client Relationship Management, HubSpot",Client Relationship Management,Learn Client Relationship Management: Mastering Client Relationship Management
1670,Cody Bright 1570,Sales,Sales Executive,54,44404,0.0024,LOW,66.4,3,"Client Relationship Management, HubSpot, Negotiation",Client Relationship Management,Learn Client Relationship Management: Mastering Client Relationship Management
1671,Meera Das 1571,HR,HR Manager,27,148187,0.0,LOW,74.6,4,"Employee Retention, Excel, Talent Acquisition",Employee Retention,Learn Employee Retention: Strategic HR Leadership & Talent Retention Strategies
1672,Megan Williams 1572,IT,Software Engineer,56,145449,0.0,LOW,57.6,4,"CI/CD, Code Quality & Testing, System Design",CI/CD,Learn CI/CD: Mastering CI/CD
1673,Peggy Mann 1573,Sales,Sales Executive,38,62684,0.0432,LOW,51.3,3,"B2B Sales, Negotiation",B2B Sales,Learn B2B Sales: Mastering B2B Sales
1674,Myra Nair 1574,Finance,Auditor,58,103591,0.0001,LOW,97.7,1,"Internal Audit, Risk Assessment",Internal Audit,Learn Internal Audit: Mastering Internal Audit
1675,Megan Williams 1575,IT,Data Analyst,29,154821,0.0,LOW,73.3,3,"Data Cleaning, PowerBI",Data Cleaning,Learn Data Cleaning: Mastering Data Cleaning
1676,Norman Lane 1576,HR,Employee Relations,29,37682,0.9478,HIGH,74.1,3,"Conflict Resolution, Excel",Conflict Resolution,Learn Conflict Resolution: Workplace Conflict Resolution & Empathy-Driven Leadership
1677,Devansh Banerjee 1577,HR,HR Executive,28,146186,0.0,LOW,62.6,2,"HR Operations, Payroll Coordination, Workday",HR Operations,Learn HR Operations: Mastering HR Operations
1678,Steven Barnett 1578,Sales,Account Manager,55,56832,0.9895,HIGH,82.8,3,"Client Relationship Management, Cross-selling",Client Relationship Management,Learn Client Relationship Management: Mastering Client Relationship Management
1679,Vihaan Verma 1579,Finance,Financial Analyst,38,51997,0.9543,HIGH,65.6,1,"Excel, Financial Modeling, PowerBI",Excel,Learn Excel: Mastering Excel
1680,Peter Mckee 1580,HR,Recruitment Specialist,25,69640,0.0117,LOW,38.6,3,"LinkedIn Recruiter, Salary Benchmarking",LinkedIn Recruiter,Learn LinkedIn Recruiter: Mastering LinkedIn Recruiter
1681,Cody Bright 1581,Sales,Business Development,34,75491,0.0001,LOW,65.2,4,ZoomInfo,ZoomInfo,Learn ZoomInfo: Mastering ZoomInfo
1682,Sara Khan 1582,Finance,Auditor,48,98043,0.0011,LOW,68.6,3,"Internal Audit, Risk Assessment, SAP",Internal Audit,Learn Internal Audit: Mastering Internal Audit
1683,Manish Badami 1583,IT,Tester,50,147175,0.0001,LOW,70.0,4,"Manual Testing, Postman",Manual Testing,Learn Manual Testing: Mastering Manual Testing
1684,Aditya Kumar 1584,Marketing,SEO Analyst,24,163568,0.0,LOW,69.6,4,Screaming Frog,Screaming Frog,Learn Screaming Frog: Mastering Screaming Frog
1685,Saanvi Iyer 1585,Finance,Accountant,59,149250,0.0,LOW,64.3,3,"Financial Accounting, General Ledger",Financial Accounting,Learn Financial Accounting: Mastering Financial Accounting
1686,Pari Joshi 1586,Finance,Financial Analyst,40,107725,0.0,LOW,63.1,3,"Financial Modeling, SQL",Financial Modeling,"Learn Financial Modeling: Financial Modeling, Valuation & Risk Management"
1687,Aditi Sen 1587,Sales,Sales Executive,45,163131,0.0,LOW,68.4,3,"LinkedIn Sales Navigator, Salesforce",LinkedIn Sales Navigator,Learn LinkedIn Sales Navigator: Mastering LinkedIn Sales Navigator
1688,Sara Khan 1588,IT,Developer,48,80520,0.0,LOW,52.3,4,"API Integration, Database Design, Full-Stack Development",API Integration,Learn API Integration: Mastering API Integration
1689,Sara Snyder 1589,Finance,Auditor,32,97919,0.0,LOW,48.5,3,"Risk Assessment, SAP",Risk Assessment,Learn Risk Assessment: Mastering Risk Assessment
1690,Reyansh Reddy 1590,Finance,Financial Analyst,22,144869,0.0,LOW,73.2,4,"SQL, Variance Analysis",SQL,Learn SQL: Advanced SQL & Modern Data Warehousing
1691,Pari Joshi 1591,HR,Employee Relations,34,99442,0.0346,LOW,73.4,3,"Employee Wellbeing, ServiceNow HR",Employee Wellbeing,Learn Employee Wellbeing: Mastering Employee Wellbeing
1692,Diya Patel 1592,Sales,Sales Executive,42,140246,0.0,LOW,82.6,2,"HubSpot, LinkedIn Sales Navigator, Pipeline Management",HubSpot,Learn HubSpot: Mastering HubSpot
1693,Manish Badami 1593,Marketing,Marketing Executive,51,144687,0.0,LOW,68.9,5,"Campaign Management, Google Ads",Campaign Management,Learn Campaign Management: Mastering Campaign Management
1694,Taylor Morris 1594,Marketing,SEO Specialist,43,158447,0.0,LOW,57.7,2,"Search Engine Optimization, Technical SEO",Search Engine Optimization,Learn Search Engine Optimization: Mastering Search Engine Optimization
1695,Ayaan Saxena 1595,IT,Engineer,40,96477,0.0968,LOW,48.7,4,"Cloud Infrastructure, DevOps",Cloud Infrastructure,Learn Cloud Infrastructure: Mastering Cloud Infrastructure
1696,Saanvi Iyer 1596,HR,HR Executive,58,35244,0.0,LOW,61.3,3,"HR Operations, Onboarding",HR Operations,Learn HR Operations: Mastering HR Operations
1697,Peggy Mann 1597,IT,Data Analyst,24,114453,0.0,LOW,77.1,3,"Excel, Exploratory Data Analysis, SQL",Excel,Learn Excel: Mastering Excel
1698,Erin Massey 1598,Marketing,Content Strategist,35,162962,0.0002,LOW,89.3,3,"Canva, Notion",Canva,Learn Canva: Mastering Canva
1699,Peggy Mann 1599,IT,Software Engineer,44,106303,0.0,LOW,72.6,4,"Data Structures & Algorithms, Git",Data Structures & Algorithms,Learn Data Structures & Algorithms: Mastering Data Structures & Algorithms
1700,Sara Snyder 1600,IT,Data Analyst,45,63390,0.8242,HIGH,57.4,4,"Business Reporting, Excel",Business Reporting,Learn Business Reporting: Mastering Business Reporting
1701,Taylor Morris 1601,HR,HR Manager,21,45247,0.1315,LOW,61.4,4,"Talent Acquisition, Workday",Talent Acquisition,Learn Talent Acquisition: Mastering Talent Acquisition
1702,Aditi Sen 1602,HR,HR Executive,27,64583,0.0001,LOW,61.8,3,"Excel, Payroll Coordination",Excel,Learn Excel: Mastering Excel
1703,Shannon Clark 1603,HR,Employee Relations,51,174148,0.0029,LOW,67.1,1,"Employee Wellbeing, ServiceNow HR",Employee Wellbeing,Learn Employee Wellbeing: Mastering Employee Wellbeing
1704,Arjun Rao 1604,HR,Employee Relations,32,184078,0.0001,LOW,85.5,3,"Excel, ServiceNow HR",Excel,Learn Excel: Mastering Excel
1705,Meera Das 1605,HR,Recruitment Specialist,25,181123,0.0,LOW,86.4,3,"Candidate Sourcing, Screening & Interviewing",Candidate Sourcing,Learn Candidate Sourcing: Mastering Candidate Sourcing
1706,Rohan Pillai 1606,Sales,Sales Executive,58,170386,0.0018,LOW,69.9,4,"LinkedIn Sales Navigator, Negotiation",LinkedIn Sales Navigator,Learn LinkedIn Sales Navigator: Mastering LinkedIn Sales Navigator
1707,Avani Bhat 1607,Marketing,Marketing Executive,32,63670,0.0,LOW,74.2,4,"Mailchimp, Market Research",Mailchimp,Learn Mailchimp: Mastering Mailchimp
1708,Arjun Rao 1608,Support,Support Engineer,59,159920,0.0,LOW,62.4,3,"Root Cause Analysis, Splunk, Technical Troubleshooting",Root Cause Analysis,Learn Root Cause Analysis: Mastering Root Cause Analysis
1709,Navya Chopra 1609,Sales,Business Development,38,45236,0.0,LOW,51.5,3,"Partnership Management, Salesforce",Partnership Management,Learn Partnership Management: Mastering Partnership Management
1710,Pari Joshi 1610,Marketing,SEO Specialist,22,70568,0.0003,LOW,93.5,4,"Ahrefs, Keyword Research",Ahrefs,Learn Ahrefs: Mastering Ahrefs
1711,Megan Williams 1611,Sales,Business Development,30,142327,0.0002,LOW,44.1,4,ZoomInfo,ZoomInfo,Learn ZoomInfo: Mastering ZoomInfo
1712,Judith Ware 1612,HR,HR Manager,35,145188,0.0,LOW,50.0,3,"BambooHR, Performance Management",BambooHR,Learn BambooHR: Mastering BambooHR
1713,Avani Bhat 1613,Sales,Sales Executive,50,51352,0.7679,HIGH,93.6,4,"Lead Generation, Salesforce",Lead Generation,Learn Lead Generation: Mastering Lead Generation
1714,Christopher Benson 1614,IT,Data Analyst,37,160721,0.0021,LOW,72.2,3,"Python, SQL, Tableau",Python,Learn Python: Advanced Python Architecture & Performance Optimization
1715,Reyansh Reddy 1615,Marketing,Content Strategist,24,176418,0.0361,LOW,58.5,1,"Canva, Notion",Canva,Learn Canva: Mastering Canva
1716,Saanvi Iyer 1616,IT,Developer,27,90904,0.1161,LOW,80.2,2,"API Integration, Git Version Control, Node.js",API Integration,Learn API Integration: Mastering API Integration
1717,Manish Badami 1617,HR,Recruitment Specialist,51,180107,0.0,LOW,81.3,2,"Greenhouse, LinkedIn Recruiter, Screening & Interviewing",Greenhouse,Learn Greenhouse: Mastering Greenhouse
1718,Arjun Rao 1618,IT,Data Analyst,59,157141,0.0105,LOW,56.0,2,"Exploratory Data Analysis, Python, Tableau",Exploratory Data Analysis,Learn Exploratory Data Analysis: Mastering Exploratory Data Analysis
1719,Peggy Mann 1619,Marketing,Marketing Executive,54,51108,0.0,LOW,65.6,1,"Google Ads, Market Research, Meta Ads Manager",Google Ads,Learn Google Ads: Mastering Google Ads
1720,Peter Mckee 1620,IT,Cybersecurity Specialist,26,37853,0.0,LOW,82.5,4,"Threat Modeling, Vulnerability Assessment, Wireshark",Threat Modeling,Learn Threat Modeling: Mastering Threat Modeling
1721,Jasmine Gonzalez 1621,IT,Developer,58,119156,0.0,LOW,62.2,3,"Full-Stack Development, PostgreSQL, React",Full-Stack Development,Learn Full-Stack Development: Mastering Full-Stack Development
1722,Jasmine Gonzalez 1622,Sales,Sales Executive,54,39176,0.0174,LOW,75.4,3,"HubSpot, LinkedIn Sales Navigator",HubSpot,Learn HubSpot: Mastering HubSpot
1723,Sara Snyder 1623,Marketing,SEO Specialist,35,135459,0.0002,LOW,89.1,3,"Ahrefs, Technical SEO",Ahrefs,Learn Ahrefs: Mastering Ahrefs
1724,Megan Williams 1624,Finance,Financial Analyst,34,172901,0.0,LOW,43.3,3,"Budgeting & Forecasting, SQL",Budgeting & Forecasting,Learn Budgeting & Forecasting: Mastering Budgeting & Forecasting
1725,Clinton Scott 1625,HR,HR Executive,26,158225,0.0,LOW,67.9,2,"Excel, Workday",Excel,Learn Excel: Mastering Excel
1726,Joel Fuller 1626,IT,Data Analyst,57,153458,0.0,LOW,75.1,3,"Data Cleaning, Excel",Data Cleaning,Learn Data Cleaning: Mastering Data Cleaning
1727,David Williams 1627,Finance,Auditor,52,145893,0.0,LOW,50.5,4,"Internal Audit, Risk Assessment",Internal Audit,Learn Internal Audit: Mastering Internal Audit
1728,Sara Khan 1628,HR,HR Manager,23,108927,0.0,LOW,65.6,3,"HR Compliance, Talent Acquisition",HR Compliance,Learn HR Compliance: Mastering HR Compliance
1729,Jeffery Lopez 1629,HR,HR Executive,23,153178,0.0,LOW,84.5,3,"Excel, Onboarding",Excel,Learn Excel: Mastering Excel
1730,Reyansh Reddy 1630,Sales,Sales Executive,42,75667,0.0002,LOW,63.5,3,"B2B Sales, Client Relationship Management, Lead Generation",B2B Sales,Learn B2B Sales: Mastering B2B Sales
1731,Reyansh Reddy 1631,IT,Engineer,42,41611,0.9826,HIGH,54.2,3,"Backend Architecture, Linux, Terraform",Backend Architecture,Learn Backend Architecture: Mastering Backend Architecture
1732,Sara Khan 1632,HR,HR Manager,30,123242,0.6734,MEDIUM,85.6,3,"BambooHR, Talent Acquisition, Workday",BambooHR,Learn BambooHR: Mastering BambooHR
1733,Steven Barnett 1633,Sales,Account Manager,23,119612,0.0,LOW,77.3,3,"Contract Renewal, Zendesk",Contract Renewal,Learn Contract Renewal: Mastering Contract Renewal
1734,Myra Nair 1634,IT,Cybersecurity Specialist,32,81902,0.0,LOW,71.2,3,"Nmap, Splunk, Vulnerability Assessment",Nmap,Learn Nmap: Mastering Nmap
1735,Meera Das 1635,HR,HR Manager,49,68043,0.6482,MEDIUM,70.8,2,"Performance Management, Workday",Performance Management,Learn Performance Management: Mastering Performance Management
1736,Troy Ford 1636,IT,Developer,37,171343,0.0,LOW,84.3,4,"Database Design, PostgreSQL, React",Database Design,Learn Database Design: Mastering Database Design
1737,Rohan Pillai 1637,Sales,Account Manager,27,107867,0.0,LOW,75.5,3,"Account Growth, Salesforce, Zendesk",Account Growth,Learn Account Growth: Mastering Account Growth
1738,Cody Bright 1638,IT,Software Engineer,33,112089,0.0,LOW,79.7,3,"Data Structures & Algorithms, Docker, Git, System Design",Data Structures & Algorithms,Learn Data Structures & Algorithms: Mastering Data Structures & Algorithms
1739,Jasmine Gonzalez 1639,Finance,Auditor,22,93745,0.0,LOW,63.7,3,"Internal Audit, SAP",Internal Audit,Learn Internal Audit: Mastering Internal Audit
1740,Navya Chopra 1640,IT,Tester,24,177645,0.0,LOW,49.0,3,"Bug Tracking, Jira",Bug Tracking,Learn Bug Tracking: Mastering Bug Tracking
1741,Manish Badami 1641,IT,Cybersecurity Specialist,30,120970,0.0009,LOW,79.5,3,"Incident Response, Splunk, Vulnerability Assessment",Incident Response,Learn Incident Response: Mastering Incident Response
1742,Reyansh Reddy 1642,IT,Data Analyst,59,59464,0.9722,HIGH,85.2,2,"Excel, Exploratory Data Analysis, PowerBI",Excel,Learn Excel: Mastering Excel
1743,Troy Ford 1643,Sales,Account Manager,44,153523,0.0,LOW,69.3,3,"Account Growth, Contract Renewal, Cross-selling",Account Growth,Learn Account Growth: Mastering Account Growth
1744,Vihaan Verma 1644,HR,Employee Relations,37,55662,0.0026,LOW,82.7,3,"ServiceNow HR, Workplace Policy",ServiceNow HR,Learn ServiceNow HR: Mastering ServiceNow HR
1745,Reyansh Reddy 1645,IT,Software Engineer,26,53228,0.0,LOW,68.0,2,"Code Quality & Testing, Docker, Python, REST APIs",Code Quality & Testing,Learn Code Quality & Testing: Mastering Code Quality & Testing
1746,Reyansh Reddy 1646,IT,Developer,39,95721,0.032,LOW,70.9,2,"API Integration, Git Version Control, PostgreSQL",API Integration,Learn API Integration: Mastering API Integration
1747,Connie Bailey 1647,Marketing,Marketing Executive,25,173458,0.0,LOW,93.0,3,"Google Ads, Market Research",Google Ads,Learn Google Ads: Mastering Google Ads
1748,Connie Bailey 1648,Sales,Business Development,52,41862,0.0865,LOW,68.5,2,"Deal Closing, ZoomInfo",Deal Closing,Learn Deal Closing: Mastering Deal Closing
1749,Cody Bright 1649,Finance,Auditor,30,75108,0.0,LOW,67.8,2,"ACL Analytics, Excel",ACL Analytics,Learn ACL Analytics: Mastering ACL Analytics
1750,Aditya Kumar 1650,Sales,Business Development,29,126788,0.0,LOW,49.6,3,"Partnership Management, ZoomInfo",Partnership Management,Learn Partnership Management: Mastering Partnership Management
1751,Christopher Benson 1651,Sales,Sales Executive,47,115140,0.0092,LOW,80.3,4,"Lead Generation, LinkedIn Sales Navigator, Salesforce",Lead Generation,Learn Lead Generation: Mastering Lead Generation
1752,Aarav Sharma 1652,IT,Developer,33,103578,0.0,LOW,63.5,4,"Git Version Control, JavaScript / TypeScript, Node.js",Git Version Control,Learn Git Version Control: Mastering Git Version Control
1753,Cody Bright 1653,Sales,Sales Executive,39,84966,0.0031,LOW,73.8,4,"B2B Sales, HubSpot, Salesforce",B2B Sales,Learn B2B Sales: Mastering B2B Sales
1754,Christopher Benson 1654,IT,Engineer,41,45386,0.2779,LOW,68.2,3,"Cloud Infrastructure, DevOps",Cloud Infrastructure,Learn Cloud Infrastructure: Mastering Cloud Infrastructure
1755,Troy Ford 1655,HR,HR Manager,44,112228,0.0,LOW,66.7,3,"Excel, Workday",Excel,Learn Excel: Mastering Excel
1756,Ishaan Malhotra 1656,Support,Helpdesk,58,181297,0.0,LOW,70.6,3,"Jira Service Desk, Troubleshooting",Jira Service Desk,Learn Jira Service Desk: Mastering Jira Service Desk
1757,Ananya Singh 1657,HR,Employee Relations,24,182765,0.0001,LOW,71.5,3,"Conflict Resolution, Excel",Conflict Resolution,Learn Conflict Resolution: Workplace Conflict Resolution & Empathy-Driven Leadership
1758,Devansh Banerjee 1658,Marketing,SEO Specialist,44,107197,0.2456,LOW,86.1,2,"Keyword Research, SEMrush",Keyword Research,Learn Keyword Research: Mastering Keyword Research
1759,Meera Das 1659,HR,Employee Relations,55,78021,0.0002,LOW,90.2,3,"Excel, Workplace Policy",Excel,Learn Excel: Mastering Excel
1760,Ayaan Saxena 1660,IT,Tester,23,153915,0.0,LOW,79.8,3,"Manual Testing, Selenium",Manual Testing,Learn Manual Testing: Mastering Manual Testing
1761,Saanvi Iyer 1661,Sales,Business Development,24,184333,0.0,LOW,87.3,3,"Deal Closing, Partnership Management",Deal Closing,Learn Deal Closing: Mastering Deal Closing
1762,Troy Ford 1662,Finance,Accountant,57,152174,0.064,LOW,82.2,3,"General Ledger, Tax Compliance",General Ledger,Learn General Ledger: Mastering General Ledger
1763,Rohan Pillai 1663,Sales,Sales Executive,55,121755,0.0001,LOW,77.9,2,"B2B Sales, Client Relationship Management, Lead Generation, Negotiation",B2B Sales,Learn B2B Sales: Mastering B2B Sales
1764,Reyansh Reddy 1664,Finance,Financial Analyst,51,178009,0.0156,LOW,89.5,4,"Tableau, Variance Analysis",Tableau,Learn Tableau: Mastering Tableau
1765,Ananya Singh 1665,HR,Employee Relations,45,101330,0.0007,LOW,56.3,3,"Conflict Resolution, Workplace Policy",Conflict Resolution,Learn Conflict Resolution: Workplace Conflict Resolution & Empathy-Driven Leadership
1766,Kabir Mehta 1666,Support,Helpdesk,33,107322,0.0,LOW,63.8,3,"Customer Support, Jira Service Desk",Customer Support,Learn Customer Support: Mastering Customer Support
1767,Rohan Pillai 1667,Sales,Account Manager,24,137318,0.0,LOW,62.1,4,"Account Growth, Contract Renewal, Gainsight",Account Growth,Learn Account Growth: Mastering Account Growth
1768,Myra Nair 1668,HR,Employee Relations,34,80313,0.0664,LOW,68.4,2,"Excel, ServiceNow HR",Excel,Learn Excel: Mastering Excel
1769,Riya Mishra 1669,Sales,Sales Executive,33,62032,0.0843,LOW,80.2,4,"Client Relationship Management, Pipeline Management",Client Relationship Management,Learn Client Relationship Management: Mastering Client Relationship Management
1770,Rohan Pillai 1670,Sales,Account Manager,47,183430,0.0,LOW,58.6,3,"Account Growth, Client Relationship Management, Salesforce",Account Growth,Learn Account Growth: Mastering Account Growth
1771,Saanvi Iyer 1671,Sales,Account Manager,26,96710,0.0,LOW,78.0,3,"Client Relationship Management, Cross-selling, Zendesk",Client Relationship Management,Learn Client Relationship Management: Mastering Client Relationship Management
1772,Troy Ford 1672,Marketing,SEO Specialist,37,130326,0.0,LOW,65.0,4,"Google Analytics, Technical SEO",Google Analytics,Learn Google Analytics: Mastering Google Analytics
1773,Ashley Marsh 1673,Finance,Accountant,56,121157,0.9343,HIGH,67.8,3,"Excel, QuickBooks",Excel,Learn Excel: Mastering Excel
1774,Ananya Singh 1674,IT,Cybersecurity Specialist,55,63365,0.0001,LOW,74.4,1,"Nmap, SIEM Tools, Vulnerability Assessment",Nmap,Learn Nmap: Mastering Nmap
1775,Christopher Benson 1675,Finance,Financial Analyst,37,48189,0.0011,LOW,92.2,1,"Excel, Financial Modeling, SQL",Excel,Learn Excel: Mastering Excel
1776,Ananya Singh 1676,Sales,Business Development,22,42248,0.9207,HIGH,63.5,3,"Partnership Management, ZoomInfo",Partnership Management,Learn Partnership Management: Mastering Partnership Management
1777,Sara Snyder 1677,IT,Software Engineer,33,39369,0.0001,LOW,71.0,4,"Docker, Kubernetes, REST APIs",Docker,Learn Docker: Docker & Kubernetes for Cloud Native DevOps
1778,Connie Bailey 1678,Marketing,Content Lead,22,174122,0.0,LOW,59.1,3,"Brand Storytelling, Content Production",Brand Storytelling,Learn Brand Storytelling: Mastering Brand Storytelling
1779,Nicole Roberts 1679,IT,Software Engineer,48,63605,0.0002,LOW,63.3,3,"AWS, Code Quality & Testing, Data Structures & Algorithms",AWS,Learn AWS: AWS Certified Solutions Architect & Cloud Engineering
1780,Reyansh Reddy 1680,HR,HR Executive,46,84616,0.0001,LOW,59.0,4,"Payroll Coordination, Workday",Payroll Coordination,Learn Payroll Coordination: Mastering Payroll Coordination
1781,Kabir Mehta 1681,Sales,Sales Executive,42,138719,0.0127,LOW,74.9,2,"Client Relationship Management, Pipeline Management, Salesforce",Client Relationship Management,Learn Client Relationship Management: Mastering Client Relationship Management
1782,Diya Patel 1682,IT,Software Engineer,23,68055,0.011,LOW,77.1,4,"Data Structures & Algorithms, Python, REST APIs",Data Structures & Algorithms,Learn Data Structures & Algorithms: Mastering Data Structures & Algorithms
1783,Peter Mckee 1683,IT,Tester,55,151680,0.0,LOW,80.2,3,"Jira, Selenium, Test Automation",Jira,Learn Jira: Mastering Jira
1784,Aditi Sen 1684,IT,Tester,32,42450,0.9901,HIGH,63.0,2,"Postman, PyTest, Test Automation",Postman,Learn Postman: Mastering Postman
1785,Reyansh Reddy 1685,IT,Cybersecurity Specialist,44,168997,0.0,LOW,78.1,2,"Nmap, Splunk, Threat Modeling",Nmap,Learn Nmap: Mastering Nmap
1786,Ashley Marsh 1686,Marketing,Marketing Executive,25,85272,0.0,LOW,73.4,5,"Mailchimp, Market Research",Mailchimp,Learn Mailchimp: Mastering Mailchimp
1787,David Williams 1687,HR,HR Executive,40,40310,0.0038,LOW,71.3,3,"HR Operations, Onboarding",HR Operations,Learn HR Operations: Mastering HR Operations
1788,David Williams 1688,Finance,Auditor,59,66817,0.0,LOW,57.1,3,"Excel, SAP",Excel,Learn Excel: Mastering Excel
1789,Meera Das 1689,IT,Tester,59,117641,0.2552,LOW,73.8,3,"Jira, Selenium",Jira,Learn Jira: Mastering Jira
1790,Devansh Banerjee 1690,IT,Tester,33,50457,0.0,LOW,74.2,3,"Bug Tracking, Postman",Bug Tracking,Learn Bug Tracking: Mastering Bug Tracking
1791,Kavya Menon 1691,HR,HR Executive,32,77311,0.2779,LOW,73.2,3,"HR Operations, Payroll Coordination",HR Operations,Learn HR Operations: Mastering HR Operations
1792,Brenda Bauer 1692,IT,Data Analyst,33,170052,0.0,LOW,76.8,3,"Excel, Exploratory Data Analysis, PowerBI, Statistical Analysis",Excel,Learn Excel: Mastering Excel
1793,Connie Bailey 1693,Marketing,Content Lead,30,158573,0.0,LOW,80.3,3,"Adobe Creative Cloud, Creative Direction",Adobe Creative Cloud,Learn Adobe Creative Cloud: Mastering Adobe Creative Cloud
1794,Ashley Marsh 1694,Finance,Financial Analyst,53,132427,0.0,LOW,58.8,2,"Excel, PowerBI, SQL",Excel,Learn Excel: Mastering Excel
1795,Megan Williams 1695,Finance,Financial Analyst,36,71181,0.0,LOW,69.4,3,"Budgeting & Forecasting, Financial Modeling",Budgeting & Forecasting,Learn Budgeting & Forecasting: Mastering Budgeting & Forecasting
1796,Saanvi Iyer 1696,IT,Data Analyst,55,167019,0.0,LOW,78.2,2,"Exploratory Data Analysis, Python, Tableau",Exploratory Data Analysis,Learn Exploratory Data Analysis: Mastering Exploratory Data Analysis
1797,Vivaan Gupta 1697,Support,Support Engineer,23,166094,0.007,LOW,68.8,4,"SLA Management, Technical Troubleshooting",SLA Management,Learn SLA Management: Mastering SLA Management
1798,Shannon Clark 1698,HR,Employee Relations,25,36128,0.0001,LOW,83.5,1,"Employee Wellbeing, ServiceNow HR, Workplace Policy",Employee Wellbeing,Learn Employee Wellbeing: Mastering Employee Wellbeing
1799,Steven Barnett 1699,Support,Support Engineer,46,114522,0.0108,LOW,73.1,4,"Jira, Technical Troubleshooting",Jira,Learn Jira: Mastering Jira
1800,Shannon Clark 1700,Support,Support Engineer,31,83929,0.0,LOW,48.5,3,"Jira, Splunk",Jira,Learn Jira: Mastering Jira
1801,Saanvi Iyer 1701,HR,Recruitment Specialist,27,116696,0.0,LOW,82.1,4,"Greenhouse, Salary Benchmarking",Greenhouse,Learn Greenhouse: Mastering Greenhouse
1802,Anna Dominguez 1702,IT,Developer,30,150245,0.0,LOW,70.6,2,"Git Version Control, JavaScript / TypeScript, React",Git Version Control,Learn Git Version Control: Mastering Git Version Control
1803,Aditya Kumar 1703,HR,Recruitment Specialist,54,44808,0.1095,LOW,50.8,5,"Candidate Sourcing, Salary Benchmarking",Candidate Sourcing,Learn Candidate Sourcing: Mastering Candidate Sourcing
1804,Aditya Kumar 1704,Sales,Account Manager,23,130148,0.0,LOW,69.0,2,"Account Growth, Gainsight, Zendesk",Account Growth,Learn Account Growth: Mastering Account Growth
1805,Steven Barnett 1705,Support,Support Engineer,28,56725,0.5714,MEDIUM,56.8,4,"SLA Management, Technical Troubleshooting",SLA Management,Learn SLA Management: Mastering SLA Management
1806,Navya Chopra 1706,Finance,Accountant,51,107534,0.0,LOW,81.0,3,"Excel, General Ledger",Excel,Learn Excel: Mastering Excel
1807,Aditya Kumar 1707,Marketing,SEO Analyst,31,74950,0.0,LOW,71.6,3,"Rank Tracking, Traffic Analysis",Rank Tracking,Learn Rank Tracking: Mastering Rank Tracking
1808,Ashley Marsh 1708,HR,Recruitment Specialist,27,118576,0.0,LOW,60.9,3,"Greenhouse, Lever, Screening & Interviewing",Greenhouse,Learn Greenhouse: Mastering Greenhouse
1809,Saanvi Iyer 1709,IT,Developer,22,55557,0.7726,HIGH,81.7,4,"Node.js, PostgreSQL",Node.js,Learn Node.js: Mastering Node.js
1810,Cody Bright 1710,Support,Support Engineer,26,56825,0.0004,LOW,77.5,2,"Jira, Postman",Jira,Learn Jira: Mastering Jira
1811,Clinton Scott 1711,Sales,Account Manager,52,43998,0.0212,LOW,69.2,3,"Account Growth, Cross-selling",Account Growth,Learn Account Growth: Mastering Account Growth
1812,Megan Williams 1712,Finance,Financial Analyst,40,71080,0.994,HIGH,57.1,3,"Excel, PowerBI, Tableau",Excel,Learn Excel: Mastering Excel
1813,Taylor Morris 1713,Sales,Business Development,54,181874,0.0008,LOW,61.9,5,"Deal Closing, Salesforce",Deal Closing,Learn Deal Closing: Mastering Deal Closing
1814,Meera Das 1714,HR,Recruitment Specialist,36,177239,0.0,LOW,61.7,3,"LinkedIn Recruiter, Salary Benchmarking",LinkedIn Recruiter,Learn LinkedIn Recruiter: Mastering LinkedIn Recruiter
1815,Ashley Marsh 1715,Support,Support Engineer,45,77407,0.0,LOW,81.0,2,"SLA Management, Technical Troubleshooting",SLA Management,Learn SLA Management: Mastering SLA Management
1816,Jeffery Lopez 1716,Finance,Auditor,32,155283,0.0,LOW,51.8,3,"ACL Analytics, Internal Audit, SAP",ACL Analytics,Learn ACL Analytics: Mastering ACL Analytics
1817,Norman Lane 1717,HR,HR Manager,27,48338,0.0022,LOW,71.4,2,"BambooHR, Employee Retention, Workday",BambooHR,Learn BambooHR: Mastering BambooHR
1818,Reyansh Reddy 1718,Sales,Sales Executive,59,111289,0.0,LOW,69.0,3,"HubSpot, Lead Generation",HubSpot,Learn HubSpot: Mastering HubSpot
1819,Aditi Sen 1719,IT,Data Analyst,37,184967,0.0034,LOW,84.4,3,"Data Cleaning, PowerBI",Data Cleaning,Learn Data Cleaning: Mastering Data Cleaning
1820,Erin Massey 1720,Sales,Business Development,31,166029,0.0004,LOW,74.8,4,"Deal Closing, Partnership Management",Deal Closing,Learn Deal Closing: Mastering Deal Closing
1821,Kabir Mehta 1721,Sales,Account Manager,26,144367,0.0,LOW,78.4,4,"Cross-selling, Salesforce",Cross-selling,Learn Cross-selling: Mastering Cross-selling
1822,Peggy Mann 1722,IT,Developer,43,100898,0.0108,LOW,65.7,1,"API Integration, JavaScript / TypeScript, Node.js",API Integration,Learn API Integration: Mastering API Integration
1823,Ashley Marsh 1723,IT,Engineer,47,169526,0.0,LOW,57.2,3,"Cloud Infrastructure, Terraform",Cloud Infrastructure,Learn Cloud Infrastructure: Mastering Cloud Infrastructure
1824,Jasmine Gonzalez 1724,IT,Engineer,26,152486,0.0,LOW,68.1,3,"Cloud Infrastructure, Terraform",Cloud Infrastructure,Learn Cloud Infrastructure: Mastering Cloud Infrastructure
1825,Myra Nair 1725,Sales,Business Development,58,121540,0.0,LOW,81.3,3,"Market Expansion, ZoomInfo",Market Expansion,Learn Market Expansion: Mastering Market Expansion
1826,Troy Ford 1726,Marketing,Marketing Executive,22,171421,0.0402,LOW,81.3,1,"Campaign Management, Google Ads",Campaign Management,Learn Campaign Management: Mastering Campaign Management
1827,Aarav Sharma 1727,Sales,Sales Executive,42,160416,0.0,LOW,66.8,3,"B2B Sales, Lead Generation, Pipeline Management",B2B Sales,Learn B2B Sales: Mastering B2B Sales
1828,Manish Badami 1728,Sales,Business Development,40,74963,0.9946,HIGH,61.7,5,ZoomInfo,ZoomInfo,Learn ZoomInfo: Mastering ZoomInfo
1829,Judith Ware 1729,Marketing,Content Strategist,45,173822,0.0007,LOW,59.3,3,"Editorial Calendar, WordPress",Editorial Calendar,Learn Editorial Calendar: Mastering Editorial Calendar
1830,Nicole Roberts 1730,IT,Software Engineer,35,129929,0.0,LOW,70.4,3,"Kubernetes, Python, System Design",Kubernetes,Learn Kubernetes: Mastering Kubernetes
1831,Aditya Kumar 1731,Finance,Accountant,49,109935,0.0012,LOW,73.6,3,"Excel, General Ledger",Excel,Learn Excel: Mastering Excel
1832,Brenda Bauer 1732,HR,Employee Relations,28,48686,0.0,LOW,89.7,4,"Conflict Resolution, Employee Wellbeing",Conflict Resolution,Learn Conflict Resolution: Workplace Conflict Resolution & Empathy-Driven Leadership
1833,Avani Bhat 1733,Finance,Financial Analyst,57,98528,0.0199,LOW,73.5,1,"Excel, SQL, Variance Analysis",Excel,Learn Excel: Mastering Excel
1834,Peggy Mann 1734,Sales,Business Development,53,134811,0.0,LOW,79.4,3,"Deal Closing, Salesforce",Deal Closing,Learn Deal Closing: Mastering Deal Closing
1835,Steven Barnett 1735,HR,HR Executive,42,57787,0.0,LOW,62.6,4,"Excel, Payroll Coordination",Excel,Learn Excel: Mastering Excel
1836,Rita Walker 1736,HR,HR Manager,25,180848,0.0,LOW,72.5,2,"Employee Retention, Performance Management, Workday",Employee Retention,Learn Employee Retention: Strategic HR Leadership & Talent Retention Strategies
1837,David Williams 1737,IT,Data Analyst,59,150613,0.0108,LOW,73.7,3,"Business Reporting, Data Cleaning, Python",Business Reporting,Learn Business Reporting: Mastering Business Reporting
1838,Aditya Kumar 1738,HR,HR Executive,38,139887,0.0001,LOW,70.3,2,"Excel, Payroll Coordination",Excel,Learn Excel: Mastering Excel
1839,Sara Snyder 1739,HR,HR Executive,58,96086,0.0048,LOW,71.7,4,"Excel, Onboarding",Excel,Learn Excel: Mastering Excel
1840,Devansh Banerjee 1740,Marketing,SEO Analyst,57,137231,0.2374,LOW,73.5,3,"Competitor Analysis, Screaming Frog",Competitor Analysis,Learn Competitor Analysis: Mastering Competitor Analysis
1841,Kabir Mehta 1741,Marketing,Content Lead,50,98308,0.0,LOW,77.8,5,"Adobe Creative Cloud, Brand Storytelling",Adobe Creative Cloud,Learn Adobe Creative Cloud: Mastering Adobe Creative Cloud
1842,Peggy Mann 1742,Sales,Business Development,51,50797,0.0,LOW,86.0,4,"Market Expansion, Salesforce",Market Expansion,Learn Market Expansion: Mastering Market Expansion
1843,Aarav Sharma 1743,Sales,Sales Executive,30,40302,0.0094,LOW,44.8,3,"HubSpot, Salesforce",HubSpot,Learn HubSpot: Mastering HubSpot
1844,Jeffery Lopez 1744,Sales,Sales Executive,35,73059,0.0,LOW,85.4,3,"HubSpot, Negotiation, Salesforce",HubSpot,Learn HubSpot: Mastering HubSpot
1845,Connie Bailey 1745,Sales,Account Manager,38,166980,0.0,LOW,51.5,4,"Client Relationship Management, Salesforce",Client Relationship Management,Learn Client Relationship Management: Mastering Client Relationship Management
1846,Steven Barnett 1746,HR,HR Manager,43,178949,0.0,LOW,75.7,2,"Employee Retention, Talent Acquisition, Workday",Employee Retention,Learn Employee Retention: Strategic HR Leadership & Talent Retention Strategies
1847,Cody Bright 1747,Support,Helpdesk,53,49239,0.0,LOW,100.0,3,"Jira Service Desk, Troubleshooting",Jira Service Desk,Learn Jira Service Desk: Mastering Jira Service Desk
1848,Pari Joshi 1748,Finance,Financial Analyst,36,62313,0.0003,LOW,71.5,1,"Financial Modeling, SQL, Tableau",Financial Modeling,"Learn Financial Modeling: Financial Modeling, Valuation & Risk Management"
1849,Devansh Banerjee 1749,IT,Data Analyst,58,77103,0.9668,HIGH,74.2,3,"Excel, PowerBI, Python, SQL",Excel,Learn Excel: Mastering Excel
1850,Peggy Mann 1750,Finance,Financial Analyst,55,123771,0.2709,LOW,68.3,4,"Excel, Financial Modeling",Excel,Learn Excel: Mastering Excel
1851,Saanvi Iyer 1751,Sales,Business Development,54,161228,0.0,LOW,80.0,4,"Partnership Management, Salesforce",Partnership Management,Learn Partnership Management: Mastering Partnership Management
1852,Sara Khan 1752,Marketing,SEO Analyst,48,126665,0.0001,LOW,76.3,3,"Google Search Console, Screaming Frog",Google Search Console,Learn Google Search Console: Mastering Google Search Console
1853,Norman Lane 1753,Marketing,Marketing Executive,22,45534,0.9455,HIGH,63.9,3,"Market Research, Meta Ads Manager",Market Research,Learn Market Research: Mastering Market Research
1854,Myra Nair 1754,Finance,Financial Analyst,50,78060,0.0,LOW,70.6,4,"Budgeting & Forecasting, Excel, SQL",Budgeting & Forecasting,Learn Budgeting & Forecasting: Mastering Budgeting & Forecasting
1855,Riya Mishra 1755,IT,Developer,33,52189,0.6089,MEDIUM,58.6,4,"PostgreSQL, React",PostgreSQL,Learn PostgreSQL: Mastering PostgreSQL
1856,Joel Fuller 1756,Sales,Sales Executive,36,163431,0.0,LOW,70.6,3,"Client Relationship Management, Negotiation, Salesforce",Client Relationship Management,Learn Client Relationship Management: Mastering Client Relationship Management
1857,Arjun Rao 1757,IT,Engineer,25,121067,0.0166,LOW,67.0,2,"AWS, Terraform",AWS,Learn AWS: AWS Certified Solutions Architect & Cloud Engineering
1858,Connie Bailey 1758,HR,HR Executive,48,45967,0.9982,HIGH,73.6,3,"Excel, Payroll Coordination",Excel,Learn Excel: Mastering Excel
1859,Meera Das 1759,Sales,Sales Executive,59,100563,0.0017,LOW,63.5,3,"Pipeline Management, Salesforce",Pipeline Management,Learn Pipeline Management: Mastering Pipeline Management
1860,Arjun Rao 1760,IT,Developer,40,43660,0.0,LOW,69.4,3,"API Integration, Node.js, PostgreSQL",API Integration,Learn API Integration: Mastering API Integration
1861,Saanvi Iyer 1761,Marketing,Marketing Executive,44,153671,0.0,LOW,72.1,5,Meta Ads Manager,Meta Ads Manager,Learn Meta Ads Manager: Mastering Meta Ads Manager
1862,Riya Mishra 1762,IT,Engineer,47,164909,0.0,LOW,72.9,4,"Backend Architecture, Linux",Backend Architecture,Learn Backend Architecture: Mastering Backend Architecture
1863,Reyansh Reddy 1763,Finance,Accountant,50,175688,0.0,LOW,75.3,3,"Financial Accounting, QuickBooks",Financial Accounting,Learn Financial Accounting: Mastering Financial Accounting
1864,Reyansh Reddy 1764,Finance,Accountant,47,110976,0.3341,LOW,69.9,2,"Excel, Financial Accounting",Excel,Learn Excel: Mastering Excel
1865,Rohan Pillai 1765,Finance,Auditor,46,48107,0.0003,LOW,62.6,3,"Financial Controls, Internal Audit",Financial Controls,Learn Financial Controls: Mastering Financial Controls
1866,Avani Bhat 1766,Finance,Auditor,27,129182,0.0,LOW,73.0,2,"Excel, Internal Audit, Risk Assessment",Excel,Learn Excel: Mastering Excel
1867,Vivaan Gupta 1767,Marketing,Marketing Executive,58,126787,0.0,LOW,69.9,3,"Campaign Management, Mailchimp, Meta Ads Manager",Campaign Management,Learn Campaign Management: Mastering Campaign Management
1868,Nicole Roberts 1768,IT,Cybersecurity Specialist,25,50954,0.0,LOW,84.3,4,"SIEM Tools, Vulnerability Assessment",SIEM Tools,Learn SIEM Tools: Mastering SIEM Tools
1869,Pari Joshi 1769,Sales,Account Manager,43,51943,0.0005,LOW,85.8,3,"Contract Renewal, Cross-selling",Contract Renewal,Learn Contract Renewal: Mastering Contract Renewal
1870,Peter Mckee 1770,IT,Software Engineer,48,75725,0.867,HIGH,55.5,3,"Data Structures & Algorithms, Git, Kubernetes",Data Structures & Algorithms,Learn Data Structures & Algorithms: Mastering Data Structures & Algorithms
1871,Riya Mishra 1771,Sales,Sales Executive,54,80434,0.0013,LOW,79.4,2,"Lead Generation, Pipeline Management, Salesforce",Lead Generation,Learn Lead Generation: Mastering Lead Generation
1872,Riya Mishra 1772,Sales,Account Manager,35,120751,0.1393,LOW,81.8,3,"Client Relationship Management, Gainsight, Zendesk",Client Relationship Management,Learn Client Relationship Management: Mastering Client Relationship Management
1873,Diya Patel 1773,Sales,Account Manager,52,45110,0.2521,LOW,55.9,4,"Client Relationship Management, Contract Renewal",Client Relationship Management,Learn Client Relationship Management: Mastering Client Relationship Management
1874,Anna Dominguez 1774,Sales,Business Development,46,51462,0.0845,LOW,79.0,4,Market Expansion,Market Expansion,Learn Market Expansion: Mastering Market Expansion
1875,Sara Khan 1775,IT,Cybersecurity Specialist,51,114232,0.0642,LOW,82.8,2,"SIEM Tools, Splunk, Wireshark",SIEM Tools,Learn SIEM Tools: Mastering SIEM Tools
1876,Manish Badami 1776,IT,Engineer,39,101567,0.0642,LOW,60.6,4,"DevOps, Linux",DevOps,Learn DevOps: Mastering DevOps
1877,Jeffery Lopez 1777,Sales,Account Manager,29,162425,0.0,LOW,69.2,3,"Account Growth, Zendesk",Account Growth,Learn Account Growth: Mastering Account Growth
1878,Devansh Banerjee 1778,Finance,Financial Analyst,49,91063,0.0002,LOW,74.2,3,"Financial Modeling, SQL",Financial Modeling,"Learn Financial Modeling: Financial Modeling, Valuation & Risk Management"
1879,Anna Dominguez 1779,IT,Cybersecurity Specialist,59,148394,0.0164,LOW,78.8,2,"Splunk, Threat Modeling, Wireshark",Splunk,Learn Splunk: Mastering Splunk
1880,Norman Lane 1780,IT,Developer,24,90240,0.0,LOW,60.1,3,"Database Design, Full-Stack Development, Git Version Control",Database Design,Learn Database Design: Mastering Database Design
1881,Megan Williams 1781,Marketing,Marketing Executive,23,116352,0.0,LOW,85.9,1,"Campaign Management, Mailchimp",Campaign Management,Learn Campaign Management: Mastering Campaign Management
1882,Anna Dominguez 1782,Finance,Financial Analyst,49,183940,0.0,LOW,47.6,3,"Budgeting & Forecasting, Financial Modeling, Tableau",Budgeting & Forecasting,Learn Budgeting & Forecasting: Mastering Budgeting & Forecasting
1883,Aditya Kumar 1783,IT,Software Engineer,31,115989,0.0,LOW,87.9,3,"Kubernetes, REST APIs, System Design",Kubernetes,Learn Kubernetes: Mastering Kubernetes
1884,Joel Fuller 1784,IT,Engineer,53,57222,0.0,LOW,78.6,3,"Backend Architecture, DevOps, Terraform",Backend Architecture,Learn Backend Architecture: Mastering Backend Architecture
1885,Judith Ware 1785,Support,Support Engineer,58,114794,0.0043,LOW,64.5,4,"Root Cause Analysis, SLA Management",Root Cause Analysis,Learn Root Cause Analysis: Mastering Root Cause Analysis
1886,Myra Nair 1786,Support,Support Engineer,31,98924,0.2388,LOW,82.4,1,"SLA Management, Technical Troubleshooting",SLA Management,Learn SLA Management: Mastering SLA Management
1887,Myra Nair 1787,Finance,Auditor,47,134854,0.0,LOW,59.4,4,"ACL Analytics, SAP",ACL Analytics,Learn ACL Analytics: Mastering ACL Analytics
1888,Ishaan Malhotra 1788,HR,HR Manager,53,113513,0.0,LOW,73.4,3,"Excel, HR Compliance, Talent Acquisition",Excel,Learn Excel: Mastering Excel
1889,Vivaan Gupta 1789,IT,Developer,41,89649,0.0,LOW,74.9,3,"API Integration, Full-Stack Development, PostgreSQL",API Integration,Learn API Integration: Mastering API Integration
1890,Vivaan Gupta 1790,Finance,Financial Analyst,59,137986,0.0009,LOW,74.8,3,"Excel, Variance Analysis",Excel,Learn Excel: Mastering Excel
1891,Aditi Sen 1791,IT,Tester,51,118749,0.0,LOW,61.9,2,"Manual Testing, Selenium, Test Automation",Manual Testing,Learn Manual Testing: Mastering Manual Testing
1892,Clinton Scott 1792,HR,Recruitment Specialist,58,176295,0.0,LOW,66.0,3,"Candidate Sourcing, Lever",Candidate Sourcing,Learn Candidate Sourcing: Mastering Candidate Sourcing
1893,Brenda Bauer 1793,HR,HR Executive,22,74369,0.0,LOW,73.5,3,"HR Operations, Payroll Coordination",HR Operations,Learn HR Operations: Mastering HR Operations
1894,Norman Lane 1794,IT,Data Analyst,47,121379,0.7675,HIGH,63.3,4,"Business Reporting, Data Cleaning, Exploratory Data Analysis",Business Reporting,Learn Business Reporting: Mastering Business Reporting
1895,Ananya Singh 1795,Marketing,SEO Specialist,56,104392,0.0,LOW,75.3,5,"Keyword Research, Technical SEO",Keyword Research,Learn Keyword Research: Mastering Keyword Research
1896,Norman Lane 1796,Sales,Sales Executive,31,47661,0.0007,LOW,64.6,1,"Client Relationship Management, HubSpot, Lead Generation, Negotiation",Client Relationship Management,Learn Client Relationship Management: Mastering Client Relationship Management
1897,Sara Snyder 1797,Sales,Sales Executive,38,181663,0.0,LOW,84.0,3,"Client Relationship Management, HubSpot, Lead Generation, Pipeline Management",Client Relationship Management,Learn Client Relationship Management: Mastering Client Relationship Management
1898,Ashley Marsh 1798,Finance,Financial Analyst,21,106718,0.0,LOW,90.8,3,"Financial Modeling, Tableau, Variance Analysis",Financial Modeling,"Learn Financial Modeling: Financial Modeling, Valuation & Risk Management"
1899,Vihaan Verma 1799,IT,Software Engineer,55,42970,0.0511,LOW,68.4,3,"Code Quality & Testing, Data Structures & Algorithms, Git, Python",Code Quality & Testing,Learn Code Quality & Testing: Mastering Code Quality & Testing
1900,Ananya Singh 1800,IT,Developer,55,82922,0.0,LOW,83.0,4,"JavaScript / TypeScript, PostgreSQL",JavaScript / TypeScript,Learn JavaScript / TypeScript: Mastering JavaScript / TypeScript
1901,Ananya Singh 1801,HR,Employee Relations,51,65755,0.0,LOW,69.5,1,"Employee Wellbeing, ServiceNow HR",Employee Wellbeing,Learn Employee Wellbeing: Mastering Employee Wellbeing
1902,Peter Mckee 1802,Sales,Account Manager,48,155926,0.0,LOW,60.8,3,"Gainsight, Salesforce",Gainsight,Learn Gainsight: Mastering Gainsight
1903,Christopher Benson 1803,Marketing,SEO Analyst,59,54416,0.5896,MEDIUM,66.9,3,"Screaming Frog, Traffic Analysis",Screaming Frog,Learn Screaming Frog: Mastering Screaming Frog
1904,Nicole Roberts 1804,Finance,Auditor,21,48672,0.0,LOW,73.0,3,"ACL Analytics, Internal Audit",ACL Analytics,Learn ACL Analytics: Mastering ACL Analytics
1905,Meera Das 1805,IT,Developer,45,163145,0.0,LOW,50.6,3,"Database Design, Git Version Control, Node.js",Database Design,Learn Database Design: Mastering Database Design
1906,Ayaan Saxena 1806,Finance,Accountant,58,109095,0.0,LOW,79.5,2,"Excel, Financial Accounting",Excel,Learn Excel: Mastering Excel
1907,Connie Bailey 1807,Sales,Account Manager,40,35064,0.1045,LOW,73.0,3,"Account Growth, Contract Renewal",Account Growth,Learn Account Growth: Mastering Account Growth
1908,Riya Mishra 1808,IT,Data Analyst,23,103835,0.0,LOW,84.0,3,"Business Reporting, Data Cleaning",Business Reporting,Learn Business Reporting: Mastering Business Reporting
1909,Arjun Rao 1809,Sales,Sales Executive,22,171711,0.0002,LOW,79.3,3,"B2B Sales, Client Relationship Management, LinkedIn Sales Navigator",B2B Sales,Learn B2B Sales: Mastering B2B Sales
1910,Ayaan Saxena 1810,Finance,Financial Analyst,38,177127,0.0,LOW,73.4,2,"Excel, PowerBI, Tableau",Excel,Learn Excel: Mastering Excel
1911,Judith Ware 1811,IT,Software Engineer,30,122594,0.0,LOW,67.7,5,"CI/CD, Data Structures & Algorithms",CI/CD,Learn CI/CD: Mastering CI/CD
1912,Jeffery Lopez 1812,IT,Developer,25,151916,0.0,LOW,90.3,4,"API Integration, Full-Stack Development, Git Version Control",API Integration,Learn API Integration: Mastering API Integration
1913,Jasmine Gonzalez 1813,Sales,Account Manager,29,155308,0.0008,LOW,98.0,4,"Contract Renewal, Gainsight, Zendesk",Contract Renewal,Learn Contract Renewal: Mastering Contract Renewal
1914,Devansh Banerjee 1814,Sales,Business Development,22,117516,0.0003,LOW,67.9,5,"Partnership Management, Salesforce",Partnership Management,Learn Partnership Management: Mastering Partnership Management
1915,Sara Khan 1815,Finance,Auditor,54,99666,0.0,LOW,84.5,2,"Financial Controls, Internal Audit",Financial Controls,Learn Financial Controls: Mastering Financial Controls
1916,Rita Walker 1816,Finance,Auditor,58,153294,0.0,LOW,63.5,2,"Financial Controls, Internal Audit, Risk Assessment",Financial Controls,Learn Financial Controls: Mastering Financial Controls
1917,Joel Fuller 1817,Finance,Financial Analyst,51,45866,0.9748,HIGH,64.9,1,"Budgeting & Forecasting, Tableau, Variance Analysis",Budgeting & Forecasting,Learn Budgeting & Forecasting: Mastering Budgeting & Forecasting
1918,Peter Mckee 1818,Sales,Business Development,30,38889,0.0038,LOW,67.4,4,"Market Expansion, ZoomInfo",Market Expansion,Learn Market Expansion: Mastering Market Expansion
1919,Christopher Benson 1819,IT,Tester,32,153194,0.0,LOW,80.2,4,"Jira, PyTest",Jira,Learn Jira: Mastering Jira
1920,Myra Nair 1820,IT,Software Engineer,56,159714,0.0,LOW,59.1,3,"CI/CD, Code Quality & Testing, Data Structures & Algorithms, Docker",CI/CD,Learn CI/CD: Mastering CI/CD
1921,Cody Bright 1821,IT,Cybersecurity Specialist,41,66335,0.0003,LOW,90.6,4,"Network Security, Threat Modeling, Wireshark",Network Security,Learn Network Security: Mastering Network Security
1922,Vihaan Verma 1822,IT,Engineer,26,85547,0.0,LOW,83.3,3,"Linux, Terraform",Linux,Learn Linux: Mastering Linux
1923,David Williams 1823,IT,Cybersecurity Specialist,23,133756,0.0,LOW,79.9,2,"Nmap, Threat Modeling, Wireshark",Nmap,Learn Nmap: Mastering Nmap
1924,Arjun Rao 1824,Support,Support Engineer,30,45995,0.8898,HIGH,68.5,2,"Jira, Postman",Jira,Learn Jira: Mastering Jira
1925,Myra Nair 1825,HR,Employee Relations,25,37631,0.0003,LOW,82.0,2,"Conflict Resolution, Employee Wellbeing",Conflict Resolution,Learn Conflict Resolution: Workplace Conflict Resolution & Empathy-Driven Leadership
1926,Erin Massey 1826,Sales,Business Development,46,172039,0.0,LOW,37.0,3,"Salesforce, ZoomInfo",Salesforce,Learn Salesforce: Mastering Salesforce
1927,Aditya Kumar 1827,Marketing,Content Lead,41,123294,0.0,LOW,77.3,3,"Brand Storytelling, Content Production",Brand Storytelling,Learn Brand Storytelling: Mastering Brand Storytelling
1928,Jeffery Lopez 1828,HR,Employee Relations,46,122278,0.005,LOW,73.9,4,"Employee Wellbeing, ServiceNow HR",Employee Wellbeing,Learn Employee Wellbeing: Mastering Employee Wellbeing
1929,Ayaan Saxena 1829,IT,Tester,58,99471,0.0006,LOW,49.4,2,"Manual Testing, Postman, Selenium",Manual Testing,Learn Manual Testing: Mastering Manual Testing
1930,Christopher Benson 1830,HR,HR Manager,46,72116,0.0001,LOW,76.9,3,"HR Compliance, Performance Management",HR Compliance,Learn HR Compliance: Mastering HR Compliance
1931,Troy Ford 1831,Sales,Account Manager,28,127116,0.0,LOW,79.1,3,"Account Growth, Gainsight",Account Growth,Learn Account Growth: Mastering Account Growth
1932,Brenda Bauer 1832,HR,Recruitment Specialist,25,168014,0.0,LOW,49.8,5,"Candidate Sourcing, Greenhouse",Candidate Sourcing,Learn Candidate Sourcing: Mastering Candidate Sourcing
1933,Troy Ford 1833,Marketing,Content Strategist,35,82664,0.0013,LOW,57.8,4,"Content Strategy, Editorial Calendar",Content Strategy,Learn Content Strategy: Mastering Content Strategy
1934,Clinton Scott 1834,HR,Employee Relations,36,122342,0.0,LOW,96.8,5,"Employee Wellbeing, Excel",Employee Wellbeing,Learn Employee Wellbeing: Mastering Employee Wellbeing
1935,Ishaan Malhotra 1835,HR,Employee Relations,21,49407,0.0294,LOW,69.8,3,"Conflict Resolution, Workplace Policy",Conflict Resolution,Learn Conflict Resolution: Workplace Conflict Resolution & Empathy-Driven Leadership
1936,Norman Lane 1836,Sales,Account Manager,36,148926,0.003,LOW,83.7,2,"Client Relationship Management, Contract Renewal, Salesforce",Client Relationship Management,Learn Client Relationship Management: Mastering Client Relationship Management
1937,Kavya Menon 1837,IT,Cybersecurity Specialist,57,94201,0.989,HIGH,85.5,3,"Incident Response, Nmap",Incident Response,Learn Incident Response: Mastering Incident Response
1938,Navya Chopra 1838,IT,Software Engineer,23,115093,0.9323,HIGH,76.7,2,"Docker, Kubernetes, System Design",Docker,Learn Docker: Docker & Kubernetes for Cloud Native DevOps
1939,Pari Joshi 1839,Marketing,Marketing Executive,51,52878,0.0456,LOW,84.2,3,"Meta Ads Manager, Social Media Marketing",Meta Ads Manager,Learn Meta Ads Manager: Mastering Meta Ads Manager
1940,Saanvi Iyer 1840,Finance,Auditor,33,118100,0.0,LOW,46.6,3,"ACL Analytics, Internal Audit",ACL Analytics,Learn ACL Analytics: Mastering ACL Analytics
1941,Pari Joshi 1841,HR,Employee Relations,36,113629,0.0,LOW,69.2,3,"Excel, ServiceNow HR",Excel,Learn Excel: Mastering Excel
1942,Riya Mishra 1842,Finance,Auditor,41,78168,0.0,LOW,35.0,4,"Financial Controls, Internal Audit, SAP",Financial Controls,Learn Financial Controls: Mastering Financial Controls
1943,Ayaan Saxena 1843,Sales,Sales Executive,22,89862,0.0,LOW,51.0,3,"Negotiation, Pipeline Management, Salesforce",Negotiation,Learn Negotiation: Strategic Negotiation & High-Value B2B Closing
1944,Jasmine Gonzalez 1844,HR,HR Manager,47,63004,0.0,LOW,65.4,5,"HR Compliance, Workday",HR Compliance,Learn HR Compliance: Mastering HR Compliance
1945,Cody Bright 1845,Sales,Account Manager,58,55471,0.0007,LOW,64.0,3,"Client Relationship Management, Contract Renewal, Gainsight",Client Relationship Management,Learn Client Relationship Management: Mastering Client Relationship Management
1946,Kavya Menon 1846,IT,Data Analyst,46,126820,0.0001,LOW,72.5,3,"Excel, PowerBI",Excel,Learn Excel: Mastering Excel
1947,Riya Mishra 1847,Support,Support Engineer,58,137229,0.0554,LOW,71.8,3,"Postman, Root Cause Analysis",Postman,Learn Postman: Mastering Postman
1948,Reyansh Reddy 1848,HR,Recruitment Specialist,45,100308,0.0,LOW,73.6,4,"Candidate Sourcing, Greenhouse, LinkedIn Recruiter",Candidate Sourcing,Learn Candidate Sourcing: Mastering Candidate Sourcing
1949,Shannon Clark 1849,Sales,Business Development,31,118969,0.0,LOW,74.1,3,"Partnership Management, Salesforce",Partnership Management,Learn Partnership Management: Mastering Partnership Management
1950,Megan Williams 1850,IT,Tester,28,49568,0.0,LOW,76.0,3,"Bug Tracking, Postman",Bug Tracking,Learn Bug Tracking: Mastering Bug Tracking
1951,Aditya Kumar 1851,HR,Employee Relations,28,44466,0.2079,LOW,60.5,3,"Conflict Resolution, ServiceNow HR",Conflict Resolution,Learn Conflict Resolution: Workplace Conflict Resolution & Empathy-Driven Leadership
1952,Shannon Clark 1852,IT,Developer,53,92324,0.0001,LOW,63.3,1,"Database Design, Full-Stack Development, JavaScript / TypeScript, Node.js",Database Design,Learn Database Design: Mastering Database Design
1953,Christopher Benson 1853,Marketing,SEO Specialist,27,137208,0.0027,LOW,71.6,2,"SEMrush, Search Engine Optimization, Technical SEO",SEMrush,Learn SEMrush: Mastering SEMrush
1954,Rita Walker 1854,Support,Support Engineer,58,181539,0.0,LOW,71.7,3,"Postman, Root Cause Analysis",Postman,Learn Postman: Mastering Postman
1955,Saanvi Iyer 1855,IT,Developer,41,110955,0.0,LOW,59.0,5,"JavaScript / TypeScript, PostgreSQL, React",JavaScript / TypeScript,Learn JavaScript / TypeScript: Mastering JavaScript / TypeScript
1956,Troy Ford 1856,Sales,Account Manager,28,182748,0.0,LOW,85.0,4,"Client Relationship Management, Zendesk",Client Relationship Management,Learn Client Relationship Management: Mastering Client Relationship Management
1957,Jeffery Lopez 1857,IT,Data Analyst,41,129791,0.0,LOW,80.7,3,"Statistical Analysis, Tableau",Statistical Analysis,Learn Statistical Analysis: Mastering Statistical Analysis
1958,Erin Massey 1858,IT,Cybersecurity Specialist,40,143718,0.0,LOW,61.7,3,"Threat Modeling, Vulnerability Assessment",Threat Modeling,Learn Threat Modeling: Mastering Threat Modeling
1959,Vihaan Verma 1859,Sales,Sales Executive,28,57650,0.0014,LOW,69.5,3,"Client Relationship Management, Lead Generation, LinkedIn Sales Navigator",Client Relationship Management,Learn Client Relationship Management: Mastering Client Relationship Management
1960,David Williams 1860,Sales,Sales Executive,51,123290,0.0,LOW,96.1,1,"B2B Sales, Lead Generation, LinkedIn Sales Navigator, Pipeline Management",B2B Sales,Learn B2B Sales: Mastering B2B Sales
1961,Christopher Benson 1861,IT,Engineer,49,112701,0.0,LOW,73.9,3,"DevOps, Terraform",DevOps,Learn DevOps: Mastering DevOps
1962,Arjun Rao 1862,HR,HR Executive,29,45683,0.0,LOW,76.7,3,"HR Operations, Workday",HR Operations,Learn HR Operations: Mastering HR Operations
1963,Devansh Banerjee 1863,IT,Developer,35,115978,0.0,LOW,64.7,3,"Full-Stack Development, Node.js",Full-Stack Development,Learn Full-Stack Development: Mastering Full-Stack Development
1964,Jasmine Gonzalez 1864,IT,Developer,50,39860,0.9997,HIGH,68.2,3,"Database Design, Node.js",Database Design,Learn Database Design: Mastering Database Design
1965,Jasmine Gonzalez 1865,HR,HR Executive,46,169801,0.0,LOW,90.1,4,"Excel, HR Operations",Excel,Learn Excel: Mastering Excel
1966,Jasmine Gonzalez 1866,HR,Recruitment Specialist,30,66351,0.9155,HIGH,73.4,3,"Candidate Sourcing, LinkedIn Recruiter, Salary Benchmarking",Candidate Sourcing,Learn Candidate Sourcing: Mastering Candidate Sourcing
1967,Jeffery Lopez 1867,Sales,Business Development,49,97744,0.0352,LOW,71.1,3,"Salesforce, ZoomInfo",Salesforce,Learn Salesforce: Mastering Salesforce
1968,Navya Chopra 1868,Support,Helpdesk,36,155198,0.0,LOW,72.1,3,"Jira Service Desk, Ticket Resolution",Jira Service Desk,Learn Jira Service Desk: Mastering Jira Service Desk
1969,Sara Snyder 1869,IT,Data Analyst,56,109155,0.9817,HIGH,100.0,4,"Data Cleaning, Tableau",Data Cleaning,Learn Data Cleaning: Mastering Data Cleaning
1970,Vihaan Verma 1870,HR,Employee Relations,40,156449,0.0,LOW,72.5,3,"Conflict Resolution, ServiceNow HR",Conflict Resolution,Learn Conflict Resolution: Workplace Conflict Resolution & Empathy-Driven Leadership
1971,Joel Fuller 1871,Sales,Account Manager,57,111700,0.5961,MEDIUM,62.0,3,"Client Relationship Management, Contract Renewal",Client Relationship Management,Learn Client Relationship Management: Mastering Client Relationship Management
1972,Arjun Rao 1872,IT,Developer,42,41955,0.0,LOW,64.1,3,"Git Version Control, JavaScript / TypeScript",Git Version Control,Learn Git Version Control: Mastering Git Version Control
1973,Kavya Menon 1873,Finance,Auditor,27,56662,0.0909,LOW,81.4,3,"Internal Audit, Risk Assessment",Internal Audit,Learn Internal Audit: Mastering Internal Audit
1974,Ananya Singh 1874,IT,Developer,43,41408,0.8447,HIGH,54.9,3,"Full-Stack Development, JavaScript / TypeScript",Full-Stack Development,Learn Full-Stack Development: Mastering Full-Stack Development
1975,Shannon Clark 1875,IT,Tester,49,36225,0.0494,LOW,77.4,2,"Manual Testing, PyTest, Test Automation",Manual Testing,Learn Manual Testing: Mastering Manual Testing
1976,Sara Khan 1876,IT,Data Analyst,36,178268,0.0,LOW,63.3,3,"Exploratory Data Analysis, Statistical Analysis",Exploratory Data Analysis,Learn Exploratory Data Analysis: Mastering Exploratory Data Analysis
1977,Ishaan Malhotra 1877,Sales,Account Manager,58,181444,0.0,LOW,49.7,3,"Client Relationship Management, Salesforce, Zendesk",Client Relationship Management,Learn Client Relationship Management: Mastering Client Relationship Management
1978,Aditya Kumar 1878,Marketing,SEO Specialist,48,52279,0.0,LOW,60.2,3,"Google Analytics, Keyword Research, Search Engine Optimization",Google Analytics,Learn Google Analytics: Mastering Google Analytics
1979,Diya Patel 1879,Sales,Sales Executive,58,145401,0.0004,LOW,72.3,3,"HubSpot, Salesforce",HubSpot,Learn HubSpot: Mastering HubSpot
1980,Anna Dominguez 1880,Sales,Business Development,51,127404,0.0004,LOW,88.7,3,"Deal Closing, ZoomInfo",Deal Closing,Learn Deal Closing: Mastering Deal Closing
1981,Connie Bailey 1881,Sales,Business Development,34,83481,0.0,LOW,83.0,4,Market Expansion,Market Expansion,Learn Market Expansion: Mastering Market Expansion
1982,Manish Badami 1882,Marketing,Content Strategist,53,79552,0.0065,LOW,68.5,4,"Editorial Calendar, WordPress",Editorial Calendar,Learn Editorial Calendar: Mastering Editorial Calendar
1983,Christopher Benson 1883,Finance,Auditor,29,172930,0.0,LOW,83.7,4,"Excel, Internal Audit",Excel,Learn Excel: Mastering Excel
1984,Steven Barnett 1884,IT,Cybersecurity Specialist,47,109474,0.0,LOW,67.7,3,"Nmap, Threat Modeling",Nmap,Learn Nmap: Mastering Nmap
1985,Devansh Banerjee 1885,IT,Software Engineer,44,60168,0.0,LOW,54.4,3,"CI/CD, Docker, Git",CI/CD,Learn CI/CD: Mastering CI/CD
1986,Peter Mckee 1886,IT,Software Engineer,33,67099,0.5678,MEDIUM,72.3,3,"Data Structures & Algorithms, Docker, System Design",Data Structures & Algorithms,Learn Data Structures & Algorithms: Mastering Data Structures & Algorithms
1987,Connie Bailey 1887,IT,Engineer,46,96455,0.0,LOW,53.9,1,"Backend Architecture, Cloud Infrastructure",Backend Architecture,Learn Backend Architecture: Mastering Backend Architecture
1988,Taylor Morris 1888,Support,Support Engineer,49,89240,0.0383,LOW,81.5,4,"SLA Management, Splunk",SLA Management,Learn SLA Management: Mastering SLA Management
1989,Megan Williams 1889,Finance,Auditor,48,109796,0.0112,LOW,81.7,4,"ACL Analytics, Internal Audit",ACL Analytics,Learn ACL Analytics: Mastering ACL Analytics
1990,Diya Patel 1890,Sales,Account Manager,48,89592,0.0,LOW,61.4,3,"Gainsight, Salesforce, Zendesk",Gainsight,Learn Gainsight: Mastering Gainsight
1991,Taylor Morris 1891,Support,Helpdesk,28,157181,0.0,LOW,73.7,2,"Ticket Resolution, Troubleshooting",Ticket Resolution,Learn Ticket Resolution: Mastering Ticket Resolution
1992,Sara Snyder 1892,IT,Engineer,43,136611,0.0,LOW,73.6,5,"Backend Architecture, Terraform",Backend Architecture,Learn Backend Architecture: Mastering Backend Architecture
1993,Joel Fuller 1893,IT,Engineer,49,93046,0.0,LOW,82.5,4,DevOps,DevOps,Learn DevOps: Mastering DevOps
1994,Avani Bhat 1894,Marketing,Marketing Executive,25,51488,0.0,LOW,57.1,3,"Mailchimp, Social Media Marketing",Mailchimp,Learn Mailchimp: Mastering Mailchimp
1995,Kavya Menon 1895,Marketing,Content Lead,27,153521,0.0,LOW,79.2,2,"Content Production, Figma",Content Production,Learn Content Production: Mastering Content Production
1996,Aarav Sharma 1896,Marketing,Content Lead,56,166467,0.0,LOW,56.2,3,"Brand Storytelling, Creative Direction",Brand Storytelling,Learn Brand Storytelling: Mastering Brand Storytelling
1997,Shannon Clark 1897,IT,Software Engineer,47,176917,0.0,LOW,81.3,2,"Code Quality & Testing, Data Structures & Algorithms, Git, Kubernetes, Python",Code Quality & Testing,Learn Code Quality & Testing: Mastering Code Quality & Testing
1998,Peggy Mann 1898,IT,Engineer,22,53394,0.9729,HIGH,84.8,3,"Backend Architecture, DevOps",Backend Architecture,Learn Backend Architecture: Mastering Backend Architecture
1999,Erin Massey 1899,HR,HR Manager,45,128993,0.0,LOW,64.0,3,"BambooHR, Performance Management",BambooHR,Learn BambooHR: Mastering BambooHR
2000,Ananya Singh 1900,IT,Software Engineer,29,94332,0.0026,LOW,86.6,4,"Data Structures & Algorithms, Git, Kubernetes",Data Structures & Algorithms,Learn Data Structures & Algorithms: Mastering Data Structures & Algorithms
2001,Connie Bailey 1901,Sales,Sales Executive,47,77628,0.1724,LOW,53.1,3,"Lead Generation, Salesforce",Lead Generation,Learn Lead Generation: Mastering Lead Generation
2002,Kabir Mehta 1902,Sales,Sales Executive,21,56352,0.0,LOW,85.2,3,"B2B Sales, Client Relationship Management, Salesforce",B2B Sales,Learn B2B Sales: Mastering B2B Sales
2003,David Williams 1903,Finance,Financial Analyst,43,117971,0.0015,LOW,89.3,2,"Excel, Financial Modeling, Tableau",Excel,Learn Excel: Mastering Excel
2004,Joel Fuller 1904,Finance,Financial Analyst,30,86993,0.1096,LOW,76.1,3,"Financial Modeling, Variance Analysis",Financial Modeling,"Learn Financial Modeling: Financial Modeling, Valuation & Risk Management"
2005,Jeffery Lopez 1905,Sales,Sales Executive,45,138027,0.0,LOW,69.7,4,"HubSpot, Lead Generation, Pipeline Management",HubSpot,Learn HubSpot: Mastering HubSpot
2006,Anna Dominguez 1906,Sales,Sales Executive,23,155212,0.0,LOW,75.7,3,"HubSpot, Pipeline Management",HubSpot,Learn HubSpot: Mastering HubSpot
2007,Ananya Singh 1907,Sales,Account Manager,26,43539,0.7033,HIGH,64.8,3,"Account Growth, Zendesk",Account Growth,Learn Account Growth: Mastering Account Growth
2008,Christopher Benson 1908,Sales,Sales Executive,26,167335,0.0,LOW,100.0,3,"HubSpot, Negotiation",HubSpot,Learn HubSpot: Mastering HubSpot
2009,Manish Badami 1909,IT,Tester,22,179377,0.0,LOW,65.0,3,"Postman, PyTest, Selenium",Postman,Learn Postman: Mastering Postman
2010,Joel Fuller 1910,HR,Recruitment Specialist,38,88817,0.0001,LOW,87.8,2,"Greenhouse, Salary Benchmarking",Greenhouse,Learn Greenhouse: Mastering Greenhouse
2011,Pari Joshi 1911,HR,HR Executive,43,84107,0.9327,HIGH,63.1,3,"Excel, Payroll Coordination",Excel,Learn Excel: Mastering Excel
2012,Megan Williams 1912,Support,Support Engineer,22,164240,0.0,LOW,91.2,2,"Jira, Splunk",Jira,Learn Jira: Mastering Jira
2013,Nicole Roberts 1913,Marketing,Content Strategist,32,134655,0.0,LOW,96.1,4,"Content Strategy, WordPress",Content Strategy,Learn Content Strategy: Mastering Content Strategy
2014,Cody Bright 1914,IT,Cybersecurity Specialist,42,91132,0.0,LOW,76.6,2,"Nmap, SIEM Tools, Wireshark",Nmap,Learn Nmap: Mastering Nmap
2015,Cody Bright 1915,Finance,Financial Analyst,57,160701,0.0012,LOW,75.4,2,"Financial Modeling, PowerBI, SQL",Financial Modeling,"Learn Financial Modeling: Financial Modeling, Valuation & Risk Management"
2016,Manish Badami 1916,HR,HR Manager,40,140494,0.0,LOW,60.5,3,"BambooHR, Performance Management",BambooHR,Learn BambooHR: Mastering BambooHR
2017,Diya Patel 1917,IT,Engineer,59,87979,0.0,LOW,59.1,4,"Cloud Infrastructure, Linux",Cloud Infrastructure,Learn Cloud Infrastructure: Mastering Cloud Infrastructure
2018,Pari Joshi 1918,IT,Engineer,44,93013,0.5503,MEDIUM,75.6,5,"Cloud Infrastructure, Linux",Cloud Infrastructure,Learn Cloud Infrastructure: Mastering Cloud Infrastructure
2019,Steven Barnett 1919,Finance,Accountant,40,98797,0.0,LOW,89.5,4,"Excel, QuickBooks",Excel,Learn Excel: Mastering Excel
2020,Peggy Mann 1920,Marketing,Content Strategist,21,86798,0.0,LOW,65.4,3,"Canva, Copywriting, Notion",Canva,Learn Canva: Mastering Canva
2021,Troy Ford 1921,IT,Software Engineer,21,182722,0.0,LOW,98.5,3,"CI/CD, Git, REST APIs, System Design",CI/CD,Learn CI/CD: Mastering CI/CD
2022,Peggy Mann 1922,Marketing,SEO Specialist,37,111421,0.0,LOW,64.7,4,"SEMrush, Search Engine Optimization",SEMrush,Learn SEMrush: Mastering SEMrush
2023,Aditya Kumar 1923,Marketing,SEO Specialist,21,42434,0.9295,HIGH,74.8,4,"Ahrefs, SEMrush",Ahrefs,Learn Ahrefs: Mastering Ahrefs
2024,Jasmine Gonzalez 1924,Sales,Business Development,50,65028,0.0002,LOW,74.8,3,"Deal Closing, Salesforce",Deal Closing,Learn Deal Closing: Mastering Deal Closing
2025,Manish Badami 1925,IT,Cybersecurity Specialist,23,101558,0.0004,LOW,70.8,3,"Incident Response, Nmap, Wireshark",Incident Response,Learn Incident Response: Mastering Incident Response
2026,Vihaan Verma 1926,Marketing,Content Strategist,31,59331,0.0,LOW,47.5,3,"Content Strategy, Notion",Content Strategy,Learn Content Strategy: Mastering Content Strategy
2027,Ayaan Saxena 1927,Finance,Auditor,44,102573,0.0,LOW,64.6,4,"Internal Audit, Risk Assessment",Internal Audit,Learn Internal Audit: Mastering Internal Audit
2028,Diya Patel 1928,IT,Developer,42,164473,0.0838,LOW,74.4,3,"Database Design, PostgreSQL",Database Design,Learn Database Design: Mastering Database Design
2029,Sara Snyder 1929,HR,HR Manager,46,117979,0.0,LOW,70.8,3,"Performance Management, Talent Acquisition",Performance Management,Learn Performance Management: Mastering Performance Management
2030,Cody Bright 1930,Finance,Auditor,33,39123,0.5951,MEDIUM,79.6,5,Financial Controls,Financial Controls,Learn Financial Controls: Mastering Financial Controls
2031,Kavya Menon 1931,Finance,Auditor,21,51603,0.0,LOW,81.1,3,"ACL Analytics, Internal Audit, SAP",ACL Analytics,Learn ACL Analytics: Mastering ACL Analytics
2032,Meera Das 1932,Finance,Auditor,44,100941,0.0,LOW,69.1,3,"Excel, Risk Assessment",Excel,Learn Excel: Mastering Excel
2033,Sara Khan 1933,Sales,Account Manager,30,77597,0.0,LOW,60.5,3,"Contract Renewal, Cross-selling",Contract Renewal,Learn Contract Renewal: Mastering Contract Renewal
2034,Ishaan Malhotra 1934,IT,Cybersecurity Specialist,55,119238,0.9391,HIGH,90.6,2,"Incident Response, Network Security, Vulnerability Assessment",Incident Response,Learn Incident Response: Mastering Incident Response
2035,Arjun Rao 1935,IT,Data Analyst,44,76751,0.0481,LOW,55.7,3,"Business Reporting, Data Cleaning, Python",Business Reporting,Learn Business Reporting: Mastering Business Reporting
2036,Meera Das 1936,Sales,Sales Executive,48,161462,0.001,LOW,64.9,3,"B2B Sales, Lead Generation",B2B Sales,Learn B2B Sales: Mastering B2B Sales
2037,Ananya Singh 1937,Finance,Auditor,56,121978,0.0105,LOW,61.8,3,"Excel, Risk Assessment",Excel,Learn Excel: Mastering Excel
2038,Taylor Morris 1938,Sales,Sales Executive,36,52693,0.9851,HIGH,81.0,3,"Lead Generation, Negotiation",Lead Generation,Learn Lead Generation: Mastering Lead Generation
2039,Kabir Mehta 1939,IT,Tester,36,129524,0.0003,LOW,87.8,1,"Jira, Postman, Test Automation",Jira,Learn Jira: Mastering Jira
2040,Joel Fuller 1940,Sales,Sales Executive,37,132869,0.0001,LOW,69.9,5,"Client Relationship Management, Lead Generation, Pipeline Management",Client Relationship Management,Learn Client Relationship Management: Mastering Client Relationship Management
2041,Ashley Marsh 1941,Sales,Account Manager,35,98825,0.0,LOW,74.8,4,"Cross-selling, Zendesk",Cross-selling,Learn Cross-selling: Mastering Cross-selling
2042,Jeffery Lopez 1942,Marketing,SEO Analyst,36,175594,0.0,LOW,77.1,3,"Google Search Console, Traffic Analysis",Google Search Console,Learn Google Search Console: Mastering Google Search Console
2043,Aditi Sen 1943,Marketing,Marketing Executive,35,165475,0.0,LOW,93.6,4,"Mailchimp, Meta Ads Manager",Mailchimp,Learn Mailchimp: Mastering Mailchimp
2044,Christopher Benson 1944,Finance,Financial Analyst,54,80406,0.0,LOW,50.7,3,"SQL, Tableau, Variance Analysis",SQL,Learn SQL: Advanced SQL & Modern Data Warehousing
2045,Kabir Mehta 1945,Sales,Sales Executive,31,178193,0.0,LOW,80.9,4,"Client Relationship Management, HubSpot, Lead Generation",Client Relationship Management,Learn Client Relationship Management: Mastering Client Relationship Management
2046,Clinton Scott 1946,Sales,Business Development,21,158371,0.0,LOW,76.5,3,"Deal Closing, Partnership Management",Deal Closing,Learn Deal Closing: Mastering Deal Closing
2047,Manish Badami 1947,IT,Software Engineer,35,180291,0.0,LOW,67.5,4,"Git, System Design",Git,Learn Git: Mastering Git
2048,Jasmine Gonzalez 1948,IT,Developer,46,36617,0.9349,HIGH,75.9,2,"Full-Stack Development, Git Version Control, PostgreSQL",Full-Stack Development,Learn Full-Stack Development: Mastering Full-Stack Development
2049,Aarav Sharma 1949,Finance,Accountant,24,78016,0.0011,LOW,80.9,3,"Excel, General Ledger, QuickBooks",Excel,Learn Excel: Mastering Excel
2050,Erin Massey 1950,Finance,Auditor,25,59276,0.0,LOW,79.0,4,"ACL Analytics, SAP",ACL Analytics,Learn ACL Analytics: Mastering ACL Analytics
2051,Clinton Scott 1951,Marketing,Marketing Executive,55,107240,0.0,LOW,97.9,1,"Market Research, Social Media Marketing",Market Research,Learn Market Research: Mastering Market Research
2052,Peggy Mann 1952,IT,Developer,33,141292,0.0,LOW,73.5,2,"API Integration, Git Version Control, JavaScript / TypeScript, PostgreSQL",API Integration,Learn API Integration: Mastering API Integration
2053,Myra Nair 1953,IT,Developer,30,52959,0.0,LOW,72.3,3,"Database Design, Full-Stack Development",Database Design,Learn Database Design: Mastering Database Design
2054,Myra Nair 1954,Marketing,SEO Specialist,31,63522,0.0003,LOW,69.8,3,"Keyword Research, SEMrush",Keyword Research,Learn Keyword Research: Mastering Keyword Research
2055,Rita Walker 1955,IT,Cybersecurity Specialist,38,176025,0.0,LOW,78.6,2,"Network Security, Splunk, Threat Modeling",Network Security,Learn Network Security: Mastering Network Security
2056,Saanvi Iyer 1956,IT,Engineer,54,61567,0.0009,LOW,71.6,3,"Backend Architecture, Linux",Backend Architecture,Learn Backend Architecture: Mastering Backend Architecture
2057,Kabir Mehta 1957,Finance,Financial Analyst,59,97708,0.0,LOW,72.2,3,"Financial Modeling, PowerBI",Financial Modeling,"Learn Financial Modeling: Financial Modeling, Valuation & Risk Management"
2058,Ishaan Malhotra 1958,Sales,Account Manager,43,161206,0.0001,LOW,72.2,2,"Client Relationship Management, Gainsight, Salesforce",Client Relationship Management,Learn Client Relationship Management: Mastering Client Relationship Management
2059,Jeffery Lopez 1959,Finance,Financial Analyst,27,57560,0.0044,LOW,70.4,4,"Excel, Variance Analysis",Excel,Learn Excel: Mastering Excel
2060,Ashley Marsh 1960,Finance,Financial Analyst,59,93390,0.0085,LOW,64.7,3,"PowerBI, SQL, Tableau",PowerBI,Learn PowerBI: PowerBI & Tableau Executive Dashboards
2061,Shannon Clark 1961,IT,Tester,23,160772,0.0,LOW,77.0,3,"Bug Tracking, Jira, Selenium",Bug Tracking,Learn Bug Tracking: Mastering Bug Tracking
2062,Myra Nair 1962,IT,Tester,32,80104,0.0,LOW,68.6,3,"Bug Tracking, Manual Testing, Postman",Bug Tracking,Learn Bug Tracking: Mastering Bug Tracking
2063,Connie Bailey 1963,IT,Cybersecurity Specialist,27,92805,0.0001,LOW,79.4,3,"Incident Response, Network Security, Splunk",Incident Response,Learn Incident Response: Mastering Incident Response
2064,Norman Lane 1964,IT,Tester,46,59496,0.0,LOW,73.3,4,"Bug Tracking, PyTest",Bug Tracking,Learn Bug Tracking: Mastering Bug Tracking
2065,Taylor Morris 1965,IT,Cybersecurity Specialist,53,126257,0.0,LOW,67.4,2,"Incident Response, Network Security, SIEM Tools, Wireshark",Incident Response,Learn Incident Response: Mastering Incident Response
2066,Ishaan Malhotra 1966,Sales,Sales Executive,57,38515,0.9751,HIGH,90.8,4,"Client Relationship Management, LinkedIn Sales Navigator, Pipeline Management",Client Relationship Management,Learn Client Relationship Management: Mastering Client Relationship Management
2067,Kavya Menon 1967,Finance,Auditor,35,39454,0.0,LOW,70.8,4,"Excel, Financial Controls",Excel,Learn Excel: Mastering Excel
2068,Saanvi Iyer 1968,Finance,Auditor,22,57873,0.0001,LOW,79.5,4,"Financial Controls, Risk Assessment",Financial Controls,Learn Financial Controls: Mastering Financial Controls
2069,Judith Ware 1969,Sales,Sales Executive,27,108920,0.0,LOW,63.6,2,"Lead Generation, LinkedIn Sales Navigator, Salesforce",Lead Generation,Learn Lead Generation: Mastering Lead Generation
2070,David Williams 1970,IT,Tester,52,48727,0.0143,LOW,47.7,2,"Bug Tracking, Test Automation",Bug Tracking,Learn Bug Tracking: Mastering Bug Tracking
2071,Clinton Scott 1971,Sales,Account Manager,24,163376,0.0,LOW,65.2,3,"Client Relationship Management, Cross-selling",Client Relationship Management,Learn Client Relationship Management: Mastering Client Relationship Management
2072,Kabir Mehta 1972,Marketing,SEO Analyst,40,104070,0.0,LOW,46.4,2,"Competitor Analysis, Traffic Analysis",Competitor Analysis,Learn Competitor Analysis: Mastering Competitor Analysis
2073,Ishaan Malhotra 1973,IT,Data Analyst,56,134059,0.0,LOW,69.2,2,"Exploratory Data Analysis, PowerBI, Tableau",Exploratory Data Analysis,Learn Exploratory Data Analysis: Mastering Exploratory Data Analysis
2074,Clinton Scott 1974,HR,HR Executive,52,159564,0.0034,LOW,89.6,2,"Excel, Onboarding",Excel,Learn Excel: Mastering Excel
2075,Devansh Banerjee 1975,IT,Data Analyst,48,152213,0.0005,LOW,61.1,3,"Exploratory Data Analysis, SQL",Exploratory Data Analysis,Learn Exploratory Data Analysis: Mastering Exploratory Data Analysis
2076,Clinton Scott 1976,IT,Tester,33,60465,0.9419,HIGH,46.7,1,"Bug Tracking, Postman, PyTest",Bug Tracking,Learn Bug Tracking: Mastering Bug Tracking
2077,Riya Mishra 1977,IT,Tester,21,94799,0.3555,LOW,90.0,2,"Jira, Manual Testing, PyTest",Jira,Learn Jira: Mastering Jira
2078,Kavya Menon 1978,Sales,Business Development,55,131129,0.0,LOW,66.3,4,"Market Expansion, Salesforce",Market Expansion,Learn Market Expansion: Mastering Market Expansion
2079,Cody Bright 1979,HR,Recruitment Specialist,50,174374,0.0,LOW,71.8,2,"Candidate Sourcing, Screening & Interviewing",Candidate Sourcing,Learn Candidate Sourcing: Mastering Candidate Sourcing
2080,Sara Khan 1980,Finance,Accountant,56,142288,0.0,LOW,81.5,3,"QuickBooks, SAP Financials",QuickBooks,Learn QuickBooks: Mastering QuickBooks
2081,Vihaan Verma 1981,IT,Developer,45,47875,0.0116,LOW,78.3,3,"API Integration, Database Design, Git Version Control",API Integration,Learn API Integration: Mastering API Integration
2082,Myra Nair 1982,IT,Developer,36,62219,0.0699,LOW,81.0,5,"Database Design, JavaScript / TypeScript",Database Design,Learn Database Design: Mastering Database Design
2083,Myra Nair 1983,Sales,Account Manager,39,71182,0.0,LOW,82.8,4,"Cross-selling, Salesforce",Cross-selling,Learn Cross-selling: Mastering Cross-selling
2084,Clinton Scott 1984,IT,Cybersecurity Specialist,21,114781,0.0009,LOW,51.0,3,"Incident Response, Splunk, Wireshark",Incident Response,Learn Incident Response: Mastering Incident Response
2085,Peggy Mann 1985,Marketing,SEO Analyst,25,41457,0.5291,MEDIUM,55.0,4,"Competitor Analysis, Traffic Analysis",Competitor Analysis,Learn Competitor Analysis: Mastering Competitor Analysis
2086,Joel Fuller 1986,Sales,Business Development,42,172821,0.0018,LOW,86.1,3,"Market Expansion, Partnership Management",Market Expansion,Learn Market Expansion: Mastering Market Expansion
2087,Diya Patel 1987,Sales,Sales Executive,44,68064,0.0,LOW,62.6,3,"B2B Sales, HubSpot",B2B Sales,Learn B2B Sales: Mastering B2B Sales
2088,Troy Ford 1988,IT,Cybersecurity Specialist,57,175893,0.0,LOW,63.9,3,"Incident Response, Nmap",Incident Response,Learn Incident Response: Mastering Incident Response
2089,Clinton Scott 1989,IT,Developer,56,150256,0.0,LOW,56.8,3,"API Integration, Git Version Control",API Integration,Learn API Integration: Mastering API Integration
2090,Avani Bhat 1990,IT,Cybersecurity Specialist,56,133297,0.0,LOW,67.1,3,"SIEM Tools, Wireshark",SIEM Tools,Learn SIEM Tools: Mastering SIEM Tools
2091,Rita Walker 1991,IT,Software Engineer,24,173736,0.0001,LOW,67.8,3,"Code Quality & Testing, Docker, Kubernetes, REST APIs",Code Quality & Testing,Learn Code Quality & Testing: Mastering Code Quality & Testing
2092,Clinton Scott 1992,HR,HR Executive,56,104918,0.0001,LOW,60.8,3,"Onboarding, Workday",Onboarding,Learn Onboarding: Mastering Onboarding
2093,Avani Bhat 1993,IT,Cybersecurity Specialist,38,125179,0.0,LOW,59.4,2,"Nmap, SIEM Tools, Threat Modeling",Nmap,Learn Nmap: Mastering Nmap
2094,Kabir Mehta 1994,Finance,Auditor,36,109944,0.0,LOW,75.8,3,"Internal Audit, SAP",Internal Audit,Learn Internal Audit: Mastering Internal Audit
2095,Myra Nair 1995,Finance,Accountant,38,124142,0.0003,LOW,62.3,3,"Excel, General Ledger, Tax Compliance",Excel,Learn Excel: Mastering Excel
2096,Cody Bright 1996,HR,Recruitment Specialist,42,62603,0.0001,LOW,64.7,2,"Greenhouse, Lever",Greenhouse,Learn Greenhouse: Mastering Greenhouse
2097,Kabir Mehta 1997,HR,HR Manager,22,81458,0.0006,LOW,45.8,3,"Performance Management, Workday",Performance Management,Learn Performance Management: Mastering Performance Management
2098,Avani Bhat 1998,Sales,Account Manager,41,105605,0.007,LOW,95.3,3,"Cross-selling, Salesforce",Cross-selling,Learn Cross-selling: Mastering Cross-selling
2099,Shannon Clark 1999,IT,Software Engineer,56,54623,0.0976,LOW,83.3,4,"Kubernetes, Python",Kubernetes,Learn Kubernetes: Mastering Kubernetes
2100,Kavya Menon 2000,Finance,Accountant,59,79440,0.0,LOW,66.1,2,"Financial Accounting, General Ledger, QuickBooks",Financial Accounting,Learn Financial Accounting: Mastering Financial Accounting
2101,Rohan Pillai 2001,IT,Software Engineer,59,117427,0.0143,LOW,61.2,3,"Git, REST APIs",Git,Learn Git: Mastering Git
2102,Sara Snyder 2002,IT,Tester,49,173776,0.0049,LOW,72.1,2,"Bug Tracking, Test Automation",Bug Tracking,Learn Bug Tracking: Mastering Bug Tracking
2103,Jasmine Gonzalez 2003,Finance,Financial Analyst,46,128826,0.0,LOW,71.8,3,"Excel, Financial Modeling",Excel,Learn Excel: Mastering Excel
2104,Rohan Pillai 2004,Sales,Account Manager,41,62460,0.2195,LOW,56.7,2,"Client Relationship Management, Salesforce, Zendesk",Client Relationship Management,Learn Client Relationship Management: Mastering Client Relationship Management
2105,Peggy Mann 2005,Finance,Auditor,37,145373,0.0321,LOW,41.4,3,"Excel, SAP",Excel,Learn Excel: Mastering Excel
2106,Shannon Clark 2006,IT,Engineer,36,172637,0.0,LOW,65.7,4,"Cloud Infrastructure, Terraform",Cloud Infrastructure,Learn Cloud Infrastructure: Mastering Cloud Infrastructure
2107,Peter Mckee 2007,Marketing,Marketing Executive,51,39870,0.0002,LOW,53.2,3,"Campaign Management, Market Research",Campaign Management,Learn Campaign Management: Mastering Campaign Management
2108,Ananya Singh 2008,IT,Engineer,29,53909,0.0001,LOW,74.1,3,"AWS, Cloud Infrastructure",AWS,Learn AWS: AWS Certified Solutions Architect & Cloud Engineering
2109,Navya Chopra 2009,Sales,Account Manager,51,44117,0.0,LOW,74.1,3,"Cross-selling, Salesforce",Cross-selling,Learn Cross-selling: Mastering Cross-selling
2110,Sara Snyder 2010,HR,HR Executive,34,102474,0.0002,LOW,60.3,3,"Onboarding, Workday",Onboarding,Learn Onboarding: Mastering Onboarding
2111,Christopher Benson 2011,Marketing,SEO Analyst,57,128926,0.008,LOW,65.6,3,"Competitor Analysis, Traffic Analysis",Competitor Analysis,Learn Competitor Analysis: Mastering Competitor Analysis
2112,Connie Bailey 2012,Sales,Account Manager,22,162463,0.0,LOW,93.2,3,"Client Relationship Management, Gainsight",Client Relationship Management,Learn Client Relationship Management: Mastering Client Relationship Management
2113,Norman Lane 2013,IT,Software Engineer,34,136536,0.0,LOW,81.3,3,"CI/CD, Code Quality & Testing, Python",CI/CD,Learn CI/CD: Mastering CI/CD
2114,Peggy Mann 2014,Finance,Financial Analyst,53,55128,0.0352,LOW,66.6,4,"Financial Modeling, Tableau",Financial Modeling,"Learn Financial Modeling: Financial Modeling, Valuation & Risk Management"
2115,Arjun Rao 2015,Sales,Sales Executive,55,104001,0.1937,LOW,99.5,4,"Client Relationship Management, HubSpot, Negotiation",Client Relationship Management,Learn Client Relationship Management: Mastering Client Relationship Management
2116,Manish Badami 2016,Support,Support Engineer,59,35440,0.0002,LOW,57.6,4,"SLA Management, Splunk",SLA Management,Learn SLA Management: Mastering SLA Management
2117,Kabir Mehta 2017,IT,Cybersecurity Specialist,40,158491,0.0,LOW,62.2,3,"Incident Response, Network Security, SIEM Tools",Incident Response,Learn Incident Response: Mastering Incident Response
2118,Riya Mishra 2018,Support,Support Engineer,22,177735,0.0,LOW,70.7,2,"Jira, Root Cause Analysis, Technical Troubleshooting",Jira,Learn Jira: Mastering Jira
2119,Vihaan Verma 2019,Support,Helpdesk,39,116662,0.0,LOW,53.6,4,Jira Service Desk,Jira Service Desk,Learn Jira Service Desk: Mastering Jira Service Desk
2120,Taylor Morris 2020,Sales,Business Development,57,35005,0.1768,LOW,93.5,3,"Deal Closing, Salesforce",Deal Closing,Learn Deal Closing: Mastering Deal Closing
2121,Ashley Marsh 2021,Sales,Account Manager,38,42038,0.0007,LOW,74.2,3,"Client Relationship Management, Gainsight, Salesforce",Client Relationship Management,Learn Client Relationship Management: Mastering Client Relationship Management
2122,Rohan Pillai 2022,Finance,Financial Analyst,36,41414,0.0,LOW,62.5,4,"Excel, Variance Analysis",Excel,Learn Excel: Mastering Excel
2123,Anna Dominguez 2023,Finance,Financial Analyst,24,104506,0.0002,LOW,77.4,4,"Budgeting & Forecasting, SQL, Tableau",Budgeting & Forecasting,Learn Budgeting & Forecasting: Mastering Budgeting & Forecasting
2124,Meera Das 2024,IT,Engineer,32,111586,0.0,LOW,73.8,3,"AWS, Cloud Infrastructure, Linux",AWS,Learn AWS: AWS Certified Solutions Architect & Cloud Engineering
2125,Reyansh Reddy 2025,HR,Recruitment Specialist,49,168678,0.0,LOW,68.3,4,"Candidate Sourcing, Salary Benchmarking",Candidate Sourcing,Learn Candidate Sourcing: Mastering Candidate Sourcing
2126,Rohan Pillai 2026,Marketing,Content Strategist,27,51482,0.0805,LOW,57.5,3,"Canva, Editorial Calendar",Canva,Learn Canva: Mastering Canva
2127,Joel Fuller 2027,Finance,Accountant,34,68948,0.0,LOW,54.8,3,"Excel, QuickBooks, Tax Compliance",Excel,Learn Excel: Mastering Excel
2128,Megan Williams 2028,IT,Data Analyst,32,124987,0.0115,LOW,98.2,3,"Business Reporting, Python, SQL",Business Reporting,Learn Business Reporting: Mastering Business Reporting
2129,Jeffery Lopez 2029,Sales,Business Development,55,55875,0.1077,LOW,55.8,1,"Salesforce, ZoomInfo",Salesforce,Learn Salesforce: Mastering Salesforce
2130,Aditi Sen 2030,Sales,Sales Executive,25,48057,0.0,LOW,92.4,3,"HubSpot, Salesforce",HubSpot,Learn HubSpot: Mastering HubSpot
2131,Vihaan Verma 2031,HR,HR Manager,37,67400,0.0,LOW,61.9,4,"BambooHR, Performance Management, Workday",BambooHR,Learn BambooHR: Mastering BambooHR
2132,Christopher Benson 2032,IT,Tester,52,103607,0.0,LOW,81.5,2,"Bug Tracking, Postman, Selenium",Bug Tracking,Learn Bug Tracking: Mastering Bug Tracking
2133,Aarav Sharma 2033,Finance,Auditor,30,122561,0.0004,LOW,77.6,3,"ACL Analytics, Internal Audit",ACL Analytics,Learn ACL Analytics: Mastering ACL Analytics
2134,Ishaan Malhotra 2034,Finance,Financial Analyst,37,62503,0.1751,LOW,80.0,3,"Financial Modeling, PowerBI, SQL",Financial Modeling,"Learn Financial Modeling: Financial Modeling, Valuation & Risk Management"
2135,Manish Badami 2035,HR,Employee Relations,25,136096,0.0,LOW,80.8,3,"Conflict Resolution, Employee Wellbeing",Conflict Resolution,Learn Conflict Resolution: Workplace Conflict Resolution & Empathy-Driven Leadership
2136,Aarav Sharma 2036,Finance,Financial Analyst,29,81612,0.0001,LOW,52.7,3,"Financial Modeling, Tableau",Financial Modeling,"Learn Financial Modeling: Financial Modeling, Valuation & Risk Management"
2137,Saanvi Iyer 2037,Sales,Sales Executive,53,133318,0.0001,LOW,63.9,5,"B2B Sales, HubSpot, Lead Generation",B2B Sales,Learn B2B Sales: Mastering B2B Sales
2138,Aditya Kumar 2038,IT,Tester,56,119335,0.0001,LOW,55.6,3,"Bug Tracking, Jira, Postman",Bug Tracking,Learn Bug Tracking: Mastering Bug Tracking
2139,Rita Walker 2039,Finance,Accountant,56,135989,0.0,LOW,74.3,3,"Financial Accounting, QuickBooks, Tax Compliance",Financial Accounting,Learn Financial Accounting: Mastering Financial Accounting
2140,Shannon Clark 2040,IT,Engineer,38,128012,0.0,LOW,56.1,4,"Linux, Terraform",Linux,Learn Linux: Mastering Linux
2141,Reyansh Reddy 2041,IT,Developer,29,116748,0.0,LOW,48.2,3,"JavaScript / TypeScript, Node.js, PostgreSQL",JavaScript / TypeScript,Learn JavaScript / TypeScript: Mastering JavaScript / TypeScript
2142,Anna Dominguez 2042,Marketing,Marketing Executive,49,175500,0.0,LOW,69.2,2,"Campaign Management, Google Ads",Campaign Management,Learn Campaign Management: Mastering Campaign Management
2143,Troy Ford 2043,IT,Tester,34,100195,0.0073,LOW,45.5,3,"Jira, PyTest, Selenium",Jira,Learn Jira: Mastering Jira
2144,Brenda Bauer 2044,Sales,Account Manager,45,124846,0.0,LOW,75.1,5,"Salesforce, Zendesk",Salesforce,Learn Salesforce: Mastering Salesforce
2145,Megan Williams 2045,IT,Engineer,35,137404,0.0006,LOW,56.9,3,Backend Architecture,Backend Architecture,Learn Backend Architecture: Mastering Backend Architecture
2146,Navya Chopra 2046,IT,Engineer,26,74142,0.0004,LOW,61.9,3,Cloud Infrastructure,Cloud Infrastructure,Learn Cloud Infrastructure: Mastering Cloud Infrastructure
2147,Vivaan Gupta 2047,Sales,Sales Executive,49,106540,0.0,LOW,44.6,5,"B2B Sales, Lead Generation",B2B Sales,Learn B2B Sales: Mastering B2B Sales
2148,Erin Massey 2048,Sales,Account Manager,35,111948,0.0,LOW,91.8,4,"Contract Renewal, Salesforce, Zendesk",Contract Renewal,Learn Contract Renewal: Mastering Contract Renewal
2149,Ashley Marsh 2049,Marketing,SEO Analyst,49,93951,0.0468,LOW,54.4,3,"Rank Tracking, Screaming Frog",Rank Tracking,Learn Rank Tracking: Mastering Rank Tracking
2150,Ashley Marsh 2050,IT,Software Engineer,24,46755,0.0565,LOW,67.6,5,"CI/CD, Code Quality & Testing, Python, REST APIs",CI/CD,Learn CI/CD: Mastering CI/CD
2151,Navya Chopra 2051,HR,HR Executive,38,152985,0.1295,LOW,50.5,2,"Excel, Payroll Coordination",Excel,Learn Excel: Mastering Excel
2152,Nicole Roberts 2052,IT,Developer,59,119553,0.0,LOW,62.0,4,"Full-Stack Development, JavaScript / TypeScript, Node.js",Full-Stack Development,Learn Full-Stack Development: Mastering Full-Stack Development
2153,Rohan Pillai 2053,IT,Tester,36,169962,0.0002,LOW,93.0,3,"Postman, Selenium",Postman,Learn Postman: Mastering Postman
2154,Sara Khan 2054,Finance,Auditor,31,129376,0.0,LOW,75.6,3,"ACL Analytics, Internal Audit",ACL Analytics,Learn ACL Analytics: Mastering ACL Analytics
2155,Myra Nair 2055,HR,Recruitment Specialist,34,52175,0.0048,LOW,63.3,3,"Greenhouse, Salary Benchmarking",Greenhouse,Learn Greenhouse: Mastering Greenhouse
2156,Sara Khan 2056,HR,Recruitment Specialist,23,100687,0.0,LOW,71.6,1,"Greenhouse, Lever",Greenhouse,Learn Greenhouse: Mastering Greenhouse
2157,Christopher Benson 2057,HR,HR Manager,58,119983,0.0002,LOW,65.3,3,"HR Compliance, Talent Acquisition, Workday",HR Compliance,Learn HR Compliance: Mastering HR Compliance
2158,Connie Bailey 2058,IT,Data Analyst,38,81629,0.0004,LOW,70.9,2,"Business Reporting, PowerBI, Statistical Analysis",Business Reporting,Learn Business Reporting: Mastering Business Reporting
2159,Vivaan Gupta 2059,IT,Tester,40,151779,0.0,LOW,80.9,2,"Jira, PyTest",Jira,Learn Jira: Mastering Jira
2160,Aarav Sharma 2060,Sales,Business Development,45,103513,0.7074,HIGH,68.0,3,"Deal Closing, ZoomInfo",Deal Closing,Learn Deal Closing: Mastering Deal Closing
2161,Sara Khan 2061,IT,Cybersecurity Specialist,58,117762,0.2501,LOW,74.6,4,"SIEM Tools, Threat Modeling",SIEM Tools,Learn SIEM Tools: Mastering SIEM Tools
2162,Arjun Rao 2062,Finance,Financial Analyst,33,167731,0.0001,LOW,74.8,3,"Budgeting & Forecasting, Tableau, Variance Analysis",Budgeting & Forecasting,Learn Budgeting & Forecasting: Mastering Budgeting & Forecasting
2163,Ayaan Saxena 2063,Support,Support Engineer,24,92941,0.0456,LOW,68.1,3,"Jira, Root Cause Analysis",Jira,Learn Jira: Mastering Jira
2164,Sara Snyder 2064,Sales,Sales Executive,34,78473,0.4729,MEDIUM,63.2,3,"HubSpot, Negotiation, Pipeline Management",HubSpot,Learn HubSpot: Mastering HubSpot
2165,Sara Khan 2065,Finance,Accountant,53,51040,0.9999,HIGH,65.7,3,"Excel, Financial Accounting",Excel,Learn Excel: Mastering Excel
2166,Connie Bailey 2066,IT,Software Engineer,48,104806,0.0,LOW,80.4,4,"Data Structures & Algorithms, System Design",Data Structures & Algorithms,Learn Data Structures & Algorithms: Mastering Data Structures & Algorithms
2167,Arjun Rao 2067,IT,Tester,57,179358,0.0,LOW,81.4,4,"Bug Tracking, Jira, PyTest",Bug Tracking,Learn Bug Tracking: Mastering Bug Tracking
2168,Brenda Bauer 2068,Sales,Sales Executive,28,147076,0.0,LOW,58.3,3,"Lead Generation, Salesforce",Lead Generation,Learn Lead Generation: Mastering Lead Generation
2169,Aarav Sharma 2069,Marketing,Marketing Executive,54,90916,0.0174,LOW,68.9,5,"Market Research, Meta Ads Manager",Market Research,Learn Market Research: Mastering Market Research
2170,Connie Bailey 2070,HR,HR Executive,25,183672,0.0,LOW,63.0,3,"Onboarding, Payroll Coordination",Onboarding,Learn Onboarding: Mastering Onboarding
2171,Troy Ford 2071,HR,HR Executive,25,168363,0.0088,LOW,81.6,3,"Onboarding, Workday",Onboarding,Learn Onboarding: Mastering Onboarding
2172,Vivaan Gupta 2072,IT,Tester,51,179195,0.0,LOW,66.3,3,"Jira, PyTest, Test Automation",Jira,Learn Jira: Mastering Jira
2173,Troy Ford 2073,Marketing,Marketing Executive,29,38811,0.0,LOW,98.4,3,"Mailchimp, Market Research, Meta Ads Manager",Mailchimp,Learn Mailchimp: Mastering Mailchimp
2174,Taylor Morris 2074,IT,Cybersecurity Specialist,52,66276,0.9706,HIGH,74.6,3,"Nmap, Splunk",Nmap,Learn Nmap: Mastering Nmap
2175,Reyansh Reddy 2075,Finance,Auditor,53,116049,0.0,LOW,86.2,3,"Financial Controls, Internal Audit",Financial Controls,Learn Financial Controls: Mastering Financial Controls
2176,Nicole Roberts 2076,Finance,Accountant,23,178266,0.0,LOW,59.8,3,"General Ledger, QuickBooks",General Ledger,Learn General Ledger: Mastering General Ledger
2177,Shannon Clark 2077,HR,Employee Relations,50,108062,0.0418,LOW,72.1,5,ServiceNow HR,ServiceNow HR,Learn ServiceNow HR: Mastering ServiceNow HR
2178,Ishaan Malhotra 2078,Support,Helpdesk,32,89499,0.6618,MEDIUM,79.4,4,Ticket Resolution,Ticket Resolution,Learn Ticket Resolution: Mastering Ticket Resolution
2179,Kabir Mehta 2079,Support,Helpdesk,49,81281,0.0,LOW,59.6,3,"Troubleshooting, Zendesk",Troubleshooting,Learn Troubleshooting: Mastering Troubleshooting
2180,Megan Williams 2080,Marketing,Content Strategist,23,79852,0.056,LOW,72.2,1,"Canva, Editorial Calendar, Notion",Canva,Learn Canva: Mastering Canva
2181,Vihaan Verma 2081,Finance,Auditor,46,39595,0.0,LOW,84.6,3,"Financial Controls, Risk Assessment",Financial Controls,Learn Financial Controls: Mastering Financial Controls
2182,Aditya Kumar 2082,Sales,Business Development,50,130930,0.0003,LOW,68.1,3,"Deal Closing, Partnership Management",Deal Closing,Learn Deal Closing: Mastering Deal Closing
2183,Ayaan Saxena 2083,Sales,Business Development,29,181474,0.0,LOW,61.8,4,ZoomInfo,ZoomInfo,Learn ZoomInfo: Mastering ZoomInfo
2184,Rita Walker 2084,IT,Cybersecurity Specialist,46,127676,0.0,LOW,93.6,4,"Network Security, SIEM Tools, Threat Modeling",Network Security,Learn Network Security: Mastering Network Security
2185,Aditya Kumar 2085,Sales,Business Development,22,54405,0.9222,HIGH,57.9,4,"Partnership Management, Salesforce",Partnership Management,Learn Partnership Management: Mastering Partnership Management
2186,Kabir Mehta 2086,IT,Engineer,23,93122,0.0,LOW,73.9,3,"DevOps, Linux",DevOps,Learn DevOps: Mastering DevOps
2187,Troy Ford 2087,IT,Tester,24,163909,0.0,LOW,63.5,4,"Manual Testing, PyTest",Manual Testing,Learn Manual Testing: Mastering Manual Testing
2188,Pari Joshi 2088,IT,Cybersecurity Specialist,45,38447,0.0019,LOW,60.8,1,"Incident Response, Nmap, SIEM Tools, Splunk",Incident Response,Learn Incident Response: Mastering Incident Response
2189,Norman Lane 2089,Sales,Account Manager,33,45662,0.0001,LOW,80.9,3,"Contract Renewal, Gainsight",Contract Renewal,Learn Contract Renewal: Mastering Contract Renewal
2190,Vivaan Gupta 2090,Sales,Account Manager,59,93282,0.0001,LOW,69.5,2,"Client Relationship Management, Contract Renewal, Zendesk",Client Relationship Management,Learn Client Relationship Management: Mastering Client Relationship Management
2191,Norman Lane 2091,Finance,Financial Analyst,55,170971,0.0001,LOW,76.9,4,"Budgeting & Forecasting, Excel, PowerBI",Budgeting & Forecasting,Learn Budgeting & Forecasting: Mastering Budgeting & Forecasting
2192,Peggy Mann 2092,Finance,Financial Analyst,43,63582,0.0016,LOW,44.9,4,"Budgeting & Forecasting, PowerBI",Budgeting & Forecasting,Learn Budgeting & Forecasting: Mastering Budgeting & Forecasting
2193,Cody Bright 2093,Sales,Business Development,29,102471,0.2331,LOW,78.0,3,"Deal Closing, Market Expansion",Deal Closing,Learn Deal Closing: Mastering Deal Closing
2194,Christopher Benson 2094,HR,HR Manager,22,158513,0.001,LOW,63.4,3,"Excel, HR Compliance, Workday",Excel,Learn Excel: Mastering Excel
2195,Shannon Clark 2095,IT,Engineer,51,142578,0.0129,LOW,49.5,5,"Cloud Infrastructure, Terraform",Cloud Infrastructure,Learn Cloud Infrastructure: Mastering Cloud Infrastructure
2196,Peter Mckee 2096,HR,HR Manager,22,110871,0.0045,LOW,94.6,3,"Performance Management, Talent Acquisition",Performance Management,Learn Performance Management: Mastering Performance Management
2197,Kavya Menon 2097,HR,Recruitment Specialist,52,118205,0.0005,LOW,79.2,3,"Salary Benchmarking, Screening & Interviewing",Salary Benchmarking,Learn Salary Benchmarking: Mastering Salary Benchmarking
2198,Troy Ford 2098,IT,Developer,38,109081,0.0,LOW,74.7,3,"API Integration, Full-Stack Development",API Integration,Learn API Integration: Mastering API Integration
2199,Connie Bailey 2099,Sales,Sales Executive,33,140783,0.0,LOW,87.0,3,"Lead Generation, LinkedIn Sales Navigator, Salesforce",Lead Generation,Learn Lead Generation: Mastering Lead Generation
2200,Diya Patel 2100,Sales,Business Development,25,118805,0.0286,LOW,75.0,5,"Deal Closing, Salesforce",Deal Closing,Learn Deal Closing: Mastering Deal Closing
2201,Ashley Marsh 2101,Marketing,Content Strategist,30,159698,0.0,LOW,62.4,3,"Canva, WordPress",Canva,Learn Canva: Mastering Canva
2202,Pari Joshi 2102,Marketing,Content Lead,45,173138,0.0,LOW,69.9,2,"Adobe Creative Cloud, Creative Direction",Adobe Creative Cloud,Learn Adobe Creative Cloud: Mastering Adobe Creative Cloud
2203,Taylor Morris 2103,IT,Engineer,54,45712,0.0516,LOW,63.9,2,"Backend Architecture, Linux",Backend Architecture,Learn Backend Architecture: Mastering Backend Architecture
2204,Aditya Kumar 2104,IT,Cybersecurity Specialist,57,116527,0.008,LOW,66.0,1,"Nmap, SIEM Tools, Threat Modeling, Vulnerability Assessment",Nmap,Learn Nmap: Mastering Nmap
2205,Meera Das 2105,Support,Support Engineer,50,164453,0.0,LOW,56.9,3,"Jira, Technical Troubleshooting",Jira,Learn Jira: Mastering Jira
2206,Joel Fuller 2106,Marketing,SEO Analyst,27,161888,0.0003,LOW,60.4,4,Competitor Analysis,Competitor Analysis,Learn Competitor Analysis: Mastering Competitor Analysis
2207,Diya Patel 2107,Finance,Accountant,26,122185,0.0,LOW,82.7,3,"General Ledger, QuickBooks",General Ledger,Learn General Ledger: Mastering General Ledger
2208,Vivaan Gupta 2108,IT,Engineer,23,134851,0.0004,LOW,76.0,5,Terraform,Terraform,Learn Terraform: Mastering Terraform
2209,Rita Walker 2109,Finance,Financial Analyst,33,47210,0.0816,LOW,66.0,4,"PowerBI, SQL",PowerBI,Learn PowerBI: PowerBI & Tableau Executive Dashboards
2210,Kabir Mehta 2110,HR,HR Executive,23,71972,0.0,LOW,59.7,3,"Onboarding, Workday",Onboarding,Learn Onboarding: Mastering Onboarding
2211,Navya Chopra 2111,Sales,Business Development,46,69136,0.9993,HIGH,67.1,3,"Deal Closing, Market Expansion",Deal Closing,Learn Deal Closing: Mastering Deal Closing
2212,Sara Khan 2112,Sales,Sales Executive,44,151445,0.0018,LOW,51.8,3,"Negotiation, Pipeline Management",Negotiation,Learn Negotiation: Strategic Negotiation & High-Value B2B Closing
2213,Kabir Mehta 2113,Sales,Business Development,26,50945,1.0,HIGH,73.5,2,"Deal Closing, Partnership Management",Deal Closing,Learn Deal Closing: Mastering Deal Closing
2214,Peter Mckee 2114,HR,HR Manager,32,114180,0.0,LOW,83.3,3,"Excel, Talent Acquisition",Excel,Learn Excel: Mastering Excel
2215,Rohan Pillai 2115,Sales,Account Manager,56,105453,0.0,LOW,100.0,3,"Contract Renewal, Cross-selling",Contract Renewal,Learn Contract Renewal: Mastering Contract Renewal
2216,Anna Dominguez 2116,Sales,Business Development,22,120404,0.0,LOW,58.8,3,"Market Expansion, ZoomInfo",Market Expansion,Learn Market Expansion: Mastering Market Expansion
2217,Devansh Banerjee 2117,HR,Recruitment Specialist,31,179296,0.0,LOW,82.8,3,"Candidate Sourcing, LinkedIn Recruiter, Salary Benchmarking",Candidate Sourcing,Learn Candidate Sourcing: Mastering Candidate Sourcing
2218,Aarav Sharma 2118,Sales,Account Manager,59,38052,0.3568,LOW,63.5,3,"Client Relationship Management, Zendesk",Client Relationship Management,Learn Client Relationship Management: Mastering Client Relationship Management
2219,Vihaan Verma 2119,IT,Software Engineer,54,62272,0.0002,LOW,58.5,3,"CI/CD, Data Structures & Algorithms, Git",CI/CD,Learn CI/CD: Mastering CI/CD
2220,Vihaan Verma 2120,Finance,Auditor,46,76150,0.0,LOW,58.5,3,"Financial Controls, SAP",Financial Controls,Learn Financial Controls: Mastering Financial Controls
2221,Nicole Roberts 2121,Sales,Account Manager,38,183388,0.0008,LOW,73.7,2,"Client Relationship Management, Contract Renewal, Salesforce",Client Relationship Management,Learn Client Relationship Management: Mastering Client Relationship Management
2222,Jeffery Lopez 2122,Finance,Financial Analyst,41,173312,0.0001,LOW,60.8,3,"Budgeting & Forecasting, SQL",Budgeting & Forecasting,Learn Budgeting & Forecasting: Mastering Budgeting & Forecasting
2223,Anna Dominguez 2123,Sales,Business Development,56,132095,0.0,LOW,64.7,3,"Market Expansion, Partnership Management",Market Expansion,Learn Market Expansion: Mastering Market Expansion
2224,Judith Ware 2124,Finance,Auditor,42,103774,0.0,LOW,66.7,4,"Financial Controls, SAP",Financial Controls,Learn Financial Controls: Mastering Financial Controls
2225,Navya Chopra 2125,HR,HR Executive,50,78175,0.0,LOW,63.1,2,"Excel, HR Operations",Excel,Learn Excel: Mastering Excel
2226,Devansh Banerjee 2126,IT,Developer,50,166637,0.0,LOW,62.2,3,"Git Version Control, PostgreSQL",Git Version Control,Learn Git Version Control: Mastering Git Version Control
2227,Jeffery Lopez 2127,IT,Cybersecurity Specialist,28,51375,0.0095,LOW,42.9,3,"SIEM Tools, Splunk",SIEM Tools,Learn SIEM Tools: Mastering SIEM Tools
2228,Connie Bailey 2128,HR,HR Manager,54,60710,0.0001,LOW,73.0,2,"HR Compliance, Performance Management, Workday",HR Compliance,Learn HR Compliance: Mastering HR Compliance
2229,Peggy Mann 2129,IT,Data Analyst,29,181246,0.0,LOW,72.8,3,"Excel, Tableau",Excel,Learn Excel: Mastering Excel
2230,Ashley Marsh 2130,Sales,Business Development,40,142026,0.217,LOW,62.4,3,"Deal Closing, Salesforce",Deal Closing,Learn Deal Closing: Mastering Deal Closing
2231,Christopher Benson 2131,HR,Employee Relations,45,62597,0.0,LOW,76.3,3,"Employee Wellbeing, Workplace Policy",Employee Wellbeing,Learn Employee Wellbeing: Mastering Employee Wellbeing
2232,Ananya Singh 2132,HR,Employee Relations,39,109289,0.0,LOW,88.8,2,"Conflict Resolution, Excel",Conflict Resolution,Learn Conflict Resolution: Workplace Conflict Resolution & Empathy-Driven Leadership
2233,Anna Dominguez 2133,Sales,Account Manager,25,120687,0.8258,HIGH,72.3,3,"Account Growth, Zendesk",Account Growth,Learn Account Growth: Mastering Account Growth
2234,Avani Bhat 2134,Sales,Business Development,31,153968,0.0,LOW,88.0,3,"Market Expansion, ZoomInfo",Market Expansion,Learn Market Expansion: Mastering Market Expansion
2235,Ananya Singh 2135,Marketing,Content Strategist,35,75274,0.0,LOW,98.9,3,"Copywriting, WordPress",Copywriting,Learn Copywriting: Mastering Copywriting
2236,Rita Walker 2136,Sales,Sales Executive,28,83634,0.0,LOW,100.0,4,"Lead Generation, Negotiation, Salesforce",Lead Generation,Learn Lead Generation: Mastering Lead Generation
2237,Vihaan Verma 2137,Support,Support Engineer,39,65041,0.4471,LOW,57.7,2,"Postman, Splunk",Postman,Learn Postman: Mastering Postman
2238,Norman Lane 2138,Sales,Sales Executive,43,173320,0.0,LOW,57.8,3,"LinkedIn Sales Navigator, Pipeline Management",LinkedIn Sales Navigator,Learn LinkedIn Sales Navigator: Mastering LinkedIn Sales Navigator
2239,Sara Snyder 2139,Finance,Financial Analyst,47,120365,0.4025,LOW,66.7,3,"Financial Modeling, SQL",Financial Modeling,"Learn Financial Modeling: Financial Modeling, Valuation & Risk Management"
2240,Erin Massey 2140,Sales,Business Development,52,168275,0.0,LOW,73.5,3,"Partnership Management, Salesforce",Partnership Management,Learn Partnership Management: Mastering Partnership Management
2241,Ananya Singh 2141,Sales,Account Manager,46,86986,0.98,HIGH,91.0,3,"Client Relationship Management, Cross-selling, Salesforce",Client Relationship Management,Learn Client Relationship Management: Mastering Client Relationship Management
2242,Saanvi Iyer 2142,HR,Recruitment Specialist,47,60370,0.0005,LOW,79.5,3,"Lever, Salary Benchmarking, Screening & Interviewing",Lever,Learn Lever: Mastering Lever
2243,Ayaan Saxena 2143,Support,Support Engineer,39,70247,0.0,LOW,57.6,1,"Postman, Root Cause Analysis, SLA Management",Postman,Learn Postman: Mastering Postman
2244,Riya Mishra 2144,Marketing,Marketing Executive,49,159403,0.0114,LOW,64.7,2,"Meta Ads Manager, Social Media Marketing",Meta Ads Manager,Learn Meta Ads Manager: Mastering Meta Ads Manager
2245,Jasmine Gonzalez 2145,Sales,Business Development,59,154544,0.0,LOW,71.5,3,"Partnership Management, ZoomInfo",Partnership Management,Learn Partnership Management: Mastering Partnership Management
2246,Riya Mishra 2146,IT,Data Analyst,53,166506,0.0,LOW,54.1,3,"Excel, Exploratory Data Analysis",Excel,Learn Excel: Mastering Excel
2247,Judith Ware 2147,Finance,Auditor,39,97982,0.5917,MEDIUM,72.2,2,"ACL Analytics, Risk Assessment",ACL Analytics,Learn ACL Analytics: Mastering ACL Analytics
2248,Connie Bailey 2148,Marketing,Content Strategist,57,100180,0.0,LOW,57.7,3,"Canva, WordPress",Canva,Learn Canva: Mastering Canva
2249,Saanvi Iyer 2149,HR,HR Executive,39,143534,0.0,LOW,52.2,2,"Onboarding, Payroll Coordination",Onboarding,Learn Onboarding: Mastering Onboarding
2250,Peter Mckee 2150,Sales,Account Manager,53,59644,0.0004,LOW,60.6,2,"Account Growth, Contract Renewal, Cross-selling",Account Growth,Learn Account Growth: Mastering Account Growth
2251,Peter Mckee 2151,Sales,Account Manager,36,73493,0.0002,LOW,76.9,3,"Cross-selling, Zendesk",Cross-selling,Learn Cross-selling: Mastering Cross-selling
2252,Manish Badami 2152,IT,Developer,43,118824,0.0078,LOW,76.8,2,"Git Version Control, JavaScript / TypeScript, React",Git Version Control,Learn Git Version Control: Mastering Git Version Control
2253,Ananya Singh 2153,Sales,Business Development,27,170031,0.0,LOW,73.2,4,Partnership Management,Partnership Management,Learn Partnership Management: Mastering Partnership Management
2254,Peter Mckee 2154,Sales,Business Development,46,82289,0.0004,LOW,83.9,2,"Market Expansion, ZoomInfo",Market Expansion,Learn Market Expansion: Mastering Market Expansion
2255,Ananya Singh 2155,Support,Helpdesk,52,177215,0.0,LOW,82.6,3,"Jira Service Desk, Troubleshooting",Jira Service Desk,Learn Jira Service Desk: Mastering Jira Service Desk
2256,Kabir Mehta 2156,Support,Support Engineer,32,70481,0.0549,LOW,74.5,3,"Jira, Technical Troubleshooting",Jira,Learn Jira: Mastering Jira
2257,Kabir Mehta 2157,Sales,Business Development,28,112097,0.0021,LOW,72.8,3,"Market Expansion, Salesforce",Market Expansion,Learn Market Expansion: Mastering Market Expansion
2258,Clinton Scott 2158,Finance,Auditor,25,57578,0.8945,HIGH,73.6,2,"Financial Controls, Internal Audit",Financial Controls,Learn Financial Controls: Mastering Financial Controls
2259,Ashley Marsh 2159,HR,HR Manager,48,178859,0.0,LOW,70.2,4,"BambooHR, Talent Acquisition",BambooHR,Learn BambooHR: Mastering BambooHR
2260,Sara Snyder 2160,Sales,Account Manager,25,107048,0.001,LOW,45.9,4,"Contract Renewal, Zendesk",Contract Renewal,Learn Contract Renewal: Mastering Contract Renewal
2261,Ananya Singh 2161,IT,Software Engineer,46,176668,0.0004,LOW,85.6,2,"Data Structures & Algorithms, Kubernetes, System Design",Data Structures & Algorithms,Learn Data Structures & Algorithms: Mastering Data Structures & Algorithms
2262,Riya Mishra 2162,IT,Cybersecurity Specialist,25,130737,0.0,LOW,76.8,3,"Nmap, Splunk, Wireshark",Nmap,Learn Nmap: Mastering Nmap
2263,Devansh Banerjee 2163,Sales,Sales Executive,42,53687,0.6729,MEDIUM,57.4,3,"B2B Sales, Negotiation, Salesforce",B2B Sales,Learn B2B Sales: Mastering B2B Sales
2264,Avani Bhat 2164,Sales,Business Development,35,157540,0.0,LOW,89.1,4,"Salesforce, ZoomInfo",Salesforce,Learn Salesforce: Mastering Salesforce
2265,Devansh Banerjee 2165,Finance,Auditor,33,65183,0.0044,LOW,64.9,3,"ACL Analytics, Excel",ACL Analytics,Learn ACL Analytics: Mastering ACL Analytics
2266,Jasmine Gonzalez 2166,Marketing,SEO Analyst,48,55758,0.9728,HIGH,70.7,3,"Competitor Analysis, Traffic Analysis",Competitor Analysis,Learn Competitor Analysis: Mastering Competitor Analysis
2267,Ananya Singh 2167,Finance,Financial Analyst,53,167154,0.0001,LOW,84.3,3,"Financial Modeling, PowerBI",Financial Modeling,"Learn Financial Modeling: Financial Modeling, Valuation & Risk Management"
2268,Peter Mckee 2168,HR,Employee Relations,43,131368,0.0,LOW,74.6,3,"Employee Wellbeing, Excel",Employee Wellbeing,Learn Employee Wellbeing: Mastering Employee Wellbeing
2269,Rita Walker 2169,Sales,Account Manager,53,80891,0.0006,LOW,88.0,3,"Account Growth, Salesforce",Account Growth,Learn Account Growth: Mastering Account Growth
2270,Aditi Sen 2170,Finance,Auditor,38,81901,0.0645,LOW,67.8,3,"ACL Analytics, Excel",ACL Analytics,Learn ACL Analytics: Mastering ACL Analytics
2271,Judith Ware 2171,IT,Data Analyst,50,138912,0.034,LOW,92.3,1,"Business Reporting, PowerBI, Tableau",Business Reporting,Learn Business Reporting: Mastering Business Reporting
2272,Clinton Scott 2172,IT,Tester,46,106062,0.0,LOW,62.7,1,"Bug Tracking, Postman, Selenium",Bug Tracking,Learn Bug Tracking: Mastering Bug Tracking
2273,Devansh Banerjee 2173,Marketing,SEO Specialist,36,107008,0.0001,LOW,87.8,3,"Search Engine Optimization, Technical SEO",Search Engine Optimization,Learn Search Engine Optimization: Mastering Search Engine Optimization
2274,Avani Bhat 2174,IT,Developer,33,168847,0.0,LOW,44.8,3,"Git Version Control, JavaScript / TypeScript, PostgreSQL",Git Version Control,Learn Git Version Control: Mastering Git Version Control
2275,Sara Snyder 2175,Finance,Auditor,59,181900,0.0,LOW,58.8,3,"ACL Analytics, Risk Assessment",ACL Analytics,Learn ACL Analytics: Mastering ACL Analytics
2276,Clinton Scott 2176,IT,Developer,53,52974,0.0576,LOW,75.6,4,"Git Version Control, Node.js",Git Version Control,Learn Git Version Control: Mastering Git Version Control
2277,Anna Dominguez 2177,IT,Cybersecurity Specialist,46,115591,0.0014,LOW,67.2,3,"Incident Response, Threat Modeling, Wireshark",Incident Response,Learn Incident Response: Mastering Incident Response
2278,Shannon Clark 2178,IT,Developer,21,53615,0.0,LOW,71.1,3,"Database Design, Full-Stack Development",Database Design,Learn Database Design: Mastering Database Design
2279,Nicole Roberts 2179,HR,Employee Relations,58,57838,0.9718,HIGH,72.5,3,"Employee Wellbeing, Excel",Employee Wellbeing,Learn Employee Wellbeing: Mastering Employee Wellbeing
2280,Riya Mishra 2180,HR,HR Executive,22,75728,0.7915,HIGH,57.7,3,"Excel, Payroll Coordination",Excel,Learn Excel: Mastering Excel
2281,Rohan Pillai 2181,IT,Cybersecurity Specialist,26,151249,0.0,LOW,58.6,4,"Incident Response, Vulnerability Assessment",Incident Response,Learn Incident Response: Mastering Incident Response
2282,David Williams 2182,Support,Helpdesk,58,113000,0.6036,MEDIUM,74.8,1,"Ticket Resolution, Zendesk",Ticket Resolution,Learn Ticket Resolution: Mastering Ticket Resolution
2283,Devansh Banerjee 2183,Marketing,SEO Analyst,44,87798,0.0,LOW,64.0,2,"Rank Tracking, Screaming Frog",Rank Tracking,Learn Rank Tracking: Mastering Rank Tracking
2284,Aditya Kumar 2184,Sales,Account Manager,38,179608,0.0,LOW,88.1,3,"Account Growth, Cross-selling, Salesforce",Account Growth,Learn Account Growth: Mastering Account Growth
2285,David Williams 2185,IT,Software Engineer,47,171772,0.0,LOW,69.7,3,"Data Structures & Algorithms, Git, Python",Data Structures & Algorithms,Learn Data Structures & Algorithms: Mastering Data Structures & Algorithms
2286,Taylor Morris 2186,IT,Data Analyst,28,45248,0.9518,HIGH,80.6,1,"Excel, SQL, Statistical Analysis",Excel,Learn Excel: Mastering Excel
2287,Aarav Sharma 2187,HR,Employee Relations,48,80291,0.0002,LOW,77.3,3,"Conflict Resolution, Excel",Conflict Resolution,Learn Conflict Resolution: Workplace Conflict Resolution & Empathy-Driven Leadership
2288,Shannon Clark 2188,IT,Engineer,30,117629,0.0,LOW,64.8,3,"DevOps, Terraform",DevOps,Learn DevOps: Mastering DevOps
2289,Sara Snyder 2189,Finance,Financial Analyst,37,160612,0.0012,LOW,48.2,3,"Budgeting & Forecasting, PowerBI, SQL",Budgeting & Forecasting,Learn Budgeting & Forecasting: Mastering Budgeting & Forecasting
2290,Connie Bailey 2190,HR,Recruitment Specialist,49,52177,0.0,LOW,86.2,3,"Candidate Sourcing, LinkedIn Recruiter, Salary Benchmarking",Candidate Sourcing,Learn Candidate Sourcing: Mastering Candidate Sourcing
2291,Vivaan Gupta 2191,Finance,Auditor,26,78815,0.9744,HIGH,60.3,1,"Financial Controls, SAP",Financial Controls,Learn Financial Controls: Mastering Financial Controls
2292,Sara Snyder 2192,Marketing,Marketing Executive,34,73533,0.0289,LOW,67.2,2,"Market Research, Social Media Marketing",Market Research,Learn Market Research: Mastering Market Research
2293,Judith Ware 2193,Support,Helpdesk,42,35026,0.9153,HIGH,70.2,3,"Troubleshooting, Zendesk",Troubleshooting,Learn Troubleshooting: Mastering Troubleshooting
2294,Vihaan Verma 2194,IT,Cybersecurity Specialist,26,139997,0.0,LOW,71.4,3,"Splunk, Wireshark",Splunk,Learn Splunk: Mastering Splunk
2295,Shannon Clark 2195,HR,HR Executive,46,95611,0.0,LOW,83.5,4,"Excel, Onboarding",Excel,Learn Excel: Mastering Excel
2296,Taylor Morris 2196,Marketing,Content Lead,59,122242,0.0765,LOW,72.1,2,"Adobe Creative Cloud, Figma",Adobe Creative Cloud,Learn Adobe Creative Cloud: Mastering Adobe Creative Cloud
2297,Ashley Marsh 2197,Support,Support Engineer,32,139913,0.0,LOW,70.5,4,"Jira, Root Cause Analysis",Jira,Learn Jira: Mastering Jira
2298,Steven Barnett 2198,IT,Engineer,55,77082,0.0,LOW,84.2,3,Backend Architecture,Backend Architecture,Learn Backend Architecture: Mastering Backend Architecture
2299,Ishaan Malhotra 2199,Sales,Account Manager,34,182330,0.0036,LOW,79.2,3,"Cross-selling, Gainsight",Cross-selling,Learn Cross-selling: Mastering Cross-selling
2300,Jeffery Lopez 2200,Marketing,Marketing Executive,42,138613,0.0,LOW,63.2,3,"Market Research, Meta Ads Manager",Market Research,Learn Market Research: Mastering Market Research
2301,Aditya Kumar 2201,IT,Data Analyst,43,133315,0.2552,LOW,58.2,3,"Exploratory Data Analysis, SQL",Exploratory Data Analysis,Learn Exploratory Data Analysis: Mastering Exploratory Data Analysis
2302,Aditya Kumar 2202,IT,Tester,27,124690,0.0,LOW,62.1,3,"Bug Tracking, Test Automation",Bug Tracking,Learn Bug Tracking: Mastering Bug Tracking
2303,Saanvi Iyer 2203,Finance,Auditor,45,130220,0.0044,LOW,71.4,3,"ACL Analytics, Risk Assessment",ACL Analytics,Learn ACL Analytics: Mastering ACL Analytics
2304,Clinton Scott 2204,HR,HR Executive,33,50389,0.0016,LOW,57.0,3,"Onboarding, Payroll Coordination",Onboarding,Learn Onboarding: Mastering Onboarding
2305,Ashley Marsh 2205,Support,Support Engineer,41,126860,0.0282,LOW,73.1,3,"Postman, SLA Management, Technical Troubleshooting",Postman,Learn Postman: Mastering Postman
2306,Brenda Bauer 2206,IT,Tester,30,56797,0.0783,LOW,70.4,3,"Bug Tracking, Manual Testing, Selenium",Bug Tracking,Learn Bug Tracking: Mastering Bug Tracking
2307,Anna Dominguez 2207,IT,Engineer,29,146975,0.0,LOW,41.5,3,Linux,Linux,Learn Linux: Mastering Linux
2308,Myra Nair 2208,Marketing,Content Strategist,35,132169,0.0,LOW,55.1,3,"Copywriting, Notion",Copywriting,Learn Copywriting: Mastering Copywriting
2309,Jasmine Gonzalez 2209,IT,Engineer,22,101332,0.0001,LOW,37.4,4,"Cloud Infrastructure, Linux",Cloud Infrastructure,Learn Cloud Infrastructure: Mastering Cloud Infrastructure
2310,Riya Mishra 2210,Finance,Financial Analyst,45,173260,0.0,LOW,67.9,4,"Financial Modeling, PowerBI, SQL",Financial Modeling,"Learn Financial Modeling: Financial Modeling, Valuation & Risk Management"
2311,Christopher Benson 2211,IT,Data Analyst,33,58696,0.0,LOW,84.9,5,"Data Cleaning, PowerBI",Data Cleaning,Learn Data Cleaning: Mastering Data Cleaning
2312,Riya Mishra 2212,HR,HR Manager,54,37024,0.8762,HIGH,49.3,2,"Employee Retention, Workday",Employee Retention,Learn Employee Retention: Strategic HR Leadership & Talent Retention Strategies
2313,Judith Ware 2213,IT,Cybersecurity Specialist,54,172656,0.0,LOW,56.1,4,"Network Security, Splunk, Threat Modeling",Network Security,Learn Network Security: Mastering Network Security
2314,Pari Joshi 2214,Marketing,Content Lead,55,125998,0.0008,LOW,70.0,4,Creative Direction,Creative Direction,Learn Creative Direction: Mastering Creative Direction
2315,Meera Das 2215,Sales,Business Development,58,40285,0.0024,LOW,59.2,3,"Deal Closing, ZoomInfo",Deal Closing,Learn Deal Closing: Mastering Deal Closing
2316,Judith Ware 2216,HR,HR Manager,23,42370,0.0022,LOW,59.2,3,"Performance Management, Workday",Performance Management,Learn Performance Management: Mastering Performance Management
2317,Nicole Roberts 2217,HR,HR Manager,26,52903,0.0019,LOW,78.5,5,"Talent Acquisition, Workday",Talent Acquisition,Learn Talent Acquisition: Mastering Talent Acquisition
2318,Ananya Singh 2218,Sales,Sales Executive,39,132904,0.0,LOW,66.1,5,"Client Relationship Management, HubSpot",Client Relationship Management,Learn Client Relationship Management: Mastering Client Relationship Management
2319,Judith Ware 2219,HR,HR Manager,23,57995,0.0001,LOW,54.2,3,"BambooHR, Employee Retention, Talent Acquisition",BambooHR,Learn BambooHR: Mastering BambooHR
2320,Manish Badami 2220,Sales,Account Manager,38,140160,0.0,LOW,46.9,3,"Client Relationship Management, Gainsight",Client Relationship Management,Learn Client Relationship Management: Mastering Client Relationship Management
2321,Myra Nair 2221,Sales,Business Development,59,123377,0.0561,LOW,98.5,4,Market Expansion,Market Expansion,Learn Market Expansion: Mastering Market Expansion
2322,Kabir Mehta 2222,Sales,Account Manager,29,179638,0.0,LOW,85.5,2,"Contract Renewal, Cross-selling, Zendesk",Contract Renewal,Learn Contract Renewal: Mastering Contract Renewal
2323,Ananya Singh 2223,HR,Recruitment Specialist,32,72822,0.0003,LOW,66.6,3,"LinkedIn Recruiter, Salary Benchmarking",LinkedIn Recruiter,Learn LinkedIn Recruiter: Mastering LinkedIn Recruiter
2324,Saanvi Iyer 2224,Sales,Business Development,25,142412,0.0,LOW,73.1,5,Deal Closing,Deal Closing,Learn Deal Closing: Mastering Deal Closing
2325,Navya Chopra 2225,HR,HR Manager,23,86222,0.0,LOW,66.1,4,"Excel, HR Compliance, Performance Management",Excel,Learn Excel: Mastering Excel
2326,Shannon Clark 2226,IT,Software Engineer,31,129088,0.0079,LOW,78.1,4,"Python, REST APIs, System Design",Python,Learn Python: Advanced Python Architecture & Performance Optimization
2327,Jasmine Gonzalez 2227,Finance,Financial Analyst,50,125450,0.0005,LOW,61.7,3,"PowerBI, SQL, Variance Analysis",PowerBI,Learn PowerBI: PowerBI & Tableau Executive Dashboards
2328,Anna Dominguez 2228,IT,Developer,24,144366,0.0001,LOW,65.5,3,"Git Version Control, JavaScript / TypeScript, React",Git Version Control,Learn Git Version Control: Mastering Git Version Control
2329,Rita Walker 2229,IT,Tester,25,145078,0.0,LOW,77.5,5,"Bug Tracking, Selenium",Bug Tracking,Learn Bug Tracking: Mastering Bug Tracking
2330,Diya Patel 2230,Support,Support Engineer,21,98853,0.0133,LOW,89.4,3,"Root Cause Analysis, SLA Management",Root Cause Analysis,Learn Root Cause Analysis: Mastering Root Cause Analysis
2331,Aditi Sen 2231,IT,Tester,47,158794,0.0,LOW,80.9,4,"Bug Tracking, Manual Testing",Bug Tracking,Learn Bug Tracking: Mastering Bug Tracking
2332,Diya Patel 2232,Finance,Accountant,48,182030,0.0,LOW,86.8,3,"QuickBooks, Tax Compliance",QuickBooks,Learn QuickBooks: Mastering QuickBooks
2333,Connie Bailey 2233,HR,HR Executive,49,87442,0.0,LOW,68.3,3,"HR Operations, Onboarding",HR Operations,Learn HR Operations: Mastering HR Operations
2334,Troy Ford 2234,Sales,Business Development,38,44675,0.9999,HIGH,64.5,1,"Market Expansion, Salesforce",Market Expansion,Learn Market Expansion: Mastering Market Expansion
2335,Reyansh Reddy 2235,HR,Recruitment Specialist,32,124590,0.0,LOW,48.7,3,"Greenhouse, Lever",Greenhouse,Learn Greenhouse: Mastering Greenhouse
2336,Vivaan Gupta 2236,HR,HR Manager,33,143570,0.0,LOW,72.9,3,"BambooHR, HR Compliance, Talent Acquisition",BambooHR,Learn BambooHR: Mastering BambooHR
2337,Diya Patel 2237,IT,Data Analyst,22,66661,0.001,LOW,76.5,2,"Business Reporting, Data Cleaning, Statistical Analysis",Business Reporting,Learn Business Reporting: Mastering Business Reporting
2338,Kabir Mehta 2238,IT,Data Analyst,57,99289,0.0,LOW,68.4,3,"Data Cleaning, Exploratory Data Analysis, PowerBI, Statistical Analysis",Data Cleaning,Learn Data Cleaning: Mastering Data Cleaning
2339,Peter Mckee 2239,IT,Software Engineer,36,52184,0.868,HIGH,62.7,3,"AWS, CI/CD, Docker, Kubernetes",AWS,Learn AWS: AWS Certified Solutions Architect & Cloud Engineering
2340,Megan Williams 2240,IT,Tester,44,82963,0.0137,LOW,86.9,3,"Jira, Postman",Jira,Learn Jira: Mastering Jira
2341,Judith Ware 2241,Support,Support Engineer,55,40267,0.0187,LOW,79.6,2,"Splunk, Technical Troubleshooting",Splunk,Learn Splunk: Mastering Splunk
2342,Jasmine Gonzalez 2242,Sales,Account Manager,42,97814,0.0,LOW,87.8,3,"Cross-selling, Salesforce, Zendesk",Cross-selling,Learn Cross-selling: Mastering Cross-selling
2343,Jeffery Lopez 2243,Sales,Business Development,56,71025,0.0,LOW,60.6,2,"Partnership Management, Salesforce",Partnership Management,Learn Partnership Management: Mastering Partnership Management
2344,Ananya Singh 2244,IT,Cybersecurity Specialist,31,156246,0.0012,LOW,63.5,1,"Network Security, Nmap, Splunk, Threat Modeling",Network Security,Learn Network Security: Mastering Network Security
2345,Cody Bright 2245,Sales,Sales Executive,49,112605,0.0001,LOW,86.4,2,"B2B Sales, HubSpot, Lead Generation",B2B Sales,Learn B2B Sales: Mastering B2B Sales
2346,Pari Joshi 2246,Sales,Business Development,55,167053,0.0,LOW,71.4,3,"Deal Closing, Market Expansion",Deal Closing,Learn Deal Closing: Mastering Deal Closing
2347,Erin Massey 2247,Sales,Sales Executive,35,78436,0.0,LOW,65.2,2,"B2B Sales, Client Relationship Management, Salesforce",B2B Sales,Learn B2B Sales: Mastering B2B Sales
2348,Diya Patel 2248,HR,HR Executive,51,184544,0.0,LOW,66.0,1,"Payroll Coordination, Workday",Payroll Coordination,Learn Payroll Coordination: Mastering Payroll Coordination
2349,Christopher Benson 2249,IT,Engineer,36,112192,0.0,LOW,71.9,2,"Backend Architecture, DevOps",Backend Architecture,Learn Backend Architecture: Mastering Backend Architecture
2350,Avani Bhat 2250,HR,Recruitment Specialist,30,155591,0.0,LOW,84.0,4,"Lever, Salary Benchmarking",Lever,Learn Lever: Mastering Lever
2351,Manish Badami 2251,Finance,Auditor,52,119511,0.0,LOW,70.1,4,"Excel, Internal Audit, Risk Assessment",Excel,Learn Excel: Mastering Excel
2352,Brenda Bauer 2252,HR,HR Manager,22,44665,0.0001,LOW,81.5,2,"BambooHR, HR Compliance",BambooHR,Learn BambooHR: Mastering BambooHR
2353,Ayaan Saxena 2253,Finance,Auditor,44,126277,0.0,LOW,77.6,3,"Internal Audit, Risk Assessment",Internal Audit,Learn Internal Audit: Mastering Internal Audit
2354,Sara Khan 2254,IT,Tester,43,87474,0.0006,LOW,61.5,4,"Jira, Postman, Test Automation",Jira,Learn Jira: Mastering Jira
2355,Jeffery Lopez 2255,Sales,Business Development,22,110911,0.0828,LOW,61.5,2,"Partnership Management, ZoomInfo",Partnership Management,Learn Partnership Management: Mastering Partnership Management
2356,Christopher Benson 2256,IT,Software Engineer,58,127643,0.2768,LOW,66.6,2,"CI/CD, Code Quality & Testing, Kubernetes, REST APIs",CI/CD,Learn CI/CD: Mastering CI/CD
2357,Avani Bhat 2257,IT,Engineer,51,65484,0.0134,LOW,56.0,2,Backend Architecture,Backend Architecture,Learn Backend Architecture: Mastering Backend Architecture
2358,Erin Massey 2258,IT,Software Engineer,46,136165,0.0025,LOW,65.8,5,"CI/CD, Git",CI/CD,Learn CI/CD: Mastering CI/CD
2359,Taylor Morris 2259,IT,Developer,49,60835,0.0002,LOW,90.2,3,"Full-Stack Development, JavaScript / TypeScript, React",Full-Stack Development,Learn Full-Stack Development: Mastering Full-Stack Development
2360,Saanvi Iyer 2260,HR,Recruitment Specialist,23,131453,0.0,LOW,71.6,3,"Greenhouse, Screening & Interviewing",Greenhouse,Learn Greenhouse: Mastering Greenhouse
2361,Nicole Roberts 2261,HR,Recruitment Specialist,34,88790,0.0,LOW,62.8,1,"Greenhouse, Salary Benchmarking, Screening & Interviewing",Greenhouse,Learn Greenhouse: Mastering Greenhouse
2362,Jasmine Gonzalez 2262,HR,Recruitment Specialist,45,44643,0.9062,HIGH,95.0,5,Salary Benchmarking,Salary Benchmarking,Learn Salary Benchmarking: Mastering Salary Benchmarking
2363,Saanvi Iyer 2263,Sales,Account Manager,21,110846,0.0,LOW,60.8,3,"Account Growth, Client Relationship Management, Zendesk",Account Growth,Learn Account Growth: Mastering Account Growth
2364,Meera Das 2264,HR,HR Manager,23,181305,0.0,LOW,60.5,3,"Employee Retention, Excel",Employee Retention,Learn Employee Retention: Strategic HR Leadership & Talent Retention Strategies
2365,Jeffery Lopez 2265,Marketing,Content Lead,46,48200,0.0001,LOW,86.8,3,"Adobe Creative Cloud, Content Production",Adobe Creative Cloud,Learn Adobe Creative Cloud: Mastering Adobe Creative Cloud
2366,Steven Barnett 2266,IT,Software Engineer,38,87275,0.001,LOW,79.9,4,"CI/CD, Docker, Git, Kubernetes",CI/CD,Learn CI/CD: Mastering CI/CD
2367,Pari Joshi 2267,IT,Developer,29,124001,0.014,LOW,70.4,2,"Database Design, Node.js, PostgreSQL",Database Design,Learn Database Design: Mastering Database Design
2368,Rohan Pillai 2268,IT,Developer,58,77448,0.7505,HIGH,82.0,4,"Node.js, PostgreSQL, React",Node.js,Learn Node.js: Mastering Node.js
2369,Rohan Pillai 2269,Finance,Accountant,43,126685,0.0539,LOW,75.6,3,"Excel, Financial Accounting, General Ledger",Excel,Learn Excel: Mastering Excel
2370,Jasmine Gonzalez 2270,IT,Data Analyst,41,45619,0.0935,LOW,57.8,2,"Data Cleaning, SQL, Statistical Analysis",Data Cleaning,Learn Data Cleaning: Mastering Data Cleaning
2371,Aditya Kumar 2271,Support,Support Engineer,21,140454,0.0044,LOW,43.2,3,"Splunk, Technical Troubleshooting",Splunk,Learn Splunk: Mastering Splunk
2372,Avani Bhat 2272,IT,Tester,41,36766,0.8582,HIGH,65.2,4,"Manual Testing, PyTest, Selenium",Manual Testing,Learn Manual Testing: Mastering Manual Testing
2373,Vivaan Gupta 2273,Sales,Business Development,47,38549,0.8998,HIGH,85.0,3,"Deal Closing, Salesforce",Deal Closing,Learn Deal Closing: Mastering Deal Closing
2374,Kavya Menon 2274,Finance,Auditor,26,184765,0.0,LOW,66.9,1,"Financial Controls, Internal Audit",Financial Controls,Learn Financial Controls: Mastering Financial Controls
2375,Navya Chopra 2275,IT,Software Engineer,56,142938,0.0,LOW,77.5,3,"CI/CD, Code Quality & Testing, Kubernetes, Python",CI/CD,Learn CI/CD: Mastering CI/CD
2376,Brenda Bauer 2276,Marketing,SEO Analyst,48,162673,0.0,LOW,74.2,3,"Google Search Console, Traffic Analysis",Google Search Console,Learn Google Search Console: Mastering Google Search Console
2377,David Williams 2277,Marketing,Content Lead,37,83328,0.0,LOW,51.7,3,"Adobe Creative Cloud, Content Production",Adobe Creative Cloud,Learn Adobe Creative Cloud: Mastering Adobe Creative Cloud
2378,Christopher Benson 2278,Sales,Business Development,23,60301,0.0012,LOW,67.1,3,"Deal Closing, Salesforce",Deal Closing,Learn Deal Closing: Mastering Deal Closing
2379,Jasmine Gonzalez 2279,Sales,Business Development,32,79763,0.0,LOW,76.3,2,"Market Expansion, Partnership Management",Market Expansion,Learn Market Expansion: Mastering Market Expansion
2380,Kabir Mehta 2280,Sales,Account Manager,59,79787,0.9082,HIGH,62.6,3,"Account Growth, Client Relationship Management",Account Growth,Learn Account Growth: Mastering Account Growth
2381,Avani Bhat 2281,IT,Developer,32,155675,0.0,LOW,67.6,3,"API Integration, Git Version Control, JavaScript / TypeScript",API Integration,Learn API Integration: Mastering API Integration
2382,Vihaan Verma 2282,Sales,Account Manager,22,42425,0.0271,LOW,76.7,4,"Salesforce, Zendesk",Salesforce,Learn Salesforce: Mastering Salesforce
2383,Aditya Kumar 2283,Sales,Sales Executive,42,47857,0.0,LOW,72.9,3,"Lead Generation, LinkedIn Sales Navigator, Pipeline Management, Salesforce",Lead Generation,Learn Lead Generation: Mastering Lead Generation
2384,Erin Massey 2284,Finance,Auditor,43,127999,0.0017,LOW,84.6,3,"Financial Controls, Internal Audit, SAP",Financial Controls,Learn Financial Controls: Mastering Financial Controls
2385,Norman Lane 2285,Sales,Sales Executive,50,76457,0.2113,LOW,76.6,3,"B2B Sales, Client Relationship Management, Negotiation, Pipeline Management",B2B Sales,Learn B2B Sales: Mastering B2B Sales
2386,Rita Walker 2286,Sales,Business Development,25,166776,0.0,LOW,60.5,3,"Deal Closing, Partnership Management",Deal Closing,Learn Deal Closing: Mastering Deal Closing
2387,Ishaan Malhotra 2287,Sales,Business Development,29,40452,0.3976,LOW,66.3,3,"Market Expansion, Partnership Management",Market Expansion,Learn Market Expansion: Mastering Market Expansion
2388,Avani Bhat 2288,IT,Software Engineer,41,146153,0.0129,LOW,72.2,3,"CI/CD, Code Quality & Testing, Kubernetes",CI/CD,Learn CI/CD: Mastering CI/CD
2389,Vihaan Verma 2289,HR,HR Executive,31,73862,0.0001,LOW,88.1,4,HR Operations,HR Operations,Learn HR Operations: Mastering HR Operations
2390,Megan Williams 2290,Finance,Financial Analyst,25,53300,0.0362,LOW,66.3,3,"PowerBI, Tableau, Variance Analysis",PowerBI,Learn PowerBI: PowerBI & Tableau Executive Dashboards
2391,Megan Williams 2291,Marketing,Content Lead,55,175638,0.0084,LOW,51.2,3,"Brand Storytelling, Figma",Brand Storytelling,Learn Brand Storytelling: Mastering Brand Storytelling
2392,Pari Joshi 2292,Finance,Financial Analyst,47,173573,0.0,LOW,77.3,2,"PowerBI, SQL",PowerBI,Learn PowerBI: PowerBI & Tableau Executive Dashboards
2393,Norman Lane 2293,IT,Software Engineer,22,36845,0.0,LOW,62.9,3,"CI/CD, Data Structures & Algorithms, Docker, System Design",CI/CD,Learn CI/CD: Mastering CI/CD
2394,Taylor Morris 2294,IT,Developer,44,154342,0.025,LOW,56.6,1,"API Integration, Git Version Control, JavaScript / TypeScript",API Integration,Learn API Integration: Mastering API Integration
2395,Ishaan Malhotra 2295,Sales,Account Manager,51,74181,0.0,LOW,72.2,3,"Account Growth, Gainsight, Salesforce",Account Growth,Learn Account Growth: Mastering Account Growth
2396,Shannon Clark 2296,HR,Employee Relations,53,69404,0.0244,LOW,83.7,3,"Conflict Resolution, ServiceNow HR",Conflict Resolution,Learn Conflict Resolution: Workplace Conflict Resolution & Empathy-Driven Leadership
2397,Devansh Banerjee 2297,Finance,Auditor,59,57564,0.0021,LOW,65.1,3,"Financial Controls, Internal Audit",Financial Controls,Learn Financial Controls: Mastering Financial Controls
2398,Aarav Sharma 2298,Sales,Sales Executive,50,132898,0.0025,LOW,78.0,3,"HubSpot, Lead Generation, Salesforce",HubSpot,Learn HubSpot: Mastering HubSpot
2399,Vihaan Verma 2299,IT,Tester,57,53227,0.0111,LOW,80.2,3,"PyTest, Selenium",PyTest,Learn PyTest: Mastering PyTest
2400,Ashley Marsh 2300,HR,HR Executive,48,130259,0.0043,LOW,81.5,5,Excel,Excel,Learn Excel: Mastering Excel
2401,Manish Badami 2301,IT,Data Analyst,51,159451,0.0,LOW,63.2,3,"Statistical Analysis, Tableau",Statistical Analysis,Learn Statistical Analysis: Mastering Statistical Analysis
2402,Cody Bright 2302,Finance,Accountant,31,52215,0.9699,HIGH,58.5,3,"Excel, General Ledger, QuickBooks",Excel,Learn Excel: Mastering Excel
2403,David Williams 2303,Sales,Sales Executive,43,165577,0.0,LOW,60.2,3,"B2B Sales, Negotiation",B2B Sales,Learn B2B Sales: Mastering B2B Sales
2404,Saanvi Iyer 2304,IT,Tester,22,106074,0.0002,LOW,81.5,3,"Bug Tracking, Jira, Selenium",Bug Tracking,Learn Bug Tracking: Mastering Bug Tracking
2405,Judith Ware 2305,Marketing,Content Lead,47,143621,0.0001,LOW,80.0,1,"Adobe Creative Cloud, Content Production",Adobe Creative Cloud,Learn Adobe Creative Cloud: Mastering Adobe Creative Cloud
2406,Riya Mishra 2306,Finance,Financial Analyst,55,178526,0.0,LOW,60.5,3,"Budgeting & Forecasting, Financial Modeling, PowerBI",Budgeting & Forecasting,Learn Budgeting & Forecasting: Mastering Budgeting & Forecasting
2407,Sara Snyder 2307,Marketing,Content Lead,22,141759,0.0001,LOW,97.6,3,"Brand Storytelling, Creative Direction",Brand Storytelling,Learn Brand Storytelling: Mastering Brand Storytelling
2408,Ayaan Saxena 2308,Marketing,Content Strategist,59,163471,0.0,LOW,59.1,3,"Canva, Copywriting, Editorial Calendar",Canva,Learn Canva: Mastering Canva
2409,Pari Joshi 2309,IT,Developer,57,56711,0.7879,HIGH,84.0,3,"API Integration, Database Design",API Integration,Learn API Integration: Mastering API Integration
2410,Norman Lane 2310,IT,Software Engineer,41,181131,0.0,LOW,90.2,3,"Git, Kubernetes, Python, REST APIs",Git,Learn Git: Mastering Git
2411,Anna Dominguez 2311,Sales,Business Development,25,83398,0.0191,LOW,73.3,3,"Market Expansion, Partnership Management",Market Expansion,Learn Market Expansion: Mastering Market Expansion
2412,Ishaan Malhotra 2312,Finance,Accountant,41,36286,0.0012,LOW,62.8,3,"SAP Financials, Tax Compliance",SAP Financials,Learn SAP Financials: Mastering SAP Financials
2413,Megan Williams 2313,Sales,Sales Executive,49,143304,0.0001,LOW,63.0,4,"B2B Sales, HubSpot, Salesforce",B2B Sales,Learn B2B Sales: Mastering B2B Sales
2414,Saanvi Iyer 2314,IT,Engineer,40,139959,0.0,LOW,68.9,3,Cloud Infrastructure,Cloud Infrastructure,Learn Cloud Infrastructure: Mastering Cloud Infrastructure
2415,Ashley Marsh 2315,Support,Helpdesk,58,94967,0.0,LOW,85.0,3,"Jira Service Desk, Zendesk",Jira Service Desk,Learn Jira Service Desk: Mastering Jira Service Desk
2416,Steven Barnett 2316,Sales,Business Development,40,132803,0.0,LOW,57.6,3,"Deal Closing, Market Expansion",Deal Closing,Learn Deal Closing: Mastering Deal Closing
2417,Ananya Singh 2317,HR,HR Manager,45,164745,0.0,LOW,49.9,3,"BambooHR, Employee Retention, Workday",BambooHR,Learn BambooHR: Mastering BambooHR
2418,Vivaan Gupta 2318,HR,Recruitment Specialist,22,89583,0.0045,LOW,76.3,4,"Lever, Salary Benchmarking",Lever,Learn Lever: Mastering Lever
2419,Anna Dominguez 2319,HR,Employee Relations,52,159077,0.0,LOW,79.0,4,"Employee Wellbeing, Excel",Employee Wellbeing,Learn Employee Wellbeing: Mastering Employee Wellbeing
2420,Manish Badami 2320,Sales,Business Development,46,146359,0.0,LOW,95.6,3,"Deal Closing, Market Expansion",Deal Closing,Learn Deal Closing: Mastering Deal Closing
2421,Sara Khan 2321,Sales,Business Development,26,62086,0.0,LOW,55.4,4,"Deal Closing, Salesforce",Deal Closing,Learn Deal Closing: Mastering Deal Closing
2422,Ananya Singh 2322,Finance,Accountant,23,182556,0.0,LOW,70.4,2,"General Ledger, Tax Compliance",General Ledger,Learn General Ledger: Mastering General Ledger
2423,Joel Fuller 2323,Sales,Account Manager,53,139132,0.0,LOW,85.9,4,"Client Relationship Management, Salesforce",Client Relationship Management,Learn Client Relationship Management: Mastering Client Relationship Management
2424,Pari Joshi 2324,Finance,Financial Analyst,21,94263,0.0002,LOW,73.5,3,"Budgeting & Forecasting, Variance Analysis",Budgeting & Forecasting,Learn Budgeting & Forecasting: Mastering Budgeting & Forecasting
2425,Joel Fuller 2325,Support,Helpdesk,25,184747,0.0,LOW,69.7,3,"Customer Support, Zendesk",Customer Support,Learn Customer Support: Mastering Customer Support
2426,Jasmine Gonzalez 2326,Sales,Account Manager,33,155155,0.0388,LOW,81.5,4,"Contract Renewal, Salesforce",Contract Renewal,Learn Contract Renewal: Mastering Contract Renewal
2427,Vivaan Gupta 2327,Sales,Sales Executive,39,95664,0.0,LOW,64.8,3,"B2B Sales, HubSpot, LinkedIn Sales Navigator",B2B Sales,Learn B2B Sales: Mastering B2B Sales
2428,Diya Patel 2328,HR,Recruitment Specialist,32,183149,0.0006,LOW,82.2,5,Screening & Interviewing,Screening & Interviewing,Learn Screening & Interviewing: Mastering Screening & Interviewing
2429,Jeffery Lopez 2329,Sales,Sales Executive,45,155474,0.0239,LOW,57.0,2,"B2B Sales, Negotiation, Pipeline Management",B2B Sales,Learn B2B Sales: Mastering B2B Sales
2430,Peter Mckee 2330,HR,HR Manager,55,111968,0.0,LOW,53.8,3,"Talent Acquisition, Workday",Talent Acquisition,Learn Talent Acquisition: Mastering Talent Acquisition
2431,Anna Dominguez 2331,Sales,Account Manager,32,169563,0.0,LOW,68.7,3,"Account Growth, Gainsight",Account Growth,Learn Account Growth: Mastering Account Growth
2432,Anna Dominguez 2332,IT,Cybersecurity Specialist,50,169464,0.0,LOW,41.2,1,"Incident Response, Threat Modeling, Vulnerability Assessment",Incident Response,Learn Incident Response: Mastering Incident Response
2433,Manish Badami 2333,Finance,Auditor,25,102804,0.0016,LOW,73.0,2,"Financial Controls, SAP",Financial Controls,Learn Financial Controls: Mastering Financial Controls
2434,Sara Khan 2334,IT,Cybersecurity Specialist,54,73400,0.8104,HIGH,51.2,1,"Network Security, Splunk, Vulnerability Assessment, Wireshark",Network Security,Learn Network Security: Mastering Network Security
2435,Rohan Pillai 2335,Finance,Auditor,42,63088,0.6666,MEDIUM,75.4,5,ACL Analytics,ACL Analytics,Learn ACL Analytics: Mastering ACL Analytics
2436,Sara Snyder 2336,Finance,Accountant,59,122893,0.0,LOW,74.2,4,"Financial Accounting, SAP Financials",Financial Accounting,Learn Financial Accounting: Mastering Financial Accounting
2437,Arjun Rao 2337,HR,HR Manager,33,40969,0.0,LOW,71.2,3,"Excel, Performance Management, Workday",Excel,Learn Excel: Mastering Excel
2438,Arjun Rao 2338,Sales,Sales Executive,23,43981,0.0004,LOW,77.2,2,"Client Relationship Management, Negotiation, Salesforce",Client Relationship Management,Learn Client Relationship Management: Mastering Client Relationship Management
2439,Vivaan Gupta 2339,IT,Cybersecurity Specialist,40,89091,0.0,LOW,74.5,2,"Incident Response, Splunk, Wireshark",Incident Response,Learn Incident Response: Mastering Incident Response
2440,Riya Mishra 2340,Finance,Auditor,51,142154,0.0,LOW,68.5,3,"ACL Analytics, Excel, Financial Controls",ACL Analytics,Learn ACL Analytics: Mastering ACL Analytics
2441,Aarav Sharma 2341,Sales,Sales Executive,25,59408,0.0,LOW,94.0,5,"HubSpot, Lead Generation",HubSpot,Learn HubSpot: Mastering HubSpot
2442,Riya Mishra 2342,HR,HR Manager,44,82940,0.0008,LOW,76.7,3,"BambooHR, Performance Management, Workday",BambooHR,Learn BambooHR: Mastering BambooHR
2443,Kavya Menon 2343,IT,Software Engineer,53,38657,0.0013,LOW,81.3,3,"Kubernetes, Python, System Design",Kubernetes,Learn Kubernetes: Mastering Kubernetes
2444,Taylor Morris 2344,IT,Engineer,28,56230,0.0001,LOW,84.9,3,"Backend Architecture, DevOps",Backend Architecture,Learn Backend Architecture: Mastering Backend Architecture
2445,Peggy Mann 2345,Sales,Sales Executive,44,184752,0.0013,LOW,80.0,5,"B2B Sales, Salesforce",B2B Sales,Learn B2B Sales: Mastering B2B Sales
2446,Diya Patel 2346,Marketing,SEO Specialist,40,119731,0.0,LOW,96.8,3,"Google Analytics, SEMrush",Google Analytics,Learn Google Analytics: Mastering Google Analytics
2447,Avani Bhat 2347,IT,Developer,36,173939,0.0,LOW,74.0,5,"Git Version Control, Node.js, React",Git Version Control,Learn Git Version Control: Mastering Git Version Control
2448,Connie Bailey 2348,Sales,Sales Executive,32,39329,0.0039,LOW,71.9,1,"Client Relationship Management, HubSpot, Salesforce",Client Relationship Management,Learn Client Relationship Management: Mastering Client Relationship Management
2449,Devansh Banerjee 2349,IT,Tester,33,70865,0.0,LOW,64.2,3,"Jira, Manual Testing, PyTest",Jira,Learn Jira: Mastering Jira
2450,Vihaan Verma 2350,Sales,Account Manager,59,72869,0.0011,LOW,68.9,3,"Contract Renewal, Salesforce",Contract Renewal,Learn Contract Renewal: Mastering Contract Renewal
2451,Arjun Rao 2351,Support,Helpdesk,45,155185,0.0,LOW,63.2,3,"Jira Service Desk, Ticket Resolution",Jira Service Desk,Learn Jira Service Desk: Mastering Jira Service Desk
2452,Avani Bhat 2352,Marketing,Marketing Executive,52,118984,0.0011,LOW,80.1,3,"Market Research, Social Media Marketing",Market Research,Learn Market Research: Mastering Market Research
2453,Kabir Mehta 2353,Sales,Business Development,44,160172,0.0002,LOW,61.1,1,"Market Expansion, ZoomInfo",Market Expansion,Learn Market Expansion: Mastering Market Expansion
2454,Rohan Pillai 2354,IT,Engineer,29,136069,0.8521,HIGH,72.9,2,"Backend Architecture, DevOps",Backend Architecture,Learn Backend Architecture: Mastering Backend Architecture
2455,Rohan Pillai 2355,Sales,Business Development,43,124711,0.0,LOW,78.7,4,"Salesforce, ZoomInfo",Salesforce,Learn Salesforce: Mastering Salesforce
2456,Megan Williams 2356,Sales,Business Development,33,101252,0.0001,LOW,73.8,3,"Market Expansion, Partnership Management",Market Expansion,Learn Market Expansion: Mastering Market Expansion
2457,Pari Joshi 2357,Sales,Business Development,52,114386,0.0001,LOW,61.2,5,"Market Expansion, ZoomInfo",Market Expansion,Learn Market Expansion: Mastering Market Expansion
2458,Judith Ware 2358,IT,Data Analyst,35,153728,0.0002,LOW,80.4,3,"PowerBI, Statistical Analysis",PowerBI,Learn PowerBI: PowerBI & Tableau Executive Dashboards
2459,Pari Joshi 2359,Finance,Accountant,56,167783,0.0,LOW,71.0,3,"Financial Accounting, QuickBooks, SAP Financials",Financial Accounting,Learn Financial Accounting: Mastering Financial Accounting
2460,Christopher Benson 2360,IT,Engineer,25,60801,0.8316,HIGH,37.5,4,"Backend Architecture, Linux",Backend Architecture,Learn Backend Architecture: Mastering Backend Architecture
2461,Rita Walker 2361,Support,Helpdesk,42,125709,0.0,LOW,60.2,4,"Jira Service Desk, Zendesk",Jira Service Desk,Learn Jira Service Desk: Mastering Jira Service Desk
2462,Pari Joshi 2362,IT,Cybersecurity Specialist,36,88270,0.0323,LOW,88.8,3,"Splunk, Threat Modeling, Wireshark",Splunk,Learn Splunk: Mastering Splunk
2463,Devansh Banerjee 2363,IT,Tester,30,90535,0.1939,LOW,89.8,2,"Bug Tracking, Jira, Test Automation",Bug Tracking,Learn Bug Tracking: Mastering Bug Tracking
2464,Ashley Marsh 2364,IT,Tester,44,51220,0.0,LOW,78.3,4,"Postman, Test Automation",Postman,Learn Postman: Mastering Postman
2465,Pari Joshi 2365,Sales,Business Development,38,48392,0.2698,LOW,81.4,4,"Market Expansion, Salesforce",Market Expansion,Learn Market Expansion: Mastering Market Expansion
2466,Kabir Mehta 2366,Sales,Account Manager,38,168318,0.0,LOW,62.7,4,"Contract Renewal, Zendesk",Contract Renewal,Learn Contract Renewal: Mastering Contract Renewal
2467,Aditi Sen 2367,Sales,Account Manager,27,55010,0.0,LOW,68.9,3,"Account Growth, Cross-selling",Account Growth,Learn Account Growth: Mastering Account Growth
2468,Peter Mckee 2368,Sales,Sales Executive,24,161951,0.0,LOW,86.8,3,"B2B Sales, Negotiation",B2B Sales,Learn B2B Sales: Mastering B2B Sales
2469,Avani Bhat 2369,Finance,Financial Analyst,46,103358,0.0,LOW,77.1,4,"Budgeting & Forecasting, Excel, Tableau",Budgeting & Forecasting,Learn Budgeting & Forecasting: Mastering Budgeting & Forecasting
2470,Christopher Benson 2370,Sales,Business Development,25,183306,0.0037,LOW,72.8,1,"Deal Closing, Market Expansion",Deal Closing,Learn Deal Closing: Mastering Deal Closing
2471,Ananya Singh 2371,Finance,Accountant,36,131190,0.0,LOW,69.8,3,"General Ledger, QuickBooks",General Ledger,Learn General Ledger: Mastering General Ledger
2472,Avani Bhat 2372,IT,Developer,55,150795,0.0009,LOW,86.1,1,"API Integration, Git Version Control, Node.js",API Integration,Learn API Integration: Mastering API Integration
2473,Saanvi Iyer 2373,Marketing,Content Lead,46,157790,0.0,LOW,85.5,2,"Brand Storytelling, Content Production",Brand Storytelling,Learn Brand Storytelling: Mastering Brand Storytelling
2474,Steven Barnett 2374,Marketing,SEO Analyst,38,160223,0.0046,LOW,79.8,3,"Rank Tracking, Screaming Frog",Rank Tracking,Learn Rank Tracking: Mastering Rank Tracking
2475,Aditya Kumar 2375,IT,Engineer,49,110205,0.0727,LOW,72.8,1,"Backend Architecture, Linux, Terraform",Backend Architecture,Learn Backend Architecture: Mastering Backend Architecture
2476,Avani Bhat 2376,Sales,Account Manager,43,36082,0.0044,LOW,67.7,2,"Account Growth, Contract Renewal, Cross-selling",Account Growth,Learn Account Growth: Mastering Account Growth
2477,Kavya Menon 2377,IT,Cybersecurity Specialist,34,177220,0.0,LOW,80.3,3,"Nmap, SIEM Tools",Nmap,Learn Nmap: Mastering Nmap
2478,Rita Walker 2378,Finance,Financial Analyst,35,110093,0.0,LOW,58.8,3,"PowerBI, SQL, Tableau",PowerBI,Learn PowerBI: PowerBI & Tableau Executive Dashboards
2479,Ananya Singh 2379,Finance,Financial Analyst,53,86952,0.0,LOW,61.3,3,"Excel, Financial Modeling, SQL",Excel,Learn Excel: Mastering Excel
2480,Peggy Mann 2380,Marketing,Marketing Executive,45,71719,0.9665,HIGH,54.6,3,"Campaign Management, Google Ads",Campaign Management,Learn Campaign Management: Mastering Campaign Management
2481,Myra Nair 2381,Sales,Account Manager,41,83737,0.0017,LOW,86.8,4,"Gainsight, Salesforce, Zendesk",Gainsight,Learn Gainsight: Mastering Gainsight
2482,Anna Dominguez 2382,Sales,Sales Executive,37,142271,0.001,LOW,63.4,3,"LinkedIn Sales Navigator, Negotiation",LinkedIn Sales Navigator,Learn LinkedIn Sales Navigator: Mastering LinkedIn Sales Navigator
2483,Kabir Mehta 2383,Marketing,SEO Analyst,43,180111,0.0,LOW,76.8,3,"Google Search Console, Traffic Analysis",Google Search Console,Learn Google Search Console: Mastering Google Search Console
2484,Erin Massey 2384,Finance,Auditor,37,102839,0.0144,LOW,70.5,5,"ACL Analytics, Risk Assessment",ACL Analytics,Learn ACL Analytics: Mastering ACL Analytics
2485,Taylor Morris 2385,IT,Cybersecurity Specialist,34,82931,0.0,LOW,100.0,1,"Network Security, Splunk, Threat Modeling",Network Security,Learn Network Security: Mastering Network Security
2486,Kavya Menon 2386,Marketing,Content Strategist,49,74925,0.4971,MEDIUM,77.3,3,"Editorial Calendar, Notion",Editorial Calendar,Learn Editorial Calendar: Mastering Editorial Calendar
2487,Connie Bailey 2387,HR,HR Executive,40,122745,0.0,LOW,49.7,3,"Payroll Coordination, Workday",Payroll Coordination,Learn Payroll Coordination: Mastering Payroll Coordination
2488,Christopher Benson 2388,Sales,Sales Executive,50,161298,0.0039,LOW,86.1,4,"B2B Sales, HubSpot",B2B Sales,Learn B2B Sales: Mastering B2B Sales
2489,Myra Nair 2389,HR,Recruitment Specialist,39,128709,0.0,LOW,67.4,4,"Greenhouse, Lever",Greenhouse,Learn Greenhouse: Mastering Greenhouse
2490,Diya Patel 2390,IT,Software Engineer,59,77287,0.993,HIGH,69.6,1,"AWS, CI/CD, Git, Kubernetes",AWS,Learn AWS: AWS Certified Solutions Architect & Cloud Engineering
2491,Vivaan Gupta 2391,Sales,Account Manager,33,142252,0.0,LOW,63.9,3,"Client Relationship Management, Contract Renewal",Client Relationship Management,Learn Client Relationship Management: Mastering Client Relationship Management
2492,Jasmine Gonzalez 2392,Finance,Financial Analyst,38,144323,0.0,LOW,74.3,3,"Financial Modeling, PowerBI, Variance Analysis",Financial Modeling,"Learn Financial Modeling: Financial Modeling, Valuation & Risk Management"
2493,Taylor Morris 2393,Marketing,Content Lead,43,47803,0.2327,LOW,74.2,3,"Adobe Creative Cloud, Content Production",Adobe Creative Cloud,Learn Adobe Creative Cloud: Mastering Adobe Creative Cloud
2494,Arjun Rao 2394,IT,Engineer,53,153819,0.0,LOW,64.3,2,"Backend Architecture, Linux",Backend Architecture,Learn Backend Architecture: Mastering Backend Architecture
2495,Myra Nair 2395,IT,Developer,59,128361,0.0,LOW,65.9,3,"Full-Stack Development, JavaScript / TypeScript",Full-Stack Development,Learn Full-Stack Development: Mastering Full-Stack Development
2496,Ishaan Malhotra 2396,Sales,Business Development,38,48698,0.7127,HIGH,73.2,3,"Salesforce, ZoomInfo",Salesforce,Learn Salesforce: Mastering Salesforce
2497,Kabir Mehta 2397,IT,Developer,29,50376,0.4419,LOW,43.9,1,"API Integration, Git Version Control, Node.js",API Integration,Learn API Integration: Mastering API Integration
2498,Peggy Mann 2398,Sales,Sales Executive,53,48117,0.0,LOW,54.7,3,"B2B Sales, Pipeline Management",B2B Sales,Learn B2B Sales: Mastering B2B Sales
2499,Connie Bailey 2399,Sales,Account Manager,52,83786,0.5014,MEDIUM,92.0,1,"Contract Renewal, Cross-selling, Salesforce",Contract Renewal,Learn Contract Renewal: Mastering Contract Renewal
2500,Aditi Sen 2400,HR,Recruitment Specialist,37,148005,0.0001,LOW,75.9,3,"Candidate Sourcing, Screening & Interviewing",Candidate Sourcing,Learn Candidate Sourcing: Mastering Candidate Sourcing
2501,Peggy Mann 2401,IT,Data Analyst,39,101480,0.0,LOW,65.7,3,"Business Reporting, Data Cleaning, Excel",Business Reporting,Learn Business Reporting: Mastering Business Reporting
2502,Jeffery Lopez 2402,IT,Tester,47,167583,0.0,LOW,51.6,3,"Bug Tracking, Manual Testing, Test Automation",Bug Tracking,Learn Bug Tracking: Mastering Bug Tracking
2503,Arjun Rao 2403,Finance,Auditor,26,88233,0.0,LOW,71.3,4,"ACL Analytics, Excel",ACL Analytics,Learn ACL Analytics: Mastering ACL Analytics
2504,Aarav Sharma 2404,Sales,Business Development,55,146022,0.0,LOW,83.8,3,"Deal Closing, Partnership Management",Deal Closing,Learn Deal Closing: Mastering Deal Closing
2505,Norman Lane 2405,Finance,Auditor,57,127529,0.0209,LOW,100.0,3,"Excel, SAP",Excel,Learn Excel: Mastering Excel
2506,Ashley Marsh 2406,Finance,Auditor,54,135919,0.014,LOW,94.7,5,Financial Controls,Financial Controls,Learn Financial Controls: Mastering Financial Controls
2507,Anna Dominguez 2407,IT,Software Engineer,40,118533,0.0,LOW,61.4,4,"AWS, CI/CD",AWS,Learn AWS: AWS Certified Solutions Architect & Cloud Engineering
2508,Nicole Roberts 2408,Sales,Business Development,45,104407,0.0002,LOW,66.1,3,"Deal Closing, Salesforce",Deal Closing,Learn Deal Closing: Mastering Deal Closing
2509,Shannon Clark 2409,HR,HR Executive,24,108809,0.5102,MEDIUM,54.3,3,"Onboarding, Payroll Coordination",Onboarding,Learn Onboarding: Mastering Onboarding
2510,Vihaan Verma 2410,Sales,Business Development,30,52229,0.205,LOW,61.9,3,"Deal Closing, Salesforce",Deal Closing,Learn Deal Closing: Mastering Deal Closing
2511,Jasmine Gonzalez 2411,Sales,Sales Executive,30,77176,0.0,LOW,69.4,4,"HubSpot, Salesforce",HubSpot,Learn HubSpot: Mastering HubSpot
2512,Nicole Roberts 2412,Marketing,SEO Specialist,44,129825,0.0003,LOW,67.6,1,"Ahrefs, Google Analytics, Search Engine Optimization",Ahrefs,Learn Ahrefs: Mastering Ahrefs
2513,Christopher Benson 2413,Sales,Account Manager,41,169332,0.0,LOW,96.7,3,"Account Growth, Contract Renewal",Account Growth,Learn Account Growth: Mastering Account Growth
2514,Steven Barnett 2414,Marketing,SEO Analyst,31,132555,0.0,LOW,56.2,4,"Google Search Console, Rank Tracking",Google Search Console,Learn Google Search Console: Mastering Google Search Console
2515,Avani Bhat 2415,Marketing,Content Strategist,47,38145,0.9807,HIGH,71.5,3,"Canva, Editorial Calendar",Canva,Learn Canva: Mastering Canva
2516,Ananya Singh 2416,Sales,Sales Executive,36,132289,0.0187,LOW,47.2,3,"Lead Generation, LinkedIn Sales Navigator, Salesforce",Lead Generation,Learn Lead Generation: Mastering Lead Generation
2517,Navya Chopra 2417,Sales,Business Development,46,173874,0.0034,LOW,76.0,3,"Market Expansion, Salesforce",Market Expansion,Learn Market Expansion: Mastering Market Expansion
2518,Vivaan Gupta 2418,Sales,Account Manager,50,37263,0.9628,HIGH,55.9,3,"Client Relationship Management, Contract Renewal",Client Relationship Management,Learn Client Relationship Management: Mastering Client Relationship Management
2519,Brenda Bauer 2419,Marketing,SEO Specialist,36,92788,0.0,LOW,85.2,3,"Ahrefs, SEMrush",Ahrefs,Learn Ahrefs: Mastering Ahrefs
2520,Rita Walker 2420,Finance,Financial Analyst,27,174227,0.0,LOW,68.5,3,"Budgeting & Forecasting, PowerBI",Budgeting & Forecasting,Learn Budgeting & Forecasting: Mastering Budgeting & Forecasting
2521,Vihaan Verma 2421,Sales,Account Manager,36,166994,0.0,LOW,55.2,3,"Contract Renewal, Cross-selling",Contract Renewal,Learn Contract Renewal: Mastering Contract Renewal
2522,Megan Williams 2422,HR,HR Manager,55,80344,0.0,LOW,46.8,4,"Excel, Performance Management",Excel,Learn Excel: Mastering Excel
2523,Rohan Pillai 2423,HR,HR Executive,36,157819,0.0,LOW,60.3,4,Onboarding,Onboarding,Learn Onboarding: Mastering Onboarding
2524,Jasmine Gonzalez 2424,IT,Engineer,32,108352,0.919,HIGH,74.9,1,"AWS, Cloud Infrastructure, Linux",AWS,Learn AWS: AWS Certified Solutions Architect & Cloud Engineering
2525,Peter Mckee 2425,IT,Tester,55,75324,0.9971,HIGH,77.1,3,"Jira, Postman",Jira,Learn Jira: Mastering Jira
2526,Troy Ford 2426,Sales,Sales Executive,41,129075,0.0,LOW,66.0,3,"Client Relationship Management, Negotiation, Salesforce",Client Relationship Management,Learn Client Relationship Management: Mastering Client Relationship Management
2527,Meera Das 2427,Finance,Accountant,56,112169,0.0,LOW,83.1,3,"QuickBooks, Tax Compliance",QuickBooks,Learn QuickBooks: Mastering QuickBooks
2528,Reyansh Reddy 2428,Sales,Sales Executive,37,58384,0.9953,HIGH,58.4,3,"B2B Sales, Client Relationship Management, Pipeline Management",B2B Sales,Learn B2B Sales: Mastering B2B Sales
2529,Megan Williams 2429,Sales,Sales Executive,52,38512,0.6957,MEDIUM,36.9,3,"LinkedIn Sales Navigator, Negotiation, Pipeline Management",LinkedIn Sales Navigator,Learn LinkedIn Sales Navigator: Mastering LinkedIn Sales Navigator
2530,Ananya Singh 2430,Sales,Account Manager,26,172138,0.0,LOW,75.4,3,"Contract Renewal, Gainsight",Contract Renewal,Learn Contract Renewal: Mastering Contract Renewal
2531,Ishaan Malhotra 2431,Sales,Account Manager,44,158775,0.0,LOW,87.5,3,"Contract Renewal, Cross-selling, Salesforce",Contract Renewal,Learn Contract Renewal: Mastering Contract Renewal
2532,Ashley Marsh 2432,IT,Data Analyst,47,113743,0.0983,LOW,87.6,4,"Business Reporting, SQL",Business Reporting,Learn Business Reporting: Mastering Business Reporting
2533,Taylor Morris 2433,IT,Tester,40,120642,0.2761,LOW,56.4,2,"Bug Tracking, Postman, Selenium",Bug Tracking,Learn Bug Tracking: Mastering Bug Tracking
2534,Avani Bhat 2434,Finance,Accountant,45,164587,0.0058,LOW,65.5,3,"General Ledger, Tax Compliance",General Ledger,Learn General Ledger: Mastering General Ledger
2535,Anna Dominguez 2435,Marketing,Marketing Executive,22,114858,0.0,LOW,80.7,3,"Campaign Management, Google Ads, Market Research",Campaign Management,Learn Campaign Management: Mastering Campaign Management
2536,Aditya Kumar 2436,IT,Engineer,29,89800,0.0309,LOW,64.5,5,"Backend Architecture, Terraform",Backend Architecture,Learn Backend Architecture: Mastering Backend Architecture
2537,Arjun Rao 2437,IT,Tester,48,135364,0.0001,LOW,73.3,2,"PyTest, Selenium",PyTest,Learn PyTest: Mastering PyTest
2538,Cody Bright 2438,HR,HR Manager,58,37387,0.1298,LOW,63.4,3,"Employee Retention, Talent Acquisition",Employee Retention,Learn Employee Retention: Strategic HR Leadership & Talent Retention Strategies
2539,Diya Patel 2439,HR,Employee Relations,23,167871,0.0,LOW,58.9,4,"Conflict Resolution, Workplace Policy",Conflict Resolution,Learn Conflict Resolution: Workplace Conflict Resolution & Empathy-Driven Leadership
2540,Kabir Mehta 2440,IT,Data Analyst,40,154095,0.0002,LOW,61.2,4,"Python, Tableau",Python,Learn Python: Advanced Python Architecture & Performance Optimization
2541,Rohan Pillai 2441,IT,Software Engineer,26,70548,0.0007,LOW,83.5,4,"Data Structures & Algorithms, Python, REST APIs",Data Structures & Algorithms,Learn Data Structures & Algorithms: Mastering Data Structures & Algorithms
2542,Jasmine Gonzalez 2442,IT,Data Analyst,59,125450,0.0699,LOW,72.2,3,"Python, Tableau",Python,Learn Python: Advanced Python Architecture & Performance Optimization
2543,Nicole Roberts 2443,IT,Developer,53,140669,0.0,LOW,87.3,4,"API Integration, PostgreSQL",API Integration,Learn API Integration: Mastering API Integration
2544,Vihaan Verma 2444,Sales,Account Manager,21,115171,0.9112,HIGH,78.2,3,"Cross-selling, Gainsight, Zendesk",Cross-selling,Learn Cross-selling: Mastering Cross-selling
2545,Anna Dominguez 2445,IT,Developer,57,80414,0.047,LOW,91.3,3,"Git Version Control, React",Git Version Control,Learn Git Version Control: Mastering Git Version Control
2546,Saanvi Iyer 2446,Sales,Account Manager,26,108071,0.0,LOW,81.8,3,"Client Relationship Management, Contract Renewal, Cross-selling",Client Relationship Management,Learn Client Relationship Management: Mastering Client Relationship Management
2547,Jasmine Gonzalez 2447,Support,Support Engineer,54,147808,0.0,LOW,81.1,3,"Jira, Postman",Jira,Learn Jira: Mastering Jira
2548,Kabir Mehta 2448,Marketing,Content Lead,35,113591,0.0,LOW,70.6,3,"Adobe Creative Cloud, Content Production",Adobe Creative Cloud,Learn Adobe Creative Cloud: Mastering Adobe Creative Cloud
2549,Arjun Rao 2449,IT,Software Engineer,46,39297,0.5148,MEDIUM,100.0,3,"Data Structures & Algorithms, Kubernetes, Python, REST APIs",Data Structures & Algorithms,Learn Data Structures & Algorithms: Mastering Data Structures & Algorithms
2550,Peggy Mann 2450,Sales,Business Development,34,144513,0.0,LOW,73.4,3,"Market Expansion, Salesforce",Market Expansion,Learn Market Expansion: Mastering Market Expansion
2551,Peter Mckee 2451,HR,Employee Relations,27,163668,0.0,LOW,48.3,3,"ServiceNow HR, Workplace Policy",ServiceNow HR,Learn ServiceNow HR: Mastering ServiceNow HR
2552,Nicole Roberts 2452,HR,HR Manager,51,121479,0.0,LOW,75.2,3,"Employee Retention, HR Compliance, Talent Acquisition",Employee Retention,Learn Employee Retention: Strategic HR Leadership & Talent Retention Strategies
2553,Norman Lane 2453,Sales,Account Manager,44,133752,0.0002,LOW,60.2,3,"Client Relationship Management, Gainsight, Salesforce",Client Relationship Management,Learn Client Relationship Management: Mastering Client Relationship Management
2554,Judith Ware 2454,IT,Data Analyst,51,171080,0.0,LOW,84.2,4,"SQL, Tableau",SQL,Learn SQL: Advanced SQL & Modern Data Warehousing
2555,Troy Ford 2455,HR,Recruitment Specialist,49,150481,0.0131,LOW,80.7,3,"Candidate Sourcing, Greenhouse",Candidate Sourcing,Learn Candidate Sourcing: Mastering Candidate Sourcing
2556,Peggy Mann 2456,IT,Developer,52,182892,0.0,LOW,69.7,4,"Full-Stack Development, JavaScript / TypeScript",Full-Stack Development,Learn Full-Stack Development: Mastering Full-Stack Development
2557,Christopher Benson 2457,Sales,Account Manager,37,102156,0.0494,LOW,61.3,3,"Client Relationship Management, Zendesk",Client Relationship Management,Learn Client Relationship Management: Mastering Client Relationship Management
2558,Peggy Mann 2458,Sales,Sales Executive,34,95263,0.0181,LOW,73.8,3,"LinkedIn Sales Navigator, Pipeline Management",LinkedIn Sales Navigator,Learn LinkedIn Sales Navigator: Mastering LinkedIn Sales Navigator
2559,Myra Nair 2459,Sales,Business Development,56,153996,0.0001,LOW,64.3,3,"Market Expansion, Salesforce",Market Expansion,Learn Market Expansion: Mastering Market Expansion
2560,Ishaan Malhotra 2460,Sales,Account Manager,44,134252,0.0,LOW,81.5,3,"Salesforce, Zendesk",Salesforce,Learn Salesforce: Mastering Salesforce
2561,Joel Fuller 2461,Finance,Financial Analyst,47,153632,0.0641,LOW,78.7,1,"Budgeting & Forecasting, SQL, Tableau",Budgeting & Forecasting,Learn Budgeting & Forecasting: Mastering Budgeting & Forecasting
2562,Cody Bright 2462,HR,HR Manager,45,109855,0.0,LOW,100.0,3,"BambooHR, Workday",BambooHR,Learn BambooHR: Mastering BambooHR
2563,Rohan Pillai 2463,HR,Recruitment Specialist,52,51575,0.0031,LOW,66.7,3,"LinkedIn Recruiter, Screening & Interviewing",LinkedIn Recruiter,Learn LinkedIn Recruiter: Mastering LinkedIn Recruiter
2564,Anna Dominguez 2464,IT,Developer,38,47204,0.018,LOW,68.4,5,"JavaScript / TypeScript, PostgreSQL, React",JavaScript / TypeScript,Learn JavaScript / TypeScript: Mastering JavaScript / TypeScript
2565,Ayaan Saxena 2465,IT,Developer,38,46952,0.0,LOW,70.1,1,"Git Version Control, JavaScript / TypeScript, PostgreSQL",Git Version Control,Learn Git Version Control: Mastering Git Version Control
2566,Clinton Scott 2466,IT,Data Analyst,57,118323,0.7794,HIGH,70.7,3,"Python, Statistical Analysis",Python,Learn Python: Advanced Python Architecture & Performance Optimization
2567,Saanvi Iyer 2467,HR,Employee Relations,46,177712,0.0,LOW,84.3,4,"Employee Wellbeing, Workplace Policy",Employee Wellbeing,Learn Employee Wellbeing: Mastering Employee Wellbeing
2568,Myra Nair 2468,Marketing,Marketing Executive,29,61437,0.8359,HIGH,68.7,4,"Campaign Management, Mailchimp",Campaign Management,Learn Campaign Management: Mastering Campaign Management
2569,Rita Walker 2469,IT,Software Engineer,55,162129,0.0,LOW,95.7,1,"AWS, CI/CD, Git, System Design",AWS,Learn AWS: AWS Certified Solutions Architect & Cloud Engineering
2570,Connie Bailey 2470,Sales,Sales Executive,28,122681,0.0022,LOW,79.0,3,"LinkedIn Sales Navigator, Salesforce",LinkedIn Sales Navigator,Learn LinkedIn Sales Navigator: Mastering LinkedIn Sales Navigator
2571,Rohan Pillai 2471,Finance,Auditor,40,42903,0.0042,LOW,66.2,1,"Excel, Internal Audit, SAP",Excel,Learn Excel: Mastering Excel
2572,Vihaan Verma 2472,IT,Data Analyst,42,61863,0.0009,LOW,63.1,4,"Business Reporting, Statistical Analysis",Business Reporting,Learn Business Reporting: Mastering Business Reporting
2573,Kavya Menon 2473,Sales,Sales Executive,39,78381,0.0008,LOW,84.5,3,"B2B Sales, Negotiation",B2B Sales,Learn B2B Sales: Mastering B2B Sales
2574,Myra Nair 2474,IT,Software Engineer,50,63548,0.0001,LOW,72.3,4,"Code Quality & Testing, Data Structures & Algorithms, System Design",Code Quality & Testing,Learn Code Quality & Testing: Mastering Code Quality & Testing
2575,Peter Mckee 2475,HR,HR Manager,48,46467,0.0216,LOW,72.1,4,"Talent Acquisition, Workday",Talent Acquisition,Learn Talent Acquisition: Mastering Talent Acquisition
2576,Riya Mishra 2476,Finance,Auditor,55,92954,0.7881,HIGH,64.8,5,"ACL Analytics, Financial Controls",ACL Analytics,Learn ACL Analytics: Mastering ACL Analytics
2577,Nicole Roberts 2477,HR,Employee Relations,31,58901,0.0,LOW,71.3,4,"Employee Wellbeing, Excel",Employee Wellbeing,Learn Employee Wellbeing: Mastering Employee Wellbeing
2578,Aditi Sen 2478,Sales,Account Manager,51,58301,0.9591,HIGH,64.3,3,"Client Relationship Management, Salesforce",Client Relationship Management,Learn Client Relationship Management: Mastering Client Relationship Management
2579,Manish Badami 2479,IT,Developer,59,159686,0.0123,LOW,88.3,2,"Database Design, Node.js, PostgreSQL",Database Design,Learn Database Design: Mastering Database Design
2580,Aditi Sen 2480,HR,HR Manager,56,120180,0.5145,MEDIUM,80.6,3,"Performance Management, Workday",Performance Management,Learn Performance Management: Mastering Performance Management
2581,Jasmine Gonzalez 2481,Sales,Business Development,50,104903,0.5162,MEDIUM,69.9,3,"Market Expansion, ZoomInfo",Market Expansion,Learn Market Expansion: Mastering Market Expansion
2582,Clinton Scott 2482,HR,HR Manager,43,138955,0.0,LOW,69.7,1,"Employee Retention, HR Compliance, Performance Management, Talent Acquisition",Employee Retention,Learn Employee Retention: Strategic HR Leadership & Talent Retention Strategies
2583,Steven Barnett 2483,Marketing,SEO Specialist,39,182276,0.0,LOW,73.1,3,"Ahrefs, SEMrush, Search Engine Optimization",Ahrefs,Learn Ahrefs: Mastering Ahrefs
2584,Megan Williams 2484,HR,Employee Relations,32,54755,0.0,LOW,71.9,4,Conflict Resolution,Conflict Resolution,Learn Conflict Resolution: Workplace Conflict Resolution & Empathy-Driven Leadership
2585,Ashley Marsh 2485,Sales,Account Manager,35,94817,0.2642,LOW,60.5,4,"Contract Renewal, Zendesk",Contract Renewal,Learn Contract Renewal: Mastering Contract Renewal
2586,Judith Ware 2486,Sales,Sales Executive,51,37093,0.0001,LOW,49.2,3,"B2B Sales, Negotiation, Pipeline Management",B2B Sales,Learn B2B Sales: Mastering B2B Sales
2587,Ayaan Saxena 2487,IT,Developer,57,131319,0.0,LOW,62.4,3,"API Integration, React",API Integration,Learn API Integration: Mastering API Integration
2588,Peter Mckee 2488,Sales,Sales Executive,57,57940,0.5671,MEDIUM,70.5,3,"LinkedIn Sales Navigator, Negotiation, Salesforce",LinkedIn Sales Navigator,Learn LinkedIn Sales Navigator: Mastering LinkedIn Sales Navigator
2589,Ananya Singh 2489,HR,HR Executive,35,163714,0.0,LOW,63.1,4,"Excel, Workday",Excel,Learn Excel: Mastering Excel
2590,Pari Joshi 2490,Sales,Sales Executive,49,126544,0.0003,LOW,81.8,3,"LinkedIn Sales Navigator, Salesforce",LinkedIn Sales Navigator,Learn LinkedIn Sales Navigator: Mastering LinkedIn Sales Navigator
2591,Cody Bright 2491,HR,HR Manager,46,119437,0.0,LOW,69.3,5,"HR Compliance, Performance Management",HR Compliance,Learn HR Compliance: Mastering HR Compliance
2592,Rohan Pillai 2492,HR,Employee Relations,22,127969,0.0,LOW,94.5,4,Excel,Excel,Learn Excel: Mastering Excel
2593,Nicole Roberts 2493,Finance,Financial Analyst,40,142001,0.0,LOW,65.3,5,"PowerBI, SQL",PowerBI,Learn PowerBI: PowerBI & Tableau Executive Dashboards
2594,Troy Ford 2494,Finance,Auditor,35,122725,0.0,LOW,73.7,3,"Excel, Financial Controls",Excel,Learn Excel: Mastering Excel
2595,Myra Nair 2495,Sales,Sales Executive,24,150784,0.0,LOW,68.5,4,"LinkedIn Sales Navigator, Negotiation, Salesforce",LinkedIn Sales Navigator,Learn LinkedIn Sales Navigator: Mastering LinkedIn Sales Navigator
2596,Cody Bright 2496,Marketing,SEO Specialist,42,145675,0.0,LOW,77.3,4,"Google Analytics, SEMrush",Google Analytics,Learn Google Analytics: Mastering Google Analytics
2597,Riya Mishra 2497,IT,Software Engineer,58,129266,0.0007,LOW,84.8,3,"Docker, Kubernetes, Python",Docker,Learn Docker: Docker & Kubernetes for Cloud Native DevOps
2598,Meera Das 2498,HR,HR Manager,43,44236,0.0674,LOW,79.3,3,"Employee Retention, Performance Management",Employee Retention,Learn Employee Retention: Strategic HR Leadership & Talent Retention Strategies
2599,Devansh Banerjee 2499,IT,Data Analyst,46,107597,0.0017,LOW,47.6,4,"Exploratory Data Analysis, SQL, Statistical Analysis",Exploratory Data Analysis,Learn Exploratory Data Analysis: Mastering Exploratory Data Analysis
2600,Cody Bright 2500,IT,Developer,31,169974,0.0,LOW,78.0,2,"Full-Stack Development, JavaScript / TypeScript, Node.js",Full-Stack Development,Learn Full-Stack Development: Mastering Full-Stack Development
