EmployeeID,Skill
101,Wireshark
101,Splunk
101,Incident Response
101,SIEM Tools
101,Network Security
101,Threat Modeling
102,Pipeline Management
102,LinkedIn Sales Navigator
102,Salesforce
102,Lead Generation
102,B2B Sales
103,Workday
103,Excel
103,Onboarding
104,Market Expansion
104,ZoomInfo
104,Deal Closing
105,Wireshark
105,Splunk
105,Threat Modeling
105,Incident Response
105,Network Security
105,Nmap
106,Conflict Resolution
106,Workplace Policy
106,Employee Wellbeing
107,Talent Acquisition
107,Performance Management
107,Workday
107,BambooHR
108,Postman
108,Technical Troubleshooting
108,Jira
108,Root Cause Analysis
109,Google Search Console
109,Rank Tracking
109,Screaming Frog
110,Pipeline Management
110,Negotiation
110,LinkedIn Sales Navigator
110,Client Relationship Management
110,Salesforce
111,Workday
111,Payroll Coordination
111,Onboarding
112,PowerBI
112,Exploratory Data Analysis
112,Excel
112,SQL
112,Tableau
112,Statistical Analysis
112,MLOps
112,Business Reporting
113,Market Expansion
113,ZoomInfo
113,Deal Closing
114,Onboarding
114,Payroll Coordination
114,Excel
115,Market Expansion
115,Salesforce
115,Deal Closing
116,Bug Tracking
116,Test Automation
116,Jira
116,PyTest
116,Manual Testing
117,Market Expansion
117,Partnership Management
117,Deal Closing
118,Ticket Resolution
118,Troubleshooting
118,Customer Support
119,Market Expansion
119,Partnership Management
119,Deal Closing
120,Employee Retention
120,Performance Management
120,HR Compliance
120,BambooHR
121,HubSpot
121,Negotiation
121,Client Relationship Management
121,Salesforce
121,B2B Sales
122,Postman
122,Jira
122,Root Cause Analysis
123,Database Design
123,React
123,Full-Stack Development
123,Git Version Control
123,PostgreSQL
123,JavaScript / TypeScript
124,Salesforce
124,Partnership Management
124,Market Expansion
125,ServiceNow HR
125,Excel
125,Workplace Policy
126,Linux
126,AWS
126,Cloud Infrastructure
127,Figma
127,Creative Direction
127,Brand Storytelling
128,Gainsight
128,Client Relationship Management
128,Salesforce
128,Cross-selling
128,Contract Renewal
129,Postman
129,Selenium
129,Manual Testing
129,Test Automation
130,Postman
130,Selenium
130,Test Automation
130,Jira
130,Manual Testing
131,Account Growth
131,Zendesk
131,Client Relationship Management
131,Cross-selling
131,Contract Renewal
132,Risk Assessment
132,Financial Controls
132,Internal Audit
132,SAP
133,AWS
133,Excel
133,Statistical Analysis
133,Tableau
133,Data Cleaning
133,MLOps
133,Python
134,Conflict Resolution
134,ServiceNow HR
134,Workplace Policy
134,Excel
135,Postman
135,Selenium
135,Jira
135,PyTest
135,Manual Testing
136,HubSpot
136,Negotiation
136,LinkedIn Sales Navigator
136,Client Relationship Management
136,B2B Sales
137,Ticket Resolution
137,Troubleshooting
137,Customer Support
138,Node.js
138,React
138,Git Version Control
138,PostgreSQL
138,JavaScript / TypeScript
139,API Integration
139,Node.js
139,Database Design
139,React
139,Git Version Control
139,PostgreSQL
139,MLOps
140,Splunk
140,Postman
140,Technical Troubleshooting
140,Root Cause Analysis
141,Git
141,AWS
141,System Design
141,Data Structures & Algorithms
141,REST APIs
141,Docker
142,Wireshark
142,Threat Modeling
142,Incident Response
142,Nmap
142,Network Security
142,Splunk
143,Market Expansion
143,Partnership Management
143,ZoomInfo
144,CI/CD
144,Git
144,AWS
144,System Design
144,Code Quality & Testing
144,REST APIs
144,Python
145,Market Expansion
145,Partnership Management
145,Deal Closing
146,Tax Compliance
146,SAP Financials
146,General Ledger
146,Excel
147,Budgeting & Forecasting
147,Tableau
147,Variance Analysis
147,PowerBI
148,Excel
148,SAP Financials
148,General Ledger
148,QuickBooks
149,Screaming Frog
149,Traffic Analysis
149,Rank Tracking
150,Partnership Management
150,ZoomInfo
150,Deal Closing
151,Creative Direction
151,Brand Storytelling
151,Adobe Creative Cloud
152,Selenium
152,Manual Testing
152,PyTest
152,Jira
153,Generative AI
153,Linux
153,AWS
153,Backend Architecture
153,DevOps
154,Workday
154,Payroll Coordination
154,Excel
155,SEMrush
155,Keyword Research
155,Ahrefs
155,Search Engine Optimization
156,PyTest
156,Manual Testing
156,Test Automation
156,Jira
157,Tax Compliance
157,Financial Accounting
157,General Ledger
157,QuickBooks
158,Greenhouse
158,Screening & Interviewing
158,Lever
158,Candidate Sourcing
159,DevOps
159,AWS
159,Terraform
159,Cloud Infrastructure
160,API Integration
160,Database Design
160,AWS
160,React
160,MLOps
160,Git Version Control
160,JavaScript / TypeScript
161,Pipeline Management
161,HubSpot
161,Negotiation
161,Client Relationship Management
161,Salesforce
162,Partnership Management
162,ZoomInfo
162,Deal Closing
163,Vulnerability Assessment
163,Threat Modeling
163,Incident Response
163,SIEM Tools
163,Network Security
163,Splunk
164,Selenium
164,Test Automation
164,Jira
164,PyTest
164,Bug Tracking
165,Market Expansion
165,ZoomInfo
165,Deal Closing
166,Generative AI
166,Linux
166,AWS
166,Terraform
166,Backend Architecture
167,Pipeline Management
167,Negotiation
167,Client Relationship Management
167,Salesforce
167,Lead Generation
168,Salesforce
168,ZoomInfo
168,Deal Closing
169,ServiceNow HR
169,Conflict Resolution
169,Excel
170,Market Research
170,Meta Ads Manager
170,Campaign Management
170,Social Media Marketing
171,Wireshark
171,Threat Modeling
171,Incident Response
171,SIEM Tools
171,Network Security
171,Nmap
172,Figma
172,Content Production
172,Adobe Creative Cloud
173,Zendesk
173,Cross-selling
173,Account Growth
173,Client Relationship Management
174,Competitor Analysis
174,Screaming Frog
174,Traffic Analysis
174,Rank Tracking
175,Lead Generation
175,Negotiation
175,LinkedIn Sales Navigator
175,HubSpot
176,Git
176,AWS
176,System Design
176,Data Structures & Algorithms
176,REST APIs
176,MLOps
176,Kubernetes
177,DevOps
177,AWS
177,Backend Architecture
177,Terraform
178,PowerBI
178,Exploratory Data Analysis
178,Excel
178,SQL
178,Tableau
178,Statistical Analysis
178,Business Reporting
179,Linux
179,DevOps
179,AWS
179,Cloud Infrastructure
180,Salesforce
180,Deal Closing
180,Market Expansion
181,Wireshark
181,Threat Modeling
181,SIEM Tools
181,Nmap
181,Network Security
181,Splunk
182,Workday
182,Payroll Coordination
182,Onboarding
183,DevOps
183,AWS
183,Terraform
183,Cloud Infrastructure
184,Git
184,AWS
184,Code Quality & Testing
184,Data Structures & Algorithms
184,REST APIs
184,Python
185,Bug Tracking
185,PyTest
185,Manual Testing
185,Selenium
186,Postman
186,Root Cause Analysis
186,SLA Management
186,Splunk
187,Market Expansion
187,ZoomInfo
187,Deal Closing
188,Generative AI
188,AWS
188,System Design
188,Code Quality & Testing
188,REST APIs
188,MLOps
188,Kubernetes
188,Python
188,Docker
189,HubSpot
189,Negotiation
189,Client Relationship Management
189,LinkedIn Sales Navigator
189,Salesforce
189,Lead Generation
190,Generative AI
190,API Integration
190,React
190,Full-Stack Development
190,Git Version Control
190,PostgreSQL
190,JavaScript / TypeScript
191,Bug Tracking
191,Postman
191,Test Automation
191,Jira
191,Manual Testing
192,Pipeline Management
192,HubSpot
192,Negotiation
192,LinkedIn Sales Navigator
192,Salesforce
192,Lead Generation
193,Onboarding
193,Payroll Coordination
193,Excel
194,Gainsight
194,Zendesk
194,Salesforce
194,Cross-selling
194,Contract Renewal
195,Jira
195,Technical Troubleshooting
195,SLA Management
195,Root Cause Analysis
196,LinkedIn Recruiter
196,Greenhouse
196,Screening & Interviewing
197,Budgeting & Forecasting
197,Tableau
197,SQL
197,Variance Analysis
198,Gainsight
198,Account Growth
198,Zendesk
198,Cross-selling
198,Contract Renewal
199,PowerBI
199,AWS
199,Excel
199,SQL
199,Data Cleaning
199,Python
200,Splunk
200,Postman
200,Technical Troubleshooting
200,Root Cause Analysis
201,Git
201,System Design
201,Code Quality & Testing
201,Data Structures & Algorithms
201,REST APIs
201,MLOps
201,Python
202,Market Expansion
202,Salesforce
202,ZoomInfo
203,Pipeline Management
203,LinkedIn Sales Navigator
203,Client Relationship Management
203,Salesforce
203,B2B Sales
204,Content Production
204,Creative Direction
204,Brand Storytelling
205,LinkedIn Recruiter
205,Greenhouse
205,Lever
205,Candidate Sourcing
206,Variance Analysis
206,Financial Modeling
206,Excel
206,Budgeting & Forecasting
206,SQL
207,Partnership Management
207,ZoomInfo
207,Deal Closing
208,HubSpot
208,Negotiation
208,Client Relationship Management
208,LinkedIn Sales Navigator
208,Salesforce
209,Node.js
209,API Integration
209,Database Design
209,Full-Stack Development
209,PostgreSQL
210,Variance Analysis
210,PowerBI
210,Financial Modeling
210,Budgeting & Forecasting
210,Tableau
211,Git
211,CI/CD
211,System Design
211,Code Quality & Testing
211,REST APIs
211,Kubernetes
211,Python
212,Market Expansion
212,Salesforce
212,Deal Closing
213,Content Strategy
213,WordPress
213,Copywriting
213,Editorial Calendar
214,Account Growth
214,Cross-selling
214,Contract Renewal
214,Zendesk
215,Postman
215,Technical Troubleshooting
215,Jira
215,Root Cause Analysis
216,API Integration
216,Database Design
216,AWS
216,React
216,MLOps
216,Git Version Control
216,JavaScript / TypeScript
217,Technical Troubleshooting
217,SLA Management
217,Splunk
218,Campaign Management
218,Meta Ads Manager
218,Social Media Marketing
218,Google Ads
219,SEMrush
219,Ahrefs
219,Technical SEO
219,Search Engine Optimization
220,Cloud Infrastructure
220,AWS
220,Backend Architecture
220,Terraform
221,Variance Analysis
221,Financial Modeling
221,Excel
221,SQL
221,Budgeting & Forecasting
222,Google Analytics
222,Keyword Research
222,Search Engine Optimization
223,Salary Benchmarking
223,Greenhouse
223,Lever
223,Candidate Sourcing
224,Figma
224,Creative Direction
224,Adobe Creative Cloud
225,Figma
225,Content Production
225,Adobe Creative Cloud
226,ServiceNow HR
226,Excel
226,Employee Wellbeing
227,Salesforce
227,Partnership Management
227,Deal Closing
228,Splunk
228,Postman
228,Jira
228,Root Cause Analysis
229,Account Growth
229,Client Relationship Management
229,Salesforce
229,Cross-selling
229,Contract Renewal
230,Generative AI
230,Linux
230,Terraform
230,Cloud Infrastructure
230,Backend Architecture
230,MLOps
231,Employee Retention
231,Performance Management
231,HR Compliance
231,Excel
232,Pipeline Management
232,HubSpot
232,Negotiation
232,Client Relationship Management
232,Salesforce
232,Lead Generation
233,Exploratory Data Analysis
233,Excel
233,SQL
233,Statistical Analysis
233,Business Reporting
233,Data Cleaning
233,MLOps
233,Python
234,Linux
234,AWS
234,Cloud Infrastructure
234,Terraform
234,Backend Architecture
235,Talent Acquisition
235,Workday
235,Performance Management
235,Excel
236,DevOps
236,AWS
236,Backend Architecture
236,Terraform
237,Postman
237,Test Automation
237,Jira
237,PyTest
237,Bug Tracking
238,Salesforce
238,Gainsight
238,Account Growth
238,Client Relationship Management
239,Ticket Resolution
239,Troubleshooting
239,Customer Support
240,WordPress
240,Editorial Calendar
240,Notion
241,Vulnerability Assessment
241,Threat Modeling
241,Incident Response
241,SIEM Tools
241,Network Security
241,Nmap
242,Generative AI
242,AWS
242,Excel
242,SQL
242,Tableau
242,Python
242,Data Cleaning
242,Business Reporting
243,Performance Management
243,Excel
243,Talent Acquisition
243,HR Compliance
243,BambooHR
244,HubSpot
244,Client Relationship Management
244,Salesforce
244,Lead Generation
244,B2B Sales
245,PowerBI
245,SQL
245,Statistical Analysis
245,Tableau
245,Data Cleaning
245,Business Reporting
246,Pipeline Management
246,Negotiation
246,Client Relationship Management
246,LinkedIn Sales Navigator
246,Salesforce
246,B2B Sales
247,Salesforce
247,Gainsight
247,Zendesk
247,Client Relationship Management
248,Ticket Resolution
248,Troubleshooting
248,Customer Support
249,Creative Direction
249,Brand Storytelling
249,Adobe Creative Cloud
250,Pipeline Management
250,HubSpot
250,Client Relationship Management
250,Salesforce
250,Lead Generation
251,Wireshark
251,Vulnerability Assessment
251,Threat Modeling
251,SIEM Tools
251,Network Security
251,Splunk
252,ServiceNow HR
252,Conflict Resolution
252,Excel
252,Employee Wellbeing
253,Market Research
253,Meta Ads Manager
253,Social Media Marketing
253,Mailchimp
254,CI/CD
254,Git
254,AWS
254,System Design
254,Code Quality & Testing
254,REST APIs
254,Kubernetes
254,Python
254,Docker
255,Node.js
255,Database Design
255,React
255,Full-Stack Development
255,Git Version Control
255,PostgreSQL
256,Salary Benchmarking
256,Greenhouse
256,Lever
256,Candidate Sourcing
257,Variance Analysis
257,PowerBI
257,Financial Modeling
257,Excel
257,Budgeting & Forecasting
258,ServiceNow HR
258,Conflict Resolution
258,Employee Wellbeing
259,Market Expansion
259,Partnership Management
259,ZoomInfo
259,Deal Closing
260,Postman
260,SLA Management
260,Jira
260,Root Cause Analysis
261,API Integration
261,Database Design
261,Full-Stack Development
261,React
261,Git Version Control
261,PostgreSQL
261,MLOps
262,Google Analytics
262,Keyword Research
262,Ahrefs
262,Search Engine Optimization
263,Financial Accounting
263,Excel
263,SAP Financials
263,QuickBooks
264,Variance Analysis
264,PowerBI
264,Financial Modeling
264,Excel
264,Budgeting & Forecasting
265,Generative AI
265,Node.js
265,API Integration
265,Database Design
265,React
265,PostgreSQL
265,JavaScript / TypeScript
266,Financial Accounting
266,General Ledger
266,Excel
266,SAP Financials
266,Tax Compliance
267,Conflict Resolution
267,Excel
267,Employee Wellbeing
268,Generative AI
268,Git
268,Code Quality & Testing
268,Data Structures & Algorithms
268,REST APIs
268,Kubernetes
268,Python
269,ServiceNow HR
269,Conflict Resolution
269,Excel
270,ServiceNow HR
270,Conflict Resolution
270,Employee Wellbeing
271,Postman
271,Selenium
271,Manual Testing
271,PyTest
272,Creative Direction
272,Content Production
272,Adobe Creative Cloud
273,Conflict Resolution
273,Workplace Policy
273,Employee Wellbeing
274,Onboarding
274,Payroll Coordination
274,Workday
275,Generative AI
275,API Integration
275,Node.js
275,Database Design
275,Full-Stack Development
275,React
275,Git Version Control
276,Wireshark
276,Splunk
276,Vulnerability Assessment
276,Incident Response
276,SIEM Tools
276,Threat Modeling
277,SAP
277,Financial Controls
277,Risk Assessment
277,ACL Analytics
278,Gainsight
278,Account Growth
278,Client Relationship Management
278,Salesforce
278,Cross-selling
279,SAP
279,Risk Assessment
279,Internal Audit
279,ACL Analytics
280,Splunk
280,Threat Modeling
280,Incident Response
280,SIEM Tools
280,Nmap
281,Threat Modeling
281,SIEM Tools
281,Nmap
281,Network Security
281,Splunk
282,Generative AI
282,Excel
282,Statistical Analysis
282,Tableau
282,Business Reporting
282,Data Cleaning
282,Python
283,Excel
283,Workplace Policy
283,Employee Wellbeing
284,Internal Audit
284,Risk Assessment
284,ACL Analytics
285,Generative AI
285,Exploratory Data Analysis
285,SQL
285,Tableau
285,Data Cleaning
285,MLOps
285,Python
286,Salesforce
286,Cross-selling
286,Zendesk
286,Account Growth
287,Selenium
287,Bug Tracking
287,PyTest
287,Jira
288,Market Expansion
288,Partnership Management
288,ZoomInfo
289,Database Design
289,React
289,Full-Stack Development
289,Git Version Control
289,PostgreSQL
290,Pipeline Management
290,HubSpot
290,Negotiation
290,LinkedIn Sales Navigator
290,Client Relationship Management
290,B2B Sales
291,Zendesk
291,Account Growth
291,Client Relationship Management
291,Salesforce
291,Cross-selling
292,QuickBooks
292,SAP Financials
292,General Ledger
292,Excel
293,Employee Retention
293,Workday
293,Performance Management
293,HR Compliance
293,BambooHR
294,Pipeline Management
294,HubSpot
294,Negotiation
294,LinkedIn Sales Navigator
294,Client Relationship Management
294,Salesforce
295,Postman
295,PyTest
295,Selenium
295,Jira
296,Pipeline Management
296,HubSpot
296,Salesforce
296,Lead Generation
296,B2B Sales
297,Employee Retention
297,Workday
297,Excel
297,Talent Acquisition
297,BambooHR
298,Talent Acquisition
298,Employee Retention
298,HR Compliance
298,Excel
299,SQL
299,Financial Modeling
299,Excel
299,PowerBI
300,Wireshark
300,Vulnerability Assessment
300,Incident Response
300,SIEM Tools
300,Network Security
300,Splunk
301,PowerBI
301,Tableau
301,Statistical Analysis
301,Data Cleaning
301,MLOps
302,Greenhouse
302,LinkedIn Recruiter
302,Screening & Interviewing
302,Candidate Sourcing
303,Financial Accounting
303,SAP Financials
303,General Ledger
303,QuickBooks
304,Exploratory Data Analysis
304,Excel
304,SQL
304,Python
304,Tableau
304,Data Cleaning
304,Business Reporting
305,Pipeline Management
305,Negotiation
305,LinkedIn Sales Navigator
305,Client Relationship Management
305,Salesforce
305,Lead Generation
306,Postman
306,Test Automation
306,Jira
306,PyTest
306,Bug Tracking
307,ACL Analytics
307,Financial Controls
307,Internal Audit
307,Excel
308,Financial Accounting
308,SAP Financials
308,General Ledger
308,QuickBooks
309,Git
309,CI/CD
309,AWS
309,System Design
309,Code Quality & Testing
309,Data Structures & Algorithms
309,REST APIs
309,Kubernetes
310,Wireshark
310,Vulnerability Assessment
310,Incident Response
310,Nmap
310,Network Security
310,Threat Modeling
311,Generative AI
311,Node.js
311,Database Design
311,AWS
311,Full-Stack Development
311,Git Version Control
311,PostgreSQL
312,Content Production
312,Creative Direction
312,Brand Storytelling
313,Salesforce
313,Partnership Management
313,ZoomInfo
313,Deal Closing
314,Market Expansion
314,Salesforce
314,ZoomInfo
315,Git
315,CI/CD
315,System Design
315,Code Quality & Testing
315,Data Structures & Algorithms
315,Kubernetes
315,Python
316,Wireshark
316,Incident Response
316,Threat Modeling
316,Nmap
317,Market Expansion
317,Salesforce
317,ZoomInfo
318,Figma
318,Creative Direction
318,Adobe Creative Cloud
319,Salary Benchmarking
319,Greenhouse
319,Screening & Interviewing
319,Lever
320,Risk Assessment
320,Financial Controls
320,SAP
320,ACL Analytics
321,Employee Retention
321,Workday
321,Excel
321,Talent Acquisition
321,HR Compliance
322,Linux
322,MLOps
322,Terraform
322,Backend Architecture
322,DevOps
323,Variance Analysis
323,PowerBI
323,Excel
323,SQL
323,Tableau
324,Financial Controls
324,Internal Audit
324,Excel
325,Pipeline Management
325,HubSpot
325,Negotiation
325,LinkedIn Sales Navigator
325,Salesforce
325,B2B Sales
326,Salesforce
326,Partnership Management
326,Deal Closing
327,Vulnerability Assessment
327,Incident Response
327,SIEM Tools
327,Nmap
327,Splunk
328,Market Expansion
328,ZoomInfo
328,Deal Closing
329,Node.js
329,API Integration
329,React
329,Git Version Control
329,PostgreSQL
329,JavaScript / TypeScript
330,Generative AI
330,API Integration
330,React
330,MLOps
330,Git Version Control
330,PostgreSQL
330,JavaScript / TypeScript
331,Onboarding
331,HR Operations
331,Excel
332,Financial Accounting
332,SAP Financials
332,General Ledger
332,Excel
333,Node.js
333,React
333,Full-Stack Development
333,Git Version Control
333,PostgreSQL
334,Talent Acquisition
334,Performance Management
334,Excel
334,BambooHR
335,Figma
335,Brand Storytelling
335,Adobe Creative Cloud
336,Wireshark
336,Splunk
336,Threat Modeling
336,SIEM Tools
336,Network Security
336,Nmap
337,Generative AI
337,API Integration
337,Node.js
337,React
337,Full-Stack Development
337,PostgreSQL
337,JavaScript / TypeScript
338,Generative AI
338,Linux
338,Terraform
338,Cloud Infrastructure
338,Backend Architecture
338,MLOps
339,Postman
339,Root Cause Analysis
339,SLA Management
339,Splunk
340,Pipeline Management
340,HubSpot
340,Client Relationship Management
340,LinkedIn Sales Navigator
340,Salesforce
341,Variance Analysis
341,Financial Modeling
341,Excel
341,SQL
341,Tableau
342,Market Research
342,Campaign Management
342,Social Media Marketing
342,Mailchimp
343,Market Expansion
343,Salesforce
343,ZoomInfo
343,Deal Closing
344,Financial Accounting
344,SAP Financials
344,Excel
345,Gainsight
345,Zendesk
345,Account Growth
345,Salesforce
345,Cross-selling
346,Content Production
346,Brand Storytelling
346,Adobe Creative Cloud
347,Risk Assessment
347,Internal Audit
347,ACL Analytics
347,Excel
348,DevOps
348,AWS
348,Terraform
348,Cloud Infrastructure
349,Exploratory Data Analysis
349,AWS
349,Excel
349,SQL
349,Tableau
349,Business Reporting
349,Python
350,Jira Service Desk
350,Troubleshooting
350,Customer Support
351,Salesforce
351,Deal Closing
351,Market Expansion
352,Ticket Resolution
352,Troubleshooting
352,Customer Support
353,Troubleshooting
353,Zendesk
353,Customer Support
354,Wireshark
354,Vulnerability Assessment
354,Incident Response
354,SIEM Tools
354,Network Security
354,Nmap
355,Pipeline Management
355,HubSpot
355,Negotiation
355,LinkedIn Sales Navigator
355,Lead Generation
356,Employee Retention
356,Performance Management
356,Excel
356,HR Compliance
356,BambooHR
357,Budgeting & Forecasting
357,Tableau
357,Variance Analysis
357,Excel
358,Variance Analysis
358,Financial Modeling
358,Excel
358,Budgeting & Forecasting
358,SQL
359,Salesforce
359,Cross-selling
359,Contract Renewal
359,Account Growth
360,Root Cause Analysis
360,SLA Management
360,Splunk
361,Threat Modeling
361,Incident Response
361,SIEM Tools
361,Network Security
361,Nmap
362,Financial Accounting
362,Excel
362,SAP Financials
362,QuickBooks
363,Node.js
363,API Integration
363,Database Design
363,AWS
363,React
363,MLOps
363,Git Version Control
363,JavaScript / TypeScript
364,Troubleshooting
364,Zendesk
364,Customer Support
365,Financial Accounting
365,Excel
365,General Ledger
365,QuickBooks
366,Salesforce
366,Deal Closing
366,Market Expansion
367,Node.js
367,API Integration
367,AWS
367,Full-Stack Development
367,React
367,Git Version Control
367,MLOps
367,JavaScript / TypeScript
368,Linux
368,AWS
368,Terraform
368,Cloud Infrastructure
368,MLOps
369,Tax Compliance
369,SAP Financials
369,Excel
370,Postman
370,PyTest
370,Manual Testing
370,Selenium
371,Postman
371,Technical Troubleshooting
371,Root Cause Analysis
371,Splunk
372,Creative Direction
372,Content Production
372,Brand Storytelling
373,Salesforce
373,Partnership Management
373,Deal Closing
374,Technical Troubleshooting
374,Root Cause Analysis
374,SLA Management
374,Jira
375,PowerBI
375,Exploratory Data Analysis
375,SQL
375,Statistical Analysis
375,Business Reporting
375,MLOps
375,Python
376,Pipeline Management
376,HubSpot
376,Negotiation
376,Salesforce
376,B2B Sales
377,Generative AI
377,AWS
377,Terraform
377,Backend Architecture
377,DevOps
378,Salesforce
378,ZoomInfo
378,Deal Closing
379,Salesforce
379,Deal Closing
379,Market Expansion
380,API Integration
380,Database Design
380,Full-Stack Development
380,Git Version Control
380,PostgreSQL
380,JavaScript / TypeScript
381,Node.js
381,API Integration
381,AWS
381,Git Version Control
381,PostgreSQL
381,JavaScript / TypeScript
382,Financial Accounting
382,SAP Financials
382,QuickBooks
383,SQL
383,Tableau
383,Variance Analysis
383,PowerBI
384,Tax Compliance
384,Financial Accounting
384,QuickBooks
385,Pipeline Management
385,HubSpot
385,Negotiation
385,LinkedIn Sales Navigator
385,Salesforce
385,B2B Sales
386,Git
386,CI/CD
386,AWS
386,System Design
386,Code Quality & Testing
386,Data Structures & Algorithms
386,Docker
387,Pipeline Management
387,HubSpot
387,Negotiation
387,LinkedIn Sales Navigator
387,Client Relationship Management
387,B2B Sales
388,Salesforce
388,Cross-selling
388,Account Growth
388,Client Relationship Management
389,Tax Compliance
389,QuickBooks
389,General Ledger
389,Excel
390,Jira Service Desk
390,Ticket Resolution
390,Customer Support
391,PyTest
391,Bug Tracking
391,Test Automation
391,Jira
392,Figma
392,Content Production
392,Adobe Creative Cloud
393,ZoomInfo
393,Partnership Management
393,Deal Closing
394,Employee Retention
394,Performance Management
394,Excel
394,Talent Acquisition
394,BambooHR
395,Git
395,AWS
395,System Design
395,Code Quality & Testing
395,Data Structures & Algorithms
395,Kubernetes
395,Python
395,Docker
396,Market Expansion
396,ZoomInfo
396,Deal Closing
397,Wireshark
397,Threat Modeling
397,Nmap
397,Network Security
397,Splunk
398,Greenhouse
398,LinkedIn Recruiter
398,Lever
398,Candidate Sourcing
399,SEMrush
399,Keyword Research
399,Technical SEO
399,Search Engine Optimization
400,Traffic Analysis
400,Competitor Analysis
400,Screaming Frog
401,Postman
401,Root Cause Analysis
401,SLA Management
401,Jira
402,Exploratory Data Analysis
402,Tableau
402,Statistical Analysis
402,Data Cleaning
402,MLOps
402,Python
403,Generative AI
403,Node.js
403,Database Design
403,AWS
403,Full-Stack Development
403,React
403,Git Version Control
403,PostgreSQL
404,Salesforce
404,Contract Renewal
404,Zendesk
404,Client Relationship Management
405,PowerBI
405,Exploratory Data Analysis
405,Excel
405,SQL
405,Python
405,Data Cleaning
405,Business Reporting
406,ServiceNow HR
406,Excel
406,Employee Wellbeing
407,Generative AI
407,PowerBI
407,Excel
407,SQL
407,Statistical Analysis
407,Tableau
407,Business Reporting
407,Python
408,Technical Troubleshooting
408,SLA Management
408,Jira
409,Pipeline Management
409,Client Relationship Management
409,Salesforce
409,Lead Generation
409,B2B Sales
410,PowerBI
410,Exploratory Data Analysis
410,AWS
410,Python
410,Tableau
410,Data Cleaning
410,MLOps
410,Business Reporting
411,Workplace Policy
411,Conflict Resolution
411,Excel
411,Employee Wellbeing
412,Salesforce
412,Gainsight
412,Account Growth
412,Contract Renewal
413,Account Growth
413,Cross-selling
413,Salesforce
413,Zendesk
414,Mailchimp
414,Campaign Management
414,Meta Ads Manager
414,Google Ads
415,HR Operations
415,Payroll Coordination
415,Excel
416,Gainsight
416,Zendesk
416,Account Growth
416,Salesforce
416,Cross-selling
417,Market Research
417,Campaign Management
417,Mailchimp
418,Pipeline Management
418,HubSpot
418,Negotiation
418,Salesforce
418,Lead Generation
418,B2B Sales
419,Financial Controls
419,Risk Assessment
419,Internal Audit
420,Troubleshooting
420,Zendesk
420,Customer Support
421,Generative AI
421,API Integration
421,Node.js
421,AWS
421,React
421,Full-Stack Development
421,Git Version Control
421,PostgreSQL
422,Manual Testing
422,PyTest
422,Bug Tracking
422,Test Automation
423,Tax Compliance
423,Financial Accounting
423,SAP Financials
423,Excel
424,Financial Controls
424,SAP
424,Excel
425,Market Expansion
425,ZoomInfo
425,Deal Closing
426,PyTest
426,Bug Tracking
426,Test Automation
426,Jira
427,Talent Acquisition
427,Employee Retention
427,HR Compliance
427,Excel
428,SLA Management
428,Root Cause Analysis
428,Jira
428,Splunk
429,Campaign Management
429,Social Media Marketing
429,Google Ads
430,Excel
430,Financial Controls
430,Internal Audit
430,ACL Analytics
431,Tax Compliance
431,SAP Financials
431,General Ledger
431,Excel
432,Pipeline Management
432,Negotiation
432,Client Relationship Management
432,Salesforce
432,B2B Sales
433,Salesforce
433,Partnership Management
433,ZoomInfo
433,Deal Closing
434,PowerBI
434,Exploratory Data Analysis
434,Excel
434,SQL
434,Tableau
434,Python
434,Business Reporting
435,Pipeline Management
435,HubSpot
435,LinkedIn Sales Navigator
435,Client Relationship Management
435,Lead Generation
436,ACL Analytics
436,Financial Controls
436,Risk Assessment
436,Excel
437,Generative AI
437,Node.js
437,API Integration
437,Database Design
437,React
437,Git Version Control
437,JavaScript / TypeScript
438,Postman
438,Manual Testing
438,Jira
438,PyTest
438,Bug Tracking
439,SQL
439,Financial Modeling
439,PowerBI
439,Budgeting & Forecasting
440,Git
440,Code Quality & Testing
440,Data Structures & Algorithms
440,REST APIs
440,Kubernetes
440,Python
441,Workday
441,Employee Retention
441,Performance Management
441,BambooHR
442,Salesforce
442,Deal Closing
442,Market Expansion
443,Wireshark
443,Vulnerability Assessment
443,Incident Response
443,SIEM Tools
443,Nmap
444,Onboarding
444,HR Operations
444,Excel
444,Workday
445,Budgeting & Forecasting
445,Financial Modeling
445,Variance Analysis
445,PowerBI
446,Account Growth
446,Gainsight
446,Zendesk
446,Client Relationship Management
447,Generative AI
447,Node.js
447,API Integration
447,Database Design
447,Full-Stack Development
447,Git Version Control
447,PostgreSQL
448,Salary Benchmarking
448,LinkedIn Recruiter
448,Lever
448,Greenhouse
449,Node.js
449,API Integration
449,Database Design
449,React
449,PostgreSQL
449,JavaScript / TypeScript
450,Postman
450,Selenium
450,Bug Tracking
450,PyTest
451,Excel
451,Statistical Analysis
451,Tableau
451,Business Reporting
451,Data Cleaning
451,Python
452,Generative AI
452,Node.js
452,Database Design
452,Full-Stack Development
452,Git Version Control
452,PostgreSQL
452,MLOps
453,Market Research
453,Meta Ads Manager
453,Campaign Management
453,Mailchimp
454,Financial Controls
454,Risk Assessment
454,Excel
454,SAP
454,ACL Analytics
455,Traffic Analysis
455,Google Search Console
455,Screaming Frog
456,Financial Accounting
456,SAP Financials
456,General Ledger
456,Excel
457,Ticket Resolution
457,Zendesk
457,Customer Support
458,PyTest
458,Bug Tracking
458,Test Automation
458,Jira
459,ServiceNow HR
459,Conflict Resolution
459,Employee Wellbeing
460,Git
460,AWS
460,Code Quality & Testing
460,Data Structures & Algorithms
460,Kubernetes
460,Python
460,Docker
461,AWS
461,MLOps
461,Cloud Infrastructure
461,Backend Architecture
461,DevOps
462,Pipeline Management
462,Negotiation
462,LinkedIn Sales Navigator
462,Salesforce
462,Lead Generation
463,Canva
463,Copywriting
463,Editorial Calendar
463,Notion
464,API Integration
464,Database Design
464,Full-Stack Development
464,PostgreSQL
465,Lever
465,Greenhouse
465,Screening & Interviewing
466,HubSpot
466,LinkedIn Sales Navigator
466,Salesforce
466,Lead Generation
466,B2B Sales
467,Node.js
467,Database Design
467,AWS
467,React
467,Full-Stack Development
467,PostgreSQL
467,JavaScript / TypeScript
468,Pipeline Management
468,HubSpot
468,Negotiation
468,Client Relationship Management
468,Salesforce
468,B2B Sales
469,Wireshark
469,Incident Response
469,SIEM Tools
469,Network Security
469,Nmap
470,API Integration
470,Database Design
470,Full-Stack Development
470,Git Version Control
470,PostgreSQL
471,Google Analytics
471,SEMrush
471,Technical SEO
471,Search Engine Optimization
472,Splunk
472,SIEM Tools
472,Nmap
472,Threat Modeling
473,API Integration
473,Database Design
473,React
473,Full-Stack Development
473,PostgreSQL
473,JavaScript / TypeScript
474,SAP Financials
474,General Ledger
474,Excel
475,ServiceNow HR
475,Workplace Policy
475,Employee Wellbeing
476,Market Research
476,Campaign Management
476,Meta Ads Manager
476,Mailchimp
477,Pipeline Management
477,HubSpot
477,LinkedIn Sales Navigator
477,Salesforce
477,B2B Sales
478,Salesforce
478,ZoomInfo
478,Deal Closing
479,Market Expansion
479,Salesforce
479,Deal Closing
480,Bug Tracking
480,Selenium
480,Manual Testing
480,PyTest
481,Market Expansion
481,ZoomInfo
481,Deal Closing
482,Node.js
482,Database Design
482,Full-Stack Development
482,Git Version Control
482,JavaScript / TypeScript
483,SAP
483,Financial Controls
483,Risk Assessment
483,ACL Analytics
484,Market Expansion
484,ZoomInfo
484,Deal Closing
485,PowerBI
485,Financial Modeling
485,Excel
485,SQL
485,Budgeting & Forecasting
486,Variance Analysis
486,PowerBI
486,Financial Modeling
486,Excel
486,SQL
487,Wireshark
487,Splunk
487,Incident Response
487,SIEM Tools
487,Network Security
487,Threat Modeling
488,Content Strategy
488,Copywriting
488,Editorial Calendar
488,Notion
489,AWS
489,System Design
489,Data Structures & Algorithms
489,REST APIs
489,MLOps
489,Python
489,Docker
490,Risk Assessment
490,Financial Controls
490,SAP
490,Internal Audit
491,Workday
491,Employee Retention
491,Talent Acquisition
491,BambooHR
492,Salesforce
492,Contract Renewal
492,Gainsight
492,Client Relationship Management
493,Generative AI
493,Git
493,CI/CD
493,System Design
493,Data Structures & Algorithms
493,REST APIs
493,Kubernetes
493,Docker
494,Figma
494,Creative Direction
494,Brand Storytelling
494,Adobe Creative Cloud
495,Generative AI
495,Node.js
495,Database Design
495,AWS
495,React
495,Full-Stack Development
495,Git Version Control
495,PostgreSQL
496,Financial Accounting
496,Excel
496,SAP Financials
496,QuickBooks
497,PowerBI
497,Exploratory Data Analysis
497,Excel
497,Statistical Analysis
497,Tableau
497,Data Cleaning
497,MLOps
497,Python
498,Generative AI
498,Node.js
498,Database Design
498,Full-Stack Development
498,React
498,Git Version Control
498,JavaScript / TypeScript
499,ServiceNow HR
499,Conflict Resolution
499,Excel
500,DevOps
500,AWS
500,Backend Architecture
500,Cloud Infrastructure
501,Wireshark
501,Vulnerability Assessment
501,Incident Response
501,SIEM Tools
501,Network Security
501,Threat Modeling
502,Node.js
502,API Integration
502,Database Design
502,Git Version Control
502,JavaScript / TypeScript
503,Salary Benchmarking
503,LinkedIn Recruiter
503,Screening & Interviewing
503,Candidate Sourcing
504,Wireshark
504,Threat Modeling
504,Incident Response
504,SIEM Tools
504,Network Security
504,Nmap
505,Git
505,CI/CD
505,AWS
505,Code Quality & Testing
505,Data Structures & Algorithms
505,Kubernetes
505,Python
506,Salesforce
506,Cross-selling
506,Contract Renewal
506,Gainsight
507,Gainsight
507,Zendesk
507,Client Relationship Management
507,Salesforce
507,Contract Renewal
508,Gainsight
508,Zendesk
508,Client Relationship Management
508,Salesforce
508,Contract Renewal
509,Salesforce
509,Gainsight
509,Account Growth
509,Client Relationship Management
510,Budgeting & Forecasting
510,Financial Modeling
510,Variance Analysis
510,Excel
511,Variance Analysis
511,PowerBI
511,Financial Modeling
511,Budgeting & Forecasting
511,Tableau
512,Wireshark
512,Vulnerability Assessment
512,Incident Response
512,SIEM Tools
512,Network Security
512,Threat Modeling
513,Jira Service Desk
513,Ticket Resolution
513,Troubleshooting
514,Figma
514,Content Production
514,Creative Direction
515,Postman
515,SLA Management
515,Jira
516,Account Growth
516,Cross-selling
516,Zendesk
516,Client Relationship Management
517,Postman
517,Manual Testing
517,Jira
517,PyTest
517,Bug Tracking
518,Employee Retention
518,Performance Management
518,Talent Acquisition
518,HR Compliance
518,BambooHR
519,Variance Analysis
519,PowerBI
519,Financial Modeling
519,SQL
519,Tableau
520,LinkedIn Recruiter
520,Salary Benchmarking
520,Greenhouse
520,Candidate Sourcing
521,Tax Compliance
521,SAP Financials
521,General Ledger
521,QuickBooks
522,Salesforce
522,Cross-selling
522,Contract Renewal
522,Client Relationship Management
523,Tax Compliance
523,Financial Accounting
523,QuickBooks
524,PowerBI
524,Financial Modeling
524,Excel
524,SQL
524,Tableau
525,Excel
525,Risk Assessment
525,SAP
526,Splunk
526,Threat Modeling
526,Incident Response
526,SIEM Tools
526,Network Security
526,Nmap
527,SQL
527,Tableau
527,Business Reporting
527,Data Cleaning
527,Python
528,Generative AI
528,AWS
528,Cloud Infrastructure
528,Backend Architecture
528,DevOps
529,Cross-selling
529,Gainsight
529,Account Growth
529,Client Relationship Management
530,Wireshark
530,Threat Modeling
530,Incident Response
530,Nmap
530,Network Security
530,Splunk
531,Gainsight
531,Zendesk
531,Account Growth
531,Salesforce
531,Cross-selling
532,Generative AI
532,API Integration
532,Database Design
532,Git Version Control
532,PostgreSQL
532,JavaScript / TypeScript
533,Market Expansion
533,Partnership Management
533,Salesforce
533,ZoomInfo
534,Talent Acquisition
534,Employee Retention
534,HR Compliance
534,BambooHR
535,ZoomInfo
535,Partnership Management
535,Deal Closing
536,Linux
536,DevOps
536,AWS
536,Cloud Infrastructure
537,Generative AI
537,AWS
537,System Design
537,Data Structures & Algorithms
537,REST APIs
537,Kubernetes
537,Python
537,Docker
538,Content Production
538,Adobe Creative Cloud
538,Creative Direction
539,Technical Troubleshooting
539,SLA Management
539,Jira
540,Content Strategy
540,Copywriting
540,Editorial Calendar
541,Figma
541,Content Production
541,Adobe Creative Cloud
542,AWS
542,Code Quality & Testing
542,Data Structures & Algorithms
542,REST APIs
542,MLOps
542,Kubernetes
542,Python
542,Docker
543,ACL Analytics
543,Internal Audit
543,Risk Assessment
543,Excel
544,Pipeline Management
544,Negotiation
544,LinkedIn Sales Navigator
544,Lead Generation
544,B2B Sales
545,Negotiation
545,Client Relationship Management
545,LinkedIn Sales Navigator
545,Salesforce
545,Lead Generation
545,B2B Sales
546,Excel
546,Financial Controls
546,Risk Assessment
546,SAP
547,Financial Accounting
547,General Ledger
547,Excel
547,SAP Financials
547,Tax Compliance
548,PowerBI
548,Excel
548,SQL
548,Tableau
548,Budgeting & Forecasting
549,Workday
549,HR Operations
549,Excel
549,Onboarding
550,Splunk
550,Vulnerability Assessment
550,Incident Response
550,Network Security
550,Nmap
551,Onboarding
551,Payroll Coordination
551,Workday
552,Budgeting & Forecasting
552,Tableau
552,Variance Analysis
552,Excel
553,Budgeting & Forecasting
553,Tableau
553,Financial Modeling
553,PowerBI
554,Talent Acquisition
554,Performance Management
554,Excel
554,BambooHR
555,Variance Analysis
555,Financial Modeling
555,SQL
555,Tableau
555,Budgeting & Forecasting
556,Talent Acquisition
556,Performance Management
556,HR Compliance
556,Excel
557,Google Search Console
557,Competitor Analysis
557,Traffic Analysis
558,Generative AI
558,AWS
558,Terraform
558,Cloud Infrastructure
558,DevOps
559,Postman
559,Selenium
559,Test Automation
559,PyTest
559,Bug Tracking
560,Content Strategy
560,WordPress
560,Notion
561,Generative AI
561,AWS
561,Excel
561,Python
561,Tableau
561,SQL
561,Data Cleaning
561,MLOps
561,Business Reporting
562,Financial Accounting
562,QuickBooks
562,General Ledger
562,Excel
563,Postman
563,Selenium
563,Bug Tracking
563,Jira
564,Content Production
564,Brand Storytelling
564,Adobe Creative Cloud
564,Creative Direction
565,Ticket Resolution
565,Zendesk
565,Customer Support
566,Wireshark
566,Vulnerability Assessment
566,Incident Response
566,Network Security
566,Nmap
567,Tax Compliance
567,Financial Accounting
567,SAP Financials
567,General Ledger
568,Cross-selling
568,Gainsight
568,Zendesk
568,Client Relationship Management
569,SAP Financials
569,Financial Accounting
569,QuickBooks
569,Excel
570,Google Analytics
570,Keyword Research
570,Technical SEO
570,Search Engine Optimization
571,Pipeline Management
571,HubSpot
571,Negotiation
571,Salesforce
571,Lead Generation
572,Pipeline Management
572,HubSpot
572,LinkedIn Sales Navigator
572,Salesforce
572,Lead Generation
572,B2B Sales
573,Salesforce
573,Partnership Management
573,Deal Closing
574,Tax Compliance
574,Financial Accounting
574,General Ledger
574,Excel
575,Generative AI
575,Exploratory Data Analysis
575,AWS
575,SQL
575,Tableau
575,Python
575,Statistical Analysis
575,Data Cleaning
575,Business Reporting
576,SAP
576,Financial Controls
576,Risk Assessment
576,Excel
577,Market Expansion
577,Salesforce
577,Deal Closing
578,Conflict Resolution
578,Workplace Policy
578,Excel
579,Tableau
579,Financial Modeling
579,Variance Analysis
579,PowerBI
580,Linux
580,AWS
580,MLOps
580,Terraform
580,DevOps
581,Postman
581,Technical Troubleshooting
581,SLA Management
581,Jira
582,Conflict Resolution
582,Excel
582,Employee Wellbeing
583,Generative AI
583,Database Design
583,Full-Stack Development
583,Git Version Control
583,PostgreSQL
583,JavaScript / TypeScript
584,Figma
584,Creative Direction
584,Content Production
585,Google Search Console
585,Competitor Analysis
585,Screaming Frog
586,Salary Benchmarking
586,LinkedIn Recruiter
586,Candidate Sourcing
587,Budgeting & Forecasting
587,SQL
587,Excel
587,PowerBI
588,Figma
588,Creative Direction
588,Content Production
589,Meta Ads Manager
589,Campaign Management
589,Social Media Marketing
589,Google Ads
590,Google Search Console
590,Rank Tracking
590,Competitor Analysis
590,Screaming Frog
591,Variance Analysis
591,PowerBI
591,Financial Modeling
591,SQL
591,Tableau
592,Workday
592,HR Operations
592,Payroll Coordination
593,Account Growth
593,Client Relationship Management
593,Salesforce
593,Cross-selling
593,Contract Renewal
594,Content Strategy
594,WordPress
594,Editorial Calendar
594,Canva
595,Postman
595,Selenium
595,Test Automation
595,Jira
596,Zendesk
596,Account Growth
596,Client Relationship Management
596,Salesforce
596,Contract Renewal
597,ACL Analytics
597,Excel
597,Risk Assessment
597,SAP
598,Tax Compliance
598,Financial Accounting
598,SAP Financials
598,Excel
599,Content Strategy
599,WordPress
599,Copywriting
600,Workday
600,Employee Retention
600,Talent Acquisition
600,Excel
601,Wireshark
601,Threat Modeling
601,Incident Response
601,Nmap
601,Splunk
602,PowerBI
602,Exploratory Data Analysis
602,Excel
602,Business Reporting
602,Data Cleaning
602,Python
603,SAP
603,Internal Audit
603,Risk Assessment
603,ACL Analytics
604,PowerBI
604,Exploratory Data Analysis
604,Excel
604,SQL
604,Statistical Analysis
604,Data Cleaning
604,Python
605,Linux
605,DevOps
605,Backend Architecture
606,Google Search Console
606,Screaming Frog
606,Traffic Analysis
607,Linux
607,AWS
607,MLOps
607,Cloud Infrastructure
607,DevOps
608,Generative AI
608,Cloud Infrastructure
608,Terraform
608,Backend Architecture
608,MLOps
609,Market Expansion
609,Partnership Management
609,Salesforce
609,ZoomInfo
610,Pipeline Management
610,Negotiation
610,LinkedIn Sales Navigator
610,Client Relationship Management
610,Salesforce
610,B2B Sales
611,PyTest
611,Bug Tracking
611,Test Automation
611,Jira
612,Pipeline Management
612,Negotiation
612,LinkedIn Sales Navigator
612,Salesforce
612,Lead Generation
612,B2B Sales
613,AWS
613,MLOps
613,Terraform
613,Cloud Infrastructure
613,DevOps
614,ServiceNow HR
614,Workplace Policy
614,Employee Wellbeing
615,Pipeline Management
615,HubSpot
615,Negotiation
615,LinkedIn Sales Navigator
615,Lead Generation
615,B2B Sales
616,Negotiation
616,Client Relationship Management
616,LinkedIn Sales Navigator
616,Salesforce
616,Lead Generation
616,B2B Sales
617,Gainsight
617,Zendesk
617,Account Growth
617,Salesforce
617,Contract Renewal
618,Market Research
618,Campaign Management
618,Meta Ads Manager
618,Social Media Marketing
619,Salesforce
619,Partnership Management
619,Deal Closing
620,Workday
620,Performance Management
620,Excel
620,BambooHR
621,Generative AI
621,Linux
621,AWS
621,Terraform
621,Cloud Infrastructure
622,Salesforce
622,Partnership Management
622,ZoomInfo
623,Postman
623,Test Automation
623,Jira
624,HubSpot
624,Negotiation
624,LinkedIn Sales Navigator
624,Client Relationship Management
624,B2B Sales
625,Cloud Infrastructure
625,AWS
625,Backend Architecture
625,Terraform
626,Contract Renewal
626,Gainsight
626,Account Growth
626,Client Relationship Management
627,ACL Analytics
627,Excel
627,Risk Assessment
627,SAP
628,PowerBI
628,Excel
628,SQL
628,Tableau
628,Business Reporting
628,Python
629,Postman
629,PyTest
629,Manual Testing
629,Test Automation
630,Lever
630,Greenhouse
630,Screening & Interviewing
630,Candidate Sourcing
631,HubSpot
631,Pipeline Management
631,Client Relationship Management
631,B2B Sales
632,Salesforce
632,ZoomInfo
632,Market Expansion
633,Node.js
633,API Integration
633,Database Design
633,React
633,Full-Stack Development
633,MLOps
633,JavaScript / TypeScript
634,Google Search Console
634,Competitor Analysis
634,Rank Tracking
635,PowerBI
635,AWS
635,SQL
635,Statistical Analysis
635,Business Reporting
635,Data Cleaning
635,Python
636,SQL
636,Tableau
636,Financial Modeling
636,Budgeting & Forecasting
637,Performance Management
637,Employee Retention
637,HR Compliance
637,Excel
638,Salary Benchmarking
638,LinkedIn Recruiter
638,Screening & Interviewing
639,Market Expansion
639,Partnership Management
639,Salesforce
640,Bug Tracking
640,Selenium
640,Manual Testing
640,Test Automation
641,Incident Response
641,SIEM Tools
641,Nmap
641,Network Security
641,Splunk
642,HubSpot
642,Negotiation
642,LinkedIn Sales Navigator
642,Salesforce
642,B2B Sales
643,ServiceNow HR
643,Conflict Resolution
643,Workplace Policy
644,Salesforce
644,Contract Renewal
644,Account Growth
644,Client Relationship Management
645,Workday
645,HR Operations
645,Excel
646,Tax Compliance
646,Financial Accounting
646,General Ledger
646,QuickBooks
647,Gainsight
647,Zendesk
647,Client Relationship Management
647,Cross-selling
647,Contract Renewal
648,API Integration
648,Database Design
648,Full-Stack Development
648,React
648,JavaScript / TypeScript
649,Salesforce
649,Partnership Management
649,Deal Closing
650,Tax Compliance
650,SAP Financials
650,QuickBooks
651,HubSpot
651,Client Relationship Management
651,LinkedIn Sales Navigator
651,Lead Generation
651,B2B Sales
652,Google Ads
652,Meta Ads Manager
652,Social Media Marketing
652,Mailchimp
653,Node.js
653,API Integration
653,React
653,Git Version Control
653,PostgreSQL
653,JavaScript / TypeScript
654,Market Research
654,Campaign Management
654,Mailchimp
654,Social Media Marketing
654,Google Ads
655,Node.js
655,Database Design
655,AWS
655,React
655,PostgreSQL
655,JavaScript / TypeScript
656,Budgeting & Forecasting
656,SQL
656,Variance Analysis
656,Excel
657,ServiceNow HR
657,Conflict Resolution
657,Workplace Policy
658,Tax Compliance
658,General Ledger
658,Excel
659,Postman
659,Selenium
659,Test Automation
659,Jira
659,Manual Testing
660,Wireshark
660,Splunk
660,SIEM Tools
660,Network Security
660,Nmap
661,PowerBI
661,AWS
661,Excel
661,SQL
661,Tableau
661,Statistical Analysis
661,MLOps
661,Business Reporting
662,Postman
662,SLA Management
662,Splunk
663,Salesforce
663,Contract Renewal
663,Zendesk
663,Client Relationship Management
664,Lever
664,LinkedIn Recruiter
664,Screening & Interviewing
664,Candidate Sourcing
665,SEMrush
665,Ahrefs
665,Search Engine Optimization
666,CI/CD
666,AWS
666,Code Quality & Testing
666,Data Structures & Algorithms
666,REST APIs
666,Kubernetes
666,Python
667,Generative AI
667,Node.js
667,API Integration
667,Database Design
667,AWS
667,React
667,Git Version Control
667,JavaScript / TypeScript
668,Salary Benchmarking
668,Greenhouse
668,Lever
669,Salesforce
669,Contract Renewal
669,Zendesk
669,Account Growth
670,Excel
670,Financial Controls
670,Internal Audit
670,ACL Analytics
671,Wireshark
671,Vulnerability Assessment
671,Threat Modeling
671,Incident Response
671,Network Security
671,Splunk
672,Workday
672,Performance Management
672,Excel
672,Talent Acquisition
672,BambooHR
673,Gainsight
673,Zendesk
673,Client Relationship Management
673,Cross-selling
673,Contract Renewal
674,Node.js
674,API Integration
674,Full-Stack Development
674,React
674,MLOps
674,JavaScript / TypeScript
675,Workday
675,HR Operations
675,Excel
676,HubSpot
676,Negotiation
676,LinkedIn Sales Navigator
676,Client Relationship Management
676,Salesforce
676,B2B Sales
677,Onboarding
677,HR Operations
677,Payroll Coordination
677,Workday
678,Financial Accounting
678,SAP Financials
678,General Ledger
678,Excel
679,HubSpot
679,LinkedIn Sales Navigator
679,Salesforce
679,Lead Generation
679,B2B Sales
680,Selenium
680,Test Automation
680,Jira
680,PyTest
680,Manual Testing
681,ACL Analytics
681,Financial Controls
681,Internal Audit
681,Excel
682,Workday
682,Employee Retention
682,HR Compliance
682,BambooHR
683,API Integration
683,Node.js
683,Full-Stack Development
683,MLOps
683,Git Version Control
683,PostgreSQL
683,JavaScript / TypeScript
684,Traffic Analysis
684,Google Search Console
684,Screaming Frog
685,Bug Tracking
685,Postman
685,Selenium
685,Test Automation
685,Manual Testing
686,Node.js
686,Database Design
686,AWS
686,Full-Stack Development
686,React
686,PostgreSQL
686,MLOps
687,Market Expansion
687,Partnership Management
687,Salesforce
688,HubSpot
688,Negotiation
688,LinkedIn Sales Navigator
688,Client Relationship Management
688,Salesforce
689,Workday
689,HR Operations
689,Payroll Coordination
690,Market Expansion
690,Partnership Management
690,Salesforce
691,PowerBI
691,Exploratory Data Analysis
691,AWS
691,Excel
691,SQL
691,Python
691,Business Reporting
692,Variance Analysis
692,Financial Modeling
692,SQL
692,Tableau
692,Budgeting & Forecasting
693,Workday
693,HR Operations
693,Onboarding
694,Postman
694,PyTest
694,Test Automation
694,Jira
695,HubSpot
695,LinkedIn Sales Navigator
695,Salesforce
695,Lead Generation
695,B2B Sales
696,Generative AI
696,Exploratory Data Analysis
696,SQL
696,Statistical Analysis
696,Tableau
696,Data Cleaning
697,Salesforce
697,ZoomInfo
697,Market Expansion
698,Variance Analysis
698,Financial Modeling
698,SQL
698,Tableau
698,Budgeting & Forecasting
699,HR Operations
699,Payroll Coordination
699,Excel
700,HR Operations
700,Payroll Coordination
700,Excel
701,HubSpot
701,Negotiation
701,Client Relationship Management
701,LinkedIn Sales Navigator
701,Lead Generation
701,B2B Sales
702,CI/CD
702,Git
702,AWS
702,System Design
702,Data Structures & Algorithms
702,REST APIs
703,Generative AI
703,Linux
703,AWS
703,Cloud Infrastructure
703,Terraform
704,Employee Retention
704,Workday
704,Talent Acquisition
704,HR Compliance
704,BambooHR
705,ZoomInfo
705,Partnership Management
705,Deal Closing
706,Salesforce
706,Partnership Management
706,Deal Closing
707,API Integration
707,AWS
707,Full-Stack Development
707,MLOps
707,Git Version Control
707,PostgreSQL
707,JavaScript / TypeScript
708,Pipeline Management
708,HubSpot
708,Negotiation
708,Client Relationship Management
708,LinkedIn Sales Navigator
708,Lead Generation
709,Market Expansion
709,ZoomInfo
709,Deal Closing
710,Ticket Resolution
710,Troubleshooting
710,Zendesk
711,Troubleshooting
711,Zendesk
711,Customer Support
712,PowerBI
712,Exploratory Data Analysis
712,AWS
712,SQL
712,Tableau
712,Python
712,Data Cleaning
712,MLOps
712,Business Reporting
713,Generative AI
713,Linux
713,AWS
713,MLOps
713,Terraform
713,Cloud Infrastructure
713,DevOps
714,Tax Compliance
714,Excel
714,SAP Financials
714,QuickBooks
715,Financial Accounting
715,SAP Financials
715,General Ledger
715,Excel
716,HR Operations
716,Payroll Coordination
716,Excel
717,Technical Troubleshooting
717,SLA Management
717,Jira
717,Splunk
718,Generative AI
718,Linux
718,AWS
718,Backend Architecture
718,DevOps
719,Jira Service Desk
719,Ticket Resolution
719,Troubleshooting
720,Conflict Resolution
720,Excel
720,Employee Wellbeing
721,Variance Analysis
721,Financial Modeling
721,Excel
721,Budgeting & Forecasting
721,Tableau
722,Jira
722,SLA Management
722,Splunk
722,Root Cause Analysis
723,Workday
723,HR Operations
723,Payroll Coordination
724,Vulnerability Assessment
724,SIEM Tools
724,Nmap
724,Network Security
724,Splunk
725,Variance Analysis
725,Financial Modeling
725,Excel
725,Budgeting & Forecasting
725,Tableau
726,Competitor Analysis
726,Traffic Analysis
726,Rank Tracking
727,Wireshark
727,Splunk
727,Threat Modeling
727,Incident Response
727,SIEM Tools
727,Nmap
728,Bug Tracking
728,PyTest
728,Manual Testing
728,Test Automation
729,Market Expansion
729,ZoomInfo
729,Deal Closing
730,Generative AI
730,Database Design
730,Full-Stack Development
730,Git Version Control
730,JavaScript / TypeScript
731,Workday
731,Payroll Coordination
731,Excel
732,Greenhouse
732,Screening & Interviewing
732,Lever
733,Employee Retention
733,Workday
733,Performance Management
733,Excel
733,HR Compliance
734,HubSpot
734,Negotiation
734,LinkedIn Sales Navigator
734,Salesforce
734,Lead Generation
735,Generative AI
735,Node.js
735,React
735,Git Version Control
735,PostgreSQL
735,JavaScript / TypeScript
736,PowerBI
736,Financial Modeling
736,SQL
736,Tableau
736,Budgeting & Forecasting
737,Generative AI
737,CI/CD
737,AWS
737,System Design
737,Kubernetes
737,Python
737,Docker
738,Postman
738,PyTest
738,Manual Testing
738,Jira
739,Generative AI
739,Node.js
739,API Integration
739,Database Design
739,Git Version Control
739,PostgreSQL
739,JavaScript / TypeScript
740,Wireshark
740,Threat Modeling
740,Incident Response
740,SIEM Tools
740,Network Security
740,Splunk
741,Onboarding
741,HR Operations
741,Excel
742,Linux
742,DevOps
742,MLOps
742,Terraform
743,Content Strategy
743,WordPress
743,Copywriting
743,Notion
744,Market Research
744,Meta Ads Manager
744,Campaign Management
744,Social Media Marketing
745,Generative AI
745,Linux
745,AWS
745,Terraform
745,DevOps
746,Gainsight
746,Account Growth
746,Zendesk
746,Client Relationship Management
746,Contract Renewal
747,Postman
747,Selenium
747,Test Automation
747,Jira
747,Manual Testing
748,Account Growth
748,Zendesk
748,Client Relationship Management
748,Salesforce
748,Cross-selling
749,AWS
749,System Design
749,Code Quality & Testing
749,Data Structures & Algorithms
749,REST APIs
749,MLOps
749,Kubernetes
749,Docker
750,Conflict Resolution
750,Excel
750,Employee Wellbeing
751,Postman
751,Root Cause Analysis
751,SLA Management
751,Splunk
752,Partnership Management
752,ZoomInfo
752,Deal Closing
753,Wireshark
753,Vulnerability Assessment
753,Threat Modeling
753,Incident Response
753,Network Security
753,Splunk
754,Financial Accounting
754,QuickBooks
754,Excel
755,Cross-selling
755,Gainsight
755,Zendesk
755,Client Relationship Management
756,Node.js
756,API Integration
756,Database Design
756,React
756,Full-Stack Development
756,Git Version Control
757,Postman
757,PyTest
757,Manual Testing
757,Test Automation
758,ServiceNow HR
758,Excel
758,Workplace Policy
759,Gainsight
759,Client Relationship Management
759,Salesforce
759,Cross-selling
759,Contract Renewal
760,Salesforce
760,Partnership Management
760,ZoomInfo
761,Generative AI
761,PowerBI
761,Exploratory Data Analysis
761,AWS
761,SQL
761,Tableau
761,Statistical Analysis
761,MLOps
761,Python
762,Account Growth
762,Gainsight
762,Salesforce
762,Zendesk
763,SAP Financials
763,QuickBooks
763,Excel
764,Gainsight
764,Zendesk
764,Client Relationship Management
764,Salesforce
764,Cross-selling
765,Jira Service Desk
765,Troubleshooting
765,Zendesk
765,Customer Support
766,Content Strategy
766,Copywriting
766,Editorial Calendar
766,Notion
767,Google Search Console
767,Rank Tracking
767,Screaming Frog
768,Partnership Management
768,ZoomInfo
768,Deal Closing
769,Wireshark
769,Vulnerability Assessment
769,Incident Response
769,SIEM Tools
769,Network Security
769,Nmap
770,Employee Retention
770,Workday
770,Talent Acquisition
770,HR Compliance
770,BambooHR
771,SAP
771,Excel
771,Internal Audit
771,ACL Analytics
772,Cross-selling
772,Gainsight
772,Account Growth
772,Client Relationship Management
773,CI/CD
773,System Design
773,Code Quality & Testing
773,Data Structures & Algorithms
773,REST APIs
773,Kubernetes
773,Docker
774,Partnership Management
774,ZoomInfo
774,Deal Closing
775,Tax Compliance
775,SAP Financials
775,General Ledger
775,QuickBooks
776,Market Expansion
776,Salesforce
776,ZoomInfo
777,HubSpot
777,Negotiation
777,LinkedIn Sales Navigator
777,Client Relationship Management
777,B2B Sales
778,Rank Tracking
778,Screaming Frog
779,Linux
779,DevOps
779,AWS
779,Terraform
780,Generative AI
780,Node.js
780,API Integration
780,AWS
780,React
780,Full-Stack Development
780,PostgreSQL
780,JavaScript / TypeScript
781,Git
781,AWS
781,Code Quality & Testing
781,Data Structures & Algorithms
781,REST APIs
781,MLOps
781,Python
782,Salesforce
782,Deal Closing
782,Market Expansion
783,HubSpot
783,Negotiation
783,LinkedIn Sales Navigator
783,Client Relationship Management
783,Salesforce
784,AWS
784,Code Quality & Testing
784,Data Structures & Algorithms
784,REST APIs
784,Python
784,Docker
785,Market Research
785,Campaign Management
785,Social Media Marketing
785,Mailchimp
786,Pipeline Management
786,Negotiation
786,Salesforce
786,Lead Generation
786,B2B Sales
787,Linux
787,AWS
787,MLOps
787,Terraform
787,Cloud Infrastructure
787,DevOps
788,Pipeline Management
788,Negotiation
788,LinkedIn Sales Navigator
788,Client Relationship Management
788,Salesforce
788,B2B Sales
789,Gainsight
789,Zendesk
789,Account Growth
789,Client Relationship Management
789,Contract Renewal
790,SEMrush
790,Ahrefs
790,Technical SEO
790,Search Engine Optimization
791,CI/CD
791,System Design
791,Data Structures & Algorithms
791,REST APIs
791,MLOps
791,Kubernetes
791,Python
791,Docker
792,LinkedIn Recruiter
792,Salary Benchmarking
792,Greenhouse
792,Screening & Interviewing
793,PowerBI
793,Exploratory Data Analysis
793,AWS
793,Excel
793,SQL
793,Data Cleaning
793,Business Reporting
794,Generative AI
794,Linux
794,MLOps
794,Terraform
794,DevOps
795,ACL Analytics
795,Financial Controls
795,Risk Assessment
795,Internal Audit
796,Wireshark
796,Vulnerability Assessment
796,SIEM Tools
796,Network Security
796,Threat Modeling
797,HubSpot
797,LinkedIn Sales Navigator
797,Client Relationship Management
797,Salesforce
797,Lead Generation
797,B2B Sales
798,Market Research
798,Meta Ads Manager
798,Campaign Management
798,Mailchimp
799,Campaign Management
799,Meta Ads Manager
799,Social Media Marketing
799,Google Ads
800,Vulnerability Assessment
800,Incident Response
800,SIEM Tools
800,Network Security
800,Splunk
801,Content Strategy
801,WordPress
801,Editorial Calendar
802,Node.js
802,API Integration
802,Database Design
802,React
802,PostgreSQL
803,Wireshark
803,Vulnerability Assessment
803,Nmap
803,Network Security
803,Threat Modeling
804,Bug Tracking
804,Postman
804,Manual Testing
804,Jira
805,PowerBI
805,Exploratory Data Analysis
805,AWS
805,Excel
805,Python
805,Statistical Analysis
805,Tableau
805,Business Reporting
806,Content Strategy
806,Copywriting
806,Editorial Calendar
806,Notion
807,Pipeline Management
807,HubSpot
807,Negotiation
807,Client Relationship Management
807,LinkedIn Sales Navigator
808,Financial Accounting
808,Excel
808,SAP Financials
808,QuickBooks
809,Figma
809,Content Production
809,Creative Direction
810,Workday
810,Payroll Coordination
810,Onboarding
811,HubSpot
811,Negotiation
811,Client Relationship Management
811,Salesforce
811,B2B Sales
812,Google Search Console
812,Rank Tracking
812,Competitor Analysis
813,Node.js
813,API Integration
813,AWS
813,PostgreSQL
813,JavaScript / TypeScript
814,Salesforce
814,ZoomInfo
814,Market Expansion
815,Salesforce
815,Partnership Management
815,Deal Closing
816,Gainsight
816,Zendesk
816,Client Relationship Management
816,Cross-selling
816,Contract Renewal
817,Tax Compliance
817,Financial Accounting
817,SAP Financials
817,General Ledger
818,API Integration
818,Database Design
818,AWS
818,React
818,PostgreSQL
819,Postman
819,PyTest
819,Bug Tracking
819,Jira
820,CI/CD
820,Git
820,AWS
820,System Design
820,Code Quality & Testing
820,Data Structures & Algorithms
820,Docker
821,Lever
821,Salary Benchmarking
821,Greenhouse
821,Screening & Interviewing
822,Splunk
822,Vulnerability Assessment
822,Incident Response
822,SIEM Tools
822,Network Security
822,Nmap
823,SAP
823,Excel
823,Risk Assessment
823,Internal Audit
824,Generative AI
824,Node.js
824,Database Design
824,AWS
824,React
824,PostgreSQL
824,JavaScript / TypeScript
825,API Integration
825,Full-Stack Development
825,Git Version Control
825,PostgreSQL
825,JavaScript / TypeScript
826,PowerBI
826,SQL
826,Tableau
826,Statistical Analysis
826,Data Cleaning
826,MLOps
826,Python
827,HubSpot
827,Negotiation
827,Client Relationship Management
827,LinkedIn Sales Navigator
827,Lead Generation
828,Cross-selling
828,Contract Renewal
828,Gainsight
828,Zendesk
829,SEMrush
829,Keyword Research
829,Ahrefs
829,Technical SEO
830,Financial Accounting
830,QuickBooks
830,General Ledger
830,SAP Financials
830,Tax Compliance
831,Employee Retention
831,Excel
831,Talent Acquisition
831,HR Compliance
831,BambooHR
832,Partnership Management
832,ZoomInfo
832,Deal Closing
833,Meta Ads Manager
833,Campaign Management
833,Social Media Marketing
833,Mailchimp
834,Generative AI
834,MLOps
834,Terraform
834,Backend Architecture
834,DevOps
835,Pipeline Management
835,HubSpot
835,Negotiation
835,LinkedIn Sales Navigator
835,Salesforce
835,B2B Sales
836,Wireshark
836,Vulnerability Assessment
836,SIEM Tools
836,Nmap
836,Network Security
836,Splunk
837,Account Growth
837,Zendesk
837,Client Relationship Management
837,Salesforce
837,Cross-selling
838,Generative AI
838,Cloud Infrastructure
838,Terraform
838,Backend Architecture
838,DevOps
839,Node.js
839,Database Design
839,AWS
839,Full-Stack Development
839,Git Version Control
839,PostgreSQL
839,JavaScript / TypeScript
840,Zendesk
840,Client Relationship Management
840,Salesforce
840,Cross-selling
840,Contract Renewal
841,Jira Service Desk
841,Ticket Resolution
841,Zendesk
842,Salesforce
842,Pipeline Management
842,Client Relationship Management
842,HubSpot
843,Market Expansion
843,Partnership Management
843,ZoomInfo
844,Variance Analysis
844,PowerBI
844,Financial Modeling
844,Budgeting & Forecasting
844,Tableau
845,Gainsight
845,Zendesk
845,Client Relationship Management
845,Salesforce
845,Contract Renewal
846,Risk Assessment
846,Financial Controls
846,SAP
846,Excel
847,ZoomInfo
847,Partnership Management
847,Deal Closing
848,Splunk
848,Postman
848,SLA Management
848,Jira
849,Pipeline Management
849,HubSpot
849,LinkedIn Sales Navigator
849,Lead Generation
849,B2B Sales
850,Market Research
850,Meta Ads Manager
850,Social Media Marketing
850,Google Ads
851,Workday
851,HR Operations
851,Onboarding
852,QuickBooks
852,Financial Accounting
852,SAP Financials
852,Excel
853,Jira Service Desk
853,Ticket Resolution
853,Customer Support
854,Postman
854,Manual Testing
854,Test Automation
854,PyTest
854,Bug Tracking
855,HubSpot
855,Negotiation
855,Client Relationship Management
855,Salesforce
855,B2B Sales
856,Salesforce
856,Lead Generation
856,Pipeline Management
856,HubSpot
857,ServiceNow HR
857,Excel
857,Employee Wellbeing
858,ServiceNow HR
858,Conflict Resolution
858,Employee Wellbeing
859,Generative AI
859,Exploratory Data Analysis
859,Excel
859,Python
859,Tableau
859,Statistical Analysis
859,Business Reporting
860,Pipeline Management
860,Negotiation
860,LinkedIn Sales Navigator
860,Salesforce
860,Lead Generation
860,B2B Sales
861,Salesforce
861,Partnership Management
861,Deal Closing
862,Generative AI
862,API Integration
862,Database Design
862,AWS
862,React
862,Git Version Control
862,PostgreSQL
862,JavaScript / TypeScript
863,Variance Analysis
863,PowerBI
863,Financial Modeling
863,Excel
863,SQL
864,Tax Compliance
864,Financial Accounting
864,SAP Financials
864,QuickBooks
865,Google Search Console
865,Rank Tracking
865,Screaming Frog
866,Onboarding
866,Payroll Coordination
866,Workday
867,Postman
867,Selenium
867,Test Automation
867,Jira
867,PyTest
868,Pipeline Management
868,Negotiation
868,LinkedIn Sales Navigator
868,Salesforce
868,Lead Generation
869,ServiceNow HR
869,Conflict Resolution
869,Excel
870,Postman
870,Selenium
870,Manual Testing
870,Jira
870,Bug Tracking
871,Salesforce
871,ZoomInfo
871,Deal Closing
872,Employee Retention
872,Workday
872,Performance Management
872,Talent Acquisition
872,BambooHR
873,AWS
873,Cloud Infrastructure
873,Terraform
873,Backend Architecture
873,DevOps
874,Ticket Resolution
874,Troubleshooting
874,Zendesk
875,Cross-selling
875,Contract Renewal
875,Account Growth
875,Client Relationship Management
876,Workday
876,Payroll Coordination
876,Excel
877,Bug Tracking
877,Postman
877,Selenium
877,Jira
877,Manual Testing
878,Splunk
878,Vulnerability Assessment
878,Threat Modeling
878,SIEM Tools
878,Network Security
878,Nmap
879,SAP
879,Financial Controls
879,Risk Assessment
879,Excel
880,WordPress
880,Copywriting
880,Editorial Calendar
881,CI/CD
881,AWS
881,System Design
881,Data Structures & Algorithms
881,REST APIs
881,MLOps
881,Kubernetes
881,Python
882,Pipeline Management
882,HubSpot
882,Negotiation
882,Client Relationship Management
882,B2B Sales
883,LinkedIn Recruiter
883,Greenhouse
883,Lever
883,Candidate Sourcing
884,Postman
884,Manual Testing
884,Test Automation
884,Jira
885,HubSpot
885,LinkedIn Sales Navigator
885,Client Relationship Management
885,Salesforce
885,Lead Generation
885,B2B Sales
886,Conflict Resolution
886,Workplace Policy
886,Employee Wellbeing
887,Google Analytics
887,Keyword Research
887,Ahrefs
887,Technical SEO
888,Git
888,CI/CD
888,AWS
888,System Design
888,Code Quality & Testing
888,Data Structures & Algorithms
888,Python
889,Google Analytics
889,SEMrush
889,Keyword Research
889,Technical SEO
890,ACL Analytics
890,SAP
890,Excel
891,Generative AI
891,Node.js
891,Database Design
891,AWS
891,React
891,Git Version Control
891,PostgreSQL
891,JavaScript / TypeScript
892,Splunk
892,Technical Troubleshooting
892,Jira
892,Root Cause Analysis
893,Onboarding
893,HR Operations
893,Workday
894,Financial Controls
894,Risk Assessment
894,Excel
894,SAP
894,ACL Analytics
895,Pipeline Management
895,HubSpot
895,Negotiation
895,Client Relationship Management
895,B2B Sales
896,Jira Service Desk
896,Ticket Resolution
896,Zendesk
896,Customer Support
897,Internal Audit
897,Risk Assessment
897,SAP
897,ACL Analytics
898,Employee Retention
898,Workday
898,Performance Management
898,Talent Acquisition
898,BambooHR
899,Pipeline Management
899,HubSpot
899,LinkedIn Sales Navigator
899,Client Relationship Management
899,Salesforce
899,B2B Sales
900,Risk Assessment
900,Financial Controls
900,SAP
900,Excel
901,Excel
901,Workplace Policy
901,Employee Wellbeing
902,Linux
902,AWS
902,MLOps
902,Backend Architecture
902,DevOps
903,Generative AI
903,Linux
903,AWS
903,Terraform
903,Cloud Infrastructure
903,Backend Architecture
904,Content Production
904,Brand Storytelling
904,Adobe Creative Cloud
905,Onboarding
905,HR Operations
905,Excel
906,Linux
906,AWS
906,Terraform
906,Backend Architecture
906,MLOps
907,Salesforce
907,Contract Renewal
907,Gainsight
907,Client Relationship Management
908,Generative AI
908,Node.js
908,Database Design
908,AWS
908,React
908,Full-Stack Development
908,Git Version Control
908,PostgreSQL
909,Market Expansion
909,Partnership Management
909,ZoomInfo
909,Deal Closing
910,Talent Acquisition
910,Performance Management
910,HR Compliance
910,Excel
911,Traffic Analysis
911,Google Search Console
911,Rank Tracking
911,Screaming Frog
912,Postman
912,Selenium
912,Test Automation
912,PyTest
912,Bug Tracking
913,Incident Response
913,SIEM Tools
913,Nmap
913,Threat Modeling
914,SQL
914,Budgeting & Forecasting
914,PowerBI
914,Excel
915,Salesforce
915,Zendesk
915,Account Growth
915,Client Relationship Management
916,Salesforce
916,ZoomInfo
916,Deal Closing
917,B2B Sales
917,Lead Generation
917,LinkedIn Sales Navigator
917,HubSpot
918,PowerBI
918,Excel
918,Tableau
918,Statistical Analysis
918,Business Reporting
918,Data Cleaning
918,MLOps
918,Python
919,Market Expansion
919,Partnership Management
919,Salesforce
920,Gainsight
920,Account Growth
920,Zendesk
920,Client Relationship Management
920,Cross-selling
921,HubSpot
921,Negotiation
921,LinkedIn Sales Navigator
921,Client Relationship Management
921,Lead Generation
921,B2B Sales
922,QuickBooks
922,General Ledger
922,Excel
922,SAP Financials
922,Tax Compliance
923,Google Search Console
923,Rank Tracking
923,Competitor Analysis
924,Tax Compliance
924,Financial Accounting
924,General Ledger
925,PowerBI
925,AWS
925,Tableau
925,Business Reporting
925,Data Cleaning
925,MLOps
925,Python
926,ACL Analytics
926,Excel
926,Risk Assessment
926,Internal Audit
927,Google Analytics
927,SEMrush
927,Keyword Research
927,Search Engine Optimization
928,Wireshark
928,Vulnerability Assessment
928,Threat Modeling
928,Nmap
928,Network Security
928,Splunk
929,PowerBI
929,Exploratory Data Analysis
929,AWS
929,Excel
929,SQL
929,Tableau
929,Data Cleaning
929,Business Reporting
930,Rank Tracking
930,Competitor Analysis
930,Screaming Frog
931,PowerBI
931,Financial Modeling
931,Excel
931,SQL
931,Tableau
932,Generative AI
932,Linux
932,Terraform
932,Backend Architecture
932,MLOps
933,Splunk
933,Vulnerability Assessment
933,SIEM Tools
933,Nmap
934,Pipeline Management
934,HubSpot
934,Negotiation
934,Lead Generation
934,B2B Sales
935,Vulnerability Assessment
935,Threat Modeling
935,SIEM Tools
935,Nmap
935,Network Security
935,Splunk
936,Tableau
936,Excel
936,Variance Analysis
936,PowerBI
937,SAP
937,ACL Analytics
937,Risk Assessment
937,Internal Audit
938,Gainsight
938,Zendesk
938,Account Growth
938,Salesforce
938,Cross-selling
939,Ticket Resolution
939,Troubleshooting
939,Customer Support
940,Postman
940,Selenium
940,Jira
940,PyTest
940,Manual Testing
941,Selenium
941,Test Automation
941,Jira
941,PyTest
941,Manual Testing
942,Pipeline Management
942,Negotiation
942,Client Relationship Management
942,LinkedIn Sales Navigator
942,Salesforce
942,B2B Sales
943,Generative AI
943,CI/CD
943,AWS
943,Data Structures & Algorithms
943,REST APIs
943,Kubernetes
943,Python
943,Docker
944,Salary Benchmarking
944,Greenhouse
944,Screening & Interviewing
945,Salesforce
945,ZoomInfo
945,Deal Closing
946,PowerBI
946,Exploratory Data Analysis
946,AWS
946,Excel
946,Tableau
946,Business Reporting
946,MLOps
946,Python
947,Wireshark
947,Vulnerability Assessment
947,Incident Response
947,Network Security
947,Threat Modeling
948,Salesforce
948,Negotiation
948,Pipeline Management
948,LinkedIn Sales Navigator
949,Tax Compliance
949,QuickBooks
949,Excel
950,Partnership Management
950,ZoomInfo
950,Deal Closing
951,Market Expansion
951,Partnership Management
951,Salesforce
951,Deal Closing
952,Generative AI
952,API Integration
952,Database Design
952,React
952,Full-Stack Development
952,PostgreSQL
952,JavaScript / TypeScript
953,PowerBI
953,Exploratory Data Analysis
953,SQL
953,Statistical Analysis
953,Tableau
953,Business Reporting
953,MLOps
953,Python
954,Tax Compliance
954,Financial Accounting
954,General Ledger
954,Excel
955,Cloud Infrastructure
955,DevOps
955,AWS
955,Terraform
956,SEMrush
956,Ahrefs
956,Technical SEO
956,Search Engine Optimization
957,Pipeline Management
957,HubSpot
957,Negotiation
957,Client Relationship Management
957,Salesforce
957,Lead Generation
958,Salary Benchmarking
958,Greenhouse
958,Lever
958,Candidate Sourcing
959,Talent Acquisition
959,Employee Retention
959,HR Compliance
959,Excel
960,Budgeting & Forecasting
960,Tableau
960,Financial Modeling
960,PowerBI
961,Figma
961,Content Production
961,Creative Direction
962,Exploratory Data Analysis
962,AWS
962,SQL
962,Statistical Analysis
962,Tableau
962,Business Reporting
963,Database Design
963,React
963,Git Version Control
963,PostgreSQL
963,JavaScript / TypeScript
964,HubSpot
964,Negotiation
964,Client Relationship Management
964,Salesforce
964,B2B Sales
965,Market Research
965,Mailchimp
965,Meta Ads Manager
965,Google Ads
966,LinkedIn Recruiter
966,Screening & Interviewing
966,Lever
966,Candidate Sourcing
967,Incident Response
967,Vulnerability Assessment
967,Network Security
967,Nmap
968,HubSpot
968,Negotiation
968,LinkedIn Sales Navigator
968,Client Relationship Management
968,Salesforce
969,Postman
969,Manual Testing
969,Test Automation
969,Jira
969,Bug Tracking
970,Workplace Policy
970,Excel
970,Employee Wellbeing
971,Postman
971,Technical Troubleshooting
971,Root Cause Analysis
971,Splunk
972,Onboarding
972,Payroll Coordination
972,Workday
973,Postman
973,SLA Management
973,Jira
974,Jira Service Desk
974,Troubleshooting
974,Zendesk
975,AWS
975,Backend Architecture
975,Terraform
975,Cloud Infrastructure
976,Exploratory Data Analysis
976,AWS
976,Python
976,Tableau
976,Statistical Analysis
976,SQL
976,Data Cleaning
976,Business Reporting
977,Postman
977,Selenium
977,Jira
977,PyTest
977,Bug Tracking
978,Node.js
978,API Integration
978,Database Design
978,AWS
978,PostgreSQL
978,JavaScript / TypeScript
979,Salesforce
979,ZoomInfo
979,Market Expansion
980,Pipeline Management
980,Negotiation
980,Client Relationship Management
980,Salesforce
980,Lead Generation
981,Pipeline Management
981,Negotiation
981,Client Relationship Management
981,Salesforce
981,Lead Generation
981,B2B Sales
982,Vulnerability Assessment
982,Threat Modeling
982,Incident Response
982,SIEM Tools
982,Splunk
983,Jira Service Desk
983,Troubleshooting
983,Customer Support
984,Salary Benchmarking
984,LinkedIn Recruiter
984,Screening & Interviewing
985,Ticket Resolution
985,Zendesk
985,Customer Support
986,Workday
986,HR Operations
986,Onboarding
987,Gainsight
987,Zendesk
987,Client Relationship Management
987,Salesforce
987,Contract Renewal
988,SEMrush
988,Keyword Research
988,Ahrefs
988,Search Engine Optimization
989,Pipeline Management
989,Negotiation
989,LinkedIn Sales Navigator
989,Client Relationship Management
989,Salesforce
989,B2B Sales
990,Employee Retention
990,Workday
990,Performance Management
990,Excel
990,BambooHR
991,Greenhouse
991,LinkedIn Recruiter
991,Candidate Sourcing
992,Workday
992,Employee Retention
992,HR Compliance
992,Performance Management
993,Talent Acquisition
993,Performance Management
993,HR Compliance
993,BambooHR
994,Zendesk
994,Account Growth
994,Salesforce
994,Cross-selling
994,Contract Renewal
995,Splunk
995,Postman
995,Root Cause Analysis
995,Jira
996,CI/CD
996,Git
996,AWS
996,System Design
996,Data Structures & Algorithms
996,MLOps
996,Python
997,Wireshark
997,Splunk
997,SIEM Tools
997,Network Security
997,Threat Modeling
998,Tax Compliance
998,Financial Accounting
998,Excel
999,Generative AI
999,Linux
999,AWS
999,Cloud Infrastructure
999,DevOps
1000,Market Research
1000,Meta Ads Manager
1000,Campaign Management
1000,Google Ads
1001,SAP
1001,Financial Controls
1001,Risk Assessment
1001,Excel
1002,Node.js
1002,API Integration
1002,AWS
1002,Full-Stack Development
1002,PostgreSQL
1002,JavaScript / TypeScript
1003,QuickBooks
1003,Financial Accounting
1003,SAP Financials
1003,Excel
1004,Wireshark
1004,Vulnerability Assessment
1004,Incident Response
1004,Nmap
1004,Splunk
1005,Risk Assessment
1005,Internal Audit
1005,ACL Analytics
1005,Excel
1006,Generative AI
1006,CI/CD
1006,Git
1006,AWS
1006,System Design
1006,Kubernetes
1006,Python
1006,Docker
1007,CI/CD
1007,Git
1007,AWS
1007,System Design
1007,Data Structures & Algorithms
1007,REST APIs
1007,Python
1008,Vulnerability Assessment
1008,Threat Modeling
1008,Incident Response
1008,Network Security
1008,Nmap
1009,Wireshark
1009,Vulnerability Assessment
1009,Threat Modeling
1009,Incident Response
1009,Splunk
1010,Generative AI
1010,Git
1010,AWS
1010,Code Quality & Testing
1010,REST APIs
1010,MLOps
1010,Python
1010,Docker
1011,Linux
1011,AWS
1011,Backend Architecture
1011,Cloud Infrastructure
1012,Gainsight
1012,Account Growth
1012,Client Relationship Management
1012,Cross-selling
1012,Contract Renewal
1013,Conflict Resolution
1013,Workplace Policy
1013,Employee Wellbeing
1014,Workday
1014,HR Operations
1014,Payroll Coordination
1015,QuickBooks
1015,Tax Compliance
1015,SAP Financials
1015,Excel
1016,API Integration
1016,Node.js
1016,AWS
1016,Full-Stack Development
1016,React
1016,PostgreSQL
1016,JavaScript / TypeScript
1017,Postman
1017,Technical Troubleshooting
1017,SLA Management
1017,Root Cause Analysis
1018,Wireshark
1018,Vulnerability Assessment
1018,Threat Modeling
1018,Incident Response
1018,Network Security
1018,Splunk
1019,Tax Compliance
1019,SAP Financials
1019,General Ledger
1019,Excel
1020,Node.js
1020,API Integration
1020,Database Design
1020,AWS
1020,Full-Stack Development
1020,Git Version Control
1020,PostgreSQL
1020,MLOps
1021,PowerBI
1021,Exploratory Data Analysis
1021,Tableau
1021,Data Cleaning
1021,MLOps
1021,Business Reporting
1022,Linux
1022,AWS
1022,Backend Architecture
1022,Terraform
1023,Excel
1023,Financial Controls
1023,Risk Assessment
1023,ACL Analytics
1024,PowerBI
1024,Financial Modeling
1024,SQL
1024,Tableau
1024,Budgeting & Forecasting
1025,Wireshark
1025,Vulnerability Assessment
1025,Incident Response
1025,SIEM Tools
1025,Network Security
1025,Splunk
1026,Market Expansion
1026,ZoomInfo
1026,Deal Closing
1027,Mailchimp
1027,Campaign Management
1027,Social Media Marketing
1027,Google Ads
1028,Google Analytics
1028,Keyword Research
1028,Search Engine Optimization
1029,Greenhouse
1029,Screening & Interviewing
1029,Candidate Sourcing
1030,Pipeline Management
1030,HubSpot
1030,Negotiation
1030,Salesforce
1030,Lead Generation
1030,B2B Sales
1031,DevOps
1031,Backend Architecture
1031,Terraform
1031,Cloud Infrastructure
1032,Pipeline Management
1032,HubSpot
1032,LinkedIn Sales Navigator
1032,Client Relationship Management
1032,Lead Generation
1033,Employee Retention
1033,Workday
1033,Excel
1033,Talent Acquisition
1033,HR Compliance
1034,Linux
1034,DevOps
1034,Backend Architecture
1034,Terraform
1035,Figma
1035,Content Production
1035,Brand Storytelling
1036,Node.js
1036,Database Design
1036,AWS
1036,React
1036,Full-Stack Development
1036,PostgreSQL
1037,Workday
1037,Payroll Coordination
1037,Onboarding
1038,Splunk
1038,Incident Response
1038,SIEM Tools
1038,Network Security
1038,Threat Modeling
1039,Git
1039,AWS
1039,System Design
1039,Code Quality & Testing
1039,Data Structures & Algorithms
1039,REST APIs
1039,Kubernetes
1040,PowerBI
1040,Exploratory Data Analysis
1040,AWS
1040,SQL
1040,Tableau
1040,Statistical Analysis
1040,MLOps
1040,Business Reporting
1041,HubSpot
1041,Negotiation
1041,Client Relationship Management
1041,LinkedIn Sales Navigator
1041,Salesforce
1041,B2B Sales
1042,Salesforce
1042,Partnership Management
1042,ZoomInfo
1042,Market Expansion
1043,Zendesk
1043,Cross-selling
1043,Contract Renewal
1043,Account Growth
1044,Salesforce
1044,Contract Renewal
1044,Zendesk
1044,Client Relationship Management
1045,SAP Financials
1045,QuickBooks
1045,Excel
1045,Tax Compliance
1046,Wireshark
1046,Vulnerability Assessment
1046,Threat Modeling
1046,Incident Response
1046,SIEM Tools
1046,Splunk
1047,Salary Benchmarking
1047,LinkedIn Recruiter
1047,Screening & Interviewing
1047,Lever
1048,Salesforce
1048,Cross-selling
1048,Gainsight
1048,Client Relationship Management
1049,Financial Controls
1049,Internal Audit
1049,ACL Analytics
1050,Workday
1050,HR Operations
1050,Payroll Coordination
1051,Salesforce
1051,Zendesk
1051,Account Growth
1051,Client Relationship Management
1052,Lead Generation
1052,Negotiation
1052,Pipeline Management
1052,Client Relationship Management
1053,Financial Accounting
1053,QuickBooks
1053,General Ledger
1053,SAP Financials
1053,Tax Compliance
1054,Pipeline Management
1054,HubSpot
1054,LinkedIn Sales Navigator
1054,Lead Generation
1054,B2B Sales
1055,Generative AI
1055,Linux
1055,AWS
1055,Terraform
1055,Backend Architecture
1055,MLOps
1056,Traffic Analysis
1056,Competitor Analysis
1056,Screaming Frog
1057,Variance Analysis
1057,Financial Modeling
1057,Excel
1057,Budgeting & Forecasting
1057,Tableau
1058,Talent Acquisition
1058,Employee Retention
1058,Workday
1058,Excel
1059,Wireshark
1059,Splunk
1059,Vulnerability Assessment
1059,SIEM Tools
1059,Network Security
1059,Nmap
1060,Market Expansion
1060,Salesforce
1060,Deal Closing
1061,SEMrush
1061,Keyword Research
1061,Technical SEO
1061,Search Engine Optimization
1062,Pipeline Management
1062,HubSpot
1062,LinkedIn Sales Navigator
1062,Client Relationship Management
1062,Lead Generation
1063,HubSpot
1063,Negotiation
1063,LinkedIn Sales Navigator
1063,Salesforce
1063,Lead Generation
1064,Conflict Resolution
1064,Workplace Policy
1064,Employee Wellbeing
1065,ZoomInfo
1065,Partnership Management
1065,Deal Closing
1066,Gainsight
1066,Account Growth
1066,Client Relationship Management
1066,Salesforce
1066,Contract Renewal
1067,Employee Retention
1067,Workday
1067,Excel
1067,Talent Acquisition
1067,HR Compliance
1068,Generative AI
1068,Node.js
1068,API Integration
1068,Full-Stack Development
1068,React
1068,Git Version Control
1068,PostgreSQL
1069,Wireshark
1069,Vulnerability Assessment
1069,SIEM Tools
1069,Nmap
1069,Network Security
1069,Threat Modeling
1070,HR Operations
1070,Payroll Coordination
1070,Excel
1071,Git
1071,AWS
1071,System Design
1071,Data Structures & Algorithms
1071,REST APIs
1071,Kubernetes
1071,Python
1072,LinkedIn Recruiter
1072,Lever
1072,Candidate Sourcing
1073,Postman
1073,Selenium
1073,Manual Testing
1073,Jira
1074,Zendesk
1074,Cross-selling
1074,Gainsight
1074,Account Growth
1075,Wireshark
1075,Splunk
1075,Threat Modeling
1075,Incident Response
1075,SIEM Tools
1075,Nmap
1076,Pipeline Management
1076,HubSpot
1076,Negotiation
1076,LinkedIn Sales Navigator
1076,Salesforce
1077,Content Strategy
1077,Notion
1077,Canva
1078,Git
1078,AWS
1078,Code Quality & Testing
1078,REST APIs
1078,Kubernetes
1078,Python
1078,Docker
1079,HubSpot
1079,Negotiation
1079,Salesforce
1079,Lead Generation
1079,B2B Sales
1080,Workday
1080,Performance Management
1080,Excel
1080,HR Compliance
1080,BambooHR
1081,Generative AI
1081,Node.js
1081,API Integration
1081,Database Design
1081,AWS
1081,Full-Stack Development
1081,PostgreSQL
1081,JavaScript / TypeScript
1082,ServiceNow HR
1082,Excel
1082,Employee Wellbeing
1083,Pipeline Management
1083,HubSpot
1083,Negotiation
1083,Client Relationship Management
1083,Lead Generation
1084,Node.js
1084,React
1084,Git Version Control
1084,PostgreSQL
1084,JavaScript / TypeScript
1085,ServiceNow HR
1085,Excel
1085,Employee Wellbeing
1086,Linux
1086,AWS
1086,MLOps
1086,Terraform
1086,DevOps
1087,Contract Renewal
1087,Gainsight
1087,Account Growth
1087,Client Relationship Management
1088,Splunk
1088,Technical Troubleshooting
1088,SLA Management
1088,Jira
1089,Linux
1089,AWS
1089,MLOps
1089,Backend Architecture
1089,DevOps
1090,ACL Analytics
1090,Financial Controls
1090,Risk Assessment
1090,Internal Audit
1091,Bug Tracking
1091,Postman
1091,Selenium
1091,PyTest
1091,Manual Testing
1092,ServiceNow HR
1092,Conflict Resolution
1092,Workplace Policy
1093,Jira Service Desk
1093,Zendesk
1093,Customer Support
1094,Employee Retention
1094,Workday
1094,Performance Management
1094,Excel
1094,Talent Acquisition
1095,Cross-selling
1095,Contract Renewal
1095,Account Growth
1095,Client Relationship Management
1096,Negotiation
1096,Client Relationship Management
1096,LinkedIn Sales Navigator
1096,Salesforce
1096,B2B Sales
1097,Tax Compliance
1097,Financial Accounting
1097,Excel
1097,QuickBooks
1098,Exploratory Data Analysis
1098,Excel
1098,Python
1098,SQL
1098,Statistical Analysis
1098,Data Cleaning
1098,Business Reporting
1099,Selenium
1099,Manual Testing
1099,Test Automation
1099,PyTest
1099,Bug Tracking
1100,Salesforce
1100,Partnership Management
1100,Deal Closing
1101,Pipeline Management
1101,Negotiation
1101,LinkedIn Sales Navigator
1101,Client Relationship Management
1101,Salesforce
1101,B2B Sales
1102,QuickBooks
1102,SAP Financials
1102,General Ledger
1102,Excel
1103,Tax Compliance
1103,Financial Accounting
1103,SAP Financials
1103,General Ledger
1104,Salesforce
1104,Cross-selling
1104,Contract Renewal
1104,Account Growth
1105,Market Expansion
1105,Partnership Management
1105,ZoomInfo
1106,Mailchimp
1106,Meta Ads Manager
1106,Social Media Marketing
1106,Google Ads
1107,Excel
1107,Financial Controls
1107,SAP
1107,ACL Analytics
1108,Pipeline Management
1108,HubSpot
1108,Negotiation
1108,LinkedIn Sales Navigator
1108,Salesforce
1109,Negotiation
1109,LinkedIn Sales Navigator
1109,Salesforce
1109,Lead Generation
1109,B2B Sales
1110,HubSpot
1110,Negotiation
1110,LinkedIn Sales Navigator
1110,Lead Generation
1110,B2B Sales
1111,Splunk
1111,Vulnerability Assessment
1111,SIEM Tools
1111,Network Security
1111,Threat Modeling
1112,Git
1112,System Design
1112,Data Structures & Algorithms
1112,REST APIs
1112,Kubernetes
1112,Docker
1113,Salary Benchmarking
1113,LinkedIn Recruiter
1113,Screening & Interviewing
1113,Lever
1114,SAP
1114,Risk Assessment
1114,Internal Audit
1115,PowerBI
1115,Exploratory Data Analysis
1115,Excel
1115,Python
1115,Tableau
1115,MLOps
1115,Business Reporting
1116,Content Strategy
1116,Notion
1116,Copywriting
1116,Canva
1117,Variance Analysis
1117,PowerBI
1117,SQL
1117,Tableau
1117,Budgeting & Forecasting
1118,Jira Service Desk
1118,Troubleshooting
1118,Customer Support
1119,PowerBI
1119,SQL
1119,Statistical Analysis
1119,Data Cleaning
1119,Business Reporting
1120,Google Search Console
1120,Rank Tracking
1120,Screaming Frog
1121,Wireshark
1121,Splunk
1121,SIEM Tools
1121,Nmap
1121,Network Security
1121,Threat Modeling
1122,Node.js
1122,React
1122,Full-Stack Development
1122,PostgreSQL
1122,JavaScript / TypeScript
1123,Content Strategy
1123,Canva
1123,Copywriting
1123,Notion
1124,Internal Audit
1124,Financial Controls
1124,Risk Assessment
1124,SAP
1125,Pipeline Management
1125,HubSpot
1125,Negotiation
1125,LinkedIn Sales Navigator
1125,Client Relationship Management
1125,B2B Sales
1126,Market Expansion
1126,ZoomInfo
1126,Deal Closing
1127,Workday
1127,Payroll Coordination
1127,Excel
1128,Splunk
1128,Postman
1128,SLA Management
1128,Jira
1129,Workday
1129,Performance Management
1129,Excel
1129,HR Compliance
1129,BambooHR
1130,Employee Retention
1130,Workday
1130,Excel
1130,HR Compliance
1130,BambooHR
1131,Creative Direction
1131,Brand Storytelling
1131,Adobe Creative Cloud
1132,Employee Retention
1132,Workday
1132,Performance Management
1132,Excel
1132,Talent Acquisition
1133,Workday
1133,Payroll Coordination
1133,Excel
1134,SQL
1134,Financial Modeling
1134,PowerBI
1134,Budgeting & Forecasting
1135,Postman
1135,Root Cause Analysis
1135,Jira
1135,Splunk
1136,Pipeline Management
1136,Negotiation
1136,Salesforce
1136,Lead Generation
1136,B2B Sales
1137,Pipeline Management
1137,LinkedIn Sales Navigator
1137,Client Relationship Management
1137,Lead Generation
1137,B2B Sales
1138,Pipeline Management
1138,HubSpot
1138,LinkedIn Sales Navigator
1138,Lead Generation
1138,B2B Sales
1139,Pipeline Management
1139,HubSpot
1139,Client Relationship Management
1139,Salesforce
1139,Lead Generation
1140,Exploratory Data Analysis
1140,AWS
1140,Excel
1140,Statistical Analysis
1140,Tableau
1140,Business Reporting
1141,Postman
1141,Selenium
1141,Jira
1141,PyTest
1141,Bug Tracking
1142,Market Research
1142,Google Ads
1142,Campaign Management
1142,Mailchimp
1143,Gainsight
1143,Zendesk
1143,Client Relationship Management
1143,Account Growth
1143,Contract Renewal
1144,Market Expansion
1144,Partnership Management
1144,Salesforce
1145,Conflict Resolution
1145,Workplace Policy
1145,Employee Wellbeing
1146,Generative AI
1146,Linux
1146,AWS
1146,Cloud Infrastructure
1146,Backend Architecture
1146,MLOps
1147,Onboarding
1147,HR Operations
1147,Workday
1147,Excel
1148,Generative AI
1148,Node.js
1148,Database Design
1148,AWS
1148,React
1148,PostgreSQL
1148,JavaScript / TypeScript
1149,Node.js
1149,API Integration
1149,AWS
1149,React
1149,PostgreSQL
1150,Salesforce
1150,Partnership Management
1150,Market Expansion
1151,Ticket Resolution
1151,Troubleshooting
1151,Customer Support
1152,Pipeline Management
1152,LinkedIn Sales Navigator
1152,Salesforce
1152,Lead Generation
1152,B2B Sales
1153,Gainsight
1153,Zendesk
1153,Account Growth
1153,Salesforce
1153,Cross-selling
1154,Exploratory Data Analysis
1154,Excel
1154,Tableau
1154,Statistical Analysis
1154,Data Cleaning
1154,MLOps
1154,Python
1155,Conflict Resolution
1155,Excel
1155,Workplace Policy
1156,Jira Service Desk
1156,Ticket Resolution
1156,Troubleshooting
1156,Customer Support
1157,Pipeline Management
1157,HubSpot
1157,Negotiation
1157,LinkedIn Sales Navigator
1157,Salesforce
1158,ServiceNow HR
1158,Excel
1158,Workplace Policy
1159,Internal Audit
1159,Financial Controls
1159,SAP
1159,ACL Analytics
1160,Salesforce
1160,Partnership Management
1160,Deal Closing
1161,Wireshark
1161,Vulnerability Assessment
1161,SIEM Tools
1161,Network Security
1161,Nmap
1162,DevOps
1162,AWS
1162,Backend Architecture
1162,Terraform
1163,Postman
1163,PyTest
1163,Manual Testing
1163,Selenium
1164,Pipeline Management
1164,HubSpot
1164,Negotiation
1164,LinkedIn Sales Navigator
1164,Lead Generation
1164,B2B Sales
1165,Risk Assessment
1165,Internal Audit
1165,SAP
1165,Excel
1166,Gainsight
1166,Client Relationship Management
1166,Salesforce
1166,Cross-selling
1166,Contract Renewal
1167,Bug Tracking
1167,Selenium
1167,Jira
1167,PyTest
1167,Manual Testing
1168,Tax Compliance
1168,General Ledger
1168,QuickBooks
1169,SAP
1169,Financial Controls
1169,Internal Audit
1169,Excel
1170,Pipeline Management
1170,Client Relationship Management
1170,LinkedIn Sales Navigator
1170,Salesforce
1170,Lead Generation
1170,B2B Sales
1171,Pipeline Management
1171,Negotiation
1171,Client Relationship Management
1171,LinkedIn Sales Navigator
1171,Salesforce
1171,Lead Generation
1172,Financial Accounting
1172,QuickBooks
1172,General Ledger
1172,Excel
1173,Jira
1173,Technical Troubleshooting
1173,SLA Management
1173,Root Cause Analysis
1174,Pipeline Management
1174,HubSpot
1174,Negotiation
1174,Salesforce
1174,Lead Generation
1174,B2B Sales
1175,Market Expansion
1175,Partnership Management
1175,Deal Closing
1176,Generative AI
1176,PowerBI
1176,Exploratory Data Analysis
1176,SQL
1176,Data Cleaning
1176,Python
1177,Incident Response
1177,Network Security
1177,Nmap
1177,Threat Modeling
1178,Generative AI
1178,PowerBI
1178,Exploratory Data Analysis
1178,AWS
1178,Excel
1178,SQL
1178,Tableau
1178,Data Cleaning
1178,MLOps
1179,Figma
1179,Creative Direction
1179,Adobe Creative Cloud
1180,Lever
1180,Greenhouse
1180,Screening & Interviewing
1180,Candidate Sourcing
1181,Exploratory Data Analysis
1181,Excel
1181,SQL
1181,Statistical Analysis
1181,Business Reporting
1181,Python
1182,Google Search Console
1182,Screaming Frog
1182,Traffic Analysis
1183,Financial Accounting
1183,SAP Financials
1183,General Ledger
1183,Excel
1184,Pipeline Management
1184,HubSpot
1184,Negotiation
1184,Client Relationship Management
1184,Salesforce
1185,Employee Retention
1185,Workday
1185,Excel
1185,HR Compliance
1185,BambooHR
1186,Excel
1186,Workplace Policy
1186,Employee Wellbeing
1187,Pipeline Management
1187,HubSpot
1187,LinkedIn Sales Navigator
1187,Client Relationship Management
1187,Salesforce
1187,B2B Sales
1188,Risk Assessment
1188,Financial Controls
1188,Internal Audit
1188,ACL Analytics
1189,Vulnerability Assessment
1189,Network Security
1189,Threat Modeling
1189,Splunk
1190,Budgeting & Forecasting
1190,SQL
1190,Variance Analysis
1190,PowerBI
1191,Lever
1191,Salary Benchmarking
1191,Greenhouse
1191,Screening & Interviewing
1192,Generative AI
1192,CI/CD
1192,Code Quality & Testing
1192,REST APIs
1192,MLOps
1192,Kubernetes
1192,Python
1192,Docker
1193,ServiceNow HR
1193,Workplace Policy
1193,Excel
1194,Wireshark
1194,Threat Modeling
1194,Incident Response
1194,SIEM Tools
1194,Splunk
1195,Pipeline Management
1195,HubSpot
1195,Client Relationship Management
1195,LinkedIn Sales Navigator
1195,Lead Generation
1196,Wireshark
1196,Splunk
1196,Vulnerability Assessment
1196,Incident Response
1196,Threat Modeling
1197,ZoomInfo
1197,Partnership Management
1197,Deal Closing
1198,Tax Compliance
1198,SAP Financials
1198,General Ledger
1198,Excel
1199,Variance Analysis
1199,PowerBI
1199,Budgeting & Forecasting
1199,Tableau
1199,SQL
1200,HubSpot
1200,LinkedIn Sales Navigator
1200,Client Relationship Management
1200,Salesforce
1200,Lead Generation
1201,Node.js
1201,Database Design
1201,React
1201,Full-Stack Development
1201,Git Version Control
1201,PostgreSQL
1202,PowerBI
1202,Exploratory Data Analysis
1202,Excel
1202,SQL
1202,Tableau
1202,Data Cleaning
1202,Business Reporting
1203,Cloud Infrastructure
1203,DevOps
1203,AWS
1203,Terraform
1204,ServiceNow HR
1204,Conflict Resolution
1204,Workplace Policy
1205,Node.js
1205,AWS
1205,React
1205,Full-Stack Development
1205,Git Version Control
1205,PostgreSQL
1205,JavaScript / TypeScript
1206,Gainsight
1206,Zendesk
1206,Account Growth
1206,Client Relationship Management
1206,Cross-selling
1207,SAP
1207,Excel
1207,Internal Audit
1207,ACL Analytics
1208,HubSpot
1208,Negotiation
1208,Client Relationship Management
1208,LinkedIn Sales Navigator
1208,Lead Generation
1209,CI/CD
1209,Git
1209,AWS
1209,System Design
1209,Code Quality & Testing
1209,Python
1209,Docker
1210,Jira Service Desk
1210,Zendesk
1210,Customer Support
1211,Pipeline Management
1211,Negotiation
1211,LinkedIn Sales Navigator
1211,Lead Generation
1211,B2B Sales
1212,AWS
1212,Excel
1212,SQL
1212,Statistical Analysis
1212,Tableau
1212,Data Cleaning
1212,Business Reporting
1213,Tax Compliance
1213,Excel
1213,General Ledger
1213,QuickBooks
1214,Jira Service Desk
1214,Troubleshooting
1214,Zendesk
1215,Zendesk
1215,Salesforce
1215,Account Growth
1215,Client Relationship Management
1216,PowerBI
1216,Exploratory Data Analysis
1216,AWS
1216,Excel
1216,SQL
1216,Tableau
1216,MLOps
1216,Business Reporting
1217,Node.js
1217,API Integration
1217,Database Design
1217,AWS
1217,React
1217,Git Version Control
1218,Workday
1218,Employee Retention
1218,Talent Acquisition
1218,Excel
1219,Figma
1219,Brand Storytelling
1219,Adobe Creative Cloud
1220,Account Growth
1220,Gainsight
1220,Zendesk
1220,Client Relationship Management
1221,Node.js
1221,API Integration
1221,AWS
1221,React
1221,Git Version Control
1221,PostgreSQL
1221,JavaScript / TypeScript
1222,Pipeline Management
1222,Negotiation
1222,LinkedIn Sales Navigator
1222,Client Relationship Management
1222,Salesforce
1223,Selenium
1223,Test Automation
1223,Jira
1223,PyTest
1223,Bug Tracking
1224,Generative AI
1224,Git
1224,CI/CD
1224,AWS
1224,Data Structures & Algorithms
1224,REST APIs
1224,Kubernetes
1224,Python
1225,Contract Renewal
1225,Gainsight
1225,Zendesk
1225,Client Relationship Management
1226,Creative Direction
1226,Brand Storytelling
1226,Adobe Creative Cloud
1227,Gainsight
1227,Account Growth
1227,Client Relationship Management
1227,Salesforce
1227,Cross-selling
1228,Pipeline Management
1228,HubSpot
1228,Negotiation
1228,Client Relationship Management
1228,LinkedIn Sales Navigator
1229,Bug Tracking
1229,Selenium
1229,Test Automation
1229,PyTest
1229,Manual Testing
1230,SEMrush
1230,Keyword Research
1230,Technical SEO
1230,Search Engine Optimization
1231,Node.js
1231,API Integration
1231,AWS
1231,Full-Stack Development
1231,React
1231,Git Version Control
1231,PostgreSQL
1232,Onboarding
1232,HR Operations
1232,Workday
1233,Manual Testing
1233,Selenium
1233,Bug Tracking
1233,Jira
1234,Budgeting & Forecasting
1234,SQL
1234,Excel
1234,PowerBI
1235,Salesforce
1235,ZoomInfo
1235,Deal Closing
1236,Postman
1236,Test Automation
1236,Jira
1236,PyTest
1236,Manual Testing
1237,Splunk
1237,Postman
1237,Root Cause Analysis
1237,Jira
1238,Wireshark
1238,Vulnerability Assessment
1238,Incident Response
1238,SIEM Tools
1238,Network Security
1238,Splunk
1239,Pipeline Management
1239,HubSpot
1239,Negotiation
1239,Salesforce
1239,Lead Generation
1239,B2B Sales
1240,Conflict Resolution
1240,Workplace Policy
1240,Employee Wellbeing
1241,Variance Analysis
1241,Financial Modeling
1241,Excel
1241,SQL
1241,Tableau
1242,Generative AI
1242,PowerBI
1242,Exploratory Data Analysis
1242,AWS
1242,Excel
1242,Python
1242,Statistical Analysis
1242,SQL
1242,MLOps
1242,Business Reporting
1243,Tableau
1243,Financial Modeling
1243,Excel
1243,PowerBI
1244,Financial Accounting
1244,Excel
1244,SAP Financials
1244,QuickBooks
1245,Bug Tracking
1245,Selenium
1245,Test Automation
1245,Jira
1245,Manual Testing
1246,Workday
1246,Talent Acquisition
1246,Excel
1246,BambooHR
1247,Salesforce
1247,Partnership Management
1247,ZoomInfo
1248,Mailchimp
1248,Campaign Management
1248,Meta Ads Manager
1248,Google Ads
1249,Salesforce
1249,Gainsight
1249,Zendesk
1249,Contract Renewal
1250,ServiceNow HR
1250,Conflict Resolution
1250,Excel
1251,Negotiation
1251,LinkedIn Sales Navigator
1251,Salesforce
1251,Lead Generation
1251,B2B Sales
1252,Figma
1252,Content Production
1252,Brand Storytelling
1252,Creative Direction
1253,Gainsight
1253,Zendesk
1253,Client Relationship Management
1253,Salesforce
1253,Cross-selling
1254,Workday
1254,Employee Retention
1254,Performance Management
1254,HR Compliance
1255,Conflict Resolution
1255,Workplace Policy
1255,Excel
1256,Variance Analysis
1256,PowerBI
1256,SQL
1256,Tableau
1256,Budgeting & Forecasting
1257,HubSpot
1257,Negotiation
1257,LinkedIn Sales Navigator
1257,Client Relationship Management
1257,Salesforce
1257,B2B Sales
1258,AWS
1258,System Design
1258,Code Quality & Testing
1258,Kubernetes
1258,Python
1258,Docker
1259,Onboarding
1259,Workday
1259,Payroll Coordination
1259,Excel
1260,Financial Controls
1260,Risk Assessment
1260,Excel
1260,SAP
1260,ACL Analytics
1261,Pipeline Management
1261,Negotiation
1261,Client Relationship Management
1261,LinkedIn Sales Navigator
1261,Salesforce
1261,Lead Generation
1262,Pipeline Management
1262,HubSpot
1262,Negotiation
1262,Lead Generation
1262,B2B Sales
1263,Jira Service Desk
1263,Ticket Resolution
1263,Customer Support
1264,Excel
1264,Workplace Policy
1264,Employee Wellbeing
1265,Market Expansion
1265,Salesforce
1265,Deal Closing
1266,Linux
1266,AWS
1266,MLOps
1266,Terraform
1266,Backend Architecture
1266,DevOps
1267,Postman
1267,Jira
1267,Splunk
1268,PowerBI
1268,Exploratory Data Analysis
1268,SQL
1268,Statistical Analysis
1268,Data Cleaning
1268,MLOps
1268,Business Reporting
1269,Excel
1269,Internal Audit
1269,ACL Analytics
1270,Workday
1270,Performance Management
1270,Excel
1270,BambooHR
1271,Workday
1271,HR Operations
1271,Onboarding
1272,Talent Acquisition
1272,Employee Retention
1272,HR Compliance
1272,Excel
1273,Gainsight
1273,Account Growth
1273,Client Relationship Management
1273,Salesforce
1273,Cross-selling
1274,CI/CD
1274,AWS
1274,Code Quality & Testing
1274,MLOps
1274,Kubernetes
1274,Python
1274,Docker
1275,CI/CD
1275,AWS
1275,Data Structures & Algorithms
1275,REST APIs
1275,Kubernetes
1275,Python
1276,ServiceNow HR
1276,Conflict Resolution
1276,Excel
1277,Linux
1277,Backend Architecture
1277,Terraform
1278,Gainsight
1278,Zendesk
1278,Client Relationship Management
1278,Cross-selling
1278,Contract Renewal
1279,Excel
1279,Workplace Policy
1279,Employee Wellbeing
1280,Gainsight
1280,Account Growth
1280,Zendesk
1280,Client Relationship Management
1280,Cross-selling
1281,Salary Benchmarking
1281,LinkedIn Recruiter
1281,Greenhouse
1281,Candidate Sourcing
1282,PowerBI
1282,Excel
1282,SQL
1282,Statistical Analysis
1282,Tableau
1282,Business Reporting
1282,MLOps
1282,Python
1283,Postman
1283,Selenium
1283,Test Automation
1283,Jira
1283,PyTest
1284,HubSpot
1284,Negotiation
1284,Client Relationship Management
1284,LinkedIn Sales Navigator
1284,Salesforce
1284,B2B Sales
1285,SAP
1285,ACL Analytics
1285,Internal Audit
1285,Excel
1286,Variance Analysis
1286,Financial Modeling
1286,Excel
1286,SQL
1286,Tableau
1287,PowerBI
1287,Financial Modeling
1287,Excel
1287,SQL
1287,Budgeting & Forecasting
1288,PowerBI
1288,Excel
1288,SQL
1288,Statistical Analysis
1288,Tableau
1288,Data Cleaning
1288,MLOps
1288,Python
1289,HubSpot
1289,Negotiation
1289,Client Relationship Management
1289,Salesforce
1289,Lead Generation
1290,API Integration
1290,Database Design
1290,Git Version Control
1290,PostgreSQL
1290,JavaScript / TypeScript
1291,Git
1291,CI/CD
1291,AWS
1291,System Design
1291,Data Structures & Algorithms
1291,REST APIs
1291,MLOps
1291,Docker
1292,Lever
1292,LinkedIn Recruiter
1292,Screening & Interviewing
1292,Candidate Sourcing
1293,SAP Financials
1293,Financial Accounting
1293,QuickBooks
1293,Excel
1294,Campaign Management
1294,Meta Ads Manager
1294,Social Media Marketing
1294,Google Ads
1295,Account Growth
1295,Client Relationship Management
1295,Salesforce
1295,Cross-selling
1295,Contract Renewal
1296,Conflict Resolution
1296,Excel
1296,Workplace Policy
1296,Employee Wellbeing
1297,Salesforce
1297,Partnership Management
1297,ZoomInfo
1298,Bug Tracking
1298,Postman
1298,Selenium
1298,Jira
1298,Manual Testing
1299,SQL
1299,Tableau
1299,Financial Modeling
1299,PowerBI
1300,ServiceNow HR
1300,Conflict Resolution
1300,Excel
1301,HubSpot
1301,Negotiation
1301,LinkedIn Sales Navigator
1301,Client Relationship Management
1301,Lead Generation
1302,Jira Service Desk
1302,Troubleshooting
1302,Customer Support
1303,Lead Generation
1303,Negotiation
1303,HubSpot
1303,B2B Sales
1304,Onboarding
1304,HR Operations
1304,Payroll Coordination
1305,Git
1305,AWS
1305,System Design
1305,Code Quality & Testing
1305,Data Structures & Algorithms
1305,Kubernetes
1305,Python
1305,Docker
1306,WordPress
1306,Copywriting
1306,Editorial Calendar
1306,Canva
1307,Traffic Analysis
1307,Competitor Analysis
1307,Screaming Frog
1308,Competitor Analysis
1308,Screaming Frog
1308,Traffic Analysis
1309,Google Ads
1309,Campaign Management
1309,Social Media Marketing
1309,Mailchimp
1310,PowerBI
1310,AWS
1310,SQL
1310,Tableau
1310,Business Reporting
1310,Data Cleaning
1310,MLOps
1310,Python
1311,Risk Assessment
1311,Financial Controls
1311,SAP
1311,Excel
1312,Creative Direction
1312,Brand Storytelling
1312,Adobe Creative Cloud
1313,Account Growth
1313,Cross-selling
1313,Zendesk
1313,Client Relationship Management
1314,Risk Assessment
1314,Financial Controls
1314,SAP
1314,Excel
1315,SEMrush
1315,Ahrefs
1315,Search Engine Optimization
1316,Pipeline Management
1316,HubSpot
1316,LinkedIn Sales Navigator
1316,Client Relationship Management
1316,Salesforce
1316,Lead Generation
1317,Pipeline Management
1317,Negotiation
1317,LinkedIn Sales Navigator
1317,Client Relationship Management
1317,Lead Generation
1318,Tax Compliance
1318,Financial Accounting
1318,SAP Financials
1318,Excel
1319,Postman
1319,Root Cause Analysis
1319,SLA Management
1319,Jira
1320,Node.js
1320,API Integration
1320,Database Design
1320,AWS
1320,Full-Stack Development
1320,PostgreSQL
1321,PowerBI
1321,Exploratory Data Analysis
1321,Excel
1321,SQL
1321,Python
1321,Data Cleaning
1321,Business Reporting
1322,Generative AI
1322,PowerBI
1322,Exploratory Data Analysis
1322,SQL
1322,Statistical Analysis
1322,Tableau
1322,Data Cleaning
1322,Python
1323,ACL Analytics
1323,Internal Audit
1323,SAP
1323,Excel
1324,Bug Tracking
1324,Postman
1324,Selenium
1324,PyTest
1324,Manual Testing
1325,Generative AI
1325,Git
1325,AWS
1325,Code Quality & Testing
1325,REST APIs
1325,Kubernetes
1325,Python
1325,Docker
1326,Tax Compliance
1326,Financial Accounting
1326,SAP Financials
1326,General Ledger
1327,Cloud Infrastructure
1327,DevOps
1327,AWS
1327,Terraform
1328,Gainsight
1328,Zendesk
1328,Client Relationship Management
1328,Salesforce
1328,Contract Renewal
1329,Employee Retention
1329,Workday
1329,Performance Management
1329,Excel
1329,Talent Acquisition
1330,Git
1330,CI/CD
1330,AWS
1330,Code Quality & Testing
1330,REST APIs
1330,Python
1330,Docker
1331,ACL Analytics
1331,Excel
1331,SAP
1331,Internal Audit
1332,Screaming Frog
1332,Competitor Analysis
1332,Traffic Analysis
1333,SQL
1333,Financial Modeling
1333,Variance Analysis
1333,PowerBI
1334,Jira Service Desk
1334,Troubleshooting
1334,Zendesk
1335,Mailchimp
1335,Campaign Management
1335,Social Media Marketing
1335,Google Ads
1336,Zendesk
1336,Client Relationship Management
1336,Account Growth
1336,Salesforce
1336,Contract Renewal
1337,Risk Assessment
1337,Internal Audit
1337,ACL Analytics
1338,Jira Service Desk
1338,Ticket Resolution
1338,Customer Support
1339,Onboarding
1339,Excel
1339,Payroll Coordination
1339,Workday
1340,Pipeline Management
1340,Negotiation
1340,Client Relationship Management
1340,Salesforce
1340,Lead Generation
1340,B2B Sales
1341,Git
1341,AWS
1341,System Design
1341,REST APIs
1341,Kubernetes
1341,Docker
1342,Figma
1342,Content Production
1342,Creative Direction
1343,Git
1343,CI/CD
1343,AWS
1343,System Design
1343,Code Quality & Testing
1343,Data Structures & Algorithms
1343,Python
1344,HubSpot
1344,Negotiation
1344,Client Relationship Management
1344,Salesforce
1344,B2B Sales
1345,Zendesk
1345,Account Growth
1345,Client Relationship Management
1345,Salesforce
1345,Contract Renewal
1346,Zendesk
1346,Account Growth
1346,Client Relationship Management
1346,Salesforce
1346,Cross-selling
1347,Talent Acquisition
1347,Performance Management
1347,Excel
1347,BambooHR
1348,Jira Service Desk
1348,Ticket Resolution
1348,Customer Support
1349,Competitor Analysis
1349,Screaming Frog
1349,Rank Tracking
1350,Postman
1350,Selenium
1350,Test Automation
1350,Jira
1351,API Integration
1351,Database Design
1351,AWS
1351,Full-Stack Development
1351,React
1351,Git Version Control
1351,PostgreSQL
1351,MLOps
1352,Gainsight
1352,Zendesk
1352,Client Relationship Management
1352,Salesforce
1352,Contract Renewal
1353,Excel
1353,Financial Controls
1353,Risk Assessment
1353,ACL Analytics
1354,Salesforce
1354,Cross-selling
1354,Contract Renewal
1354,Zendesk
1355,Talent Acquisition
1355,Employee Retention
1355,HR Compliance
1355,Excel
1356,Onboarding
1356,Excel
1356,Workday
1357,Content Strategy
1357,Copywriting
1357,Editorial Calendar
1357,Notion
1358,Workday
1358,HR Operations
1358,Excel
1359,Postman
1359,Selenium
1359,Test Automation
1359,Jira
1359,Manual Testing
1360,Excel
1360,Financial Controls
1360,SAP
1360,ACL Analytics
1361,Ticket Resolution
1361,Zendesk
1361,Customer Support
1362,SQL
1362,Tableau
1362,Variance Analysis
1362,PowerBI
1363,Google Search Console
1363,Rank Tracking
1363,Screaming Frog
1363,Traffic Analysis
1364,Bug Tracking
1364,Postman
1364,Jira
1364,PyTest
1364,Manual Testing
1365,PowerBI
1365,Financial Modeling
1365,Excel
1365,SQL
1365,Budgeting & Forecasting
1366,HubSpot
1366,Negotiation
1366,LinkedIn Sales Navigator
1366,Client Relationship Management
1366,Lead Generation
1366,B2B Sales
1367,ServiceNow HR
1367,Conflict Resolution
1367,Excel
1368,Content Strategy
1368,Copywriting
1368,Editorial Calendar
1368,Canva
1369,Rank Tracking
1369,Competitor Analysis
1369,Traffic Analysis
1370,Tax Compliance
1370,Financial Accounting
1370,General Ledger
1370,Excel
1371,Pipeline Management
1371,HubSpot
1371,Client Relationship Management
1371,LinkedIn Sales Navigator
1371,Salesforce
1371,Lead Generation
1372,Market Expansion
1372,Partnership Management
1372,Deal Closing
1373,SEMrush
1373,Keyword Research
1373,Ahrefs
1373,Technical SEO
1374,Generative AI
1374,Linux
1374,AWS
1374,Terraform
1374,Backend Architecture
1375,Market Expansion
1375,Salesforce
1375,Deal Closing
1376,SAP
1376,ACL Analytics
1376,Risk Assessment
1376,Internal Audit
1377,Pipeline Management
1377,HubSpot
1377,Negotiation
1377,Client Relationship Management
1377,Salesforce
1377,B2B Sales
1378,Jira
1378,SLA Management
1378,Root Cause Analysis
1379,Pipeline Management
1379,HubSpot
1379,LinkedIn Sales Navigator
1379,Client Relationship Management
1379,Salesforce
1379,Lead Generation
1380,Employee Retention
1380,Workday
1380,Performance Management
1380,Talent Acquisition
1380,BambooHR
1381,Git
1381,CI/CD
1381,AWS
1381,System Design
1381,Code Quality & Testing
1381,REST APIs
1381,MLOps
1381,Docker
1382,Postman
1382,PyTest
1382,Test Automation
1382,Selenium
1383,Generative AI
1383,Node.js
1383,API Integration
1383,Database Design
1383,Full-Stack Development
1383,JavaScript / TypeScript
1384,Selenium
1384,Manual Testing
1384,Jira
1384,PyTest
1384,Bug Tracking
1385,PowerBI
1385,Financial Modeling
1385,Excel
1385,SQL
1385,Budgeting & Forecasting
1386,Employee Retention
1386,Performance Management
1386,Excel
1386,BambooHR
1387,Competitor Analysis
1387,Traffic Analysis
1387,Rank Tracking
1388,Account Growth
1388,Zendesk
1388,Client Relationship Management
1388,Cross-selling
1388,Contract Renewal
1389,Pipeline Management
1389,Negotiation
1389,Client Relationship Management
1389,LinkedIn Sales Navigator
1389,Salesforce
1389,B2B Sales
1390,Pipeline Management
1390,Negotiation
1390,Client Relationship Management
1390,Lead Generation
1390,B2B Sales
1391,Variance Analysis
1391,Excel
1391,SQL
1391,Tableau
1391,Budgeting & Forecasting
1392,Manual Testing
1392,Test Automation
1392,Jira
1392,PyTest
1392,Bug Tracking
1393,Workday
1393,Payroll Coordination
1393,Excel
1394,SEMrush
1394,Keyword Research
1394,Ahrefs
1394,Technical SEO
1395,SAP
1395,Financial Controls
1395,Risk Assessment
1395,ACL Analytics
1396,Git
1396,AWS
1396,System Design
1396,REST APIs
1396,MLOps
1396,Python
1396,Docker
1397,Wireshark
1397,Vulnerability Assessment
1397,SIEM Tools
1397,Network Security
1397,Nmap
1398,Employee Retention
1398,Workday
1398,Talent Acquisition
1398,HR Compliance
1398,BambooHR
1399,PowerBI
1399,Exploratory Data Analysis
1399,Excel
1399,Data Cleaning
1399,Business Reporting
1400,Content Strategy
1400,Notion
1400,Copywriting
1400,Canva
1401,Market Expansion
1401,Partnership Management
1401,ZoomInfo
1402,Salary Benchmarking
1402,LinkedIn Recruiter
1402,Screening & Interviewing
1402,Greenhouse
1403,Generative AI
1403,CI/CD
1403,AWS
1403,Data Structures & Algorithms
1403,REST APIs
1403,Kubernetes
1403,Python
1404,Excel
1404,Financial Controls
1404,Internal Audit
1404,ACL Analytics
1405,Negotiation
1405,LinkedIn Sales Navigator
1405,Client Relationship Management
1405,Salesforce
1405,B2B Sales
1406,Postman
1406,Technical Troubleshooting
1406,SLA Management
1406,Root Cause Analysis
1407,Content Production
1407,Brand Storytelling
1407,Adobe Creative Cloud
1408,Canva
1408,Editorial Calendar
1408,Notion
1409,Tax Compliance
1409,Financial Accounting
1409,SAP Financials
1409,QuickBooks
1410,PowerBI
1410,Exploratory Data Analysis
1410,AWS
1410,Python
1410,Statistical Analysis
1410,Tableau
1410,SQL
1410,Business Reporting
1411,Wireshark
1411,Vulnerability Assessment
1411,Threat Modeling
1411,SIEM Tools
1411,Network Security
1411,Splunk
1412,Selenium
1412,Test Automation
1412,Jira
1412,PyTest
1412,Manual Testing
1413,Internal Audit
1413,Financial Controls
1413,SAP
1413,ACL Analytics
1414,Pipeline Management
1414,HubSpot
1414,Negotiation
1414,Lead Generation
1414,B2B Sales
1415,Gainsight
1415,Account Growth
1415,Zendesk
1415,Client Relationship Management
1415,Contract Renewal
1416,HubSpot
1416,Client Relationship Management
1416,Salesforce
1416,Lead Generation
1416,B2B Sales
1417,Node.js
1417,Database Design
1417,AWS
1417,React
1417,Git Version Control
1417,PostgreSQL
1417,MLOps
1418,Node.js
1418,API Integration
1418,AWS
1418,React
1418,PostgreSQL
1418,JavaScript / TypeScript
1419,Tax Compliance
1419,Financial Accounting
1419,General Ledger
1419,Excel
1420,Postman
1420,Manual Testing
1420,Jira
1420,PyTest
1420,Bug Tracking
1421,SQL
1421,Budgeting & Forecasting
1421,Variance Analysis
1421,PowerBI
1422,Variance Analysis
1422,PowerBI
1422,Financial Modeling
1422,Excel
1422,Tableau
1423,Conflict Resolution
1423,Excel
1423,Employee Wellbeing
1424,Excel
1424,Financial Controls
1424,Risk Assessment
1424,ACL Analytics
1425,PowerBI
1425,AWS
1425,Excel
1425,SQL
1425,Statistical Analysis
1425,Business Reporting
1425,Python
1426,Onboarding
1426,Payroll Coordination
1426,Workday
1427,Figma
1427,Content Production
1427,Brand Storytelling
1427,Adobe Creative Cloud
1428,Jira Service Desk
1428,Ticket Resolution
1428,Troubleshooting
1429,Cloud Infrastructure
1429,DevOps
1429,AWS
1429,Terraform
1430,Talent Acquisition
1430,Employee Retention
1430,Performance Management
1430,Excel
1431,Market Expansion
1431,ZoomInfo
1431,Deal Closing
1432,Salesforce
1432,Partnership Management
1432,ZoomInfo
1433,Financial Accounting
1433,QuickBooks
1433,General Ledger
1433,Excel
1433,Tax Compliance
1434,Workday
1434,Excel
1434,Onboarding
1435,Google Analytics
1435,SEMrush
1435,Technical SEO
1435,Search Engine Optimization
1436,Tableau
1436,Financial Modeling
1436,Variance Analysis
1436,Excel
1437,Partnership Management
1437,ZoomInfo
1437,Deal Closing
1438,Git
1438,CI/CD
1438,AWS
1438,Data Structures & Algorithms
1438,MLOps
1438,Kubernetes
1438,Python
1438,Docker
1439,Content Strategy
1439,WordPress
1439,Copywriting
1439,Canva
1440,Greenhouse
1440,LinkedIn Recruiter
1440,Lever
1440,Candidate Sourcing
1441,Postman
1441,Selenium
1441,Manual Testing
1441,Test Automation
1441,Bug Tracking
1442,Exploratory Data Analysis
1442,AWS
1442,Excel
1442,SQL
1442,Tableau
1442,Statistical Analysis
1442,Business Reporting
1443,Postman
1443,Selenium
1443,Test Automation
1443,PyTest
1443,Manual Testing
1444,Postman
1444,Selenium
1444,Test Automation
1444,Jira
1444,PyTest
1445,Tableau
1445,Financial Modeling
1445,Variance Analysis
1445,Excel
1446,Generative AI
1446,Git
1446,CI/CD
1446,AWS
1446,Code Quality & Testing
1446,REST APIs
1446,Kubernetes
1446,Python
1446,Docker
1447,Postman
1447,Selenium
1447,Test Automation
1447,Jira
1447,Bug Tracking
1448,Google Analytics
1448,SEMrush
1448,Ahrefs
1448,Technical SEO
1449,Linux
1449,AWS
1449,MLOps
1449,Backend Architecture
1449,DevOps
1450,Variance Analysis
1450,PowerBI
1450,Financial Modeling
1450,Excel
1450,SQL
1451,Tax Compliance
1451,Financial Accounting
1451,SAP Financials
1451,Excel
1452,Troubleshooting
1452,Zendesk
1452,Customer Support
1453,ServiceNow HR
1453,Conflict Resolution
1453,Workplace Policy
1454,SQL
1454,Financial Modeling
1454,Excel
1454,Budgeting & Forecasting
1455,Google Ads
1455,Campaign Management
1455,Social Media Marketing
1455,Mailchimp
1456,Generative AI
1456,Git
1456,CI/CD
1456,System Design
1456,Code Quality & Testing
1456,MLOps
1456,Kubernetes
1456,Docker
1457,Pipeline Management
1457,HubSpot
1457,Client Relationship Management
1457,LinkedIn Sales Navigator
1457,Lead Generation
1457,B2B Sales
1458,Generative AI
1458,CI/CD
1458,AWS
1458,System Design
1458,Code Quality & Testing
1458,Data Structures & Algorithms
1458,REST APIs
1458,Kubernetes
1458,Docker
1459,Tax Compliance
1459,Financial Accounting
1459,General Ledger
1460,Linux
1460,AWS
1460,MLOps
1460,Cloud Infrastructure
1460,Backend Architecture
1460,DevOps
1461,Excel
1461,General Ledger
1461,QuickBooks
1462,Gainsight
1462,Zendesk
1462,Account Growth
1462,Client Relationship Management
1462,Contract Renewal
1463,Onboarding
1463,HR Operations
1463,Payroll Coordination
1463,Excel
1464,Wireshark
1464,Vulnerability Assessment
1464,Threat Modeling
1464,Incident Response
1464,SIEM Tools
1464,Nmap
1465,Financial Controls
1465,SAP
1465,Internal Audit
1466,Linux
1466,AWS
1466,Cloud Infrastructure
1466,Terraform
1466,Backend Architecture
1466,MLOps
1467,Postman
1467,Technical Troubleshooting
1467,SLA Management
1467,Splunk
1468,Employee Retention
1468,Workday
1468,Talent Acquisition
1468,HR Compliance
1468,BambooHR
1469,HubSpot
1469,Negotiation
1469,LinkedIn Sales Navigator
1469,Client Relationship Management
1469,Salesforce
1470,Employee Retention
1470,Workday
1470,Performance Management
1470,Excel
1470,Talent Acquisition
1471,Financial Accounting
1471,General Ledger
1471,Excel
1471,SAP Financials
1471,Tax Compliance
1472,Figma
1472,Brand Storytelling
1472,Adobe Creative Cloud
1473,Google Search Console
1473,Screaming Frog
1473,Traffic Analysis
1474,Google Analytics
1474,SEMrush
1474,Ahrefs
1475,Market Expansion
1475,Salesforce
1475,ZoomInfo
1475,Deal Closing
1476,PowerBI
1476,Exploratory Data Analysis
1476,Excel
1476,SQL
1476,Tableau
1476,Business Reporting
1477,Keyword Research
1477,Ahrefs
1477,Search Engine Optimization
1478,Generative AI
1478,AWS
1478,Excel
1478,SQL
1478,Tableau
1478,Statistical Analysis
1478,Business Reporting
1479,Splunk
1479,Threat Modeling
1479,Incident Response
1479,SIEM Tools
1479,Network Security
1479,Nmap
1480,Excel
1480,Workplace Policy
1480,Employee Wellbeing
1481,PowerBI
1481,Financial Modeling
1481,Excel
1481,SQL
1481,Tableau
1482,Salesforce
1482,Partnership Management
1482,ZoomInfo
1483,Gainsight
1483,Account Growth
1483,Client Relationship Management
1483,Salesforce
1483,Contract Renewal
1484,SQL
1484,Tableau
1484,Variance Analysis
1484,Excel
1485,Onboarding
1485,HR Operations
1485,Payroll Coordination
1486,Linux
1486,DevOps
1486,Terraform
1487,Tax Compliance
1487,QuickBooks
1487,Excel
1488,Postman
1488,Selenium
1488,Jira
1488,PyTest
1488,Manual Testing
1489,Negotiation
1489,LinkedIn Sales Navigator
1489,Salesforce
1489,Lead Generation
1489,B2B Sales
1490,Pipeline Management
1490,HubSpot
1490,LinkedIn Sales Navigator
1490,Salesforce
1490,Lead Generation
1491,Generative AI
1491,API Integration
1491,Database Design
1491,Full-Stack Development
1491,MLOps
1491,Git Version Control
1491,PostgreSQL
1491,JavaScript / TypeScript
1492,Content Strategy
1492,WordPress
1492,Editorial Calendar
1492,Canva
1493,Generative AI
1493,CI/CD
1493,AWS
1493,Data Structures & Algorithms
1493,REST APIs
1493,Kubernetes
1493,Python
1493,Docker
1494,Vulnerability Assessment
1494,Threat Modeling
1494,Incident Response
1494,Network Security
1494,Splunk
1495,Postman
1495,PyTest
1495,Manual Testing
1495,Jira
1496,Workday
1496,Performance Management
1496,Excel
1496,Talent Acquisition
1496,HR Compliance
1497,CI/CD
1497,AWS
1497,Code Quality & Testing
1497,Data Structures & Algorithms
1497,REST APIs
1497,Kubernetes
1497,Python
1497,Docker
1498,Manual Testing
1498,Postman
1498,Bug Tracking
1498,Test Automation
1499,Google Analytics
1499,Keyword Research
1499,Technical SEO
1499,Search Engine Optimization
1500,Market Expansion
1500,ZoomInfo
1500,Deal Closing
1501,QuickBooks
1501,Financial Accounting
1501,SAP Financials
1501,Excel
1502,Wireshark
1502,Splunk
1502,Vulnerability Assessment
1502,Incident Response
1502,SIEM Tools
1502,Nmap
1503,PyTest
1503,Manual Testing
1503,Test Automation
1503,Jira
1504,Postman
1504,Manual Testing
1504,Test Automation
1504,Jira
1505,Google Analytics
1505,Technical SEO
1505,Search Engine Optimization
1506,Tax Compliance
1506,Financial Accounting
1506,SAP Financials
1506,Excel
1507,ServiceNow HR
1507,Conflict Resolution
1507,Employee Wellbeing
1508,Linux
1508,Backend Architecture
1508,Terraform
1509,Generative AI
1509,Git
1509,AWS
1509,System Design
1509,Code Quality & Testing
1509,Data Structures & Algorithms
1509,Kubernetes
1509,Python
1510,ZoomInfo
1510,Partnership Management
1510,Deal Closing
1511,Market Expansion
1511,Salesforce
1511,Deal Closing
1512,Salesforce
1512,Contract Renewal
1512,Account Growth
1512,Client Relationship Management
1513,Market Expansion
1513,Salesforce
1513,ZoomInfo
1514,Wireshark
1514,Incident Response
1514,SIEM Tools
1514,Nmap
1514,Network Security
1514,Threat Modeling
1515,SAP Financials
1515,General Ledger
1515,Excel
1516,Wireshark
1516,Vulnerability Assessment
1516,Threat Modeling
1516,Network Security
1516,Splunk
1517,Internal Audit
1517,Financial Controls
1517,SAP
1517,ACL Analytics
1518,Tax Compliance
1518,SAP Financials
1518,General Ledger
1518,QuickBooks
1519,Salary Benchmarking
1519,LinkedIn Recruiter
1519,Lever
1519,Greenhouse
1520,Budgeting & Forecasting
1520,Financial Modeling
1520,Variance Analysis
1520,PowerBI
1521,Market Expansion
1521,Partnership Management
1521,Deal Closing
1522,Google Search Console
1522,Rank Tracking
1522,Screaming Frog
1523,Account Growth
1523,Zendesk
1523,Client Relationship Management
1523,Cross-selling
1523,Contract Renewal
1524,ACL Analytics
1524,Financial Controls
1524,SAP
1524,Excel
1525,Salesforce
1525,ZoomInfo
1525,Deal Closing
1526,PowerBI
1526,Exploratory Data Analysis
1526,AWS
1526,Excel
1526,Python
1526,Tableau
1526,Statistical Analysis
1526,Business Reporting
1527,Figma
1527,Brand Storytelling
1527,Adobe Creative Cloud
1528,Market Expansion
1528,Partnership Management
1528,Salesforce
1529,ACL Analytics
1529,Financial Controls
1529,SAP
1529,Excel
1530,Talent Acquisition
1530,Performance Management
1530,Excel
1530,BambooHR
1531,LinkedIn Recruiter
1531,Salary Benchmarking
1531,Greenhouse
1532,Onboarding
1532,Payroll Coordination
1532,Workday
1533,AWS
1533,Backend Architecture
1533,Terraform
1534,Google Analytics
1534,SEMrush
1534,Ahrefs
1534,Technical SEO
1535,Salesforce
1535,Partnership Management
1535,ZoomInfo
1536,Variance Analysis
1536,PowerBI
1536,Excel
1536,Budgeting & Forecasting
1536,SQL
1537,Tax Compliance
1537,Financial Accounting
1537,SAP Financials
1537,Excel
1538,Gainsight
1538,Account Growth
1538,Client Relationship Management
1538,Cross-selling
1538,Contract Renewal
1539,Pipeline Management
1539,HubSpot
1539,Client Relationship Management
1539,LinkedIn Sales Navigator
1539,Lead Generation
1539,B2B Sales
1540,Workplace Policy
1540,Conflict Resolution
1540,Excel
1540,Employee Wellbeing
1541,CI/CD
1541,AWS
1541,System Design
1541,Code Quality & Testing
1541,REST APIs
1541,MLOps
1541,Python
1541,Docker
1542,ZoomInfo
1542,Partnership Management
1542,Deal Closing
1543,Pipeline Management
1543,HubSpot
1543,Negotiation
1543,LinkedIn Sales Navigator
1543,Lead Generation
1543,B2B Sales
1544,Variance Analysis
1544,PowerBI
1544,Excel
1544,Budgeting & Forecasting
1544,SQL
1545,Generative AI
1545,CI/CD
1545,Git
1545,AWS
1545,System Design
1545,Data Structures & Algorithms
1545,REST APIs
1546,Salesforce
1546,LinkedIn Sales Navigator
1546,Lead Generation
1546,Client Relationship Management
1547,Onboarding
1547,HR Operations
1547,Workday
1548,Wireshark
1548,Vulnerability Assessment
1548,Incident Response
1548,SIEM Tools
1548,Splunk
1549,Wireshark
1549,Incident Response
1549,Vulnerability Assessment
1549,Splunk
1550,Figma
1550,Creative Direction
1550,Content Production
1551,ZoomInfo
1551,Partnership Management
1551,Deal Closing
1552,Generative AI
1552,Exploratory Data Analysis
1552,Excel
1552,SQL
1552,Statistical Analysis
1552,Tableau
1552,Data Cleaning
1553,Notion
1553,WordPress
1553,Copywriting
1553,Canva
1554,Workday
1554,HR Operations
1554,Onboarding
1555,Postman
1555,Selenium
1555,Test Automation
1555,Jira
1555,Manual Testing
1556,Tax Compliance
1556,General Ledger
1556,QuickBooks
1557,Generative AI
1557,API Integration
1557,React
1557,Full-Stack Development
1557,PostgreSQL
1557,MLOps
1558,HubSpot
1558,Negotiation
1558,Client Relationship Management
1558,Salesforce
1558,Lead Generation
1558,B2B Sales
1559,Workday
1559,Performance Management
1559,Excel
1559,HR Compliance
1559,BambooHR
1560,SEMrush
1560,Technical SEO
1560,Search Engine Optimization
1561,Content Strategy
1561,Notion
1561,Editorial Calendar
1561,Canva
1562,Zendesk
1562,Client Relationship Management
1562,Salesforce
1562,Cross-selling
1562,Contract Renewal
1563,Salary Benchmarking
1563,Lever
1563,Candidate Sourcing
1564,Generative AI
1564,Linux
1564,AWS
1564,Terraform
1564,Backend Architecture
1565,Git
1565,System Design
1565,Code Quality & Testing
1565,REST APIs
1565,MLOps
1565,Kubernetes
1565,Python
1566,Pipeline Management
1566,HubSpot
1566,Client Relationship Management
1566,LinkedIn Sales Navigator
1566,Lead Generation
1567,Generative AI
1567,PowerBI
1567,Excel
1567,SQL
1567,Statistical Analysis
1567,Python
1567,Data Cleaning
1567,Business Reporting
1568,Onboarding
1568,Payroll Coordination
1568,Excel
1569,PowerBI
1569,Exploratory Data Analysis
1569,AWS
1569,Excel
1569,SQL
1569,Data Cleaning
1569,Business Reporting
1570,Zendesk
1570,Client Relationship Management
1570,Account Growth
1570,Salesforce
1570,Contract Renewal
1571,Cloud Infrastructure
1571,AWS
1571,Backend Architecture
1571,Terraform
1572,Wireshark
1572,Splunk
1572,Incident Response
1572,SIEM Tools
1572,Nmap
1573,AWS
1573,MLOps
1573,Terraform
1573,Cloud Infrastructure
1573,DevOps
1574,Salesforce
1574,ZoomInfo
1574,Deal Closing
1575,API Integration
1575,Database Design
1575,Full-Stack Development
1575,Git Version Control
1575,PostgreSQL
1575,JavaScript / TypeScript
1576,Postman
1576,PyTest
1576,Bug Tracking
1576,Test Automation
1577,PowerBI
1577,Excel
1577,SQL
1577,Tableau
1577,Budgeting & Forecasting
1578,Node.js
1578,Database Design
1578,React
1578,PostgreSQL
1579,Market Research
1579,Google Ads
1579,Campaign Management
1579,Mailchimp
1580,Exploratory Data Analysis
1580,Excel
1580,SQL
1580,Tableau
1580,Statistical Analysis
1580,Data Cleaning
1580,MLOps
1580,Python
1581,Postman
1581,Test Automation
1581,Jira
1581,PyTest
1581,Bug Tracking
1582,Conflict Resolution
1582,Excel
1582,Employee Wellbeing
1583,Wireshark
1583,Vulnerability Assessment
1583,Threat Modeling
1583,SIEM Tools
1583,Splunk
1584,Postman
1584,Selenium
1584,Test Automation
1584,PyTest
1584,Manual Testing
1585,Wireshark
1585,Vulnerability Assessment
1585,Incident Response
1585,SIEM Tools
1585,Nmap
1585,Threat Modeling
1586,Splunk
1586,Postman
1586,Technical Troubleshooting
1586,Root Cause Analysis
1587,Wireshark
1587,Incident Response
1587,SIEM Tools
1587,Network Security
1587,Threat Modeling
1588,Wireshark
1588,Splunk
1588,Vulnerability Assessment
1588,SIEM Tools
1588,Threat Modeling
1589,Manual Testing
1589,Postman
1589,Bug Tracking
1589,Test Automation
1590,Salesforce
1590,Partnership Management
1590,Deal Closing
1591,Node.js
1591,Database Design
1591,Full-Stack Development
1591,React
1591,Git Version Control
1591,MLOps
1592,Financial Accounting
1592,SAP Financials
1592,General Ledger
1592,QuickBooks
1593,Pipeline Management
1593,Client Relationship Management
1593,LinkedIn Sales Navigator
1593,Salesforce
1593,Lead Generation
1593,B2B Sales
1594,PowerBI
1594,AWS
1594,Excel
1594,Python
1594,Statistical Analysis
1594,Data Cleaning
1594,Business Reporting
1595,Market Expansion
1595,ZoomInfo
1595,Deal Closing
1596,LinkedIn Recruiter
1596,Greenhouse
1596,Screening & Interviewing
1596,Lever
1597,Market Expansion
1597,Partnership Management
1597,Deal Closing
1598,Market Expansion
1598,Partnership Management
1598,Salesforce
1598,Deal Closing
1599,Gainsight
1599,Zendesk
1599,Account Growth
1599,Salesforce
1599,Cross-selling
1600,Linux
1600,AWS
1600,Backend Architecture
1600,Terraform
1601,Budgeting & Forecasting
1601,Tableau
1601,SQL
1601,Financial Modeling
1602,Google Analytics
1602,Ahrefs
1602,Technical SEO
1602,Search Engine Optimization
1603,Variance Analysis
1603,Financial Modeling
1603,Budgeting & Forecasting
1603,Tableau
1603,SQL
1604,B2B Sales
1604,Lead Generation
1604,Client Relationship Management
1604,HubSpot
1605,HubSpot
1605,Negotiation
1605,Client Relationship Management
1605,LinkedIn Sales Navigator
1605,Lead Generation
1606,Generative AI
1606,PowerBI
1606,Exploratory Data Analysis
1606,Excel
1606,SQL
1606,Tableau
1606,Data Cleaning
1606,Python
1607,WordPress
1607,Canva
1607,Editorial Calendar
1607,Notion
1608,WordPress
1608,Editorial Calendar
1608,Canva
1609,Exploratory Data Analysis
1609,AWS
1609,SQL
1609,Python
1609,Tableau
1609,Data Cleaning
1609,Business Reporting
1610,Gainsight
1610,Zendesk
1610,Client Relationship Management
1610,Salesforce
1610,Cross-selling
1611,Tax Compliance
1611,QuickBooks
1611,General Ledger
1611,Excel
1612,Tax Compliance
1612,Financial Accounting
1612,SAP Financials
1612,Excel
1613,Content Production
1613,Brand Storytelling
1613,Adobe Creative Cloud
1614,Jira Service Desk
1614,Ticket Resolution
1614,Zendesk
1615,Generative AI
1615,PowerBI
1615,AWS
1615,Excel
1615,SQL
1615,Statistical Analysis
1615,Tableau
1615,Business Reporting
1615,Python
1616,Postman
1616,Selenium
1616,Jira
1616,PyTest
1616,Manual Testing
1617,Workday
1617,HR Operations
1617,Payroll Coordination
1617,Onboarding
1618,Generative AI
1618,Linux
1618,AWS
1618,MLOps
1618,Terraform
1618,DevOps
1619,Market Expansion
1619,Partnership Management
1619,ZoomInfo
1619,Deal Closing
1620,Generative AI
1620,AWS
1620,Terraform
1620,Backend Architecture
1620,DevOps
1621,Content Strategy
1621,WordPress
1621,Copywriting
1621,Editorial Calendar
1622,Lever
1622,Salary Benchmarking
1622,LinkedIn Recruiter
1622,Screening & Interviewing
1623,Copywriting
1623,Editorial Calendar
1623,Canva
1624,Linux
1624,AWS
1624,Terraform
1624,Cloud Infrastructure
1624,DevOps
1625,LinkedIn Recruiter
1625,Salary Benchmarking
1625,Greenhouse
1625,Screening & Interviewing
1626,Workday
1626,Performance Management
1626,HR Compliance
1626,Excel
1627,CI/CD
1627,AWS
1627,System Design
1627,Code Quality & Testing
1627,REST APIs
1627,Kubernetes
1627,Python
1627,Docker
1628,Negotiation
1628,HubSpot
1628,Client Relationship Management
1628,B2B Sales
1629,Git
1629,AWS
1629,System Design
1629,Data Structures & Algorithms
1629,Python
1629,Docker
1630,Generative AI
1630,AWS
1630,Terraform
1630,Cloud Infrastructure
1630,Backend Architecture
1631,Generative AI
1631,Linux
1631,AWS
1631,Cloud Infrastructure
1631,DevOps
1632,Incident Response
1632,Vulnerability Assessment
1632,SIEM Tools
1632,Nmap
1633,Ticket Resolution
1633,Zendesk
1633,Customer Support
1634,Google Search Console
1634,Rank Tracking
1634,Competitor Analysis
1635,Wireshark
1635,Vulnerability Assessment
1635,Incident Response
1635,Nmap
1635,Network Security
1635,Threat Modeling
1636,Salesforce
1636,Partnership Management
1636,Market Expansion
1637,Workday
1637,Excel
1637,Onboarding
1638,Employee Retention
1638,Excel
1638,Talent Acquisition
1638,HR Compliance
1638,BambooHR
1639,API Integration
1639,Database Design
1639,Full-Stack Development
1639,Git Version Control
1639,JavaScript / TypeScript
1640,AWS
1640,Terraform
1640,Cloud Infrastructure
1641,Negotiation
1641,LinkedIn Sales Navigator
1641,Salesforce
1641,Lead Generation
1641,B2B Sales
1642,Budgeting & Forecasting
1642,Financial Modeling
1642,Excel
1642,PowerBI
1643,Technical Troubleshooting
1643,Root Cause Analysis
1643,Jira
1643,Splunk
1644,Postman
1644,Technical Troubleshooting
1644,SLA Management
1644,Splunk
1645,Generative AI
1645,Linux
1645,AWS
1645,Terraform
1645,DevOps
1646,Financial Accounting
1646,SAP Financials
1646,General Ledger
1646,Excel
1647,Salary Benchmarking
1647,Greenhouse
1647,Screening & Interviewing
1647,Lever
1648,Pipeline Management
1648,HubSpot
1648,Negotiation
1648,Client Relationship Management
1648,B2B Sales
1649,QuickBooks
1649,Financial Accounting
1649,SAP Financials
1649,Excel
1650,Budgeting & Forecasting
1650,SQL
1650,Financial Modeling
1650,PowerBI
1651,ServiceNow HR
1651,Excel
1651,Employee Wellbeing
1652,API Integration
1652,Node.js
1652,Database Design
1652,AWS
1652,Full-Stack Development
1652,Git Version Control
1652,JavaScript / TypeScript
1653,Salesforce
1653,Gainsight
1653,Zendesk
1653,Contract Renewal
1654,Salesforce
1654,ZoomInfo
1654,Deal Closing
1655,Linux
1655,DevOps
1655,AWS
1655,Cloud Infrastructure
1656,Employee Retention
1656,Workday
1656,Excel
1656,Talent Acquisition
1656,HR Compliance
1657,Competitor Analysis
1657,Screaming Frog
1657,Traffic Analysis
1657,Rank Tracking
1658,Market Expansion
1658,Partnership Management
1658,ZoomInfo
1659,Generative AI
1659,Node.js
1659,API Integration
1659,AWS
1659,React
1659,MLOps
1659,PostgreSQL
1659,JavaScript / TypeScript
1660,Salesforce
1660,Partnership Management
1660,Deal Closing
1660,Market Expansion
1661,Risk Assessment
1661,Internal Audit
1661,ACL Analytics
1661,Excel
1662,Gainsight
1662,Account Growth
1662,Salesforce
1662,Cross-selling
1662,Contract Renewal
1663,Budgeting & Forecasting
1663,Tableau
1663,SQL
1663,Variance Analysis
1664,Zendesk
1664,Client Relationship Management
1664,Salesforce
1664,Cross-selling
1664,Contract Renewal
1665,Bug Tracking
1665,Postman
1665,Jira
1665,PyTest
1665,Manual Testing
1666,Salesforce
1666,Partnership Management
1666,ZoomInfo
1667,Market Research
1667,Meta Ads Manager
1667,Google Ads
1668,Salary Benchmarking
1668,Screening & Interviewing
1668,Candidate Sourcing
1669,Pipeline Management
1669,Negotiation
1669,LinkedIn Sales Navigator
1669,Salesforce
1669,Lead Generation
1669,B2B Sales
1670,Pipeline Management
1670,LinkedIn Sales Navigator
1670,Salesforce
1670,Lead Generation
1670,B2B Sales
1671,Workday
1671,Performance Management
1671,HR Compliance
1671,BambooHR
1672,Generative AI
1672,Git
1672,AWS
1672,Data Structures & Algorithms
1672,REST APIs
1672,Kubernetes
1672,Python
1672,Docker
1673,Pipeline Management
1673,HubSpot
1673,Client Relationship Management
1673,LinkedIn Sales Navigator
1673,Salesforce
1673,Lead Generation
1674,ACL Analytics
1674,Financial Controls
1674,SAP
1674,Excel
1675,Generative AI
1675,Exploratory Data Analysis
1675,Excel
1675,SQL
1675,Tableau
1675,Statistical Analysis
1675,Business Reporting
1675,Python
1676,ServiceNow HR
1676,Workplace Policy
1676,Employee Wellbeing
1677,Onboarding
1677,Excel
1678,Gainsight
1678,Zendesk
1678,Account Growth
1678,Salesforce
1678,Contract Renewal
1679,SQL
1679,Tableau
1679,Budgeting & Forecasting
1679,Variance Analysis
1680,Lever
1680,Greenhouse
1680,Screening & Interviewing
1680,Candidate Sourcing
1681,Market Expansion
1681,Partnership Management
1681,Salesforce
1681,Deal Closing
1682,Excel
1682,Financial Controls
1682,ACL Analytics
1683,Selenium
1683,Test Automation
1683,Jira
1683,PyTest
1683,Bug Tracking
1684,Google Search Console
1684,Competitor Analysis
1684,Traffic Analysis
1684,Rank Tracking
1685,QuickBooks
1685,Tax Compliance
1685,SAP Financials
1685,Excel
1686,Variance Analysis
1686,PowerBI
1686,Excel
1686,Budgeting & Forecasting
1686,Tableau
1687,Pipeline Management
1687,HubSpot
1687,Negotiation
1687,Client Relationship Management
1687,Lead Generation
1687,B2B Sales
1688,Node.js
1688,React
1688,Git Version Control
1688,PostgreSQL
1688,JavaScript / TypeScript
1689,Excel
1689,Financial Controls
1689,Internal Audit
1689,ACL Analytics
1690,PowerBI
1690,Financial Modeling
1690,Excel
1690,Budgeting & Forecasting
1690,Tableau
1691,Conflict Resolution
1691,Workplace Policy
1691,Excel
1692,Negotiation
1692,Client Relationship Management
1692,Salesforce
1692,Lead Generation
1692,B2B Sales
1693,Market Research
1693,Meta Ads Manager
1693,Social Media Marketing
1693,Mailchimp
1694,Google Analytics
1694,SEMrush
1694,Keyword Research
1694,Ahrefs
1695,Generative AI
1695,Linux
1695,AWS
1695,Terraform
1695,Backend Architecture
1696,Workday
1696,Payroll Coordination
1696,Excel
1697,PowerBI
1697,Python
1697,Statistical Analysis
1697,Tableau
1697,Data Cleaning
1697,Business Reporting
1698,Content Strategy
1698,WordPress
1698,Copywriting
1698,Editorial Calendar
1699,CI/CD
1699,AWS
1699,System Design
1699,Code Quality & Testing
1699,REST APIs
1699,MLOps
1699,Kubernetes
1699,Python
1699,Docker
1700,PowerBI
1700,Exploratory Data Analysis
1700,AWS
1700,SQL
1700,Statistical Analysis
1700,Tableau
1700,Data Cleaning
1700,Python
1701,Employee Retention
1701,Performance Management
1701,Excel
1701,HR Compliance
1701,BambooHR
1702,Onboarding
1702,HR Operations
1702,Workday
1703,Conflict Resolution
1703,Workplace Policy
1703,Excel
1704,Conflict Resolution
1704,Workplace Policy
1704,Employee Wellbeing
1705,LinkedIn Recruiter
1705,Salary Benchmarking
1705,Greenhouse
1705,Lever
1706,Pipeline Management
1706,HubSpot
1706,Client Relationship Management
1706,Salesforce
1706,Lead Generation
1706,B2B Sales
1707,Meta Ads Manager
1707,Campaign Management
1707,Social Media Marketing
1707,Google Ads
1708,Postman
1708,SLA Management
1708,Jira
1709,Market Expansion
1709,ZoomInfo
1709,Deal Closing
1710,Google Analytics
1710,SEMrush
1710,Technical SEO
1710,Search Engine Optimization
1711,Market Expansion
1711,Partnership Management
1711,Salesforce
1711,Deal Closing
1712,Employee Retention
1712,Workday
1712,Excel
1712,Talent Acquisition
1712,HR Compliance
1713,Pipeline Management
1713,HubSpot
1713,Negotiation
1713,Client Relationship Management
1713,LinkedIn Sales Navigator
1713,B2B Sales
1714,Generative AI
1714,PowerBI
1714,Exploratory Data Analysis
1714,Excel
1714,Statistical Analysis
1714,Data Cleaning
1714,MLOps
1714,Business Reporting
1715,Content Strategy
1715,WordPress
1715,Copywriting
1715,Editorial Calendar
1716,Generative AI
1716,Database Design
1716,Full-Stack Development
1716,React
1716,MLOps
1716,PostgreSQL
1716,JavaScript / TypeScript
1717,Salary Benchmarking
1717,Lever
1717,Candidate Sourcing
1718,PowerBI
1718,Excel
1718,SQL
1718,Statistical Analysis
1718,Data Cleaning
1718,Business Reporting
1719,Campaign Management
1719,Social Media Marketing
1719,Mailchimp
1720,Splunk
1720,Incident Response
1720,SIEM Tools
1720,Network Security
1720,Nmap
1721,Node.js
1721,API Integration
1721,Database Design
1721,AWS
1721,Git Version Control
1721,JavaScript / TypeScript
1722,Pipeline Management
1722,Negotiation
1722,Client Relationship Management
1722,Salesforce
1722,Lead Generation
1722,B2B Sales
1723,Google Analytics
1723,SEMrush
1723,Keyword Research
1723,Search Engine Optimization
1724,Variance Analysis
1724,PowerBI
1724,Financial Modeling
1724,Excel
1724,Tableau
1725,Onboarding
1725,HR Operations
1725,Payroll Coordination
1726,PowerBI
1726,Exploratory Data Analysis
1726,AWS
1726,SQL
1726,Tableau
1726,Statistical Analysis
1726,Business Reporting
1726,Python
1727,Excel
1727,Financial Controls
1727,SAP
1727,ACL Analytics
1728,Employee Retention
1728,Workday
1728,Performance Management
1728,Excel
1728,BambooHR
1729,Workday
1729,HR Operations
1729,Payroll Coordination
1730,Pipeline Management
1730,HubSpot
1730,Negotiation
1730,LinkedIn Sales Navigator
1730,Salesforce
1731,DevOps
1731,AWS
1731,MLOps
1731,Cloud Infrastructure
1732,Employee Retention
1732,Performance Management
1732,HR Compliance
1732,Excel
1733,Gainsight
1733,Account Growth
1733,Client Relationship Management
1733,Salesforce
1733,Cross-selling
1734,Wireshark
1734,Incident Response
1734,SIEM Tools
1734,Network Security
1734,Threat Modeling
1735,Employee Retention
1735,Excel
1735,Talent Acquisition
1735,HR Compliance
1735,BambooHR
1736,Generative AI
1736,Node.js
1736,API Integration
1736,Full-Stack Development
1736,Git Version Control
1736,JavaScript / TypeScript
1737,Cross-selling
1737,Contract Renewal
1737,Gainsight
1737,Client Relationship Management
1738,CI/CD
1738,AWS
1738,Code Quality & Testing
1738,REST APIs
1738,Kubernetes
1738,Python
1739,ACL Analytics
1739,Financial Controls
1739,Risk Assessment
1739,Excel
1740,Postman
1740,Selenium
1740,Test Automation
1740,PyTest
1740,Manual Testing
1741,Wireshark
1741,Threat Modeling
1741,SIEM Tools
1741,Network Security
1741,Nmap
1742,Generative AI
1742,SQL
1742,Statistical Analysis
1742,Tableau
1742,Python
1742,Data Cleaning
1742,Business Reporting
1743,Salesforce
1743,Gainsight
1743,Zendesk
1743,Client Relationship Management
1744,Conflict Resolution
1744,Excel
1744,Employee Wellbeing
1745,Generative AI
1745,Git
1745,CI/CD
1745,AWS
1745,System Design
1745,Data Structures & Algorithms
1745,Kubernetes
1746,Node.js
1746,Database Design
1746,AWS
1746,React
1746,Full-Stack Development
1746,JavaScript / TypeScript
1747,Campaign Management
1747,Meta Ads Manager
1747,Social Media Marketing
1747,Mailchimp
1748,Salesforce
1748,Partnership Management
1748,Market Expansion
1749,Risk Assessment
1749,Financial Controls
1749,SAP
1749,Internal Audit
1750,Market Expansion
1750,Salesforce
1750,Deal Closing
1751,Pipeline Management
1751,HubSpot
1751,Negotiation
1751,Client Relationship Management
1751,B2B Sales
1752,API Integration
1752,Database Design
1752,AWS
1752,Full-Stack Development
1752,React
1752,PostgreSQL
1753,Pipeline Management
1753,Negotiation
1753,Client Relationship Management
1753,LinkedIn Sales Navigator
1753,Lead Generation
1754,Generative AI
1754,Linux
1754,AWS
1754,Terraform
1754,Backend Architecture
1755,Employee Retention
1755,Performance Management
1755,Talent Acquisition
1755,HR Compliance
1755,BambooHR
1756,Ticket Resolution
1756,Zendesk
1756,Customer Support
1757,ServiceNow HR
1757,Workplace Policy
1757,Employee Wellbeing
1758,Google Analytics
1758,Ahrefs
1758,Technical SEO
1758,Search Engine Optimization
1759,ServiceNow HR
1759,Conflict Resolution
1759,Employee Wellbeing
1760,Postman
1760,Test Automation
1760,Jira
1760,PyTest
1760,Bug Tracking
1761,Market Expansion
1761,Salesforce
1761,ZoomInfo
1762,Financial Accounting
1762,Excel
1762,SAP Financials
1762,QuickBooks
1763,Salesforce
1763,Pipeline Management
1763,LinkedIn Sales Navigator
1763,HubSpot
1764,PowerBI
1764,Financial Modeling
1764,Excel
1764,SQL
1764,Budgeting & Forecasting
1765,ServiceNow HR
1765,Excel
1765,Employee Wellbeing
1766,Ticket Resolution
1766,Troubleshooting
1766,Zendesk
1767,Salesforce
1767,Cross-selling
1767,Zendesk
1767,Client Relationship Management
1768,Conflict Resolution
1768,Workplace Policy
1768,Employee Wellbeing
1769,HubSpot
1769,Negotiation
1769,LinkedIn Sales Navigator
1769,Salesforce
1769,Lead Generation
1769,B2B Sales
1770,Cross-selling
1770,Contract Renewal
1770,Gainsight
1770,Zendesk
1771,Salesforce
1771,Gainsight
1771,Account Growth
1771,Contract Renewal
1772,SEMrush
1772,Keyword Research
1772,Ahrefs
1772,Search Engine Optimization
1773,Tax Compliance
1773,Financial Accounting
1773,SAP Financials
1773,General Ledger
1774,Wireshark
1774,Threat Modeling
1774,Incident Response
1774,Network Security
1774,Splunk
1775,Budgeting & Forecasting
1775,Tableau
1775,Variance Analysis
1775,PowerBI
1776,Market Expansion
1776,Salesforce
1776,Deal Closing
1777,Generative AI
1777,Git
1777,CI/CD
1777,AWS
1777,System Design
1777,Code Quality & Testing
1777,Data Structures & Algorithms
1777,Python
1778,Figma
1778,Creative Direction
1778,Adobe Creative Cloud
1779,Git
1779,CI/CD
1779,System Design
1779,REST APIs
1779,MLOps
1779,Kubernetes
1779,Python
1779,Docker
1780,Onboarding
1780,HR Operations
1780,Excel
1781,HubSpot
1781,Negotiation
1781,LinkedIn Sales Navigator
1781,Lead Generation
1781,B2B Sales
1782,CI/CD
1782,Git
1782,AWS
1782,System Design
1782,Code Quality & Testing
1782,Kubernetes
1782,Docker
1783,Manual Testing
1783,Postman
1783,PyTest
1783,Bug Tracking
1784,Manual Testing
1784,Selenium
1784,Bug Tracking
1784,Jira
1785,Wireshark
1785,Vulnerability Assessment
1785,Incident Response
1785,SIEM Tools
1785,Network Security
1786,Meta Ads Manager
1786,Campaign Management
1786,Social Media Marketing
1786,Google Ads
1787,Workday
1787,Payroll Coordination
1787,Excel
1788,Internal Audit
1788,Financial Controls
1788,Risk Assessment
1788,ACL Analytics
1789,Postman
1789,Manual Testing
1789,Test Automation
1789,PyTest
1789,Bug Tracking
1790,Selenium
1790,Test Automation
1790,Jira
1790,PyTest
1790,Manual Testing
1791,Workday
1791,Excel
1791,Onboarding
1792,SQL
1792,Tableau
1792,Python
1792,Data Cleaning
1792,Business Reporting
1793,Figma
1793,Content Production
1793,Brand Storytelling
1794,Budgeting & Forecasting
1794,Tableau
1794,Financial Modeling
1794,Variance Analysis
1795,Variance Analysis
1795,PowerBI
1795,Excel
1795,SQL
1795,Tableau
1796,Generative AI
1796,PowerBI
1796,AWS
1796,Excel
1796,SQL
1796,Statistical Analysis
1796,Data Cleaning
1796,Business Reporting
1797,Splunk
1797,Postman
1797,Jira
1797,Root Cause Analysis
1798,Conflict Resolution
1798,Excel
1799,Splunk
1799,Postman
1799,SLA Management
1799,Root Cause Analysis
1800,Postman
1800,Technical Troubleshooting
1800,SLA Management
1800,Root Cause Analysis
1801,LinkedIn Recruiter
1801,Screening & Interviewing
1801,Lever
1801,Candidate Sourcing
1802,Node.js
1802,API Integration
1802,Database Design
1802,AWS
1802,Full-Stack Development
1802,PostgreSQL
1803,Greenhouse
1803,LinkedIn Recruiter
1803,Screening & Interviewing
1803,Lever
1804,Salesforce
1804,Cross-selling
1804,Contract Renewal
1804,Client Relationship Management
1805,Splunk
1805,Postman
1805,Jira
1805,Root Cause Analysis
1806,Tax Compliance
1806,Financial Accounting
1806,SAP Financials
1806,QuickBooks
1807,Google Search Console
1807,Competitor Analysis
1807,Screaming Frog
1808,Salary Benchmarking
1808,LinkedIn Recruiter
1808,Candidate Sourcing
1809,API Integration
1809,Database Design
1809,Full-Stack Development
1809,React
1809,Git Version Control
1809,JavaScript / TypeScript
1810,Technical Troubleshooting
1810,Root Cause Analysis
1810,SLA Management
1810,Splunk
1811,Gainsight
1811,Zendesk
1811,Client Relationship Management
1811,Salesforce
1811,Contract Renewal
1812,Budgeting & Forecasting
1812,SQL
1812,Financial Modeling
1812,Variance Analysis
1813,Market Expansion
1813,Partnership Management
1813,ZoomInfo
1814,Greenhouse
1814,Screening & Interviewing
1814,Lever
1814,Candidate Sourcing
1815,Splunk
1815,Postman
1815,Jira
1815,Root Cause Analysis
1816,Financial Controls
1816,Risk Assessment
1816,Excel
1817,Talent Acquisition
1817,Performance Management
1817,HR Compliance
1817,Excel
1818,Pipeline Management
1818,Negotiation
1818,LinkedIn Sales Navigator
1818,Client Relationship Management
1818,Salesforce
1818,B2B Sales
1819,Generative AI
1819,Exploratory Data Analysis
1819,AWS
1819,Excel
1819,SQL
1819,Statistical Analysis
1819,Tableau
1819,Business Reporting
1819,Python
1820,Salesforce
1820,ZoomInfo
1820,Market Expansion
1821,Gainsight
1821,Zendesk
1821,Account Growth
1821,Client Relationship Management
1821,Contract Renewal
1822,Database Design
1822,AWS
1822,Full-Stack Development
1822,React
1822,Git Version Control
1822,PostgreSQL
1823,Linux
1823,DevOps
1823,AWS
1823,Backend Architecture
1824,Linux
1824,DevOps
1824,AWS
1824,Backend Architecture
1825,Salesforce
1825,Partnership Management
1825,Deal Closing
1826,Market Research
1826,Meta Ads Manager
1826,Social Media Marketing
1826,Mailchimp
1827,HubSpot
1827,Negotiation
1827,LinkedIn Sales Navigator
1827,Client Relationship Management
1827,Salesforce
1828,Salesforce
1828,Partnership Management
1828,Deal Closing
1828,Market Expansion
1829,Content Strategy
1829,Notion
1829,Copywriting
1829,Canva
1830,Generative AI
1830,CI/CD
1830,Git
1830,AWS
1830,Code Quality & Testing
1830,Data Structures & Algorithms
1830,REST APIs
1830,Docker
1831,Tax Compliance
1831,Financial Accounting
1831,SAP Financials
1831,QuickBooks
1832,ServiceNow HR
1832,Excel
1832,Workplace Policy
1833,Budgeting & Forecasting
1833,Tableau
1833,Financial Modeling
1833,PowerBI
1834,Market Expansion
1834,Partnership Management
1834,ZoomInfo
1835,Workday
1835,HR Operations
1835,Onboarding
1836,Talent Acquisition
1836,HR Compliance
1836,Excel
1836,BambooHR
1837,PowerBI
1837,Exploratory Data Analysis
1837,Excel
1837,SQL
1837,Tableau
1837,Statistical Analysis
1838,Workday
1838,HR Operations
1838,Onboarding
1839,Workday
1839,HR Operations
1839,Payroll Coordination
1840,Google Search Console
1840,Rank Tracking
1840,Traffic Analysis
1841,Figma
1841,Content Production
1841,Creative Direction
1842,ZoomInfo
1842,Partnership Management
1842,Deal Closing
1843,Pipeline Management
1843,Negotiation
1843,Client Relationship Management
1843,LinkedIn Sales Navigator
1843,Lead Generation
1843,B2B Sales
1844,Pipeline Management
1844,Client Relationship Management
1844,LinkedIn Sales Navigator
1844,Lead Generation
1844,B2B Sales
1845,Gainsight
1845,Zendesk
1845,Account Growth
1845,Cross-selling
1845,Contract Renewal
1846,Performance Management
1846,HR Compliance
1846,Excel
1846,BambooHR
1847,Ticket Resolution
1847,Zendesk
1847,Customer Support
1848,Budgeting & Forecasting
1848,Excel
1848,Variance Analysis
1848,PowerBI
1849,Generative AI
1849,Exploratory Data Analysis
1849,AWS
1849,Tableau
1849,Statistical Analysis
1849,Data Cleaning
1849,MLOps
1849,Business Reporting
1850,Variance Analysis
1850,PowerBI
1850,SQL
1850,Tableau
1850,Budgeting & Forecasting
1851,Market Expansion
1851,ZoomInfo
1851,Deal Closing
1852,Rank Tracking
1852,Competitor Analysis
1852,Traffic Analysis
1853,Google Ads
1853,Campaign Management
1853,Social Media Marketing
1853,Mailchimp
1854,Tableau
1854,Financial Modeling
1854,Variance Analysis
1854,PowerBI
1855,Generative AI
1855,Node.js
1855,API Integration
1855,Database Design
1855,AWS
1855,Full-Stack Development
1855,Git Version Control
1855,JavaScript / TypeScript
1856,Pipeline Management
1856,HubSpot
1856,LinkedIn Sales Navigator
1856,Lead Generation
1856,B2B Sales
1857,Linux
1857,DevOps
1857,Backend Architecture
1857,Cloud Infrastructure
1858,Onboarding
1858,HR Operations
1858,Workday
1859,HubSpot
1859,Negotiation
1859,LinkedIn Sales Navigator
1859,Client Relationship Management
1859,Lead Generation
1859,B2B Sales
1860,Database Design
1860,AWS
1860,Full-Stack Development
1860,React
1860,Git Version Control
1860,MLOps
1860,JavaScript / TypeScript
1861,Market Research
1861,Campaign Management
1861,Mailchimp
1861,Social Media Marketing
1861,Google Ads
1862,DevOps
1862,AWS
1862,Terraform
1862,Cloud Infrastructure
1863,Tax Compliance
1863,SAP Financials
1863,General Ledger
1863,Excel
1864,Tax Compliance
1864,SAP Financials
1864,General Ledger
1864,QuickBooks
1865,ACL Analytics
1865,Excel
1865,Risk Assessment
1865,SAP
1866,Financial Controls
1866,SAP
1866,ACL Analytics
1867,Market Research
1867,Social Media Marketing
1867,Google Ads
1868,Wireshark
1868,Threat Modeling
1868,Incident Response
1868,Nmap
1868,Network Security
1868,Splunk
1869,Gainsight
1869,Zendesk
1869,Client Relationship Management
1869,Account Growth
1869,Salesforce
1870,Generative AI
1870,CI/CD
1870,AWS
1870,System Design
1870,Code Quality & Testing
1870,REST APIs
1870,Python
1870,Docker
1871,HubSpot
1871,Negotiation
1871,LinkedIn Sales Navigator
1871,Client Relationship Management
1871,B2B Sales
1872,Salesforce
1872,Cross-selling
1872,Contract Renewal
1872,Account Growth
1873,Gainsight
1873,Zendesk
1873,Account Growth
1873,Salesforce
1873,Cross-selling
1874,Salesforce
1874,Partnership Management
1874,ZoomInfo
1874,Deal Closing
1875,Vulnerability Assessment
1875,Threat Modeling
1875,Incident Response
1875,Network Security
1875,Nmap
1876,AWS
1876,Backend Architecture
1876,Terraform
1876,Cloud Infrastructure
1877,Gainsight
1877,Client Relationship Management
1877,Salesforce
1877,Cross-selling
1877,Contract Renewal
1878,Variance Analysis
1878,PowerBI
1878,Excel
1878,Budgeting & Forecasting
1878,Tableau
1879,Vulnerability Assessment
1879,Incident Response
1879,SIEM Tools
1879,Network Security
1879,Nmap
1880,Node.js
1880,API Integration
1880,AWS
1880,React
1880,MLOps
1880,PostgreSQL
1880,JavaScript / TypeScript
1881,Market Research
1881,Meta Ads Manager
1881,Social Media Marketing
1881,Google Ads
1882,SQL
1882,Excel
1882,Variance Analysis
1882,PowerBI
1883,CI/CD
1883,Git
1883,AWS
1883,Code Quality & Testing
1883,Data Structures & Algorithms
1883,Python
1883,Docker
1884,Generative AI
1884,Linux
1884,AWS
1884,Cloud Infrastructure
1884,MLOps
1885,Splunk
1885,Postman
1885,Technical Troubleshooting
1885,Jira
1886,Splunk
1886,Postman
1886,Root Cause Analysis
1886,Jira
1887,Internal Audit
1887,Financial Controls
1887,Risk Assessment
1887,Excel
1888,Workday
1888,Employee Retention
1888,Performance Management
1888,BambooHR
1889,Node.js
1889,Database Design
1889,React
1889,Git Version Control
1889,JavaScript / TypeScript
1890,PowerBI
1890,Financial Modeling
1890,SQL
1890,Tableau
1890,Budgeting & Forecasting
1891,Postman
1891,PyTest
1891,Bug Tracking
1891,Jira
1892,LinkedIn Recruiter
1892,Salary Benchmarking
1892,Greenhouse
1892,Screening & Interviewing
1893,Onboarding
1893,Workday
1893,Excel
1894,PowerBI
1894,Excel
1894,SQL
1894,Statistical Analysis
1894,Tableau
1894,Python
1895,Google Analytics
1895,SEMrush
1895,Ahrefs
1895,Search Engine Optimization
1896,Salesforce
1896,Pipeline Management
1896,LinkedIn Sales Navigator
1896,B2B Sales
1897,Salesforce
1897,Negotiation
1897,LinkedIn Sales Navigator
1897,B2B Sales
1898,Budgeting & Forecasting
1898,SQL
1898,Excel
1898,PowerBI
1899,Generative AI
1899,CI/CD
1899,AWS
1899,System Design
1899,REST APIs
1899,Kubernetes
1899,Docker
1900,Node.js
1900,API Integration
1900,Database Design
1900,AWS
1900,React
1900,Full-Stack Development
1900,Git Version Control
1901,Conflict Resolution
1901,Workplace Policy
1901,Excel
1902,Account Growth
1902,Zendesk
1902,Client Relationship Management
1902,Cross-selling
1902,Contract Renewal
1903,Google Search Console
1903,Rank Tracking
1903,Competitor Analysis
1904,SAP
1904,Financial Controls
1904,Risk Assessment
1904,Excel
1905,API Integration
1905,React
1905,Full-Stack Development
1905,MLOps
1905,PostgreSQL
1905,JavaScript / TypeScript
1906,Tax Compliance
1906,SAP Financials
1906,General Ledger
1906,QuickBooks
1907,Gainsight
1907,Zendesk
1907,Client Relationship Management
1907,Salesforce
1907,Cross-selling
1908,PowerBI
1908,Exploratory Data Analysis
1908,AWS
1908,Excel
1908,SQL
1908,Tableau
1908,Statistical Analysis
1908,MLOps
1908,Python
1909,Pipeline Management
1909,HubSpot
1909,Negotiation
1909,Salesforce
1909,Lead Generation
1910,SQL
1910,Financial Modeling
1910,Variance Analysis
1910,Budgeting & Forecasting
1911,Git
1911,AWS
1911,System Design
1911,Code Quality & Testing
1911,REST APIs
1911,Kubernetes
1911,Python
1911,Docker
1912,Generative AI
1912,Node.js
1912,Database Design
1912,React
1912,MLOps
1912,PostgreSQL
1912,JavaScript / TypeScript
1913,Salesforce
1913,Cross-selling
1913,Account Growth
1913,Client Relationship Management
1914,Market Expansion
1914,ZoomInfo
1914,Deal Closing
1915,SAP
1915,ACL Analytics
1915,Risk Assessment
1915,Excel
1916,ACL Analytics
1916,SAP
1916,Excel
1917,SQL
1917,Financial Modeling
1917,PowerBI
1917,Excel
1918,Salesforce
1918,Partnership Management
1918,Deal Closing
1919,Postman
1919,Selenium
1919,Manual Testing
1919,Test Automation
1919,Bug Tracking
1920,Generative AI
1920,Git
1920,AWS
1920,System Design
1920,REST APIs
1920,MLOps
1920,Kubernetes
1920,Python
1921,Vulnerability Assessment
1921,Incident Response
1921,SIEM Tools
1921,Nmap
1921,Splunk
1922,DevOps
1922,AWS
1922,Backend Architecture
1922,Cloud Infrastructure
1923,Vulnerability Assessment
1923,Incident Response
1923,SIEM Tools
1923,Network Security
1923,Splunk
1924,Technical Troubleshooting
1924,Root Cause Analysis
1924,SLA Management
1924,Splunk
1925,ServiceNow HR
1925,Excel
1925,Workplace Policy
1926,Market Expansion
1926,Partnership Management
1926,Deal Closing
1927,Figma
1927,Creative Direction
1927,Adobe Creative Cloud
1928,Workplace Policy
1928,Conflict Resolution
1928,Excel
1929,PyTest
1929,Bug Tracking
1929,Test Automation
1929,Jira
1930,Employee Retention
1930,Workday
1930,Excel
1930,Talent Acquisition
1930,BambooHR
1931,Zendesk
1931,Client Relationship Management
1931,Salesforce
1931,Cross-selling
1931,Contract Renewal
1932,Lever
1932,Salary Benchmarking
1932,LinkedIn Recruiter
1932,Screening & Interviewing
1933,Notion
1933,WordPress
1933,Copywriting
1933,Canva
1934,ServiceNow HR
1934,Conflict Resolution
1934,Workplace Policy
1935,ServiceNow HR
1935,Excel
1935,Employee Wellbeing
1936,Account Growth
1936,Cross-selling
1936,Gainsight
1936,Zendesk
1937,Wireshark
1937,Vulnerability Assessment
1937,Threat Modeling
1937,SIEM Tools
1937,Network Security
1937,Splunk
1938,CI/CD
1938,Git
1938,AWS
1938,Code Quality & Testing
1938,Data Structures & Algorithms
1938,REST APIs
1938,MLOps
1938,Python
1939,Market Research
1939,Mailchimp
1939,Campaign Management
1939,Google Ads
1940,SAP
1940,Financial Controls
1940,Risk Assessment
1940,Excel
1941,Conflict Resolution
1941,Workplace Policy
1941,Employee Wellbeing
1942,Excel
1942,Risk Assessment
1942,ACL Analytics
1943,HubSpot
1943,Client Relationship Management
1943,LinkedIn Sales Navigator
1943,Lead Generation
1943,B2B Sales
1944,Employee Retention
1944,Performance Management
1944,Excel
1944,Talent Acquisition
1944,BambooHR
1945,Salesforce
1945,Cross-selling
1945,Account Growth
1945,Zendesk
1946,Exploratory Data Analysis
1946,SQL
1946,Tableau
1946,Statistical Analysis
1946,Business Reporting
1946,Data Cleaning
1946,Python
1947,Splunk
1947,Technical Troubleshooting
1947,SLA Management
1947,Jira
1948,Lever
1948,Salary Benchmarking
1948,Screening & Interviewing
1949,Market Expansion
1949,ZoomInfo
1949,Deal Closing
1950,Selenium
1950,Test Automation
1950,Jira
1950,PyTest
1950,Manual Testing
1951,Excel
1951,Workplace Policy
1951,Employee Wellbeing
1952,API Integration
1952,React
1952,Git Version Control
1952,PostgreSQL
1952,MLOps
1953,Google Analytics
1953,Keyword Research
1953,Ahrefs
1954,Technical Troubleshooting
1954,SLA Management
1954,Jira
1954,Splunk
1955,Generative AI
1955,Node.js
1955,API Integration
1955,Database Design
1955,Full-Stack Development
1955,Git Version Control
1955,MLOps
1956,Gainsight
1956,Account Growth
1956,Salesforce
1956,Cross-selling
1956,Contract Renewal
1957,PowerBI
1957,Exploratory Data Analysis
1957,Excel
1957,SQL
1957,Python
1957,Data Cleaning
1957,MLOps
1957,Business Reporting
1958,Wireshark
1958,Incident Response
1958,SIEM Tools
1958,Nmap
1958,Network Security
1958,Splunk
1959,Pipeline Management
1959,HubSpot
1959,Negotiation
1959,Salesforce
1959,B2B Sales
1960,Salesforce
1960,Negotiation
1960,Client Relationship Management
1960,HubSpot
1961,Linux
1961,AWS
1961,Backend Architecture
1961,Cloud Infrastructure
1962,Onboarding
1962,Payroll Coordination
1962,Excel
1963,API Integration
1963,Database Design
1963,React
1963,Git Version Control
1963,PostgreSQL
1963,JavaScript / TypeScript
1964,Generative AI
1964,API Integration
1964,AWS
1964,Full-Stack Development
1964,React
1964,Git Version Control
1964,PostgreSQL
1964,JavaScript / TypeScript
1965,Onboarding
1965,Payroll Coordination
1965,Workday
1966,Lever
1966,Greenhouse
1966,Screening & Interviewing
1967,Market Expansion
1967,Partnership Management
1967,Deal Closing
1968,Troubleshooting
1968,Zendesk
1968,Customer Support
1969,Generative AI
1969,PowerBI
1969,Exploratory Data Analysis
1969,Excel
1969,SQL
1969,Statistical Analysis
1969,Business Reporting
1969,Python
1970,Workplace Policy
1970,Excel
1970,Employee Wellbeing
1971,Gainsight
1971,Zendesk
1971,Account Growth
1971,Salesforce
1971,Cross-selling
1972,Generative AI
1972,Node.js
1972,API Integration
1972,Database Design
1972,Full-Stack Development
1972,React
1972,PostgreSQL
1973,Excel
1973,Financial Controls
1973,SAP
1973,ACL Analytics
1974,Node.js
1974,API Integration
1974,Database Design
1974,AWS
1974,React
1974,Git Version Control
1974,PostgreSQL
1975,Postman
1975,Selenium
1975,Bug Tracking
1975,Jira
1976,PowerBI
1976,Excel
1976,SQL
1976,Tableau
1976,Python
1976,Data Cleaning
1976,Business Reporting
1977,Cross-selling
1977,Gainsight
1977,Account Growth
1977,Contract Renewal
1978,SEMrush
1978,Ahrefs
1978,Technical SEO
1979,Pipeline Management
1979,Negotiation
1979,LinkedIn Sales Navigator
1979,Client Relationship Management
1979,Lead Generation
1979,B2B Sales
1980,Salesforce
1980,Partnership Management
1980,Market Expansion
1981,Salesforce
1981,ZoomInfo
1981,Partnership Management
1981,Deal Closing
1982,Content Strategy
1982,Canva
1982,Copywriting
1982,Notion
1983,Risk Assessment
1983,Financial Controls
1983,SAP
1983,ACL Analytics
1984,Wireshark
1984,Vulnerability Assessment
1984,Incident Response
1984,SIEM Tools
1984,Network Security
1984,Splunk
1985,AWS
1985,System Design
1985,Code Quality & Testing
1985,Data Structures & Algorithms
1985,REST APIs
1985,Kubernetes
1985,Python
1986,Generative AI
1986,Git
1986,CI/CD
1986,AWS
1986,Code Quality & Testing
1986,REST APIs
1986,Kubernetes
1986,Python
1987,Generative AI
1987,Linux
1987,AWS
1987,Terraform
1987,DevOps
1988,Postman
1988,Technical Troubleshooting
1988,Jira
1988,Root Cause Analysis
1989,Risk Assessment
1989,Financial Controls
1989,SAP
1989,Excel
1990,Cross-selling
1990,Contract Renewal
1990,Account Growth
1990,Client Relationship Management
1991,Jira Service Desk
1991,Zendesk
1991,Customer Support
1992,Generative AI
1992,Linux
1992,AWS
1992,Cloud Infrastructure
1992,DevOps
1993,Generative AI
1993,Linux
1993,AWS
1993,Cloud Infrastructure
1993,Terraform
1993,Backend Architecture
1994,Market Research
1994,Meta Ads Manager
1994,Campaign Management
1994,Google Ads
1995,Creative Direction
1995,Brand Storytelling
1995,Adobe Creative Cloud
1996,Figma
1996,Content Production
1996,Adobe Creative Cloud
1997,CI/CD
1997,AWS
1997,System Design
1997,REST APIs
1997,Docker
1998,Linux
1998,AWS
1998,Terraform
1998,Cloud Infrastructure
1999,Employee Retention
1999,Workday
1999,Excel
1999,Talent Acquisition
1999,HR Compliance
2000,CI/CD
2000,AWS
2000,System Design
2000,Code Quality & Testing
2000,REST APIs
2000,MLOps
2000,Python
2000,Docker
2001,Pipeline Management
2001,HubSpot
2001,Negotiation
2001,Client Relationship Management
2001,LinkedIn Sales Navigator
2001,B2B Sales
2002,Pipeline Management
2002,HubSpot
2002,Negotiation
2002,LinkedIn Sales Navigator
2002,Lead Generation
2003,Budgeting & Forecasting
2003,SQL
2003,Variance Analysis
2003,PowerBI
2004,PowerBI
2004,Excel
2004,Budgeting & Forecasting
2004,Tableau
2004,SQL
2005,Negotiation
2005,Client Relationship Management
2005,LinkedIn Sales Navigator
2005,Salesforce
2005,B2B Sales
2006,Negotiation
2006,LinkedIn Sales Navigator
2006,Client Relationship Management
2006,Salesforce
2006,Lead Generation
2006,B2B Sales
2007,Gainsight
2007,Client Relationship Management
2007,Salesforce
2007,Cross-selling
2007,Contract Renewal
2008,Pipeline Management
2008,Client Relationship Management
2008,LinkedIn Sales Navigator
2008,Salesforce
2008,Lead Generation
2008,B2B Sales
2009,Bug Tracking
2009,Manual Testing
2009,Test Automation
2009,Jira
2010,LinkedIn Recruiter
2010,Screening & Interviewing
2010,Lever
2010,Candidate Sourcing
2011,Workday
2011,HR Operations
2011,Onboarding
2012,Postman
2012,Technical Troubleshooting
2012,SLA Management
2012,Root Cause Analysis
2013,Canva
2013,Copywriting
2013,Editorial Calendar
2013,Notion
2014,Vulnerability Assessment
2014,Threat Modeling
2014,Incident Response
2014,Network Security
2014,Splunk
2015,Budgeting & Forecasting
2015,Tableau
2015,Variance Analysis
2015,Excel
2016,Employee Retention
2016,Workday
2016,Excel
2016,Talent Acquisition
2016,HR Compliance
2017,DevOps
2017,AWS
2017,Backend Architecture
2017,Terraform
2018,AWS
2018,MLOps
2018,Terraform
2018,Backend Architecture
2018,DevOps
2019,Tax Compliance
2019,Financial Accounting
2019,SAP Financials
2019,General Ledger
2020,Content Strategy
2020,WordPress
2020,Editorial Calendar
2021,Generative AI
2021,AWS
2021,Code Quality & Testing
2021,Data Structures & Algorithms
2021,Kubernetes
2021,Python
2021,Docker
2022,Google Analytics
2022,Keyword Research
2022,Ahrefs
2022,Technical SEO
2023,Google Analytics
2023,Keyword Research
2023,Technical SEO
2023,Search Engine Optimization
2024,Market Expansion
2024,Partnership Management
2024,ZoomInfo
2025,Splunk
2025,Vulnerability Assessment
2025,SIEM Tools
2025,Network Security
2025,Threat Modeling
2026,WordPress
2026,Copywriting
2026,Editorial Calendar
2026,Canva
2027,Excel
2027,Financial Controls
2027,SAP
2027,ACL Analytics
2028,Node.js
2028,API Integration
2028,AWS
2028,React
2028,Full-Stack Development
2028,Git Version Control
2028,JavaScript / TypeScript
2029,Employee Retention
2029,Workday
2029,Excel
2029,HR Compliance
2029,BambooHR
2030,Internal Audit
2030,Risk Assessment
2030,Excel
2030,SAP
2030,ACL Analytics
2031,Financial Controls
2031,Risk Assessment
2031,Excel
2032,SAP
2032,Financial Controls
2032,Internal Audit
2032,ACL Analytics
2033,Gainsight
2033,Zendesk
2033,Account Growth
2033,Client Relationship Management
2033,Salesforce
2034,Wireshark
2034,Threat Modeling
2034,SIEM Tools
2034,Nmap
2034,Splunk
2035,PowerBI
2035,Exploratory Data Analysis
2035,Excel
2035,SQL
2035,Statistical Analysis
2035,Tableau
2036,Pipeline Management
2036,HubSpot
2036,Negotiation
2036,Client Relationship Management
2036,LinkedIn Sales Navigator
2036,Salesforce
2037,ACL Analytics
2037,Financial Controls
2037,SAP
2037,Internal Audit
2038,Pipeline Management
2038,HubSpot
2038,Client Relationship Management
2038,LinkedIn Sales Navigator
2038,Salesforce
2038,B2B Sales
2039,Bug Tracking
2039,PyTest
2039,Manual Testing
2039,Selenium
2040,HubSpot
2040,Negotiation
2040,LinkedIn Sales Navigator
2040,Salesforce
2040,B2B Sales
2041,Gainsight
2041,Account Growth
2041,Client Relationship Management
2041,Salesforce
2041,Contract Renewal
2042,Competitor Analysis
2042,Screaming Frog
2042,Rank Tracking
2043,Market Research
2043,Campaign Management
2043,Social Media Marketing
2043,Google Ads
2044,Budgeting & Forecasting
2044,Financial Modeling
2044,Excel
2044,PowerBI
2045,Pipeline Management
2045,Negotiation
2045,LinkedIn Sales Navigator
2045,Salesforce
2045,B2B Sales
2046,Salesforce
2046,ZoomInfo
2046,Market Expansion
2047,CI/CD
2047,AWS
2047,Code Quality & Testing
2047,Data Structures & Algorithms
2047,REST APIs
2047,Kubernetes
2047,Python
2047,Docker
2048,Node.js
2048,API Integration
2048,Database Design
2048,React
2048,JavaScript / TypeScript
2049,Tax Compliance
2049,Financial Accounting
2049,SAP Financials
2050,Risk Assessment
2050,Financial Controls
2050,Internal Audit
2050,Excel
2051,Mailchimp
2051,Meta Ads Manager
2051,Campaign Management
2051,Google Ads
2052,Node.js
2052,Database Design
2052,AWS
2052,React
2052,Full-Stack Development
2052,MLOps
2053,Node.js
2053,API Integration
2053,AWS
2053,React
2053,Git Version Control
2053,PostgreSQL
2053,JavaScript / TypeScript
2054,Google Analytics
2054,Ahrefs
2054,Technical SEO
2054,Search Engine Optimization
2055,Wireshark
2055,Vulnerability Assessment
2055,Incident Response
2055,SIEM Tools
2055,Nmap
2056,Generative AI
2056,AWS
2056,MLOps
2056,Cloud Infrastructure
2056,Terraform
2056,DevOps
2057,Variance Analysis
2057,Excel
2057,Budgeting & Forecasting
2057,Tableau
2057,SQL
2058,Account Growth
2058,Cross-selling
2058,Contract Renewal
2058,Zendesk
2059,PowerBI
2059,Financial Modeling
2059,SQL
2059,Tableau
2059,Budgeting & Forecasting
2060,Budgeting & Forecasting
2060,Financial Modeling
2060,Variance Analysis
2060,Excel
2061,Postman
2061,PyTest
2061,Manual Testing
2061,Test Automation
2062,Test Automation
2062,PyTest
2062,Selenium
2062,Jira
2063,Wireshark
2063,Vulnerability Assessment
2063,SIEM Tools
2063,Nmap
2063,Threat Modeling
2064,Postman
2064,Selenium
2064,Test Automation
2064,Jira
2064,Manual Testing
2065,Splunk
2065,Vulnerability Assessment
2065,Nmap
2065,Threat Modeling
2066,HubSpot
2066,Negotiation
2066,Salesforce
2066,Lead Generation
2066,B2B Sales
2067,SAP
2067,Risk Assessment
2067,Internal Audit
2067,ACL Analytics
2068,Internal Audit
2068,Excel
2068,SAP
2068,ACL Analytics
2069,Pipeline Management
2069,HubSpot
2069,Negotiation
2069,Client Relationship Management
2069,B2B Sales
2070,Postman
2070,Selenium
2070,Jira
2070,PyTest
2070,Manual Testing
2071,Gainsight
2071,Zendesk
2071,Account Growth
2071,Salesforce
2071,Contract Renewal
2072,Google Search Console
2072,Rank Tracking
2072,Screaming Frog
2073,Excel
2073,SQL
2073,Statistical Analysis
2073,Business Reporting
2073,Data Cleaning
2073,MLOps
2073,Python
2074,Workday
2074,HR Operations
2074,Payroll Coordination
2075,PowerBI
2075,Excel
2075,Python
2075,Statistical Analysis
2075,Tableau
2075,Data Cleaning
2075,MLOps
2075,Business Reporting
2076,Selenium
2076,Manual Testing
2076,Test Automation
2076,Jira
2077,Postman
2077,Selenium
2077,Bug Tracking
2077,Test Automation
2078,ZoomInfo
2078,Partnership Management
2078,Deal Closing
2079,Salary Benchmarking
2079,Greenhouse
2079,LinkedIn Recruiter
2079,Lever
2080,Tax Compliance
2080,Financial Accounting
2080,General Ledger
2080,Excel
2081,Generative AI
2081,Node.js
2081,Full-Stack Development
2081,React
2081,MLOps
2081,PostgreSQL
2081,JavaScript / TypeScript
2082,Generative AI
2082,Node.js
2082,API Integration
2082,React
2082,Full-Stack Development
2082,Git Version Control
2082,PostgreSQL
2082,MLOps
2083,Gainsight
2083,Account Growth
2083,Zendesk
2083,Client Relationship Management
2083,Contract Renewal
2084,Vulnerability Assessment
2084,Threat Modeling
2084,SIEM Tools
2084,Network Security
2084,Nmap
2085,Google Search Console
2085,Rank Tracking
2085,Screaming Frog
2086,Salesforce
2086,ZoomInfo
2086,Deal Closing
2087,Pipeline Management
2087,Negotiation
2087,LinkedIn Sales Navigator
2087,Client Relationship Management
2087,Salesforce
2087,Lead Generation
2088,Wireshark
2088,Vulnerability Assessment
2088,Threat Modeling
2088,SIEM Tools
2088,Network Security
2088,Splunk
2089,Node.js
2089,Database Design
2089,AWS
2089,React
2089,Full-Stack Development
2089,MLOps
2089,PostgreSQL
2089,JavaScript / TypeScript
2090,Splunk
2090,Vulnerability Assessment
2090,Threat Modeling
2090,Incident Response
2090,Network Security
2090,Nmap
2091,Git
2091,CI/CD
2091,AWS
2091,System Design
2091,Data Structures & Algorithms
2091,Python
2092,HR Operations
2092,Payroll Coordination
2092,Excel
2093,Wireshark
2093,Vulnerability Assessment
2093,Incident Response
2093,Network Security
2093,Splunk
2094,ACL Analytics
2094,Financial Controls
2094,Risk Assessment
2094,Excel
2095,Financial Accounting
2095,SAP Financials
2095,QuickBooks
2096,Salary Benchmarking
2096,LinkedIn Recruiter
2096,Screening & Interviewing
2096,Candidate Sourcing
2097,Employee Retention
2097,Excel
2097,Talent Acquisition
2097,HR Compliance
2097,BambooHR
2098,Gainsight
2098,Account Growth
2098,Zendesk
2098,Client Relationship Management
2098,Contract Renewal
2099,CI/CD
2099,Git
2099,AWS
2099,System Design
2099,Code Quality & Testing
2099,Data Structures & Algorithms
2099,REST APIs
2099,Docker
2100,Tax Compliance
2100,SAP Financials
2100,Excel
2101,Generative AI
2101,CI/CD
2101,AWS
2101,System Design
2101,Code Quality & Testing
2101,Data Structures & Algorithms
2101,MLOps
2101,Kubernetes
2101,Python
2101,Docker
2102,Postman
2102,Selenium
2102,Jira
2102,PyTest
2102,Manual Testing
2103,Variance Analysis
2103,PowerBI
2103,Budgeting & Forecasting
2103,Tableau
2103,SQL
2104,Cross-selling
2104,Gainsight
2104,Account Growth
2104,Contract Renewal
2105,Risk Assessment
2105,Financial Controls
2105,Internal Audit
2105,ACL Analytics
2106,Generative AI
2106,Linux
2106,AWS
2106,Backend Architecture
2106,DevOps
2107,Mailchimp
2107,Meta Ads Manager
2107,Social Media Marketing
2107,Google Ads
2108,Generative AI
2108,Linux
2108,Terraform
2108,Backend Architecture
2108,DevOps
2109,Gainsight
2109,Zendesk
2109,Client Relationship Management
2109,Account Growth
2109,Contract Renewal
2110,HR Operations
2110,Payroll Coordination
2110,Excel
2111,Google Search Console
2111,Rank Tracking
2111,Screaming Frog
2112,Zendesk
2112,Account Growth
2112,Salesforce
2112,Cross-selling
2112,Contract Renewal
2113,Generative AI
2113,Git
2113,AWS
2113,System Design
2113,Data Structures & Algorithms
2113,REST APIs
2113,Kubernetes
2113,Docker
2114,Variance Analysis
2114,PowerBI
2114,Excel
2114,SQL
2114,Budgeting & Forecasting
2115,Pipeline Management
2115,LinkedIn Sales Navigator
2115,Salesforce
2115,Lead Generation
2115,B2B Sales
2116,Postman
2116,Technical Troubleshooting
2116,Jira
2116,Root Cause Analysis
2117,Wireshark
2117,Splunk
2117,Vulnerability Assessment
2117,Threat Modeling
2117,Nmap
2118,Postman
2118,SLA Management
2118,Splunk
2119,Ticket Resolution
2119,Troubleshooting
2119,Zendesk
2119,Customer Support
2120,Market Expansion
2120,Partnership Management
2120,ZoomInfo
2121,Zendesk
2121,Cross-selling
2121,Contract Renewal
2121,Account Growth
2122,PowerBI
2122,Financial Modeling
2122,Budgeting & Forecasting
2122,Tableau
2122,SQL
2123,Financial Modeling
2123,Excel
2123,Variance Analysis
2123,PowerBI
2124,DevOps
2124,Backend Architecture
2124,Terraform
2125,Greenhouse
2125,LinkedIn Recruiter
2125,Screening & Interviewing
2125,Lever
2126,Content Strategy
2126,WordPress
2126,Copywriting
2126,Notion
2127,Financial Accounting
2127,SAP Financials
2127,General Ledger
2128,Generative AI
2128,PowerBI
2128,Exploratory Data Analysis
2128,AWS
2128,Excel
2128,Statistical Analysis
2128,Tableau
2128,Data Cleaning
2129,Market Expansion
2129,Partnership Management
2129,Deal Closing
2130,Pipeline Management
2130,Negotiation
2130,LinkedIn Sales Navigator
2130,Client Relationship Management
2130,Lead Generation
2130,B2B Sales
2131,Talent Acquisition
2131,Employee Retention
2131,HR Compliance
2131,Excel
2132,PyTest
2132,Manual Testing
2132,Test Automation
2132,Jira
2133,Risk Assessment
2133,Financial Controls
2133,SAP
2133,Excel
2134,Budgeting & Forecasting
2134,Tableau
2134,Variance Analysis
2134,Excel
2135,ServiceNow HR
2135,Excel
2135,Workplace Policy
2136,Variance Analysis
2136,PowerBI
2136,Excel
2136,Budgeting & Forecasting
2136,SQL
2137,Pipeline Management
2137,Negotiation
2137,LinkedIn Sales Navigator
2137,Client Relationship Management
2137,Salesforce
2138,Selenium
2138,Manual Testing
2138,Test Automation
2138,PyTest
2139,SAP Financials
2139,General Ledger
2139,Excel
2140,Generative AI
2140,AWS
2140,Cloud Infrastructure
2140,Backend Architecture
2140,DevOps
2141,Generative AI
2141,API Integration
2141,Database Design
2141,AWS
2141,Full-Stack Development
2141,React
2141,Git Version Control
2141,MLOps
2142,Market Research
2142,Meta Ads Manager
2142,Social Media Marketing
2142,Mailchimp
2143,Manual Testing
2143,Postman
2143,Bug Tracking
2143,Test Automation
2144,Gainsight
2144,Account Growth
2144,Client Relationship Management
2144,Cross-selling
2144,Contract Renewal
2145,Generative AI
2145,Linux
2145,AWS
2145,Terraform
2145,Cloud Infrastructure
2145,DevOps
2146,Linux
2146,AWS
2146,Terraform
2146,Backend Architecture
2146,DevOps
2147,Pipeline Management
2147,HubSpot
2147,Negotiation
2147,Client Relationship Management
2147,LinkedIn Sales Navigator
2147,Salesforce
2148,Cross-selling
2148,Gainsight
2148,Account Growth
2148,Client Relationship Management
2149,Google Search Console
2149,Competitor Analysis
2149,Traffic Analysis
2150,Git
2150,AWS
2150,System Design
2150,Data Structures & Algorithms
2150,Kubernetes
2150,Docker
2151,Workday
2151,HR Operations
2151,Onboarding
2152,API Integration
2152,Database Design
2152,React
2152,Git Version Control
2152,PostgreSQL
2153,Bug Tracking
2153,Test Automation
2153,Jira
2153,PyTest
2153,Manual Testing
2154,Risk Assessment
2154,Financial Controls
2154,SAP
2154,Excel
2155,LinkedIn Recruiter
2155,Screening & Interviewing
2155,Lever
2155,Candidate Sourcing
2156,Salary Benchmarking
2156,LinkedIn Recruiter
2156,Screening & Interviewing
2156,Candidate Sourcing
2157,Employee Retention
2157,Performance Management
2157,Excel
2157,BambooHR
2158,Generative AI
2158,Exploratory Data Analysis
2158,Excel
2158,SQL
2158,Tableau
2158,Data Cleaning
2158,MLOps
2158,Python
2159,Bug Tracking
2159,Postman
2159,Selenium
2159,Test Automation
2159,Manual Testing
2160,Salesforce
2160,Partnership Management
2160,Market Expansion
2161,Wireshark
2161,Splunk
2161,Vulnerability Assessment
2161,Incident Response
2161,Network Security
2161,Nmap
2162,SQL
2162,Financial Modeling
2162,PowerBI
2162,Excel
2163,Postman
2163,Technical Troubleshooting
2163,SLA Management
2163,Splunk
2164,Client Relationship Management
2164,LinkedIn Sales Navigator
2164,Salesforce
2164,Lead Generation
2164,B2B Sales
2165,Tax Compliance
2165,SAP Financials
2165,General Ledger
2165,QuickBooks
2166,Git
2166,CI/CD
2166,AWS
2166,Code Quality & Testing
2166,REST APIs
2166,MLOps
2166,Kubernetes
2166,Python
2166,Docker
2167,Postman
2167,Selenium
2167,Manual Testing
2167,Test Automation
2168,Pipeline Management
2168,HubSpot
2168,Negotiation
2168,LinkedIn Sales Navigator
2168,Client Relationship Management
2168,B2B Sales
2169,Mailchimp
2169,Campaign Management
2169,Social Media Marketing
2169,Google Ads
2170,Workday
2170,HR Operations
2170,Excel
2171,HR Operations
2171,Payroll Coordination
2171,Excel
2172,Manual Testing
2172,Postman
2172,Selenium
2172,Bug Tracking
2173,Campaign Management
2173,Social Media Marketing
2173,Google Ads
2174,Wireshark
2174,Vulnerability Assessment
2174,Incident Response
2174,SIEM Tools
2174,Network Security
2174,Threat Modeling
2175,ACL Analytics
2175,SAP
2175,Risk Assessment
2175,Excel
2176,Tax Compliance
2176,Financial Accounting
2176,SAP Financials
2176,Excel
2177,Workplace Policy
2177,Conflict Resolution
2177,Excel
2177,Employee Wellbeing
2178,Jira Service Desk
2178,Troubleshooting
2178,Zendesk
2178,Customer Support
2179,Jira Service Desk
2179,Ticket Resolution
2179,Customer Support
2180,Content Strategy
2180,WordPress
2180,Copywriting
2181,ACL Analytics
2181,SAP
2181,Internal Audit
2181,Excel
2182,Salesforce
2182,ZoomInfo
2182,Market Expansion
2183,Market Expansion
2183,Partnership Management
2183,Salesforce
2183,Deal Closing
2184,Wireshark
2184,Splunk
2184,Vulnerability Assessment
2184,Incident Response
2184,Nmap
2185,Market Expansion
2185,ZoomInfo
2185,Deal Closing
2186,Cloud Infrastructure
2186,AWS
2186,Backend Architecture
2186,Terraform
2187,Postman
2187,Selenium
2187,Test Automation
2187,Jira
2187,Bug Tracking
2188,Wireshark
2188,Vulnerability Assessment
2188,Network Security
2188,Threat Modeling
2189,Zendesk
2189,Account Growth
2189,Client Relationship Management
2189,Salesforce
2189,Cross-selling
2190,Salesforce
2190,Cross-selling
2190,Gainsight
2190,Account Growth
2191,SQL
2191,Tableau
2191,Financial Modeling
2191,Variance Analysis
2192,Variance Analysis
2192,Financial Modeling
2192,Excel
2192,SQL
2192,Tableau
2193,Salesforce
2193,Partnership Management
2193,ZoomInfo
2194,Talent Acquisition
2194,Employee Retention
2194,Performance Management
2194,BambooHR
2195,Linux
2195,DevOps
2195,AWS
2195,Backend Architecture
2196,Employee Retention
2196,Workday
2196,Excel
2196,HR Compliance
2196,BambooHR
2197,Greenhouse
2197,LinkedIn Recruiter
2197,Lever
2197,Candidate Sourcing
2198,Generative AI
2198,Node.js
2198,Database Design
2198,React
2198,MLOps
2198,Git Version Control
2198,PostgreSQL
2198,JavaScript / TypeScript
2199,Pipeline Management
2199,HubSpot
2199,Negotiation
2199,Client Relationship Management
2199,B2B Sales
2200,Market Expansion
2200,Partnership Management
2200,ZoomInfo
2201,Content Strategy
2201,Copywriting
2201,Editorial Calendar
2201,Notion
2202,Figma
2202,Content Production
2202,Brand Storytelling
2203,DevOps
2203,AWS
2203,Terraform
2203,Cloud Infrastructure
2204,Wireshark
2204,Incident Response
2204,Network Security
2204,Splunk
2205,Postman
2205,Root Cause Analysis
2205,SLA Management
2205,Splunk
2206,Traffic Analysis
2206,Google Search Console
2206,Rank Tracking
2206,Screaming Frog
2207,Tax Compliance
2207,Financial Accounting
2207,SAP Financials
2207,Excel
2208,Linux
2208,AWS
2208,Cloud Infrastructure
2208,Backend Architecture
2208,DevOps
2209,Variance Analysis
2209,Financial Modeling
2209,Excel
2209,Budgeting & Forecasting
2209,Tableau
2210,HR Operations
2210,Payroll Coordination
2210,Excel
2211,Salesforce
2211,Partnership Management
2211,ZoomInfo
2212,HubSpot
2212,LinkedIn Sales Navigator
2212,Client Relationship Management
2212,Salesforce
2212,Lead Generation
2212,B2B Sales
2213,Market Expansion
2213,Salesforce
2213,ZoomInfo
2214,Employee Retention
2214,Workday
2214,Performance Management
2214,HR Compliance
2214,BambooHR
2215,Gainsight
2215,Account Growth
2215,Zendesk
2215,Client Relationship Management
2215,Salesforce
2216,Salesforce
2216,Partnership Management
2216,Deal Closing
2217,Lever
2217,Greenhouse
2217,Screening & Interviewing
2218,Gainsight
2218,Account Growth
2218,Salesforce
2218,Cross-selling
2218,Contract Renewal
2219,Generative AI
2219,AWS
2219,System Design
2219,Code Quality & Testing
2219,REST APIs
2219,Kubernetes
2219,Python
2219,Docker
2220,Excel
2220,Risk Assessment
2220,Internal Audit
2220,ACL Analytics
2221,Account Growth
2221,Cross-selling
2221,Gainsight
2221,Zendesk
2222,Variance Analysis
2222,PowerBI
2222,Financial Modeling
2222,Excel
2222,Tableau
2223,Salesforce
2223,ZoomInfo
2223,Deal Closing
2224,ACL Analytics
2224,Risk Assessment
2224,Internal Audit
2224,Excel
2225,Onboarding
2225,Payroll Coordination
2225,Workday
2226,Generative AI
2226,Node.js
2226,API Integration
2226,Database Design
2226,Full-Stack Development
2226,React
2226,JavaScript / TypeScript
2227,Wireshark
2227,Vulnerability Assessment
2227,Incident Response
2227,Nmap
2227,Network Security
2227,Threat Modeling
2228,Talent Acquisition
2228,Employee Retention
2228,Excel
2228,BambooHR
2229,PowerBI
2229,Exploratory Data Analysis
2229,Python
2229,Statistical Analysis
2229,SQL
2229,Data Cleaning
2229,Business Reporting
2230,Market Expansion
2230,Partnership Management
2230,ZoomInfo
2231,ServiceNow HR
2231,Conflict Resolution
2231,Excel
2232,ServiceNow HR
2232,Workplace Policy
2232,Employee Wellbeing
2233,Gainsight
2233,Client Relationship Management
2233,Salesforce
2233,Cross-selling
2233,Contract Renewal
2234,Salesforce
2234,Partnership Management
2234,Deal Closing
2235,Content Strategy
2235,Notion
2235,Editorial Calendar
2235,Canva
2236,Pipeline Management
2236,HubSpot
2236,LinkedIn Sales Navigator
2236,Client Relationship Management
2236,B2B Sales
2237,Technical Troubleshooting
2237,SLA Management
2237,Jira
2237,Root Cause Analysis
2238,HubSpot
2238,Negotiation
2238,Client Relationship Management
2238,Salesforce
2238,Lead Generation
2238,B2B Sales
2239,Variance Analysis
2239,PowerBI
2239,Excel
2239,Budgeting & Forecasting
2239,Tableau
2240,Market Expansion
2240,ZoomInfo
2240,Deal Closing
2241,Zendesk
2241,Contract Renewal
2241,Gainsight
2241,Account Growth
2242,LinkedIn Recruiter
2242,Greenhouse
2242,Candidate Sourcing
2243,Technical Troubleshooting
2243,Jira
2243,Splunk
2244,Market Research
2244,Google Ads
2244,Campaign Management
2244,Mailchimp
2245,Salesforce
2245,Deal Closing
2245,Market Expansion
2246,Generative AI
2246,PowerBI
2246,Python
2246,Statistical Analysis
2246,SQL
2246,Tableau
2246,Data Cleaning
2246,Business Reporting
2247,Excel
2247,Financial Controls
2247,Internal Audit
2247,SAP
2248,Content Strategy
2248,Copywriting
2248,Editorial Calendar
2248,Notion
2249,Workday
2249,HR Operations
2249,Excel
2250,Salesforce
2250,Gainsight
2250,Zendesk
2250,Client Relationship Management
2251,Gainsight
2251,Account Growth
2251,Client Relationship Management
2251,Salesforce
2251,Contract Renewal
2252,Generative AI
2252,Node.js
2252,API Integration
2252,Database Design
2252,AWS
2252,Full-Stack Development
2252,PostgreSQL
2252,MLOps
2253,Market Expansion
2253,ZoomInfo
2253,Salesforce
2253,Deal Closing
2254,Salesforce
2254,Partnership Management
2254,Deal Closing
2255,Ticket Resolution
2255,Zendesk
2255,Customer Support
2256,Splunk
2256,Postman
2256,SLA Management
2256,Root Cause Analysis
2257,ZoomInfo
2257,Partnership Management
2257,Deal Closing
2258,Excel
2258,Risk Assessment
2258,SAP
2258,ACL Analytics
2259,Employee Retention
2259,Workday
2259,Performance Management
2259,Excel
2259,HR Compliance
2260,Gainsight
2260,Account Growth
2260,Client Relationship Management
2260,Salesforce
2260,Cross-selling
2261,Generative AI
2261,CI/CD
2261,Git
2261,AWS
2261,Code Quality & Testing
2261,REST APIs
2261,Python
2261,Docker
2262,Vulnerability Assessment
2262,Incident Response
2262,SIEM Tools
2262,Network Security
2262,Threat Modeling
2263,Pipeline Management
2263,HubSpot
2263,LinkedIn Sales Navigator
2263,Client Relationship Management
2263,Lead Generation
2264,Market Expansion
2264,Partnership Management
2264,Deal Closing
2265,SAP
2265,Financial Controls
2265,Risk Assessment
2265,Internal Audit
2266,Google Search Console
2266,Rank Tracking
2266,Screaming Frog
2267,Variance Analysis
2267,Excel
2267,Budgeting & Forecasting
2267,Tableau
2267,SQL
2268,ServiceNow HR
2268,Conflict Resolution
2268,Workplace Policy
2269,Gainsight
2269,Zendesk
2269,Client Relationship Management
2269,Cross-selling
2269,Contract Renewal
2270,Risk Assessment
2270,Financial Controls
2270,Internal Audit
2270,SAP
2271,Exploratory Data Analysis
2271,Excel
2271,SQL
2271,Statistical Analysis
2271,Data Cleaning
2271,Python
2272,PyTest
2272,Manual Testing
2272,Test Automation
2272,Jira
2273,Google Analytics
2273,SEMrush
2273,Keyword Research
2273,Ahrefs
2274,Generative AI
2274,Node.js
2274,API Integration
2274,Database Design
2274,Full-Stack Development
2274,React
2274,MLOps
2275,Excel
2275,Financial Controls
2275,SAP
2275,Internal Audit
2276,API Integration
2276,Database Design
2276,React
2276,Full-Stack Development
2276,PostgreSQL
2276,JavaScript / TypeScript
2277,Vulnerability Assessment
2277,SIEM Tools
2277,Nmap
2277,Network Security
2277,Splunk
2278,Generative AI
2278,Node.js
2278,API Integration
2278,React
2278,Git Version Control
2278,PostgreSQL
2278,JavaScript / TypeScript
2279,ServiceNow HR
2279,Conflict Resolution
2279,Workplace Policy
2280,Onboarding
2280,HR Operations
2280,Workday
2281,Wireshark
2281,Splunk
2281,Threat Modeling
2281,SIEM Tools
2281,Network Security
2281,Nmap
2282,Jira Service Desk
2282,Troubleshooting
2282,Customer Support
2283,Google Search Console
2283,Competitor Analysis
2283,Traffic Analysis
2284,Contract Renewal
2284,Gainsight
2284,Zendesk
2284,Client Relationship Management
2285,CI/CD
2285,AWS
2285,System Design
2285,Code Quality & Testing
2285,REST APIs
2285,Kubernetes
2285,Docker
2286,Generative AI
2286,PowerBI
2286,Exploratory Data Analysis
2286,Tableau
2286,Business Reporting
2286,Data Cleaning
2286,Python
2287,ServiceNow HR
2287,Workplace Policy
2287,Employee Wellbeing
2288,Generative AI
2288,Linux
2288,AWS
2288,Cloud Infrastructure
2288,Backend Architecture
2288,MLOps
2289,Tableau
2289,Financial Modeling
2289,Variance Analysis
2289,Excel
2290,Greenhouse
2290,Screening & Interviewing
2290,Lever
2291,Internal Audit
2291,Excel
2291,Risk Assessment
2291,ACL Analytics
2292,Mailchimp
2292,Campaign Management
2292,Meta Ads Manager
2292,Google Ads
2293,Jira Service Desk
2293,Ticket Resolution
2293,Customer Support
2294,Vulnerability Assessment
2294,Incident Response
2294,SIEM Tools
2294,Nmap
2294,Network Security
2294,Threat Modeling
2295,Workday
2295,HR Operations
2295,Payroll Coordination
2296,Content Production
2296,Brand Storytelling
2296,Creative Direction
2297,Postman
2297,Technical Troubleshooting
2297,SLA Management
2297,Splunk
2298,Generative AI
2298,Linux
2298,AWS
2298,Terraform
2298,Cloud Infrastructure
2298,DevOps
2299,Account Growth
2299,Zendesk
2299,Client Relationship Management
2299,Salesforce
2299,Contract Renewal
2300,Mailchimp
2300,Campaign Management
2300,Social Media Marketing
2300,Google Ads
2301,PowerBI
2301,Excel
2301,Python
2301,Tableau
2301,Statistical Analysis
2301,Data Cleaning
2301,Business Reporting
2302,Postman
2302,Selenium
2302,Jira
2302,PyTest
2302,Manual Testing
2303,Internal Audit
2303,Financial Controls
2303,SAP
2303,Excel
2304,Workday
2304,HR Operations
2304,Excel
2305,Root Cause Analysis
2305,Jira
2305,Splunk
2306,Postman
2306,PyTest
2306,Test Automation
2306,Jira
2307,AWS
2307,Cloud Infrastructure
2307,Terraform
2307,Backend Architecture
2307,DevOps
2308,Content Strategy
2308,WordPress
2308,Editorial Calendar
2308,Canva
2309,DevOps
2309,AWS
2309,Backend Architecture
2309,Terraform
2310,Budgeting & Forecasting
2310,Tableau
2310,Variance Analysis
2310,Excel
2311,Exploratory Data Analysis
2311,Excel
2311,SQL
2311,Tableau
2311,Python
2311,Statistical Analysis
2311,Business Reporting
2312,Performance Management
2312,Excel
2312,Talent Acquisition
2312,HR Compliance
2312,BambooHR
2313,Wireshark
2313,Vulnerability Assessment
2313,Incident Response
2313,SIEM Tools
2313,Nmap
2314,Figma
2314,Content Production
2314,Brand Storytelling
2314,Adobe Creative Cloud
2315,Salesforce
2315,Partnership Management
2315,Market Expansion
2316,Employee Retention
2316,Excel
2316,Talent Acquisition
2316,HR Compliance
2316,BambooHR
2317,Employee Retention
2317,Performance Management
2317,Excel
2317,HR Compliance
2317,BambooHR
2318,Pipeline Management
2318,Negotiation
2318,LinkedIn Sales Navigator
2318,Salesforce
2318,Lead Generation
2318,B2B Sales
2319,Workday
2319,Performance Management
2319,HR Compliance
2319,Excel
2320,Account Growth
2320,Zendesk
2320,Salesforce
2320,Cross-selling
2320,Contract Renewal
2321,Salesforce
2321,ZoomInfo
2321,Partnership Management
2321,Deal Closing
2322,Salesforce
2322,Gainsight
2322,Account Growth
2322,Client Relationship Management
2323,Greenhouse
2323,Screening & Interviewing
2323,Lever
2323,Candidate Sourcing
2324,Salesforce
2324,Partnership Management
2324,ZoomInfo
2324,Market Expansion
2325,Workday
2325,Employee Retention
2325,Talent Acquisition
2325,BambooHR
2326,CI/CD
2326,Git
2326,AWS
2326,Code Quality & Testing
2326,Data Structures & Algorithms
2326,MLOps
2326,Kubernetes
2326,Docker
2327,Budgeting & Forecasting
2327,Tableau
2327,Financial Modeling
2327,Excel
2328,Node.js
2328,API Integration
2328,Database Design
2328,AWS
2328,Full-Stack Development
2328,PostgreSQL
2328,MLOps
2329,Postman
2329,Test Automation
2329,Jira
2329,PyTest
2329,Manual Testing
2330,Postman
2330,Technical Troubleshooting
2330,Jira
2330,Splunk
2331,Postman
2331,Selenium
2331,Test Automation
2331,Jira
2331,PyTest
2332,Financial Accounting
2332,SAP Financials
2332,General Ledger
2332,Excel
2333,Workday
2333,Payroll Coordination
2333,Excel
2334,Partnership Management
2334,ZoomInfo
2334,Deal Closing
2335,Salary Benchmarking
2335,LinkedIn Recruiter
2335,Screening & Interviewing
2335,Candidate Sourcing
2336,Workday
2336,Employee Retention
2336,Performance Management
2336,Excel
2337,PowerBI
2337,Exploratory Data Analysis
2337,Excel
2337,SQL
2337,Tableau
2337,Python
2338,Excel
2338,SQL
2338,Tableau
2338,Business Reporting
2338,Python
2339,Git
2339,System Design
2339,Code Quality & Testing
2339,Data Structures & Algorithms
2339,REST APIs
2339,Python
2340,Bug Tracking
2340,Selenium
2340,Test Automation
2340,PyTest
2340,Manual Testing
2341,Jira
2341,Postman
2341,SLA Management
2341,Root Cause Analysis
2342,Contract Renewal
2342,Gainsight
2342,Account Growth
2342,Client Relationship Management
2343,Market Expansion
2343,ZoomInfo
2343,Deal Closing
2344,Wireshark
2344,Incident Response
2344,Vulnerability Assessment
2344,SIEM Tools
2345,Pipeline Management
2345,Negotiation
2345,Client Relationship Management
2345,LinkedIn Sales Navigator
2345,Salesforce
2346,Salesforce
2346,Partnership Management
2346,ZoomInfo
2347,Pipeline Management
2347,HubSpot
2347,Negotiation
2347,LinkedIn Sales Navigator
2347,Lead Generation
2348,Onboarding
2348,HR Operations
2348,Excel
2349,Linux
2349,AWS
2349,Cloud Infrastructure
2349,Terraform
2350,LinkedIn Recruiter
2350,Greenhouse
2350,Screening & Interviewing
2350,Candidate Sourcing
2351,Financial Controls
2351,SAP
2351,ACL Analytics
2352,Employee Retention
2352,Workday
2352,Performance Management
2352,Excel
2352,Talent Acquisition
2353,ACL Analytics
2353,Financial Controls
2353,SAP
2353,Excel
2354,Manual Testing
2354,Selenium
2354,Bug Tracking
2354,PyTest
2355,Market Expansion
2355,Salesforce
2355,Deal Closing
2356,Git
2356,AWS
2356,System Design
2356,Data Structures & Algorithms
2356,Python
2356,Docker
2357,Linux
2357,AWS
2357,Cloud Infrastructure
2357,Terraform
2357,DevOps
2358,Generative AI
2358,AWS
2358,System Design
2358,Code Quality & Testing
2358,Data Structures & Algorithms
2358,REST APIs
2358,Kubernetes
2358,Python
2358,Docker
2359,Node.js
2359,API Integration
2359,Database Design
2359,AWS
2359,Git Version Control
2359,PostgreSQL
2359,MLOps
2360,Salary Benchmarking
2360,LinkedIn Recruiter
2360,Lever
2360,Candidate Sourcing
2361,LinkedIn Recruiter
2361,Lever
2361,Candidate Sourcing
2362,LinkedIn Recruiter
2362,Screening & Interviewing
2362,Candidate Sourcing
2362,Greenhouse
2362,Lever
2363,Salesforce
2363,Cross-selling
2363,Contract Renewal
2363,Gainsight
2364,Workday
2364,Performance Management
2364,Talent Acquisition
2364,HR Compliance
2364,BambooHR
2365,Figma
2365,Creative Direction
2365,Brand Storytelling
2366,AWS
2366,System Design
2366,Code Quality & Testing
2366,Data Structures & Algorithms
2366,REST APIs
2366,Python
2367,API Integration
2367,Full-Stack Development
2367,React
2367,Git Version Control
2367,JavaScript / TypeScript
2368,API Integration
2368,Database Design
2368,AWS
2368,Full-Stack Development
2368,Git Version Control
2368,JavaScript / TypeScript
2369,Tax Compliance
2369,SAP Financials
2369,QuickBooks
2370,PowerBI
2370,Exploratory Data Analysis
2370,Excel
2370,Tableau
2370,Business Reporting
2370,Python
2371,Postman
2371,SLA Management
2371,Jira
2371,Root Cause Analysis
2372,Postman
2372,Bug Tracking
2372,Test Automation
2372,Jira
2373,Market Expansion
2373,Partnership Management
2373,ZoomInfo
2374,Excel
2374,Risk Assessment
2374,SAP
2374,ACL Analytics
2375,Git
2375,AWS
2375,System Design
2375,Data Structures & Algorithms
2375,REST APIs
2375,Docker
2376,Competitor Analysis
2376,Screaming Frog
2376,Rank Tracking
2377,Figma
2377,Creative Direction
2377,Brand Storytelling
2378,Market Expansion
2378,Partnership Management
2378,ZoomInfo
2379,Salesforce
2379,ZoomInfo
2379,Deal Closing
2380,Gainsight
2380,Zendesk
2380,Salesforce
2380,Cross-selling
2380,Contract Renewal
2381,Node.js
2381,Database Design
2381,AWS
2381,React
2381,Full-Stack Development
2381,PostgreSQL
2381,MLOps
2382,Gainsight
2382,Account Growth
2382,Client Relationship Management
2382,Cross-selling
2382,Contract Renewal
2383,B2B Sales
2383,Negotiation
2383,Client Relationship Management
2383,HubSpot
2384,ACL Analytics
2384,Risk Assessment
2384,Excel
2385,Salesforce
2385,Lead Generation
2385,LinkedIn Sales Navigator
2385,HubSpot
2386,Salesforce
2386,ZoomInfo
2386,Market Expansion
2387,Salesforce
2387,ZoomInfo
2387,Deal Closing
2388,Git
2388,AWS
2388,System Design
2388,Data Structures & Algorithms
2388,REST APIs
2388,Python
2388,Docker
2389,Onboarding
2389,Workday
2389,Payroll Coordination
2389,Excel
2390,SQL
2390,Financial Modeling
2390,Excel
2390,Budgeting & Forecasting
2391,Creative Direction
2391,Content Production
2391,Adobe Creative Cloud
2392,Variance Analysis
2392,Financial Modeling
2392,Excel
2392,Budgeting & Forecasting
2392,Tableau
2393,Generative AI
2393,Git
2393,AWS
2393,Code Quality & Testing
2393,REST APIs
2393,Kubernetes
2393,Python
2394,Node.js
2394,Database Design
2394,React
2394,Full-Stack Development
2394,PostgreSQL
2394,MLOps
2395,Cross-selling
2395,Contract Renewal
2395,Zendesk
2395,Client Relationship Management
2396,Excel
2396,Workplace Policy
2396,Employee Wellbeing
2397,ACL Analytics
2397,Excel
2397,Risk Assessment
2397,SAP
2398,Pipeline Management
2398,Negotiation
2398,Client Relationship Management
2398,LinkedIn Sales Navigator
2398,B2B Sales
2399,Bug Tracking
2399,Postman
2399,Test Automation
2399,Jira
2399,Manual Testing
2400,Onboarding
2400,HR Operations
2400,Payroll Coordination
2400,Workday
2401,PowerBI
2401,Exploratory Data Analysis
2401,AWS
2401,Excel
2401,SQL
2401,Business Reporting
2401,Data Cleaning
2401,Python
2402,Tax Compliance
2402,Financial Accounting
2402,SAP Financials
2403,Pipeline Management
2403,HubSpot
2403,Client Relationship Management
2403,LinkedIn Sales Navigator
2403,Salesforce
2403,Lead Generation
2404,Postman
2404,PyTest
2404,Manual Testing
2404,Test Automation
2405,Figma
2405,Creative Direction
2405,Brand Storytelling
2406,SQL
2406,Tableau
2406,Variance Analysis
2406,Excel
2407,Figma
2407,Content Production
2407,Adobe Creative Cloud
2408,Content Strategy
2408,WordPress
2408,Notion
2409,Node.js
2409,AWS
2409,Full-Stack Development
2409,React
2409,Git Version Control
2409,PostgreSQL
2409,JavaScript / TypeScript
2410,CI/CD
2410,AWS
2410,System Design
2410,Code Quality & Testing
2410,Data Structures & Algorithms
2410,MLOps
2410,Docker
2411,Salesforce
2411,ZoomInfo
2411,Deal Closing
2412,Financial Accounting
2412,QuickBooks
2412,General Ledger
2412,Excel
2413,Pipeline Management
2413,Negotiation
2413,Client Relationship Management
2413,LinkedIn Sales Navigator
2413,Lead Generation
2414,Linux
2414,AWS
2414,MLOps
2414,Terraform
2414,Backend Architecture
2414,DevOps
2415,Ticket Resolution
2415,Troubleshooting
2415,Customer Support
2416,Salesforce
2416,Partnership Management
2416,ZoomInfo
2417,Talent Acquisition
2417,Performance Management
2417,HR Compliance
2417,Excel
2418,Greenhouse
2418,LinkedIn Recruiter
2418,Screening & Interviewing
2418,Candidate Sourcing
2419,ServiceNow HR
2419,Conflict Resolution
2419,Workplace Policy
2420,Salesforce
2420,Partnership Management
2420,ZoomInfo
2421,Market Expansion
2421,Partnership Management
2421,ZoomInfo
2422,Financial Accounting
2422,Excel
2422,SAP Financials
2422,QuickBooks
2423,Gainsight
2423,Zendesk
2423,Account Growth
2423,Cross-selling
2423,Contract Renewal
2424,PowerBI
2424,Financial Modeling
2424,Excel
2424,SQL
2424,Tableau
2425,Jira Service Desk
2425,Ticket Resolution
2425,Troubleshooting
2426,Gainsight
2426,Account Growth
2426,Zendesk
2426,Client Relationship Management
2426,Cross-selling
2427,Pipeline Management
2427,Negotiation
2427,Client Relationship Management
2427,Salesforce
2427,Lead Generation
2428,LinkedIn Recruiter
2428,Salary Benchmarking
2428,Candidate Sourcing
2428,Greenhouse
2428,Lever
2429,HubSpot
2429,LinkedIn Sales Navigator
2429,Client Relationship Management
2429,Salesforce
2429,Lead Generation
2430,Employee Retention
2430,Performance Management
2430,Excel
2430,HR Compliance
2430,BambooHR
2431,Zendesk
2431,Client Relationship Management
2431,Salesforce
2431,Cross-selling
2431,Contract Renewal
2432,Wireshark
2432,SIEM Tools
2432,Nmap
2432,Network Security
2432,Splunk
2433,Internal Audit
2433,Excel
2433,Risk Assessment
2433,ACL Analytics
2434,Incident Response
2434,SIEM Tools
2434,Nmap
2434,Threat Modeling
2435,Internal Audit
2435,Financial Controls
2435,Risk Assessment
2435,Excel
2435,SAP
2436,Tax Compliance
2436,QuickBooks
2436,General Ledger
2436,Excel
2437,Talent Acquisition
2437,Employee Retention
2437,HR Compliance
2437,BambooHR
2438,Pipeline Management
2438,HubSpot
2438,LinkedIn Sales Navigator
2438,Lead Generation
2438,B2B Sales
2439,Vulnerability Assessment
2439,SIEM Tools
2439,Nmap
2439,Network Security
2439,Threat Modeling
2440,SAP
2440,Risk Assessment
2440,Internal Audit
2441,Pipeline Management
2441,Negotiation
2441,Client Relationship Management
2441,LinkedIn Sales Navigator
2441,Salesforce
2441,B2B Sales
2442,Talent Acquisition
2442,Employee Retention
2442,HR Compliance
2442,Excel
2443,CI/CD
2443,Git
2443,AWS
2443,Code Quality & Testing
2443,Data Structures & Algorithms
2443,REST APIs
2443,MLOps
2443,Docker
2444,Linux
2444,AWS
2444,Cloud Infrastructure
2444,Terraform
2444,MLOps
2445,Pipeline Management
2445,HubSpot
2445,Negotiation
2445,LinkedIn Sales Navigator
2445,Client Relationship Management
2445,Lead Generation
2446,Keyword Research
2446,Ahrefs
2446,Technical SEO
2446,Search Engine Optimization
2447,Generative AI
2447,API Integration
2447,Database Design
2447,AWS
2447,Full-Stack Development
2447,PostgreSQL
2447,JavaScript / TypeScript
2448,Pipeline Management
2448,Negotiation
2448,LinkedIn Sales Navigator
2448,Lead Generation
2448,B2B Sales
2449,Postman
2449,Selenium
2449,Bug Tracking
2449,Test Automation
2450,Gainsight
2450,Zendesk
2450,Account Growth
2450,Client Relationship Management
2450,Cross-selling
2451,Troubleshooting
2451,Zendesk
2451,Customer Support
2452,Google Ads
2452,Meta Ads Manager
2452,Campaign Management
2452,Mailchimp
2453,Salesforce
2453,Partnership Management
2453,Deal Closing
2454,Generative AI
2454,Linux
2454,AWS
2454,Terraform
2454,Cloud Infrastructure
2455,Market Expansion
2455,Partnership Management
2455,Deal Closing
2456,Salesforce
2456,ZoomInfo
2456,Deal Closing
2457,Salesforce
2457,Partnership Management
2457,Deal Closing
2458,Exploratory Data Analysis
2458,AWS
2458,Excel
2458,SQL
2458,Python
2458,Tableau
2458,Data Cleaning
2458,Business Reporting
2459,Tax Compliance
2459,General Ledger
2459,Excel
2460,DevOps
2460,AWS
2460,Terraform
2460,Cloud Infrastructure
2461,Ticket Resolution
2461,Troubleshooting
2461,Customer Support
2462,Vulnerability Assessment
2462,Incident Response
2462,SIEM Tools
2462,Network Security
2462,Nmap
2463,Postman
2463,PyTest
2463,Manual Testing
2463,Selenium
2464,Bug Tracking
2464,Selenium
2464,Jira
2464,PyTest
2464,Manual Testing
2465,ZoomInfo
2465,Partnership Management
2465,Deal Closing
2466,Gainsight
2466,Account Growth
2466,Client Relationship Management
2466,Salesforce
2466,Cross-selling
2467,Gainsight
2467,Zendesk
2467,Client Relationship Management
2467,Salesforce
2467,Contract Renewal
2468,Pipeline Management
2468,HubSpot
2468,Client Relationship Management
2468,LinkedIn Sales Navigator
2468,Salesforce
2468,Lead Generation
2469,SQL
2469,Financial Modeling
2469,Variance Analysis
2469,PowerBI
2470,Salesforce
2470,Partnership Management
2470,ZoomInfo
2471,Tax Compliance
2471,Financial Accounting
2471,SAP Financials
2471,Excel
2472,Database Design
2472,AWS
2472,React
2472,Full-Stack Development
2472,PostgreSQL
2472,JavaScript / TypeScript
2473,Figma
2473,Creative Direction
2473,Adobe Creative Cloud
2474,Google Search Console
2474,Competitor Analysis
2474,Traffic Analysis
2475,DevOps
2475,AWS
2475,Cloud Infrastructure
2476,Salesforce
2476,Gainsight
2476,Zendesk
2476,Client Relationship Management
2477,Wireshark
2477,Splunk
2477,Vulnerability Assessment
2477,Incident Response
2477,Network Security
2477,Threat Modeling
2478,Budgeting & Forecasting
2478,Financial Modeling
2478,Variance Analysis
2478,Excel
2479,Budgeting & Forecasting
2479,Tableau
2479,Variance Analysis
2479,PowerBI
2480,Market Research
2480,Meta Ads Manager
2480,Social Media Marketing
2480,Mailchimp
2481,Cross-selling
2481,Contract Renewal
2481,Account Growth
2481,Client Relationship Management
2482,Pipeline Management
2482,HubSpot
2482,Client Relationship Management
2482,Salesforce
2482,Lead Generation
2482,B2B Sales
2483,Rank Tracking
2483,Competitor Analysis
2483,Screaming Frog
2484,Internal Audit
2484,Financial Controls
2484,SAP
2484,Excel
2485,Wireshark
2485,Vulnerability Assessment
2485,Incident Response
2485,SIEM Tools
2485,Nmap
2486,Content Strategy
2486,WordPress
2486,Copywriting
2486,Canva
2487,Onboarding
2487,HR Operations
2487,Excel
2488,Pipeline Management
2488,Negotiation
2488,Client Relationship Management
2488,LinkedIn Sales Navigator
2488,Salesforce
2488,Lead Generation
2489,Salary Benchmarking
2489,LinkedIn Recruiter
2489,Screening & Interviewing
2489,Candidate Sourcing
2490,System Design
2490,Code Quality & Testing
2490,Data Structures & Algorithms
2490,REST APIs
2490,MLOps
2490,Python
2490,Docker
2491,Gainsight
2491,Zendesk
2491,Account Growth
2491,Salesforce
2491,Cross-selling
2492,SQL
2492,Tableau
2492,Budgeting & Forecasting
2492,Excel
2493,Figma
2493,Creative Direction
2493,Brand Storytelling
2494,Cloud Infrastructure
2494,DevOps
2494,AWS
2494,Terraform
2495,Node.js
2495,API Integration
2495,Database Design
2495,AWS
2495,React
2495,Git Version Control
2495,PostgreSQL
2495,MLOps
2496,Market Expansion
2496,Partnership Management
2496,Deal Closing
2497,Database Design
2497,AWS
2497,React
2497,Full-Stack Development
2497,MLOps
2497,PostgreSQL
2497,JavaScript / TypeScript
2498,HubSpot
2498,Negotiation
2498,Client Relationship Management
2498,LinkedIn Sales Navigator
2498,Salesforce
2498,Lead Generation
2499,Zendesk
2499,Gainsight
2499,Account Growth
2499,Client Relationship Management
2500,Salary Benchmarking
2500,Greenhouse
2500,LinkedIn Recruiter
2500,Lever
2501,Generative AI
2501,PowerBI
2501,Exploratory Data Analysis
2501,AWS
2501,SQL
2501,Tableau
2501,Statistical Analysis
2501,MLOps
2501,Python
2502,Postman
2502,Selenium
2502,PyTest
2502,Jira
2503,SAP
2503,Financial Controls
2503,Risk Assessment
2503,Internal Audit
2504,Salesforce
2504,ZoomInfo
2504,Market Expansion
2505,Risk Assessment
2505,Financial Controls
2505,Internal Audit
2505,ACL Analytics
2506,Internal Audit
2506,Risk Assessment
2506,Excel
2506,SAP
2506,ACL Analytics
2507,Generative AI
2507,Git
2507,System Design
2507,Code Quality & Testing
2507,Data Structures & Algorithms
2507,REST APIs
2507,Kubernetes
2507,Python
2507,Docker
2508,Market Expansion
2508,Partnership Management
2508,ZoomInfo
2509,Workday
2509,HR Operations
2509,Excel
2510,Market Expansion
2510,Partnership Management
2510,ZoomInfo
2511,Pipeline Management
2511,Negotiation
2511,Client Relationship Management
2511,LinkedIn Sales Navigator
2511,Lead Generation
2511,B2B Sales
2512,SEMrush
2512,Keyword Research
2512,Technical SEO
2513,Gainsight
2513,Zendesk
2513,Client Relationship Management
2513,Salesforce
2513,Cross-selling
2514,Traffic Analysis
2514,Competitor Analysis
2514,Screaming Frog
2515,Content Strategy
2515,WordPress
2515,Copywriting
2515,Notion
2516,Pipeline Management
2516,HubSpot
2516,Negotiation
2516,Client Relationship Management
2516,B2B Sales
2517,ZoomInfo
2517,Partnership Management
2517,Deal Closing
2518,Gainsight
2518,Zendesk
2518,Account Growth
2518,Salesforce
2518,Cross-selling
2519,Google Analytics
2519,Keyword Research
2519,Technical SEO
2519,Search Engine Optimization
2520,Variance Analysis
2520,Financial Modeling
2520,Excel
2520,SQL
2520,Tableau
2521,Gainsight
2521,Account Growth
2521,Zendesk
2521,Client Relationship Management
2521,Salesforce
2522,Employee Retention
2522,Workday
2522,Talent Acquisition
2522,HR Compliance
2522,BambooHR
2523,Workday
2523,HR Operations
2523,Payroll Coordination
2523,Excel
2524,DevOps
2524,Backend Architecture
2524,MLOps
2524,Terraform
2525,Selenium
2525,Manual Testing
2525,Test Automation
2525,PyTest
2525,Bug Tracking
2526,Pipeline Management
2526,HubSpot
2526,LinkedIn Sales Navigator
2526,Lead Generation
2526,B2B Sales
2527,Financial Accounting
2527,SAP Financials
2527,General Ledger
2527,Excel
2528,HubSpot
2528,Negotiation
2528,LinkedIn Sales Navigator
2528,Salesforce
2528,Lead Generation
2529,HubSpot
2529,Client Relationship Management
2529,Salesforce
2529,Lead Generation
2529,B2B Sales
2530,Account Growth
2530,Zendesk
2530,Client Relationship Management
2530,Salesforce
2530,Cross-selling
2531,Zendesk
2531,Gainsight
2531,Account Growth
2531,Client Relationship Management
2532,Generative AI
2532,PowerBI
2532,Exploratory Data Analysis
2532,AWS
2532,Excel
2532,Statistical Analysis
2532,Tableau
2532,Data Cleaning
2532,MLOps
2532,Python
2533,PyTest
2533,Manual Testing
2533,Test Automation
2533,Jira
2534,SAP Financials
2534,Financial Accounting
2534,QuickBooks
2534,Excel
2535,Meta Ads Manager
2535,Social Media Marketing
2535,Mailchimp
2536,Linux
2536,DevOps
2536,AWS
2536,Cloud Infrastructure
2537,Postman
2537,Manual Testing
2537,Test Automation
2537,Jira
2537,Bug Tracking
2538,Workday
2538,Performance Management
2538,Excel
2538,HR Compliance
2538,BambooHR
2539,ServiceNow HR
2539,Excel
2539,Employee Wellbeing
2540,PowerBI
2540,Exploratory Data Analysis
2540,AWS
2540,Excel
2540,SQL
2540,Statistical Analysis
2540,Data Cleaning
2540,Business Reporting
2541,Generative AI
2541,CI/CD
2541,Git
2541,AWS
2541,System Design
2541,Code Quality & Testing
2541,MLOps
2541,Kubernetes
2541,Docker
2542,Generative AI
2542,PowerBI
2542,Exploratory Data Analysis
2542,AWS
2542,Excel
2542,SQL
2542,Statistical Analysis
2542,Data Cleaning
2542,Business Reporting
2543,Node.js
2543,Database Design
2543,Full-Stack Development
2543,React
2543,Git Version Control
2543,JavaScript / TypeScript
2544,Salesforce
2544,Contract Renewal
2544,Account Growth
2544,Client Relationship Management
2545,Node.js
2545,API Integration
2545,Database Design
2545,AWS
2545,Full-Stack Development
2545,PostgreSQL
2545,JavaScript / TypeScript
2546,Salesforce
2546,Gainsight
2546,Zendesk
2546,Account Growth
2547,Technical Troubleshooting
2547,Root Cause Analysis
2547,SLA Management
2547,Splunk
2548,Figma
2548,Creative Direction
2548,Brand Storytelling
2549,Generative AI
2549,CI/CD
2549,Git
2549,AWS
2549,System Design
2549,Code Quality & Testing
2549,Docker
2550,Partnership Management
2550,ZoomInfo
2550,Deal Closing
2551,Conflict Resolution
2551,Excel
2551,Employee Wellbeing
2552,Workday
2552,Performance Management
2552,Excel
2552,BambooHR
2553,Zendesk
2553,Cross-selling
2553,Contract Renewal
2553,Account Growth
2554,Generative AI
2554,PowerBI
2554,Exploratory Data Analysis
2554,Excel
2554,Python
2554,Statistical Analysis
2554,Data Cleaning
2554,Business Reporting
2555,Lever
2555,Salary Benchmarking
2555,LinkedIn Recruiter
2555,Screening & Interviewing
2556,Generative AI
2556,Node.js
2556,API Integration
2556,Database Design
2556,AWS
2556,React
2556,Git Version Control
2556,PostgreSQL
2556,MLOps
2557,Gainsight
2557,Account Growth
2557,Salesforce
2557,Cross-selling
2557,Contract Renewal
2558,HubSpot
2558,Negotiation
2558,Client Relationship Management
2558,Salesforce
2558,Lead Generation
2558,B2B Sales
2559,Partnership Management
2559,ZoomInfo
2559,Deal Closing
2560,Gainsight
2560,Account Growth
2560,Client Relationship Management
2560,Cross-selling
2560,Contract Renewal
2561,PowerBI
2561,Financial Modeling
2561,Variance Analysis
2561,Excel
2562,Employee Retention
2562,Performance Management
2562,Excel
2562,Talent Acquisition
2562,HR Compliance
2563,Salary Benchmarking
2563,Greenhouse
2563,Lever
2563,Candidate Sourcing
2564,Generative AI
2564,Node.js
2564,API Integration
2564,Database Design
2564,Full-Stack Development
2564,Git Version Control
2565,Node.js
2565,API Integration
2565,Database Design
2565,Full-Stack Development
2565,React
2565,MLOps
2566,PowerBI
2566,Exploratory Data Analysis
2566,Excel
2566,SQL
2566,Tableau
2566,Data Cleaning
2566,Business Reporting
2567,ServiceNow HR
2567,Conflict Resolution
2567,Excel
2568,Market Research
2568,Meta Ads Manager
2568,Social Media Marketing
2568,Google Ads
2569,Generative AI
2569,Code Quality & Testing
2569,Data Structures & Algorithms
2569,REST APIs
2569,Kubernetes
2569,Python
2569,Docker
2570,Pipeline Management
2570,HubSpot
2570,Negotiation
2570,Client Relationship Management
2570,Lead Generation
2570,B2B Sales
2571,Financial Controls
2571,Risk Assessment
2571,ACL Analytics
2572,PowerBI
2572,Exploratory Data Analysis
2572,Excel
2572,SQL
2572,Tableau
2572,Data Cleaning
2572,Python
2573,Pipeline Management
2573,HubSpot
2573,Client Relationship Management
2573,LinkedIn Sales Navigator
2573,Salesforce
2573,Lead Generation
2574,Git
2574,CI/CD
2574,AWS
2574,REST APIs
2574,MLOps
2574,Kubernetes
2574,Python
2574,Docker
2575,Employee Retention
2575,Performance Management
2575,Excel
2575,HR Compliance
2575,BambooHR
2576,SAP
2576,Risk Assessment
2576,Internal Audit
2576,Excel
2577,ServiceNow HR
2577,Conflict Resolution
2577,Workplace Policy
2578,Gainsight
2578,Account Growth
2578,Zendesk
2578,Cross-selling
2578,Contract Renewal
2579,API Integration
2579,AWS
2579,Full-Stack Development
2579,React
2579,Git Version Control
2579,MLOps
2579,JavaScript / TypeScript
2580,Employee Retention
2580,Excel
2580,Talent Acquisition
2580,HR Compliance
2580,BambooHR
2581,Salesforce
2581,Partnership Management
2581,Deal Closing
2582,Workday
2582,Excel
2582,BambooHR
2583,Google Analytics
2583,Keyword Research
2583,Technical SEO
2584,ServiceNow HR
2584,Workplace Policy
2584,Excel
2584,Employee Wellbeing
2585,Gainsight
2585,Account Growth
2585,Client Relationship Management
2585,Salesforce
2585,Cross-selling
2586,HubSpot
2586,LinkedIn Sales Navigator
2586,Client Relationship Management
2586,Salesforce
2586,Lead Generation
2587,Generative AI
2587,Node.js
2587,Database Design
2587,Full-Stack Development
2587,MLOps
2587,Git Version Control
2587,PostgreSQL
2587,JavaScript / TypeScript
2588,Pipeline Management
2588,HubSpot
2588,Client Relationship Management
2588,Lead Generation
2588,B2B Sales
2589,Onboarding
2589,HR Operations
2589,Payroll Coordination
2590,Pipeline Management
2590,HubSpot
2590,Negotiation
2590,Client Relationship Management
2590,Lead Generation
2590,B2B Sales
2591,Employee Retention
2591,Workday
2591,Excel
2591,Talent Acquisition
2591,BambooHR
2592,ServiceNow HR
2592,Conflict Resolution
2592,Workplace Policy
2592,Employee Wellbeing
2593,Variance Analysis
2593,Financial Modeling
2593,Excel
2593,Budgeting & Forecasting
2593,Tableau
2594,ACL Analytics
2594,Internal Audit
2594,Risk Assessment
2594,SAP
2595,Pipeline Management
2595,HubSpot
2595,Client Relationship Management
2595,Lead Generation
2595,B2B Sales
2596,Keyword Research
2596,Ahrefs
2596,Technical SEO
2596,Search Engine Optimization
2597,Git
2597,CI/CD
2597,AWS
2597,System Design
2597,Code Quality & Testing
2597,Data Structures & Algorithms
2597,REST APIs
2598,Workday
2598,Excel
2598,Talent Acquisition
2598,HR Compliance
2598,BambooHR
2599,Generative AI
2599,PowerBI
2599,AWS
2599,Excel
2599,Python
2599,Tableau
2599,Data Cleaning
2599,MLOps
2599,Business Reporting
2600,Generative AI
2600,API Integration
2600,Database Design
2600,React
2600,Git Version Control
2600,PostgreSQL
2600,MLOps
