Employee ID,Name,Department,Job Role,EngagementScore,Performance Score,KPI Score,Attendance (%),Peer Rating,Task Completion (%),Work Hours Logged,Manager Feedback,Training Hours,Promotion Eligibility
101,David Williams 1,IT,Cybersecurity Specialist,65.1,60,67.89,79.57,4.6,99.09,48,4.9,24,No
102,Anna Dominguez 2,Sales,Sales Executive,58.6,40,74.9,91.52,4.1,76.78,35,4.3,27,No
103,Manish Badami 3,HR,HR Executive,80.1,40,84.89,84.28,2.6,88.93,39,3.8,6,No
104,Riya Mishra 4,Sales,Business Development,80.0,60,66.8,85.58,4.0,86.57,37,3.9,35,No
105,Shannon Clark 5,IT,Cybersecurity Specialist,79.9,60,89.56,74.5,4.0,95.8,35,3.8,9,No
106,Arjun Rao 6,HR,Employee Relations,77.1,60,74.47,94.74,3.2,97.3,51,3.7,35,No
107,Avani Bhat 7,HR,HR Manager,83.3,40,99.71,91.67,2.8,76.61,54,3.3,82,No
108,Rita Walker 8,Support,Support Engineer,88.9,60,78.69,92.96,4.2,79.41,46,4.1,17,No
109,Vivaan Gupta 9,Marketing,SEO Analyst,49.5,60,95.05,90.71,3.2,79.84,47,3.1,5,No
110,Diya Patel 10,Sales,Sales Executive,43.9,80,89.98,77.39,5.0,80.13,40,4.5,6,No
111,Judith Ware 11,HR,HR Executive,92.6,40,71.89,89.6,4.1,80.81,37,3.8,11,No
112,Cody Bright 12,IT,Data Analyst,55.9,80,64.98,83.74,4.7,86.78,45,4.8,40,No
113,Kabir Mehta 13,Sales,Business Development,59.0,60,79.14,81.26,3.9,77.19,45,3.4,62,No
114,Joel Fuller 14,HR,HR Executive,68.5,60,72.17,91.5,4.4,78.31,44,3.9,24,No
115,Jasmine Gonzalez 15,Sales,Business Development,52.2,60,93.8,99.61,3.9,77.68,45,4.1,80,No
116,Ashley Marsh 16,IT,Tester,67.4,60,75.53,98.45,4.5,87.94,50,3.3,52,No
117,Rohan Pillai 17,Sales,Business Development,60.6,60,75.0,92.36,2.7,83.49,54,4.3,32,No
118,Judith Ware 18,Support,Helpdesk,69.2,40,64.04,87.79,4.4,82.07,44,3.3,72,No
119,Diya Patel 19,Sales,Business Development,75.4,80,82.19,86.49,4.3,77.26,46,4.3,5,No
120,Arjun Rao 20,HR,HR Manager,67.9,40,66.26,81.67,3.8,71.17,53,4.9,61,No
121,Brenda Bauer 21,Sales,Sales Executive,67.3,60,82.42,86.11,3.7,97.05,43,4.4,65,No
122,Aditi Sen 22,Support,Support Engineer,75.1,60,83.8,94.36,3.7,81.69,38,3.7,8,No
123,Megan Williams 23,IT,Developer,84.5,60,70.5,100.0,4.1,100.0,49,4.7,66,No
124,Christopher Benson 24,Sales,Business Development,91.2,80,87.57,82.28,4.6,90.18,41,5.0,15,Yes
125,Cody Bright 25,HR,Employee Relations,69.4,100,75.25,74.03,3.6,98.63,39,4.1,54,No
126,Myra Nair 26,IT,Engineer,93.9,20,63.29,84.28,2.9,91.95,53,3.6,39,No
127,Ishaan Malhotra 27,Marketing,Content Lead,82.5,60,93.45,94.33,5.0,85.27,49,4.0,25,No
128,Kavya Menon 28,Sales,Account Manager,57.2,80,68.77,100.0,4.3,79.22,40,3.3,37,No
129,Erin Massey 29,IT,Tester,56.9,60,83.07,97.17,3.7,76.19,54,4.7,34,No
130,Brenda Bauer 30,IT,Tester,65.1,60,82.26,97.0,4.6,92.96,49,4.2,67,No
131,Meera Das 31,Sales,Account Manager,89.3,100,81.89,82.05,4.5,86.12,51,3.7,58,Yes
132,Clinton Scott 32,Finance,Auditor,66.0,60,81.72,82.25,4.2,88.93,53,4.3,13,No
133,Manish Badami 33,IT,Data Analyst,49.3,40,68.3,78.73,3.6,90.52,37,3.7,46,No
134,Steven Barnett 34,HR,Employee Relations,69.3,80,94.91,83.34,4.3,86.85,52,3.9,70,No
135,Sara Snyder 35,IT,Tester,48.2,100,87.56,94.4,4.6,80.23,44,4.0,71,No
136,Pari Joshi 36,Sales,Sales Executive,59.3,60,82.75,99.37,2.9,92.1,49,5.0,41,No
137,Reyansh Reddy 37,Support,Helpdesk,65.0,60,64.67,90.42,4.0,82.41,52,3.3,50,No
138,Kavya Menon 38,IT,Developer,73.8,80,68.22,86.21,4.1,84.72,49,4.5,18,No
139,Rita Walker 39,IT,Developer,84.3,100,84.57,80.53,4.1,89.74,53,3.6,65,No
140,Ishaan Malhotra 40,Support,Support Engineer,80.3,80,57.96,87.21,3.9,83.53,54,5.0,46,No
141,Joel Fuller 41,IT,Software Engineer,57.8,60,81.39,89.42,4.6,69.46,39,3.4,64,No
142,Ayaan Saxena 42,IT,Cybersecurity Specialist,67.5,80,64.69,77.76,3.8,92.32,45,3.5,41,No
143,Christopher Benson 43,Sales,Business Development,72.9,60,69.32,94.45,3.9,94.04,43,4.5,37,No
144,Ishaan Malhotra 44,IT,Software Engineer,68.9,40,63.89,85.03,4.1,69.35,39,4.0,12,No
145,Riya Mishra 45,Sales,Business Development,68.8,60,80.46,94.03,3.8,75.65,45,4.5,43,No
146,Christopher Benson 46,Finance,Accountant,51.3,60,89.16,87.92,3.1,100.0,41,4.7,23,No
147,Connie Bailey 47,Finance,Financial Analyst,58.2,80,81.48,90.08,4.0,85.86,36,4.1,29,No
148,Aditi Sen 48,Finance,Accountant,67.2,80,82.58,83.09,4.0,84.03,54,4.6,69,No
149,Riya Mishra 49,Marketing,SEO Analyst,34.9,40,79.68,85.59,3.7,80.59,54,2.8,37,No
150,Brenda Bauer 50,Sales,Business Development,79.7,60,84.83,92.49,3.8,75.75,53,4.2,22,No
151,David Williams 51,Marketing,Content Lead,55.5,60,82.67,87.08,2.0,82.44,52,3.9,73,No
152,Norman Lane 52,IT,Tester,80.2,80,50.85,80.27,4.6,91.8,50,4.9,56,No
153,David Williams 53,IT,Engineer,79.2,20,87.06,88.78,4.4,83.87,35,2.7,78,No
154,Ashley Marsh 54,HR,HR Executive,65.5,60,86.01,90.7,3.1,88.88,37,3.6,22,No
155,Taylor Morris 55,Marketing,SEO Specialist,84.0,60,74.38,97.61,3.5,98.13,43,3.2,35,No
156,Riya Mishra 56,IT,Tester,80.9,80,58.26,96.07,4.8,79.36,51,4.1,56,No
157,Jeffery Lopez 57,Finance,Accountant,68.3,60,80.42,87.55,3.2,86.42,42,4.2,0,No
158,Vivaan Gupta 58,HR,Recruitment Specialist,66.9,60,81.27,84.17,4.2,92.04,50,4.0,71,No
159,Peggy Mann 59,IT,Engineer,85.2,100,73.6,86.4,3.6,76.54,46,4.5,2,Yes
160,Troy Ford 60,IT,Developer,74.8,60,79.87,84.33,4.1,85.42,38,4.7,13,No
161,Navya Chopra 61,Sales,Sales Executive,84.5,40,88.72,91.54,3.9,98.98,39,4.2,80,No
162,Jeffery Lopez 62,Sales,Business Development,43.3,40,100.0,95.29,3.7,81.28,41,3.2,33,No
163,Arjun Rao 63,IT,Cybersecurity Specialist,73.2,80,79.47,96.68,4.1,92.55,52,3.7,69,No
164,Diya Patel 64,IT,Tester,53.1,60,81.34,85.11,3.6,82.87,54,4.4,68,No
165,Christopher Benson 65,Sales,Business Development,71.7,60,69.76,84.42,2.8,98.4,48,4.2,50,No
166,Cody Bright 66,IT,Engineer,80.6,60,72.99,85.06,3.3,70.84,42,3.6,28,No
167,Aarav Sharma 67,Sales,Sales Executive,92.9,100,76.64,74.48,3.3,84.52,47,4.6,81,Yes
168,Arjun Rao 68,Sales,Business Development,60.7,60,89.78,79.58,2.9,72.17,38,4.4,47,No
169,Reyansh Reddy 69,HR,Employee Relations,65.7,60,86.19,87.76,4.1,78.39,46,4.6,78,No
170,Christopher Benson 70,Marketing,Marketing Executive,70.9,20,97.29,90.65,3.8,78.35,37,4.2,78,No
171,Ananya Singh 71,IT,Cybersecurity Specialist,60.3,60,63.1,91.44,4.1,81.86,39,3.6,15,No
172,Sara Snyder 72,Marketing,Content Lead,83.7,40,64.76,82.54,4.2,74.49,38,4.9,56,No
173,Reyansh Reddy 73,Sales,Account Manager,71.2,80,89.02,84.56,4.4,83.43,49,4.4,9,No
174,Vihaan Verma 74,Marketing,SEO Analyst,73.5,80,92.49,86.11,4.1,87.68,39,4.3,18,No
175,Rita Walker 75,Sales,Sales Executive,79.4,60,78.33,85.33,3.3,71.74,43,4.5,66,No
176,Meera Das 76,IT,Software Engineer,71.1,60,40.0,92.82,4.2,78.92,48,3.8,35,No
177,Reyansh Reddy 77,IT,Engineer,62.2,60,70.56,78.84,4.0,100.0,50,4.3,3,No
178,Riya Mishra 78,IT,Data Analyst,71.2,60,81.35,79.95,5.0,86.63,37,3.9,74,No
179,Megan Williams 79,IT,Engineer,61.7,60,69.01,85.91,3.9,69.46,49,3.6,32,No
180,Megan Williams 80,Sales,Business Development,73.3,100,79.85,78.44,4.1,72.8,52,3.2,27,No
181,Ayaan Saxena 81,IT,Cybersecurity Specialist,84.0,80,96.99,74.7,3.8,85.81,52,2.8,79,No
182,Aditya Kumar 82,HR,HR Executive,57.9,60,92.26,77.55,3.9,84.81,48,4.2,8,No
183,Kabir Mehta 83,IT,Engineer,53.6,60,86.09,86.3,3.9,79.3,41,3.6,74,No
184,Kavya Menon 84,IT,Software Engineer,72.6,60,77.36,92.41,3.6,100.0,54,3.7,5,No
185,Vihaan Verma 85,IT,Tester,62.8,80,73.05,92.56,4.0,100.0,40,3.5,48,No
186,Ashley Marsh 86,Support,Support Engineer,72.4,60,85.58,99.12,4.3,81.88,50,3.1,75,No
187,Riya Mishra 87,Sales,Business Development,75.8,60,78.25,88.71,3.6,90.98,53,4.6,21,No
188,Nicole Roberts 88,IT,Software Engineer,46.3,20,78.6,89.65,4.4,91.39,43,5.0,47,No
189,Saanvi Iyer 89,Sales,Sales Executive,80.3,80,62.49,86.25,4.3,92.45,54,2.9,20,No
190,Nicole Roberts 90,IT,Developer,58.0,80,70.85,86.59,3.4,78.88,35,4.2,32,No
191,Christopher Benson 91,IT,Tester,71.7,60,85.52,100.0,3.3,99.52,52,3.3,80,No
192,Connie Bailey 92,Sales,Sales Executive,64.1,60,66.99,89.83,4.2,83.45,48,4.5,55,No
193,Ananya Singh 93,HR,HR Executive,65.4,40,80.66,90.44,3.5,87.38,48,4.8,28,No
194,Brenda Bauer 94,Sales,Account Manager,92.3,80,82.13,79.98,3.3,84.02,42,4.5,52,Yes
195,Avani Bhat 95,Support,Support Engineer,75.8,80,82.71,90.87,4.9,82.88,51,3.4,39,No
196,Vihaan Verma 96,HR,Recruitment Specialist,82.9,60,83.6,92.61,3.3,86.23,52,3.6,73,No
197,Norman Lane 97,Finance,Financial Analyst,73.8,40,84.28,95.77,3.0,74.51,49,3.7,17,No
198,Ananya Singh 98,Sales,Account Manager,79.4,60,71.76,92.41,3.4,68.23,44,4.4,46,No
199,Ananya Singh 99,IT,Data Analyst,77.0,60,63.32,87.11,4.0,82.29,54,3.9,12,No
200,Saanvi Iyer 100,Support,Support Engineer,75.1,60,69.26,86.81,3.9,76.96,50,4.4,26,No
201,Nicole Roberts 101,IT,Software Engineer,85.3,60,85.3,87.5,5.0,88.38,41,4.0,61,No
202,Vivaan Gupta 102,Sales,Business Development,73.9,60,65.99,88.75,3.4,87.47,51,4.0,73,No
203,Manish Badami 103,Sales,Sales Executive,99.4,60,67.59,96.87,4.0,84.11,39,4.1,44,No
204,Rohan Pillai 104,Marketing,Content Lead,83.5,60,67.54,95.51,4.6,95.85,52,4.0,2,No
205,Troy Ford 105,HR,Recruitment Specialist,58.3,80,59.54,93.27,3.5,83.95,48,3.1,21,No
206,Jasmine Gonzalez 106,Finance,Financial Analyst,69.9,60,66.53,100.0,4.3,72.33,52,3.4,26,No
207,Sara Khan 107,Sales,Business Development,76.8,60,88.0,69.41,2.8,82.21,52,5.0,54,No
208,Jasmine Gonzalez 108,Sales,Sales Executive,72.5,40,70.83,84.78,5.0,93.37,49,4.3,66,No
209,Judith Ware 109,IT,Developer,80.2,60,60.51,87.92,4.5,68.93,45,5.0,32,No
210,Troy Ford 110,Finance,Financial Analyst,81.6,80,72.88,83.29,3.5,83.25,39,3.5,1,No
211,Steven Barnett 111,IT,Software Engineer,55.7,20,83.11,81.49,4.4,88.6,50,4.0,74,No
212,Ishaan Malhotra 112,Sales,Business Development,87.4,60,59.69,75.98,4.7,100.0,42,3.9,45,No
213,Erin Massey 113,Marketing,Content Strategist,66.0,40,87.53,85.82,3.1,93.67,47,3.4,73,No
214,Vihaan Verma 114,Sales,Account Manager,64.8,60,63.59,94.26,3.5,85.06,51,3.0,32,No
215,Aditya Kumar 115,Support,Support Engineer,64.8,60,74.05,93.42,4.7,88.17,43,3.4,57,No
216,Kabir Mehta 116,IT,Developer,81.7,40,73.92,82.74,3.9,68.82,49,4.6,6,No
217,Devansh Banerjee 117,Support,Support Engineer,68.8,40,72.39,89.54,4.2,75.6,41,3.7,14,No
218,Devansh Banerjee 118,Marketing,Marketing Executive,64.0,80,77.35,97.5,3.9,89.21,52,3.8,25,No
219,Myra Nair 119,Marketing,SEO Specialist,66.9,60,85.79,77.36,4.4,85.29,48,4.0,10,No
220,Arjun Rao 120,IT,Engineer,50.5,60,77.59,86.89,4.2,86.31,42,4.1,37,No
221,Anna Dominguez 121,Finance,Financial Analyst,61.9,80,71.94,90.01,4.0,84.27,36,3.8,26,No
222,Meera Das 122,Marketing,SEO Specialist,57.1,60,82.57,88.07,2.6,83.96,52,3.8,6,No
223,Meera Das 123,HR,Recruitment Specialist,68.8,80,80.07,93.95,4.3,84.82,38,4.2,0,No
224,Nicole Roberts 124,Marketing,Content Lead,80.0,100,71.3,77.52,4.3,75.55,36,5.0,73,No
225,Ananya Singh 125,Marketing,Content Lead,78.6,60,78.42,80.96,3.2,82.17,44,3.6,20,No
226,Pari Joshi 126,HR,Employee Relations,87.1,60,70.48,92.77,3.2,74.05,40,3.1,78,No
227,Aarav Sharma 127,Sales,Business Development,84.4,60,69.34,76.08,4.2,79.04,45,3.6,29,No
228,Riya Mishra 128,Support,Support Engineer,65.7,80,86.06,93.68,4.0,93.57,54,3.9,7,No
229,Peter Mckee 129,Sales,Account Manager,72.2,60,82.47,91.15,2.7,82.55,44,2.9,82,No
230,Shannon Clark 130,IT,Engineer,71.6,80,85.7,93.19,3.4,88.77,51,4.1,2,No
231,Myra Nair 131,HR,HR Manager,46.2,100,84.35,84.71,4.1,84.92,42,4.3,54,No
232,Diya Patel 132,Sales,Sales Executive,57.4,80,69.13,91.57,4.3,80.92,40,3.4,14,No
233,David Williams 133,IT,Data Analyst,70.0,80,88.01,79.79,3.5,75.93,50,3.8,35,No
234,Diya Patel 134,IT,Engineer,69.9,60,75.02,85.1,3.8,80.8,44,4.4,5,No
235,Navya Chopra 135,HR,HR Manager,78.1,80,87.29,88.25,3.4,85.47,53,4.0,41,No
236,Devansh Banerjee 136,IT,Engineer,77.6,40,76.75,81.71,4.7,88.64,38,4.1,49,No
237,Taylor Morris 137,IT,Tester,50.8,60,81.13,89.53,4.0,84.98,36,3.9,17,No
238,Sara Khan 138,Sales,Account Manager,78.2,60,81.43,79.99,3.5,89.2,54,4.1,82,No
239,Peggy Mann 139,Support,Helpdesk,74.1,60,86.13,89.88,3.2,71.84,36,4.9,49,No
240,Manish Badami 140,Marketing,Content Strategist,79.5,40,61.65,100.0,3.1,90.93,46,4.3,29,No
241,Diya Patel 141,IT,Cybersecurity Specialist,84.8,60,62.24,79.2,5.0,74.97,38,2.8,76,No
242,Jeffery Lopez 142,IT,Data Analyst,70.3,40,84.72,87.84,3.8,91.87,50,4.1,38,No
243,Kavya Menon 143,HR,HR Manager,86.9,60,81.56,76.67,3.7,88.02,36,5.0,11,No
244,Judith Ware 144,Sales,Sales Executive,61.3,60,70.24,82.17,3.8,69.04,50,4.0,58,No
245,Kabir Mehta 145,IT,Data Analyst,60.7,100,81.64,92.91,3.5,89.9,49,2.9,75,No
246,Reyansh Reddy 146,Sales,Sales Executive,77.1,60,63.92,84.99,3.8,91.96,48,3.4,43,No
247,Manish Badami 147,Sales,Account Manager,67.6,80,100.0,93.2,3.9,94.06,45,3.9,3,No
248,Christopher Benson 148,Support,Helpdesk,75.1,40,91.12,90.49,3.9,77.85,49,3.5,35,No
249,Diya Patel 149,Marketing,Content Lead,95.9,60,84.22,87.55,3.1,85.44,40,5.0,47,No
250,Erin Massey 150,Sales,Sales Executive,76.7,60,78.76,80.79,4.4,89.56,50,3.4,13,No
251,Clinton Scott 151,IT,Cybersecurity Specialist,74.5,60,71.81,92.8,3.6,89.89,35,4.0,80,No
252,Cody Bright 152,HR,Employee Relations,61.6,80,64.9,90.13,3.5,87.28,45,4.0,48,No
253,Riya Mishra 153,Marketing,Marketing Executive,51.6,80,76.86,77.3,3.5,80.59,48,4.9,66,No
254,Connie Bailey 154,IT,Software Engineer,71.1,80,69.4,81.25,3.3,91.9,36,3.9,76,No
255,Sara Snyder 155,IT,Developer,84.8,60,69.99,68.62,4.1,91.95,50,4.7,8,No
256,Navya Chopra 156,HR,Recruitment Specialist,68.1,60,63.83,78.44,4.4,82.77,38,3.8,20,No
257,Vivaan Gupta 157,Finance,Financial Analyst,76.8,60,80.5,85.81,3.5,77.73,48,3.9,71,No
258,Ishaan Malhotra 158,HR,Employee Relations,89.1,40,74.23,80.61,2.8,78.18,50,3.8,80,No
259,Jeffery Lopez 159,Sales,Business Development,88.8,80,83.35,82.18,3.3,94.92,49,3.0,15,Yes
260,Avani Bhat 160,Support,Support Engineer,77.1,80,82.57,97.73,3.6,91.61,36,4.6,15,No
261,Jeffery Lopez 161,IT,Developer,74.0,60,80.29,95.2,3.2,83.84,47,4.4,27,No
262,Norman Lane 162,Marketing,SEO Specialist,53.8,80,100.0,83.14,3.5,82.41,51,4.0,50,No
263,Meera Das 163,Finance,Accountant,64.4,80,86.24,93.55,3.6,69.85,54,3.7,55,No
264,Jasmine Gonzalez 164,Finance,Financial Analyst,68.6,60,65.39,96.5,3.9,83.32,44,3.3,79,No
265,Sara Khan 165,IT,Developer,61.8,60,82.59,92.33,3.0,74.47,49,3.7,56,No
266,Peter Mckee 166,Finance,Accountant,75.0,100,77.46,90.09,4.2,85.27,51,4.0,51,No
267,Manish Badami 167,HR,Employee Relations,94.9,60,64.58,95.69,4.9,93.48,42,4.2,45,No
268,Manish Badami 168,IT,Software Engineer,90.2,60,63.78,93.39,4.8,76.16,36,4.3,77,No
269,Meera Das 169,HR,Employee Relations,74.9,60,82.53,79.51,3.5,85.91,35,3.5,37,No
270,Brenda Bauer 170,HR,Employee Relations,81.4,60,84.98,86.68,4.3,91.98,39,3.5,83,No
271,Peter Mckee 171,IT,Tester,63.3,60,67.54,84.14,4.2,85.76,37,4.0,47,No
272,Devansh Banerjee 172,Marketing,Content Lead,89.6,60,87.7,96.07,3.9,79.81,45,3.8,40,No
273,Navya Chopra 173,HR,Employee Relations,53.3,60,80.85,83.94,4.0,84.08,50,4.4,58,No
274,Peter Mckee 174,HR,HR Executive,83.0,60,89.96,82.73,4.3,91.66,43,3.2,66,No
275,Sara Snyder 175,IT,Developer,77.9,80,88.9,95.19,4.4,86.1,38,4.3,73,No
276,Jasmine Gonzalez 176,IT,Cybersecurity Specialist,62.9,100,76.42,89.82,3.4,83.97,43,4.0,83,No
277,Sara Snyder 177,Finance,Auditor,69.5,60,94.36,100.0,4.3,93.25,48,3.6,65,No
278,Joel Fuller 178,Sales,Account Manager,58.4,80,66.76,81.96,4.9,88.12,44,4.2,26,No
279,Peter Mckee 179,Finance,Auditor,58.9,80,100.0,84.37,4.4,74.38,50,4.4,31,No
280,Connie Bailey 180,IT,Cybersecurity Specialist,52.9,60,69.21,95.85,4.8,89.05,43,2.9,55,No
281,Megan Williams 181,IT,Cybersecurity Specialist,81.2,80,77.52,79.05,2.3,91.6,37,5.0,9,No
282,Rohan Pillai 182,IT,Data Analyst,86.5,40,72.33,97.24,4.3,74.1,35,4.0,39,No
283,Avani Bhat 183,HR,Employee Relations,46.1,60,74.23,79.55,4.1,65.85,54,4.3,16,No
284,Pari Joshi 184,Finance,Auditor,94.1,60,100.0,92.27,4.5,75.66,45,4.3,57,No
285,Devansh Banerjee 185,IT,Data Analyst,71.9,60,73.37,75.1,3.2,83.18,54,4.1,5,No
286,Arjun Rao 186,Sales,Account Manager,75.5,60,86.51,88.32,3.6,92.08,54,3.7,38,No
287,Peggy Mann 187,IT,Tester,54.3,80,75.65,78.41,4.4,76.87,35,4.1,17,No
288,Norman Lane 188,Sales,Business Development,87.8,40,87.37,100.0,3.3,88.44,39,4.0,72,No
289,Anna Dominguez 189,IT,Developer,74.4,100,72.56,80.5,4.0,60.86,43,4.2,71,No
290,Kabir Mehta 190,Sales,Sales Executive,85.7,60,80.56,82.2,3.9,85.44,37,4.9,41,No
291,Taylor Morris 191,Sales,Account Manager,86.7,80,84.29,91.75,3.8,80.75,46,3.8,3,Yes
292,Navya Chopra 192,Finance,Accountant,88.0,60,70.78,83.79,4.2,100.0,52,3.4,19,No
293,Ishaan Malhotra 193,HR,HR Manager,64.2,60,100.0,92.9,3.2,68.86,36,4.0,27,No
294,Devansh Banerjee 194,Sales,Sales Executive,69.5,60,84.81,83.02,3.4,83.88,44,3.6,39,No
295,Avani Bhat 195,IT,Tester,64.7,60,75.74,82.48,3.8,68.81,41,3.3,64,No
296,Peter Mckee 196,Sales,Sales Executive,82.7,40,71.03,87.81,3.2,79.6,52,3.6,43,No
297,Christopher Benson 197,HR,HR Manager,76.0,60,78.92,79.48,4.6,70.39,50,3.2,22,No
298,Kabir Mehta 198,HR,HR Manager,84.8,40,65.84,90.77,3.4,100.0,47,3.2,56,No
299,Steven Barnett 199,Finance,Financial Analyst,85.4,60,95.82,94.14,4.4,81.16,35,4.9,46,No
300,Christopher Benson 200,IT,Cybersecurity Specialist,51.3,100,82.31,91.87,3.4,82.31,41,4.6,12,No
301,Ashley Marsh 201,IT,Data Analyst,88.2,20,77.12,92.5,4.3,83.66,45,4.0,15,No
302,Steven Barnett 202,HR,Recruitment Specialist,83.4,60,88.46,74.53,2.9,74.94,40,3.4,54,No
303,Steven Barnett 203,Finance,Accountant,67.6,80,70.78,84.77,4.7,92.44,39,2.9,64,No
304,Norman Lane 204,IT,Data Analyst,76.2,60,66.44,86.41,4.6,89.12,44,3.8,80,No
305,Nicole Roberts 205,Sales,Sales Executive,70.5,60,76.7,98.18,3.6,91.34,37,4.4,15,No
306,Ishaan Malhotra 206,IT,Tester,79.4,60,79.28,83.93,3.4,74.26,49,3.9,36,No
307,Devansh Banerjee 207,Finance,Auditor,67.5,60,83.31,71.89,4.2,93.08,46,4.6,51,No
308,Ayaan Saxena 208,Finance,Accountant,77.7,40,63.24,80.97,3.0,92.16,39,3.7,9,No
309,Steven Barnett 209,IT,Software Engineer,72.8,60,73.44,83.37,3.9,82.14,48,3.8,37,No
310,Norman Lane 210,IT,Cybersecurity Specialist,66.8,60,47.17,72.9,3.4,91.16,46,4.3,43,No
311,Rohan Pillai 211,IT,Developer,74.3,80,66.18,94.78,3.7,86.18,45,3.2,73,No
312,Myra Nair 212,Marketing,Content Lead,100.0,80,85.15,77.01,3.5,71.25,47,4.1,53,Yes
313,Peggy Mann 213,Sales,Business Development,63.8,80,87.61,91.12,3.4,82.54,44,4.1,50,No
314,Aarav Sharma 214,Sales,Business Development,69.0,60,66.58,80.35,4.9,80.15,44,3.9,51,No
315,Saanvi Iyer 215,IT,Software Engineer,64.0,60,74.75,98.55,4.4,84.68,48,4.8,69,No
316,Riya Mishra 216,IT,Cybersecurity Specialist,65.2,60,78.26,86.07,3.0,92.17,54,4.4,58,No
317,Aditya Kumar 217,Sales,Business Development,81.8,60,88.78,84.65,3.4,70.87,50,3.0,12,No
318,Peggy Mann 218,Marketing,Content Lead,80.6,60,93.29,91.7,4.4,80.45,46,3.8,40,No
319,Christopher Benson 219,HR,Recruitment Specialist,71.9,80,79.53,80.95,4.5,77.43,52,3.6,11,No
320,Aarav Sharma 220,Finance,Auditor,84.3,60,75.39,92.03,3.1,77.77,38,3.9,49,No
321,Judith Ware 221,HR,HR Manager,81.5,60,63.56,84.63,4.3,77.42,44,3.4,56,No
322,Steven Barnett 222,IT,Engineer,70.1,60,79.08,83.84,4.1,84.55,35,3.4,49,No
323,Peter Mckee 223,Finance,Financial Analyst,53.6,80,98.75,87.39,2.7,88.19,52,3.9,56,No
324,Christopher Benson 224,Finance,Auditor,82.0,60,90.9,80.37,3.7,86.79,49,4.0,53,No
325,Avani Bhat 225,Sales,Sales Executive,74.0,60,79.75,86.66,3.8,85.49,51,3.5,65,No
326,Brenda Bauer 226,Sales,Business Development,72.3,80,81.03,90.38,3.9,88.97,35,3.4,7,No
327,Pari Joshi 227,IT,Cybersecurity Specialist,66.4,40,71.11,71.84,3.1,100.0,48,3.0,62,No
328,Reyansh Reddy 228,Sales,Business Development,80.9,60,74.43,95.64,3.4,85.09,46,4.2,8,No
329,Aarav Sharma 229,IT,Developer,76.2,80,79.48,93.71,3.5,92.17,45,3.8,59,No
330,Navya Chopra 230,IT,Developer,69.2,80,79.51,75.02,3.6,91.71,54,3.6,62,No
331,David Williams 231,HR,HR Executive,57.3,20,88.11,73.93,3.6,98.22,53,4.5,71,No
332,Aditya Kumar 232,Finance,Accountant,84.8,60,87.62,93.89,3.8,88.48,38,2.5,2,No
333,Erin Massey 233,IT,Developer,79.3,60,83.21,93.35,4.1,77.25,51,4.3,72,No
334,Megan Williams 234,HR,HR Manager,75.1,60,68.01,92.36,5.0,86.44,52,4.9,12,No
335,Norman Lane 235,Marketing,Content Lead,40.1,60,68.39,78.01,4.4,86.01,38,2.7,8,No
336,Sara Snyder 236,IT,Cybersecurity Specialist,71.5,100,69.12,100.0,4.7,90.52,35,2.8,51,No
337,Norman Lane 237,IT,Developer,69.1,60,80.36,82.71,3.6,77.01,40,3.1,61,No
338,Devansh Banerjee 238,IT,Engineer,64.6,60,57.74,89.68,3.3,94.13,41,3.3,7,No
339,Rohan Pillai 239,Support,Support Engineer,81.1,60,77.94,89.76,4.4,84.04,35,4.6,44,No
340,Peter Mckee 240,Sales,Sales Executive,80.6,40,92.09,99.15,3.9,90.72,40,3.8,52,No
341,Diya Patel 241,Finance,Financial Analyst,77.2,60,84.67,88.88,4.3,86.48,37,5.0,62,No
342,Peggy Mann 242,Marketing,Marketing Executive,84.5,60,74.49,90.91,3.4,84.98,50,3.8,80,No
343,Jeffery Lopez 243,Sales,Business Development,59.7,80,71.02,87.46,4.3,85.87,36,3.8,56,No
344,Peggy Mann 244,Finance,Accountant,66.6,60,86.06,79.62,3.8,89.38,36,4.8,53,No
345,Aditya Kumar 245,Sales,Account Manager,72.9,60,81.06,71.77,3.6,99.67,45,2.5,18,No
346,Anna Dominguez 246,Marketing,Content Lead,64.5,60,75.54,88.23,3.7,67.86,54,4.1,66,No
347,Aditi Sen 247,Finance,Auditor,80.7,60,72.11,78.11,4.2,88.32,45,4.3,45,No
348,Joel Fuller 248,IT,Engineer,65.7,40,78.76,90.45,4.4,84.35,42,4.7,9,No
349,Peter Mckee 249,IT,Data Analyst,87.6,80,74.97,89.04,3.7,82.58,53,4.5,17,Yes
350,Peggy Mann 250,Support,Helpdesk,60.8,80,85.84,88.87,4.1,65.09,49,4.2,11,No
351,Peggy Mann 251,Sales,Business Development,97.6,40,90.41,80.63,4.1,88.64,54,4.8,48,No
352,Riya Mishra 252,Support,Helpdesk,96.4,80,64.33,95.26,4.3,83.0,48,4.8,22,Yes
353,Clinton Scott 253,Support,Helpdesk,70.9,60,65.74,91.32,4.5,77.32,52,4.4,61,No
354,Manish Badami 254,IT,Cybersecurity Specialist,85.8,60,91.48,79.73,5.0,84.34,54,3.4,10,No
355,Devansh Banerjee 255,Sales,Sales Executive,67.2,60,79.66,100.0,3.6,81.66,39,4.1,72,No
356,Rita Walker 256,HR,HR Manager,84.2,60,66.68,86.52,4.8,70.06,36,4.5,55,No
357,Meera Das 257,Finance,Financial Analyst,69.9,20,87.83,78.66,4.0,84.71,36,3.8,54,No
358,Aditi Sen 258,Finance,Financial Analyst,56.6,60,81.42,82.69,3.2,88.64,36,4.4,24,No
359,Ayaan Saxena 259,Sales,Account Manager,30.0,40,100.0,77.44,3.5,79.61,36,4.0,8,No
360,Navya Chopra 260,Support,Support Engineer,68.8,20,75.65,97.52,4.2,86.09,43,3.7,11,No
361,Arjun Rao 261,IT,Cybersecurity Specialist,75.3,60,89.09,95.56,4.3,84.86,46,4.1,10,No
362,Ishaan Malhotra 262,Finance,Accountant,88.0,60,63.51,93.18,3.3,92.36,54,3.2,37,No
363,Kavya Menon 263,IT,Developer,72.4,60,91.96,91.86,3.4,83.17,52,4.2,27,No
364,Steven Barnett 264,Support,Helpdesk,84.0,60,87.44,96.74,3.6,90.41,37,3.6,7,No
365,Vivaan Gupta 265,Finance,Accountant,66.6,40,94.04,86.31,3.4,81.49,53,4.3,73,No
366,Manish Badami 266,Sales,Business Development,68.0,60,89.11,90.96,2.8,99.74,50,3.3,46,No
367,Steven Barnett 267,IT,Developer,84.6,80,77.01,82.32,2.6,80.51,45,5.0,35,No
368,Vihaan Verma 268,IT,Engineer,42.4,60,66.29,86.93,3.7,78.52,49,3.4,49,No
369,Rita Walker 269,Finance,Accountant,72.2,80,71.98,91.15,4.1,83.2,45,4.5,8,No
370,Erin Massey 270,IT,Tester,67.2,60,60.39,66.43,4.3,78.18,44,3.9,59,No
371,Peggy Mann 271,Support,Support Engineer,88.3,80,68.79,83.66,3.1,74.01,53,4.3,71,Yes
372,Aditya Kumar 272,Marketing,Content Lead,65.7,60,82.26,89.15,3.1,89.82,39,4.4,66,No
373,Arjun Rao 273,Sales,Business Development,78.2,40,77.52,87.46,3.6,59.5,48,3.9,52,No
374,Myra Nair 274,Support,Support Engineer,83.1,60,75.76,84.83,3.9,78.26,43,3.9,81,No
375,Vivaan Gupta 275,IT,Data Analyst,54.1,60,70.07,92.12,4.5,73.27,40,3.9,16,No
376,Meera Das 276,Sales,Sales Executive,70.3,60,60.28,83.05,4.3,85.14,35,2.8,52,No
377,Diya Patel 277,IT,Engineer,66.8,60,79.82,79.45,3.7,66.49,46,4.5,27,No
378,Avani Bhat 278,Sales,Business Development,83.4,20,81.79,96.29,4.1,88.38,48,4.0,62,No
379,Judith Ware 279,Sales,Business Development,80.1,60,68.08,95.3,3.4,89.25,38,3.8,14,No
380,Diya Patel 280,IT,Developer,69.2,80,72.67,83.81,3.9,70.94,49,3.9,18,No
381,Ayaan Saxena 281,IT,Developer,59.4,100,93.42,87.52,3.9,85.52,51,3.7,69,No
382,Myra Nair 282,Finance,Accountant,84.5,60,89.59,93.92,4.7,88.13,54,2.8,46,No
383,Saanvi Iyer 283,Finance,Financial Analyst,71.2,20,63.16,88.31,4.2,91.52,46,3.7,70,No
384,Nicole Roberts 284,Finance,Accountant,52.6,40,77.15,91.71,3.4,72.25,35,4.0,47,No
385,Christopher Benson 285,Sales,Sales Executive,53.6,80,92.55,91.33,3.4,71.12,47,3.5,72,No
386,Manish Badami 286,IT,Software Engineer,77.3,80,75.84,85.77,3.7,96.02,44,4.0,19,No
387,Ishaan Malhotra 287,Sales,Sales Executive,56.7,80,75.31,91.61,3.0,77.42,38,4.5,36,No
388,Sara Khan 288,Sales,Account Manager,94.3,60,88.93,81.25,3.8,79.78,40,3.6,74,No
389,Taylor Morris 289,Finance,Accountant,60.8,80,87.87,90.76,3.8,89.06,43,3.1,1,No
390,Ayaan Saxena 290,Support,Helpdesk,72.0,80,87.35,87.48,4.2,74.65,52,4.0,63,No
391,David Williams 291,IT,Tester,73.9,60,75.38,85.47,4.3,81.87,36,4.3,35,No
392,Sara Snyder 292,Marketing,Content Lead,63.2,80,84.63,79.27,4.0,91.13,40,5.0,4,No
393,Vihaan Verma 293,Sales,Business Development,45.1,40,92.95,88.92,2.9,72.63,45,3.7,63,No
394,Ananya Singh 294,HR,HR Manager,74.3,60,77.5,88.27,3.2,80.0,47,4.0,6,No
395,Megan Williams 295,IT,Software Engineer,63.0,100,73.97,82.12,3.5,74.99,40,4.7,69,No
396,Aarav Sharma 296,Sales,Business Development,73.4,40,90.3,76.82,4.3,77.81,46,3.5,21,No
397,Kabir Mehta 297,IT,Cybersecurity Specialist,70.5,60,98.45,76.49,4.3,93.49,53,4.3,73,No
398,Manish Badami 298,HR,Recruitment Specialist,75.2,60,99.15,86.22,3.8,95.24,52,4.3,45,No
399,Myra Nair 299,Marketing,SEO Specialist,90.7,80,74.25,90.15,5.0,86.06,53,4.4,39,Yes
400,Rohan Pillai 300,Marketing,SEO Analyst,65.4,60,75.26,100.0,4.8,88.26,46,3.6,60,No
401,Clinton Scott 301,Support,Support Engineer,66.4,80,67.71,87.68,4.6,88.04,54,3.4,45,No
402,Vihaan Verma 302,IT,Data Analyst,52.0,60,79.18,76.62,4.3,78.62,47,3.8,83,No
403,Norman Lane 303,IT,Developer,69.7,60,67.26,86.55,4.2,85.91,54,4.0,27,No
404,Meera Das 304,Sales,Account Manager,76.9,20,72.73,96.76,4.1,73.64,38,3.2,34,No
405,David Williams 305,IT,Data Analyst,66.2,80,85.01,83.22,2.8,76.33,40,4.3,0,No
406,Vivaan Gupta 306,HR,Employee Relations,77.0,60,81.9,95.83,3.3,83.31,47,4.5,28,No
407,Jeffery Lopez 307,IT,Data Analyst,69.9,60,59.89,89.23,3.8,75.51,44,3.3,8,No
408,Vihaan Verma 308,Support,Support Engineer,56.4,40,93.7,92.53,4.0,73.82,37,4.5,8,No
409,Myra Nair 309,Sales,Sales Executive,75.7,80,67.13,100.0,3.8,78.3,43,3.3,21,No
410,Vihaan Verma 310,IT,Data Analyst,69.5,60,68.39,75.14,4.1,93.17,49,3.6,62,No
411,Avani Bhat 311,HR,Employee Relations,73.5,80,65.61,94.28,2.6,96.46,39,4.0,65,No
412,Taylor Morris 312,Sales,Account Manager,65.2,60,71.39,87.34,4.2,83.74,43,4.1,79,No
413,Jeffery Lopez 313,Sales,Account Manager,64.1,40,69.03,81.36,3.9,88.66,49,4.8,57,No
414,Jasmine Gonzalez 314,Marketing,Marketing Executive,73.9,60,69.28,87.3,3.8,79.49,47,4.4,69,No
415,Nicole Roberts 315,HR,HR Executive,69.2,80,53.36,99.84,4.5,67.47,37,4.2,54,No
416,Devansh Banerjee 316,Sales,Account Manager,92.7,80,79.3,97.34,3.3,76.85,53,3.6,12,Yes
417,Aditya Kumar 317,Marketing,Marketing Executive,81.6,60,80.32,73.99,3.8,81.53,36,3.7,18,No
418,Saanvi Iyer 318,Sales,Sales Executive,78.5,100,100.0,82.61,4.1,85.13,52,3.4,78,No
419,Myra Nair 319,Finance,Auditor,69.9,60,82.86,94.6,3.4,83.19,48,3.7,32,No
420,Sara Khan 320,Support,Helpdesk,47.7,60,73.03,87.85,2.7,81.75,47,5.0,73,No
421,Kabir Mehta 321,IT,Developer,62.3,60,65.99,87.87,3.2,79.4,42,3.9,64,No
422,Steven Barnett 322,IT,Tester,64.2,60,77.04,77.02,3.9,86.75,44,4.1,59,No
423,Avani Bhat 323,Finance,Accountant,68.7,60,82.49,82.78,3.8,73.09,36,3.7,11,No
424,Rita Walker 324,Finance,Auditor,71.6,60,72.97,78.49,3.9,90.42,44,3.4,42,No
425,Kabir Mehta 325,Sales,Business Development,79.9,60,78.61,76.43,3.5,79.31,36,4.1,16,No
426,Aditi Sen 326,IT,Tester,75.3,40,96.97,79.2,3.1,100.0,38,4.1,67,No
427,Cody Bright 327,HR,HR Manager,85.9,60,74.16,81.5,4.0,81.48,43,4.7,28,No
428,Connie Bailey 328,Support,Support Engineer,68.3,60,59.13,82.67,3.8,80.16,44,3.7,54,No
429,Vivaan Gupta 329,Marketing,Marketing Executive,75.1,60,86.73,82.11,4.3,79.5,38,3.7,6,No
430,Saanvi Iyer 330,Finance,Auditor,76.1,80,81.14,95.14,3.5,80.24,37,3.5,43,No
431,Megan Williams 331,Finance,Accountant,74.9,40,60.91,81.65,2.7,88.86,41,4.1,76,No
432,Navya Chopra 332,Sales,Sales Executive,87.4,80,82.28,97.98,2.3,83.66,50,4.6,4,Yes
433,Devansh Banerjee 333,Sales,Business Development,81.6,80,68.02,84.61,3.7,91.9,39,4.6,59,No
434,Pari Joshi 334,IT,Data Analyst,56.2,60,82.41,91.07,4.0,87.72,47,5.0,5,No
435,Reyansh Reddy 335,Sales,Sales Executive,70.6,60,97.07,91.3,3.8,84.25,44,3.2,6,No
436,Diya Patel 336,Finance,Auditor,71.8,60,76.23,81.72,3.6,86.98,36,4.2,45,No
437,Rita Walker 337,IT,Developer,97.8,60,88.83,85.7,2.9,93.57,50,4.3,56,No
438,Kavya Menon 338,IT,Tester,68.0,60,65.72,84.48,2.8,89.25,54,3.1,53,No
439,Vihaan Verma 339,Finance,Financial Analyst,60.2,60,62.81,90.61,4.1,86.24,35,4.6,45,No
440,Rita Walker 340,IT,Software Engineer,77.3,60,98.17,87.1,3.8,87.38,40,2.6,9,No
441,Erin Massey 341,HR,HR Manager,78.0,60,81.08,82.76,3.7,74.78,53,3.9,3,No
442,Aarav Sharma 342,Sales,Business Development,71.1,80,84.37,88.83,3.0,100.0,35,3.0,66,No
443,David Williams 343,IT,Cybersecurity Specialist,69.4,40,89.52,90.38,3.3,88.23,39,5.0,24,No
444,Taylor Morris 344,HR,HR Executive,83.4,100,72.72,100.0,3.9,89.02,46,3.9,77,No
445,Diya Patel 345,Finance,Financial Analyst,61.8,40,86.25,88.48,4.1,83.77,51,4.6,60,No
446,Jeffery Lopez 346,Sales,Account Manager,67.9,60,84.74,88.07,3.8,65.62,53,4.0,37,No
447,Christopher Benson 347,IT,Developer,65.7,60,65.05,91.0,4.7,81.88,42,3.6,31,No
448,Brenda Bauer 348,HR,Recruitment Specialist,85.1,40,93.13,81.35,3.6,84.61,44,4.7,22,No
449,Connie Bailey 349,IT,Developer,75.4,80,91.07,75.92,4.7,77.42,37,4.0,36,No
450,Meera Das 350,IT,Tester,59.2,60,65.16,85.82,4.0,77.35,43,3.3,2,No
451,Brenda Bauer 351,IT,Data Analyst,60.4,40,80.0,95.5,4.0,81.29,41,3.6,12,No
452,Vihaan Verma 352,IT,Developer,94.5,60,75.69,96.63,4.5,90.17,40,3.4,33,No
453,Vivaan Gupta 353,Marketing,Marketing Executive,85.0,60,92.18,74.84,3.5,94.05,49,3.9,64,No
454,Jeffery Lopez 354,Finance,Auditor,82.1,100,63.89,92.66,3.7,85.37,47,3.8,75,No
455,Ananya Singh 355,Marketing,SEO Analyst,72.1,60,100.0,72.71,3.2,79.46,48,3.9,7,No
456,Clinton Scott 356,Finance,Accountant,90.1,60,76.26,91.21,4.5,81.1,39,4.3,82,No
457,Clinton Scott 357,Support,Helpdesk,58.8,40,85.38,90.8,4.1,84.8,36,5.0,8,No
458,Aditya Kumar 358,IT,Tester,81.0,60,91.87,75.93,4.6,85.74,41,4.0,27,No
459,Connie Bailey 359,HR,Employee Relations,66.7,60,76.04,95.0,4.0,87.48,35,3.5,77,No
460,Steven Barnett 360,IT,Software Engineer,69.0,100,76.85,100.0,4.6,80.49,50,5.0,17,No
461,Steven Barnett 361,IT,Engineer,80.7,60,72.97,87.56,3.5,88.23,41,4.9,41,No
462,Aarav Sharma 362,Sales,Sales Executive,70.3,80,69.15,88.99,4.5,87.6,49,4.3,40,No
463,Kavya Menon 363,Marketing,Content Strategist,66.8,100,80.72,98.35,3.7,80.84,40,4.1,69,No
464,Devansh Banerjee 364,IT,Developer,66.1,60,76.65,80.12,3.9,70.24,54,4.2,32,No
465,Aditi Sen 365,HR,Recruitment Specialist,48.2,40,72.91,80.29,4.3,76.92,53,2.6,76,No
466,Peter Mckee 366,Sales,Sales Executive,81.2,40,73.49,82.12,5.0,96.54,43,3.0,53,No
467,Sara Khan 367,IT,Developer,59.9,60,83.76,88.26,4.4,70.45,40,4.5,35,No
468,Riya Mishra 368,Sales,Sales Executive,94.3,60,70.02,88.24,4.4,94.54,51,4.9,84,No
469,Connie Bailey 369,IT,Cybersecurity Specialist,68.5,40,75.53,84.13,3.6,70.17,39,2.9,55,No
470,Joel Fuller 370,IT,Developer,87.7,60,86.99,85.9,4.0,77.81,49,3.5,16,No
471,Vihaan Verma 371,Marketing,SEO Specialist,50.3,60,80.47,84.22,3.8,81.0,41,3.6,9,No
472,Judith Ware 372,IT,Cybersecurity Specialist,80.8,20,67.5,84.56,4.7,98.26,48,3.4,43,No
473,Troy Ford 373,IT,Developer,83.9,60,77.76,82.62,3.8,84.21,54,4.2,1,No
474,Arjun Rao 374,Finance,Accountant,87.6,40,82.37,82.68,4.7,82.29,52,4.4,13,No
475,David Williams 375,HR,Employee Relations,53.7,60,87.89,73.99,3.1,76.52,51,3.4,40,No
476,Judith Ware 376,Marketing,Marketing Executive,63.6,40,70.45,86.43,4.7,88.18,52,3.1,1,No
477,Jasmine Gonzalez 377,Sales,Sales Executive,78.9,80,72.41,74.31,3.4,79.9,36,3.3,18,No
478,Brenda Bauer 378,Sales,Business Development,73.8,40,71.05,93.25,4.4,82.17,52,3.7,79,No
479,Kabir Mehta 379,Sales,Business Development,75.5,80,71.54,84.08,3.4,81.13,48,5.0,0,No
480,Steven Barnett 380,IT,Tester,67.7,60,82.05,87.16,4.3,89.76,38,4.0,1,No
481,Christopher Benson 381,Sales,Business Development,90.6,60,83.94,85.39,3.3,90.09,41,5.0,26,No
482,Kavya Menon 382,IT,Developer,100.0,60,88.51,86.29,4.5,76.88,41,4.5,1,No
483,Vihaan Verma 383,Finance,Auditor,73.2,60,77.09,96.84,4.4,78.98,35,3.6,50,No
484,Joel Fuller 384,Sales,Business Development,77.4,40,63.95,78.54,3.5,78.19,42,4.1,9,No
485,Riya Mishra 385,Finance,Financial Analyst,72.7,80,84.69,76.64,4.2,85.47,54,3.7,18,No
486,Sara Snyder 386,Finance,Financial Analyst,87.4,80,79.59,88.84,4.5,91.25,44,3.3,79,Yes
487,Devansh Banerjee 387,IT,Cybersecurity Specialist,81.9,100,78.6,84.53,3.3,85.57,43,3.8,12,No
488,Joel Fuller 388,Marketing,Content Strategist,59.2,60,65.17,90.52,3.3,66.47,41,4.5,47,No
489,Sara Snyder 389,IT,Software Engineer,64.6,60,76.04,93.02,3.3,90.08,37,3.7,55,No
490,Erin Massey 390,Finance,Auditor,59.9,60,66.06,80.26,3.2,73.21,46,3.9,71,No
491,Peggy Mann 391,HR,HR Manager,100.0,60,82.82,92.22,3.3,78.28,37,3.6,55,No
492,Erin Massey 392,Sales,Account Manager,79.6,80,73.7,80.85,4.5,85.59,39,4.8,49,No
493,Peggy Mann 393,IT,Software Engineer,64.9,60,72.8,88.52,4.2,83.33,41,3.9,44,No
494,Kavya Menon 394,Marketing,Content Lead,63.9,80,62.63,79.34,2.9,90.98,46,3.8,58,No
495,Clinton Scott 395,IT,Developer,81.7,60,88.27,88.93,3.6,79.11,51,3.8,38,No
496,Aarav Sharma 396,Finance,Accountant,82.9,60,75.41,87.85,3.2,76.27,48,4.2,20,No
497,Navya Chopra 397,IT,Data Analyst,81.6,100,78.87,80.28,4.4,81.51,37,4.1,54,No
498,Steven Barnett 398,IT,Developer,66.9,80,70.65,78.49,3.6,91.82,35,4.6,56,No
499,Devansh Banerjee 399,HR,Employee Relations,75.7,60,61.49,93.25,3.0,89.04,52,3.8,40,No
500,Aditya Kumar 400,IT,Engineer,73.3,60,72.68,84.83,4.0,84.7,48,5.0,69,No
501,Ayaan Saxena 401,IT,Cybersecurity Specialist,60.8,60,74.28,95.08,4.3,94.61,47,3.6,81,No
502,Riya Mishra 402,IT,Developer,60.9,40,80.93,84.2,3.3,93.16,46,4.1,48,No
503,Sara Khan 403,HR,Recruitment Specialist,76.9,60,74.45,97.12,3.7,90.31,39,4.3,43,No
504,Aarav Sharma 404,IT,Cybersecurity Specialist,74.4,60,70.82,81.36,3.4,74.58,37,4.0,34,No
505,Ashley Marsh 405,IT,Software Engineer,78.6,60,62.97,98.31,4.6,90.27,48,4.0,4,No
506,Devansh Banerjee 406,Sales,Account Manager,81.5,60,78.48,89.22,3.6,82.38,41,3.5,70,No
507,Ashley Marsh 407,Sales,Account Manager,90.0,60,70.03,90.8,3.5,80.84,41,4.4,73,No
508,Meera Das 408,Sales,Account Manager,62.7,60,91.21,80.97,3.9,78.54,51,4.1,73,No
509,Ananya Singh 409,Sales,Account Manager,79.6,80,79.5,93.1,3.8,82.63,40,4.0,50,No
510,Jeffery Lopez 410,Finance,Financial Analyst,81.0,20,83.62,93.35,4.3,78.99,49,2.9,56,No
511,Troy Ford 411,Finance,Financial Analyst,68.3,80,75.51,85.73,4.6,85.36,53,4.3,57,No
512,Aarav Sharma 412,IT,Cybersecurity Specialist,73.5,60,80.01,73.06,4.6,82.62,49,4.4,35,No
513,Peggy Mann 413,Support,Helpdesk,68.6,60,69.09,80.21,3.7,85.76,41,2.3,9,No
514,Ayaan Saxena 414,Marketing,Content Lead,97.3,80,66.22,80.21,4.1,88.43,39,4.4,49,Yes
515,Norman Lane 415,Support,Support Engineer,73.3,60,78.15,91.15,4.8,81.65,49,3.9,36,No
516,Rohan Pillai 416,Sales,Account Manager,77.4,40,83.7,84.74,4.8,78.1,54,3.0,19,No
517,Aditi Sen 417,IT,Tester,68.8,60,58.54,84.88,3.4,67.95,47,3.4,12,No
518,Megan Williams 418,HR,HR Manager,66.2,60,73.01,84.04,4.3,90.17,41,3.3,74,No
519,Rita Walker 419,Finance,Financial Analyst,56.4,60,96.42,98.29,4.2,84.63,47,3.5,18,No
520,Myra Nair 420,HR,Recruitment Specialist,85.2,40,82.79,88.32,4.5,82.59,47,4.3,55,No
521,Kabir Mehta 421,Finance,Accountant,81.2,40,93.38,89.38,4.6,93.38,47,4.4,44,No
522,Judith Ware 422,Sales,Account Manager,68.4,60,71.66,83.66,3.3,73.69,42,4.3,59,No
523,Arjun Rao 423,Finance,Accountant,61.2,60,73.42,87.79,3.5,84.45,39,3.8,67,No
524,Norman Lane 424,Finance,Financial Analyst,74.2,60,87.67,81.17,4.4,76.29,38,5.0,56,No
525,Megan Williams 425,Finance,Auditor,66.0,60,84.24,90.41,4.0,89.25,51,2.5,53,No
526,Avani Bhat 426,IT,Cybersecurity Specialist,69.3,60,77.06,79.97,2.6,66.19,54,3.4,36,No
527,Vivaan Gupta 427,IT,Data Analyst,56.8,40,65.37,93.21,2.9,90.43,48,4.2,82,No
528,Brenda Bauer 428,IT,Engineer,74.6,60,89.57,82.86,4.3,90.1,45,3.6,36,No
529,Sara Khan 429,Sales,Account Manager,74.8,80,100.0,94.64,4.4,76.62,44,3.8,13,No
530,Joel Fuller 430,IT,Cybersecurity Specialist,85.1,60,62.28,100.0,3.1,84.53,35,4.0,43,No
531,Aarav Sharma 431,Sales,Account Manager,70.2,80,92.04,88.01,4.6,76.79,41,3.8,82,No
532,Ananya Singh 432,IT,Developer,68.0,80,73.32,97.18,3.8,87.42,40,3.2,41,No
533,Saanvi Iyer 433,Sales,Business Development,53.3,80,74.67,93.26,3.3,90.56,41,4.5,0,No
534,Kavya Menon 434,HR,HR Manager,85.2,60,80.7,77.97,3.6,75.96,49,4.5,22,No
535,Aditi Sen 435,Sales,Business Development,82.7,60,65.94,88.78,3.2,73.63,40,4.9,63,No
536,Megan Williams 436,IT,Engineer,72.3,80,77.63,91.51,3.5,92.77,52,2.9,27,No
537,Peggy Mann 437,IT,Software Engineer,56.0,60,61.89,92.18,2.8,99.53,36,4.5,3,No
538,Peter Mckee 438,Marketing,Content Lead,57.4,60,82.76,89.25,3.9,87.96,43,3.5,40,No
539,Christopher Benson 439,Support,Support Engineer,65.4,40,100.0,89.16,4.3,88.55,40,3.9,59,No
540,Anna Dominguez 440,Marketing,Content Strategist,83.6,60,71.6,88.04,3.1,81.34,51,3.6,17,No
541,Anna Dominguez 441,Marketing,Content Lead,75.5,60,76.31,88.93,3.9,85.44,45,3.4,62,No
542,Aditya Kumar 442,IT,Software Engineer,54.1,60,76.81,79.43,3.4,86.81,38,4.4,60,No
543,Kabir Mehta 443,Finance,Auditor,76.9,60,87.86,86.35,4.3,82.54,41,5.0,48,No
544,Christopher Benson 444,Sales,Sales Executive,61.9,100,82.06,77.83,2.5,94.8,49,5.0,46,No
545,Rohan Pillai 445,Sales,Sales Executive,65.7,100,87.2,84.52,4.3,85.41,51,4.6,38,No
546,Manish Badami 446,Finance,Auditor,83.7,80,72.94,83.86,2.8,86.44,46,3.3,81,No
547,Steven Barnett 447,Finance,Accountant,81.2,100,82.34,83.42,3.8,82.7,47,3.9,5,No
548,Troy Ford 448,Finance,Financial Analyst,85.1,100,44.32,80.64,3.5,83.52,47,4.0,82,Yes
549,Ananya Singh 449,HR,HR Executive,71.7,80,84.67,89.88,3.7,93.75,42,4.3,52,No
550,Ayaan Saxena 450,IT,Cybersecurity Specialist,82.6,40,65.82,85.77,3.0,85.17,41,4.4,75,No
551,Vivaan Gupta 451,HR,HR Executive,65.0,60,74.72,85.06,4.9,85.35,38,3.7,24,No
552,Sara Khan 452,Finance,Financial Analyst,68.9,60,85.45,78.15,3.1,85.46,37,4.8,64,No
553,Troy Ford 453,Finance,Financial Analyst,68.1,40,62.64,85.91,3.2,81.08,51,5.0,4,No
554,Diya Patel 454,HR,HR Manager,72.3,80,88.89,96.02,5.0,72.74,50,4.2,64,No
555,Ashley Marsh 455,Finance,Financial Analyst,56.6,40,76.76,96.13,4.1,96.58,53,3.7,7,No
556,Devansh Banerjee 456,HR,HR Manager,69.3,60,92.53,90.61,3.1,92.55,36,4.6,38,No
557,Arjun Rao 457,Marketing,SEO Analyst,89.4,40,68.97,85.93,3.8,93.99,48,4.7,42,No
558,Rohan Pillai 458,IT,Engineer,58.9,60,59.87,91.91,3.8,75.42,50,4.4,81,No
559,Arjun Rao 459,IT,Tester,56.0,60,77.71,83.33,2.9,95.56,51,4.0,72,No
560,Sara Snyder 460,Marketing,Content Strategist,57.0,60,83.87,85.91,3.4,99.73,38,4.8,4,No
561,David Williams 461,IT,Data Analyst,100.0,60,84.71,82.8,3.9,92.36,42,3.4,3,No
562,Jeffery Lopez 462,Finance,Accountant,77.6,60,66.65,94.36,4.7,97.18,43,4.0,0,No
563,Ishaan Malhotra 463,IT,Tester,68.8,60,61.75,93.46,3.8,90.38,50,5.0,55,No
564,Brenda Bauer 464,Marketing,Content Lead,72.8,80,74.88,87.76,3.8,77.23,50,4.0,44,No
565,David Williams 465,Support,Helpdesk,74.7,60,83.16,100.0,3.4,88.06,51,4.0,64,No
566,Peggy Mann 466,IT,Cybersecurity Specialist,64.3,40,82.66,90.89,4.6,75.84,37,4.1,2,No
567,Megan Williams 467,Finance,Accountant,65.8,20,93.72,90.49,4.4,79.22,51,3.5,21,No
568,Saanvi Iyer 468,Sales,Account Manager,70.1,80,74.27,89.74,4.4,86.53,52,3.3,71,No
569,Diya Patel 469,Finance,Accountant,63.3,60,59.55,79.16,4.0,85.46,52,3.7,55,No
570,Megan Williams 470,Marketing,SEO Specialist,67.2,40,89.97,81.74,2.9,87.7,40,3.9,17,No
571,Aditi Sen 471,Sales,Sales Executive,76.2,40,79.95,87.62,4.6,69.66,40,4.7,24,No
572,Christopher Benson 472,Sales,Sales Executive,60.0,80,80.82,87.68,3.9,82.77,35,4.2,47,No
573,Judith Ware 473,Sales,Business Development,100.0,60,85.67,92.13,3.7,88.39,50,4.9,83,No
574,Jasmine Gonzalez 474,Finance,Accountant,81.0,60,90.64,83.32,4.2,89.99,51,4.3,30,No
575,David Williams 475,IT,Data Analyst,56.8,60,77.77,88.49,4.0,90.51,38,4.5,29,No
576,Rita Walker 476,Finance,Auditor,42.3,40,89.77,88.62,3.3,86.01,50,4.4,79,No
577,Pari Joshi 477,Sales,Business Development,63.7,60,83.52,88.9,3.7,80.97,54,5.0,65,No
578,Reyansh Reddy 478,HR,Employee Relations,80.2,60,71.44,88.11,2.8,88.01,36,4.0,80,No
579,Troy Ford 479,Finance,Financial Analyst,77.9,60,75.67,78.17,4.0,81.6,46,4.1,9,No
580,Peggy Mann 480,IT,Engineer,70.7,80,84.17,72.17,4.7,91.21,50,3.4,70,No
581,Kabir Mehta 481,Support,Support Engineer,64.8,60,70.91,81.41,2.8,87.42,40,4.5,58,No
582,Ashley Marsh 482,HR,Employee Relations,61.2,60,86.86,84.28,4.0,83.51,50,3.7,50,No
583,Nicole Roberts 483,IT,Developer,67.2,60,79.58,79.75,4.3,77.85,41,4.4,8,No
584,Myra Nair 484,Marketing,Content Lead,59.9,60,81.82,87.61,4.4,92.96,48,4.1,53,No
585,Myra Nair 485,Marketing,SEO Analyst,67.2,60,92.41,95.63,3.5,88.47,37,3.3,61,No
586,Ananya Singh 486,HR,Recruitment Specialist,88.0,60,81.57,93.08,3.2,100.0,35,4.1,80,No
587,Ayaan Saxena 487,Finance,Financial Analyst,62.7,60,78.71,91.26,3.5,88.21,51,3.7,8,No
588,Christopher Benson 488,Marketing,Content Lead,79.3,60,77.17,94.9,4.6,88.88,54,3.1,8,No
589,Sara Khan 489,Marketing,Marketing Executive,81.2,60,76.65,81.53,2.9,72.28,38,4.2,23,No
590,David Williams 490,Marketing,SEO Analyst,59.0,100,81.12,84.8,3.2,86.48,41,5.0,38,No
591,Connie Bailey 491,Finance,Financial Analyst,61.9,40,91.63,92.3,3.6,81.47,41,3.4,74,No
592,Taylor Morris 492,HR,HR Executive,84.8,40,71.88,84.68,3.3,90.61,38,2.4,7,No
593,Peggy Mann 493,Sales,Account Manager,60.9,40,71.13,85.06,3.9,86.68,41,5.0,24,No
594,Reyansh Reddy 494,Marketing,Content Strategist,71.3,60,90.85,100.0,4.7,91.88,42,3.0,65,No
595,Myra Nair 495,IT,Tester,96.5,40,72.34,88.67,3.2,100.0,43,5.0,9,No
596,Jasmine Gonzalez 496,Sales,Account Manager,83.8,60,80.16,100.0,3.8,77.61,49,4.8,23,No
597,Brenda Bauer 497,Finance,Auditor,73.0,60,72.08,75.24,3.9,91.57,38,4.0,79,No
598,Arjun Rao 498,Finance,Accountant,82.1,60,61.21,83.58,3.7,89.47,52,3.6,82,No
599,Jeffery Lopez 499,Marketing,Content Strategist,71.3,40,79.98,90.86,3.0,99.83,46,4.7,58,No
600,Aditya Kumar 500,HR,HR Manager,84.2,60,89.15,88.66,3.5,89.64,40,4.1,30,No
601,Ishaan Malhotra 501,IT,Cybersecurity Specialist,47.4,40,77.38,73.61,3.5,88.81,38,5.0,10,No
602,Clinton Scott 502,IT,Data Analyst,70.3,40,63.18,86.39,4.3,90.81,38,4.3,5,No
603,Connie Bailey 503,Finance,Auditor,47.0,60,79.09,100.0,4.2,91.37,52,5.0,69,No
604,Pari Joshi 504,IT,Data Analyst,73.9,60,70.44,89.73,3.0,95.63,35,4.5,31,No
605,Rita Walker 505,IT,Engineer,69.2,40,51.8,92.23,3.7,77.44,40,4.8,38,No
606,Ayaan Saxena 506,Marketing,SEO Analyst,88.3,60,77.19,83.49,3.6,80.86,43,4.2,47,No
607,Vivaan Gupta 507,IT,Engineer,80.5,60,83.18,89.7,5.0,97.88,51,4.0,12,No
608,Shannon Clark 508,IT,Engineer,65.7,60,89.78,87.91,4.1,68.33,45,3.7,58,No
609,Troy Ford 509,Sales,Business Development,67.1,80,95.57,95.83,3.3,83.32,43,3.5,66,No
610,Sara Khan 510,Sales,Sales Executive,76.6,80,84.51,95.61,3.4,85.2,45,3.9,55,No
611,Clinton Scott 511,IT,Tester,65.1,60,87.34,90.85,3.7,82.58,38,3.4,40,No
612,Rohan Pillai 512,Sales,Sales Executive,71.6,60,65.15,88.5,4.1,96.65,47,3.8,55,No
613,Jasmine Gonzalez 513,IT,Engineer,87.8,80,94.22,76.25,4.2,87.81,53,4.1,34,Yes
614,Erin Massey 514,HR,Employee Relations,62.1,40,90.67,76.0,4.0,80.9,37,4.3,37,No
615,Arjun Rao 515,Sales,Sales Executive,66.6,60,74.33,88.57,3.8,78.92,35,4.8,80,No
616,Pari Joshi 516,Sales,Sales Executive,68.3,80,84.82,94.12,3.8,86.25,51,4.2,66,No
617,Ishaan Malhotra 517,Sales,Account Manager,100.0,60,83.81,97.32,3.8,93.33,51,4.3,33,No
618,Diya Patel 518,Marketing,Marketing Executive,79.3,60,92.7,81.77,2.8,85.11,41,3.9,75,No
619,Connie Bailey 519,Sales,Business Development,85.6,60,76.49,77.44,3.9,82.92,48,4.0,69,No
620,Kavya Menon 520,HR,HR Manager,81.2,40,70.54,94.53,3.6,78.44,39,4.0,10,No
621,Vihaan Verma 521,IT,Engineer,82.0,60,73.1,82.3,2.9,86.99,48,5.0,26,No
622,Kabir Mehta 522,Sales,Business Development,77.7,60,86.97,76.96,5.0,86.55,45,4.3,47,No
623,Navya Chopra 523,IT,Tester,76.4,20,58.8,84.54,4.1,78.21,37,3.3,23,No
624,Arjun Rao 524,Sales,Sales Executive,54.6,40,48.03,84.42,3.9,92.21,40,4.1,17,No
625,Aditi Sen 525,IT,Engineer,76.3,60,86.94,97.24,3.7,97.65,41,3.5,26,No
626,Rita Walker 526,Sales,Account Manager,70.7,40,80.75,94.06,4.3,84.39,53,3.6,53,No
627,Steven Barnett 527,Finance,Auditor,78.5,60,78.18,82.84,3.2,86.42,43,4.0,54,No
628,Shannon Clark 528,IT,Data Analyst,71.1,60,64.94,97.79,3.7,75.16,36,4.3,20,No
629,Ananya Singh 529,IT,Tester,81.2,20,60.9,88.88,3.3,89.9,46,4.2,58,No
630,Shannon Clark 530,HR,Recruitment Specialist,83.3,60,71.65,95.43,4.3,87.71,41,3.6,33,No
631,Joel Fuller 531,Sales,Sales Executive,37.1,20,81.62,97.29,3.4,81.39,44,3.1,57,No
632,Steven Barnett 532,Sales,Business Development,66.8,60,72.14,86.16,4.6,78.05,54,3.9,47,No
633,Riya Mishra 533,IT,Developer,49.7,60,87.0,92.0,3.8,98.78,49,4.0,53,No
634,Pari Joshi 534,Marketing,SEO Analyst,74.9,60,68.46,85.15,4.4,87.06,53,3.9,17,No
635,Avani Bhat 535,IT,Data Analyst,68.4,60,72.81,94.51,4.1,76.66,40,4.1,2,No
636,Brenda Bauer 536,Finance,Financial Analyst,88.3,60,85.03,88.63,4.5,90.84,54,3.7,23,No
637,Christopher Benson 537,HR,HR Manager,74.5,60,74.23,94.72,3.3,85.84,47,4.5,0,No
638,Arjun Rao 538,HR,Recruitment Specialist,66.2,60,74.73,98.67,4.4,84.47,54,4.4,5,No
639,Peggy Mann 539,Sales,Business Development,83.3,60,71.57,91.83,2.8,91.83,46,4.5,18,No
640,Arjun Rao 540,IT,Tester,68.2,80,69.71,87.35,3.9,63.1,52,4.9,42,No
641,Vivaan Gupta 541,IT,Cybersecurity Specialist,66.0,60,81.54,87.46,3.6,69.54,50,4.3,7,No
642,Peter Mckee 542,Sales,Sales Executive,76.7,100,82.84,67.3,3.1,95.03,45,4.0,68,No
643,Peter Mckee 543,HR,Employee Relations,91.4,80,80.27,83.01,3.4,82.97,45,3.9,51,Yes
644,Sara Khan 544,Sales,Account Manager,82.2,60,71.84,94.53,3.5,80.59,35,4.4,72,No
645,Sara Snyder 545,HR,HR Executive,78.8,80,75.99,94.79,3.8,73.3,35,4.0,46,No
646,Rita Walker 546,Finance,Accountant,100.0,80,93.96,82.86,3.6,85.55,41,2.9,84,Yes
647,Kavya Menon 547,Sales,Account Manager,63.2,80,63.79,89.15,3.9,86.54,41,3.6,27,No
648,Taylor Morris 548,IT,Developer,62.9,60,96.86,86.68,3.4,95.53,38,4.9,45,No
649,Erin Massey 549,Sales,Business Development,73.7,60,79.0,92.83,3.6,86.98,48,2.9,3,No
650,Rohan Pillai 550,Finance,Accountant,90.2,20,76.2,100.0,3.7,81.58,39,4.2,7,No
651,Riya Mishra 551,Sales,Sales Executive,60.7,60,87.53,92.96,4.0,87.25,46,4.3,60,No
652,Christopher Benson 552,Marketing,Marketing Executive,93.1,60,57.33,83.31,4.4,92.88,38,3.9,16,No
653,Sara Snyder 553,IT,Developer,54.7,60,91.8,87.45,4.4,91.13,37,3.6,33,No
654,Judith Ware 554,Marketing,Marketing Executive,70.5,100,96.58,97.81,4.0,88.97,52,3.4,19,No
655,Erin Massey 555,IT,Developer,74.1,40,88.88,78.14,4.2,86.2,39,4.1,79,No
656,Arjun Rao 556,Finance,Financial Analyst,61.4,60,56.98,83.69,4.1,79.35,40,3.8,73,No
657,Taylor Morris 557,HR,Employee Relations,64.5,40,85.64,92.97,3.7,75.74,48,4.9,33,No
658,Erin Massey 558,Finance,Accountant,81.6,20,94.46,97.06,4.4,74.47,40,4.3,42,No
659,Aarav Sharma 559,IT,Tester,89.3,60,93.43,92.26,3.4,87.15,54,3.8,9,No
660,Ayaan Saxena 560,IT,Cybersecurity Specialist,46.6,40,63.92,83.75,2.7,87.99,46,4.2,29,No
661,Steven Barnett 561,IT,Data Analyst,74.2,100,88.16,91.76,3.3,92.75,46,3.6,24,No
662,Jeffery Lopez 562,Support,Support Engineer,70.6,60,95.96,90.9,4.7,88.49,42,3.9,56,No
663,Rohan Pillai 563,Sales,Account Manager,73.3,40,78.29,90.46,3.7,92.41,54,2.9,62,No
664,Ayaan Saxena 564,HR,Recruitment Specialist,68.2,20,63.47,87.32,4.1,82.96,36,3.8,70,No
665,Meera Das 565,Marketing,SEO Specialist,56.5,60,86.29,88.37,3.7,90.17,39,4.3,46,No
666,Ayaan Saxena 566,IT,Software Engineer,90.5,20,88.54,81.65,4.2,75.99,52,3.9,83,No
667,Reyansh Reddy 567,IT,Developer,85.9,60,76.61,100.0,3.9,83.52,37,4.5,80,No
668,Norman Lane 568,HR,Recruitment Specialist,70.8,60,66.09,89.1,3.9,69.35,50,4.8,2,No
669,Megan Williams 569,Sales,Account Manager,66.1,40,87.82,91.84,4.3,84.25,39,4.4,45,No
670,Ananya Singh 570,Finance,Auditor,64.7,60,70.31,86.47,3.6,93.8,43,5.0,35,No
671,Cody Bright 571,IT,Cybersecurity Specialist,41.0,80,81.97,93.92,4.1,84.56,40,4.6,25,No
672,Ayaan Saxena 572,HR,HR Manager,76.2,60,93.58,78.91,3.8,89.77,53,4.0,9,No
673,Riya Mishra 573,Sales,Account Manager,81.4,60,61.41,75.78,3.8,86.19,50,3.9,33,No
674,Nicole Roberts 574,IT,Developer,73.7,60,87.08,87.79,3.4,79.44,41,3.8,77,No
675,Megan Williams 575,HR,HR Executive,71.0,60,75.93,100.0,3.8,82.51,38,3.6,7,No
676,Troy Ford 576,Sales,Sales Executive,73.6,80,76.19,96.46,3.6,93.44,50,4.2,54,No
677,Nicole Roberts 577,HR,HR Executive,61.8,80,83.14,82.34,4.6,89.73,54,3.8,9,No
678,Riya Mishra 578,Finance,Accountant,66.0,60,70.29,91.61,2.9,79.06,51,3.2,56,No
679,Devansh Banerjee 579,Sales,Sales Executive,70.0,40,66.25,83.55,4.4,72.9,53,4.5,78,No
680,Meera Das 580,IT,Tester,80.4,60,60.16,90.98,2.9,85.65,51,3.7,44,No
681,Judith Ware 581,Finance,Auditor,88.5,80,90.32,91.53,4.2,79.34,47,3.1,49,Yes
682,Pari Joshi 582,HR,HR Manager,69.3,40,74.28,94.49,3.4,82.58,36,4.7,63,No
683,Judith Ware 583,IT,Developer,59.5,60,83.7,77.04,4.2,72.36,36,4.7,1,No
684,Rohan Pillai 584,Marketing,SEO Analyst,72.4,60,73.15,79.14,3.8,92.33,38,3.3,44,No
685,Reyansh Reddy 585,IT,Tester,96.1,60,66.38,87.47,3.0,83.22,50,3.7,61,No
686,Ishaan Malhotra 586,IT,Developer,60.5,60,84.52,80.77,4.7,84.44,38,3.5,13,No
687,Myra Nair 587,Sales,Business Development,82.6,60,81.28,80.23,4.4,77.34,54,3.6,73,No
688,Ashley Marsh 588,Sales,Sales Executive,88.0,40,75.63,89.9,4.2,81.78,46,2.8,14,No
689,Shannon Clark 589,HR,HR Executive,67.7,60,81.02,81.59,3.5,84.98,54,3.7,13,No
690,Avani Bhat 590,Sales,Business Development,63.6,20,68.4,100.0,4.4,79.09,48,3.8,30,No
691,Troy Ford 591,IT,Data Analyst,78.9,60,88.61,84.27,3.1,82.27,35,4.9,28,No
692,Saanvi Iyer 592,Finance,Financial Analyst,76.2,80,90.92,86.11,2.6,95.09,51,4.1,26,No
693,Brenda Bauer 593,HR,HR Executive,80.3,60,85.59,90.08,3.0,70.0,52,3.7,84,No
694,Christopher Benson 594,IT,Tester,96.9,60,74.28,77.44,3.3,85.48,46,4.1,8,No
695,Ishaan Malhotra 595,Sales,Sales Executive,74.0,60,78.59,91.56,3.4,77.72,44,3.2,19,No
696,Rohan Pillai 596,IT,Data Analyst,57.7,40,93.69,90.39,3.6,94.69,49,4.0,57,No
697,Pari Joshi 597,Sales,Business Development,72.8,20,90.81,85.55,3.7,82.55,51,3.6,78,No
698,Troy Ford 598,Finance,Financial Analyst,74.9,60,97.94,89.92,3.5,75.62,45,4.1,48,No
699,Devansh Banerjee 599,HR,HR Executive,87.2,80,70.19,91.0,2.6,82.28,54,4.3,56,Yes
700,Peter Mckee 600,HR,HR Executive,69.6,100,69.3,98.05,4.0,86.8,41,3.7,15,No
701,Aditi Sen 601,Sales,Sales Executive,67.1,60,79.34,100.0,3.7,100.0,54,4.2,74,No
702,Riya Mishra 602,IT,Software Engineer,55.5,60,82.07,80.57,3.5,67.12,53,3.6,7,No
703,Vivaan Gupta 603,IT,Engineer,78.6,60,76.58,78.92,4.7,74.41,45,3.4,66,No
704,Sara Snyder 604,HR,HR Manager,100.0,60,74.1,88.72,3.8,94.44,35,4.5,18,No
705,Anna Dominguez 605,Sales,Business Development,69.3,60,90.67,73.45,3.9,71.93,52,4.6,66,No
706,Sara Khan 606,Sales,Business Development,77.4,60,77.09,92.55,4.4,84.08,49,4.1,35,No
707,Aditya Kumar 607,IT,Developer,65.4,80,65.85,88.79,3.0,80.13,47,4.5,59,No
708,Christopher Benson 608,Sales,Sales Executive,56.6,60,67.0,90.57,3.9,78.88,50,3.1,35,No
709,Riya Mishra 609,Sales,Business Development,77.2,60,80.47,85.87,4.4,82.62,53,4.5,10,No
710,Troy Ford 610,Support,Helpdesk,72.3,100,100.0,89.79,3.8,81.34,40,4.9,50,No
711,Diya Patel 611,Support,Helpdesk,43.4,60,68.24,91.31,3.1,92.46,50,4.4,79,No
712,Anna Dominguez 612,IT,Data Analyst,91.3,60,74.85,89.4,3.6,94.63,52,3.9,54,No
713,Diya Patel 613,IT,Engineer,77.0,60,100.0,78.58,4.0,87.41,35,3.2,53,No
714,Anna Dominguez 614,Finance,Accountant,72.9,80,73.16,89.2,2.6,82.11,52,4.3,16,No
715,Erin Massey 615,Finance,Accountant,66.9,60,82.55,100.0,3.1,86.07,43,4.3,61,No
716,Navya Chopra 616,HR,HR Executive,76.9,60,96.76,89.69,5.0,90.44,47,4.7,41,No
717,Ayaan Saxena 617,Support,Support Engineer,77.4,60,68.49,88.96,4.2,92.01,50,3.8,23,No
718,Christopher Benson 618,IT,Engineer,76.8,80,74.91,98.92,4.8,86.96,53,3.7,16,No
719,Pari Joshi 619,Support,Helpdesk,84.8,60,73.16,82.78,4.4,96.22,35,3.5,47,No
720,Ayaan Saxena 620,HR,Employee Relations,87.5,60,62.82,94.23,4.1,79.07,42,3.4,83,No
721,Sara Khan 621,Finance,Financial Analyst,96.1,80,93.69,84.29,3.7,93.12,44,4.3,69,Yes
722,Anna Dominguez 622,Support,Support Engineer,62.0,80,72.15,95.61,4.1,89.63,41,4.0,6,No
723,Arjun Rao 623,HR,HR Executive,65.1,80,69.24,93.59,4.8,79.12,37,4.3,13,No
724,Manish Badami 624,IT,Cybersecurity Specialist,76.3,40,73.56,85.11,4.4,85.86,47,4.1,10,No
725,David Williams 625,Finance,Financial Analyst,62.7,60,87.29,86.14,4.0,86.41,54,3.8,11,No
726,Rohan Pillai 626,Marketing,SEO Analyst,64.6,60,79.13,94.84,3.8,82.86,45,3.5,4,No
727,Riya Mishra 627,IT,Cybersecurity Specialist,77.7,60,70.08,75.01,4.2,82.78,54,4.8,4,No
728,Aditi Sen 628,IT,Tester,82.8,80,82.09,84.91,3.6,71.8,39,4.1,19,No
729,Megan Williams 629,Sales,Business Development,87.3,80,86.13,92.34,4.2,78.49,47,4.7,53,Yes
730,Taylor Morris 630,IT,Developer,69.7,60,77.76,85.84,3.5,82.09,46,4.3,54,No
731,Anna Dominguez 631,HR,HR Executive,77.6,40,75.65,88.94,3.7,79.42,50,3.8,57,No
732,Megan Williams 632,HR,Recruitment Specialist,74.9,20,88.16,73.71,3.3,77.15,51,3.8,78,No
733,Megan Williams 633,HR,HR Manager,72.2,60,76.21,82.02,3.6,92.49,48,3.5,29,No
734,Clinton Scott 634,Sales,Sales Executive,62.2,20,94.08,92.76,3.5,83.17,44,4.8,23,No
735,Aarav Sharma 635,IT,Developer,60.7,60,70.42,82.74,4.9,100.0,47,4.8,72,No
736,Aditya Kumar 636,Finance,Financial Analyst,80.0,60,70.19,78.88,3.4,85.78,46,3.8,2,No
737,Jasmine Gonzalez 637,IT,Software Engineer,62.0,80,68.96,95.43,4.1,92.32,38,4.4,47,No
738,Jasmine Gonzalez 638,IT,Tester,50.7,40,75.61,91.61,3.3,82.34,53,3.8,70,No
739,Sara Khan 639,IT,Developer,71.6,60,78.03,80.38,3.9,78.71,46,3.1,21,No
740,Ayaan Saxena 640,IT,Cybersecurity Specialist,89.5,80,64.74,88.97,4.1,86.1,35,3.7,13,Yes
741,Jasmine Gonzalez 641,HR,HR Executive,38.5,60,78.97,80.61,2.8,94.36,44,4.4,47,No
742,Kabir Mehta 642,IT,Engineer,68.5,40,83.65,86.93,3.1,83.29,36,4.6,28,No
743,Nicole Roberts 643,Marketing,Content Strategist,80.1,40,63.35,89.23,3.3,87.57,39,4.0,49,No
744,Nicole Roberts 644,Marketing,Marketing Executive,50.1,80,72.79,82.34,3.1,86.06,51,3.6,79,No
745,Diya Patel 645,IT,Engineer,69.4,60,83.67,93.2,4.0,83.22,38,3.3,9,No
746,Brenda Bauer 646,Sales,Account Manager,58.3,80,67.11,94.28,4.0,83.63,41,3.8,70,No
747,Anna Dominguez 647,IT,Tester,59.9,40,74.84,89.84,3.3,76.01,49,3.9,26,No
748,Vihaan Verma 648,Sales,Account Manager,67.2,80,88.88,90.9,4.0,83.91,35,3.9,78,No
749,Connie Bailey 649,IT,Software Engineer,58.5,60,95.95,77.83,3.6,89.23,48,3.3,27,No
750,Kabir Mehta 650,HR,Employee Relations,57.5,60,82.4,97.54,3.8,86.37,49,4.2,8,No
751,Myra Nair 651,Support,Support Engineer,71.3,100,76.31,87.36,3.5,85.47,36,4.1,70,No
752,Jasmine Gonzalez 652,Sales,Business Development,98.7,60,72.99,81.45,4.2,89.8,54,3.8,79,No
753,Manish Badami 653,IT,Cybersecurity Specialist,81.1,80,87.11,89.02,4.9,85.56,36,4.0,25,No
754,Joel Fuller 654,Finance,Accountant,84.1,80,89.33,93.22,4.4,84.11,50,4.3,80,No
755,Cody Bright 655,Sales,Account Manager,81.6,60,66.44,91.59,4.7,89.88,36,4.3,7,No
756,Devansh Banerjee 656,IT,Developer,63.6,60,87.1,80.41,3.1,85.09,50,4.8,1,No
757,Rita Walker 657,IT,Tester,75.7,60,71.93,93.3,3.5,82.11,51,4.8,56,No
758,Saanvi Iyer 658,HR,Employee Relations,85.2,60,69.4,87.58,4.2,87.75,52,4.3,51,No
759,Cody Bright 659,Sales,Account Manager,81.9,60,76.46,91.51,4.8,83.72,53,3.9,57,No
760,Saanvi Iyer 660,Sales,Business Development,74.3,80,87.92,82.39,4.3,81.75,50,3.6,2,No
761,Ananya Singh 661,IT,Data Analyst,78.2,20,81.09,95.32,3.3,85.24,38,4.5,7,No
762,Kavya Menon 662,Sales,Account Manager,100.0,60,80.82,89.28,3.6,85.34,51,3.3,58,No
763,Saanvi Iyer 663,Finance,Accountant,82.1,60,81.52,96.32,4.1,75.17,35,4.1,1,No
764,Reyansh Reddy 664,Sales,Account Manager,68.2,60,82.68,77.26,3.8,86.67,47,3.4,61,No
765,Arjun Rao 665,Support,Helpdesk,71.1,80,76.86,78.19,3.4,98.77,41,4.6,48,No
766,Clinton Scott 666,Marketing,Content Strategist,59.4,40,84.32,86.32,3.7,76.16,43,4.5,19,No
767,Sara Snyder 667,Marketing,SEO Analyst,100.0,60,71.4,98.27,3.9,79.98,48,4.0,28,No
768,Meera Das 668,Sales,Business Development,91.2,60,84.51,100.0,3.2,100.0,35,5.0,16,No
769,Arjun Rao 669,IT,Cybersecurity Specialist,73.0,60,86.57,81.78,4.5,77.42,42,3.6,73,No
770,Arjun Rao 670,HR,HR Manager,98.2,60,84.99,88.37,3.6,94.29,44,4.3,21,No
771,Norman Lane 671,Finance,Auditor,79.6,60,85.51,89.09,3.9,82.17,38,4.3,5,No
772,Diya Patel 672,Sales,Account Manager,66.8,60,82.65,93.03,4.5,84.48,47,4.1,61,No
773,Ashley Marsh 673,IT,Software Engineer,82.9,60,89.73,94.19,3.8,82.95,52,3.8,30,No
774,Pari Joshi 674,Sales,Business Development,76.8,60,55.28,80.2,4.5,87.41,43,4.1,61,No
775,Cody Bright 675,Finance,Accountant,82.1,60,86.54,88.45,3.3,71.36,42,5.0,11,No
776,Peter Mckee 676,Sales,Business Development,55.6,60,97.75,73.94,4.2,85.49,40,4.0,11,No
777,Devansh Banerjee 677,Sales,Sales Executive,62.3,60,71.78,93.68,4.4,80.77,53,4.4,62,No
778,Riya Mishra 678,Marketing,SEO Analyst,89.9,40,70.66,85.63,3.4,69.1,50,3.0,15,No
779,Navya Chopra 679,IT,Engineer,92.3,40,90.86,79.56,3.8,92.97,35,3.9,24,No
780,Jasmine Gonzalez 680,IT,Developer,89.0,60,68.73,90.33,3.8,67.14,49,5.0,21,No
781,Aditi Sen 681,IT,Software Engineer,98.6,60,71.33,85.41,4.0,100.0,40,3.7,75,No
782,Brenda Bauer 682,Sales,Business Development,78.9,20,79.7,96.83,4.2,88.94,44,3.7,17,No
783,Erin Massey 683,Sales,Sales Executive,78.1,60,70.01,81.75,3.4,73.11,39,5.0,44,No
784,Kabir Mehta 684,IT,Software Engineer,61.0,40,86.75,100.0,3.9,94.7,42,3.6,79,No
785,Aarav Sharma 685,Marketing,Marketing Executive,65.0,100,70.09,93.98,4.9,78.0,35,3.6,67,No
786,Norman Lane 686,Sales,Sales Executive,48.1,60,81.61,97.01,4.5,78.36,47,4.4,11,No
787,Joel Fuller 687,IT,Engineer,68.1,60,80.84,80.8,4.4,69.59,50,5.0,48,No
788,Sara Snyder 688,Sales,Sales Executive,47.3,60,94.64,100.0,3.8,77.09,51,4.6,32,No
789,Navya Chopra 689,Sales,Account Manager,85.0,80,89.65,79.51,5.0,78.03,41,4.0,62,Yes
790,Reyansh Reddy 690,Marketing,SEO Specialist,76.7,40,72.7,86.53,4.5,90.55,49,4.8,17,No
791,Shannon Clark 691,IT,Software Engineer,47.7,100,65.36,97.13,3.9,93.34,48,3.9,53,No
792,Saanvi Iyer 692,HR,Recruitment Specialist,69.7,60,86.38,91.55,4.0,74.07,51,3.7,26,No
793,Erin Massey 693,IT,Data Analyst,95.6,40,71.47,79.33,3.6,86.16,41,4.9,82,No
794,Devansh Banerjee 694,IT,Engineer,70.5,60,74.64,95.95,4.1,69.28,48,4.8,77,No
795,Anna Dominguez 695,Finance,Auditor,60.0,60,67.4,90.38,4.3,86.19,42,3.8,24,No
796,Kavya Menon 696,IT,Cybersecurity Specialist,50.6,100,84.79,85.09,4.3,100.0,47,4.6,33,No
797,Manish Badami 697,Sales,Sales Executive,50.9,80,71.54,77.21,3.8,69.76,35,4.8,59,No
798,Ashley Marsh 698,Marketing,Marketing Executive,78.4,60,77.65,91.04,3.0,75.88,38,3.9,53,No
799,Arjun Rao 699,Marketing,Marketing Executive,66.8,60,77.8,86.86,4.0,89.82,45,4.1,4,No
800,Erin Massey 700,IT,Cybersecurity Specialist,67.8,80,79.84,89.09,4.3,90.76,43,3.3,35,No
801,Ananya Singh 701,Marketing,Content Strategist,66.8,60,84.62,76.9,3.3,76.47,53,4.0,53,No
802,Norman Lane 702,IT,Developer,70.3,60,75.57,85.07,3.8,95.79,38,3.6,35,No
803,Myra Nair 703,IT,Cybersecurity Specialist,57.3,60,70.59,91.36,4.7,77.48,35,3.9,68,No
804,Anna Dominguez 704,IT,Tester,75.8,60,59.4,100.0,3.2,97.39,53,3.2,38,No
805,Myra Nair 705,IT,Data Analyst,54.9,80,79.03,86.56,3.7,87.75,53,4.8,69,No
806,Erin Massey 706,Marketing,Content Strategist,62.9,60,76.43,98.1,4.8,94.17,53,4.7,3,No
807,Christopher Benson 707,Sales,Sales Executive,84.1,60,70.9,93.51,4.0,86.97,45,4.8,73,No
808,Shannon Clark 708,Finance,Accountant,76.5,80,78.63,89.64,3.6,89.26,40,4.0,64,No
809,Joel Fuller 709,Marketing,Content Lead,80.2,20,86.56,80.91,3.9,89.68,41,3.8,84,No
810,Pari Joshi 710,HR,HR Executive,97.8,60,89.12,81.21,4.4,93.16,35,4.2,39,No
811,Rita Walker 711,Sales,Sales Executive,71.3,80,62.65,92.32,3.8,83.74,49,4.2,36,No
812,Jasmine Gonzalez 712,Marketing,SEO Analyst,72.3,60,74.39,84.31,4.3,76.8,38,4.9,66,No
813,David Williams 713,IT,Developer,68.8,60,87.61,83.69,4.0,83.37,47,4.1,30,No
814,Peter Mckee 714,Sales,Business Development,66.7,60,93.96,86.74,4.1,78.66,46,4.1,80,No
815,Steven Barnett 715,Sales,Business Development,59.9,60,69.83,86.85,4.3,79.18,35,4.5,76,No
816,David Williams 716,Sales,Account Manager,73.0,60,91.78,94.31,3.7,97.24,42,2.9,46,No
817,Aditi Sen 717,Finance,Accountant,76.3,20,64.5,84.46,3.3,88.98,45,4.9,26,No
818,Aditya Kumar 718,IT,Developer,76.9,40,89.48,93.61,4.2,88.61,44,4.5,50,No
819,Aarav Sharma 719,IT,Tester,72.8,60,75.18,91.08,3.8,92.58,36,4.3,19,No
820,Vihaan Verma 720,IT,Software Engineer,83.1,60,93.63,76.28,3.6,88.94,51,4.4,12,No
821,Rita Walker 721,HR,Recruitment Specialist,72.4,80,73.36,90.06,4.2,98.94,47,4.6,62,No
822,David Williams 722,IT,Cybersecurity Specialist,67.1,60,74.9,69.33,4.7,67.24,43,5.0,43,No
823,Erin Massey 723,Finance,Auditor,60.9,60,76.67,81.73,3.8,76.02,50,3.8,23,No
824,Peggy Mann 724,IT,Developer,53.4,80,62.63,91.24,3.9,78.39,51,4.7,2,No
825,Vihaan Verma 725,IT,Developer,89.5,20,60.38,87.93,3.2,72.99,44,4.3,9,No
826,Peggy Mann 726,IT,Data Analyst,63.6,40,83.1,75.62,3.8,84.9,51,3.5,64,No
827,Sara Snyder 727,Sales,Sales Executive,60.9,60,87.88,80.17,4.0,85.28,54,4.7,48,No
828,Ashley Marsh 728,Sales,Account Manager,67.0,40,84.08,69.74,3.9,99.8,44,4.2,57,No
829,Norman Lane 729,Marketing,SEO Specialist,68.7,60,65.46,78.6,3.7,91.23,48,4.2,76,No
830,Judith Ware 730,Finance,Accountant,91.7,100,82.8,92.05,4.3,79.94,49,4.2,77,Yes
831,Reyansh Reddy 731,HR,HR Manager,68.1,80,68.1,84.1,3.9,87.95,43,4.3,1,No
832,Aarav Sharma 732,Sales,Business Development,100.0,60,82.08,89.19,5.0,69.38,36,4.5,65,No
833,Nicole Roberts 733,Marketing,Marketing Executive,72.8,80,89.31,88.1,4.0,85.14,48,3.8,30,No
834,Reyansh Reddy 734,IT,Engineer,96.7,40,81.67,88.23,2.3,84.71,41,4.0,67,No
835,Judith Ware 735,Sales,Sales Executive,82.7,60,92.69,95.16,3.2,76.78,38,4.7,82,No
836,Avani Bhat 736,IT,Cybersecurity Specialist,76.3,60,76.5,86.58,4.2,82.39,47,3.4,36,No
837,Shannon Clark 737,Sales,Account Manager,90.9,60,75.83,94.37,3.5,78.46,38,4.7,72,No
838,Manish Badami 738,IT,Engineer,85.5,20,78.67,70.66,3.6,76.54,38,4.0,23,No
839,Norman Lane 739,IT,Developer,79.6,80,64.57,95.78,3.2,89.4,43,4.7,76,No
840,Vihaan Verma 740,Sales,Account Manager,99.8,80,73.97,78.97,3.6,92.27,45,4.4,43,Yes
841,Jeffery Lopez 741,Support,Helpdesk,66.0,60,74.85,80.49,4.0,88.08,35,3.8,82,No
842,Aditi Sen 742,Sales,Sales Executive,60.1,40,75.16,83.07,4.1,80.5,47,3.8,40,No
843,Christopher Benson 743,Sales,Business Development,63.9,60,80.68,95.59,3.3,78.7,43,3.6,73,No
844,Arjun Rao 744,Finance,Financial Analyst,93.0,80,63.2,81.77,4.4,80.74,52,3.3,50,Yes
845,Manish Badami 745,Sales,Account Manager,89.4,60,66.54,83.41,3.2,82.24,41,4.1,41,No
846,Joel Fuller 746,Finance,Auditor,65.7,60,89.32,81.27,4.2,77.02,48,4.2,77,No
847,Ananya Singh 747,Sales,Business Development,43.7,80,57.93,89.79,4.1,92.43,51,4.4,39,No
848,Sara Snyder 748,Support,Support Engineer,69.5,60,84.16,93.21,3.3,82.38,52,3.9,47,No
849,Ayaan Saxena 749,Sales,Sales Executive,59.8,60,74.26,99.93,3.3,90.12,35,4.4,83,No
850,Aditi Sen 750,Marketing,Marketing Executive,66.1,60,79.6,100.0,4.1,72.8,43,4.7,3,No
851,Megan Williams 751,HR,HR Executive,59.3,60,93.58,92.55,3.6,78.49,44,5.0,59,No
852,Arjun Rao 752,Finance,Accountant,52.7,60,76.69,90.56,3.8,90.88,50,3.5,38,No
853,Riya Mishra 753,Support,Helpdesk,94.6,60,84.25,79.48,4.3,90.99,45,4.8,4,No
854,Diya Patel 754,IT,Tester,63.8,60,78.59,100.0,4.2,74.38,38,4.3,5,No
855,Peggy Mann 755,Sales,Sales Executive,89.0,60,76.91,89.51,3.4,86.42,53,4.2,13,No
856,Meera Das 756,Sales,Sales Executive,69.3,40,75.67,85.98,3.9,86.63,42,3.8,69,No
857,Peter Mckee 757,HR,Employee Relations,58.4,60,85.01,90.71,3.3,78.33,37,4.8,77,No
858,Clinton Scott 758,HR,Employee Relations,78.1,60,70.68,83.55,4.4,86.86,38,4.2,11,No
859,Erin Massey 759,IT,Data Analyst,67.3,80,66.68,71.64,4.8,71.36,42,3.3,61,No
860,Ashley Marsh 760,Sales,Sales Executive,69.5,60,78.74,92.0,3.4,76.58,46,3.0,26,No
861,Navya Chopra 761,Sales,Business Development,73.7,60,79.93,97.4,3.9,88.79,39,4.1,53,No
862,Taylor Morris 762,IT,Developer,62.3,60,59.76,91.9,4.5,84.24,37,4.4,11,No
863,Joel Fuller 763,Finance,Financial Analyst,52.5,60,77.9,87.95,3.9,84.65,39,3.7,7,No
864,Megan Williams 764,Finance,Accountant,71.4,60,65.73,88.09,4.2,82.6,38,3.9,73,No
865,Connie Bailey 765,Marketing,SEO Analyst,83.6,80,84.27,89.21,3.9,88.3,45,4.7,15,No
866,Reyansh Reddy 766,HR,HR Executive,61.2,60,59.96,88.99,3.3,88.68,50,3.9,51,No
867,Kavya Menon 767,IT,Tester,73.8,80,97.25,87.58,4.0,90.33,52,4.4,25,No
868,Norman Lane 768,Sales,Sales Executive,90.1,40,74.62,88.18,4.6,85.01,40,3.8,7,No
869,Ashley Marsh 769,HR,Employee Relations,70.9,20,69.35,98.89,4.1,80.89,50,4.8,44,No
870,Sara Snyder 770,IT,Tester,73.0,80,75.17,91.31,4.9,79.54,35,4.3,83,No
871,Meera Das 771,Sales,Business Development,72.7,60,83.56,88.74,2.8,75.55,53,4.1,80,No
872,Anna Dominguez 772,HR,HR Manager,63.8,60,86.9,92.61,4.1,80.78,54,4.9,18,No
873,Aditya Kumar 773,IT,Engineer,60.1,60,75.26,92.62,3.5,79.15,50,3.2,16,No
874,Anna Dominguez 774,Support,Helpdesk,60.1,40,63.61,94.62,3.4,96.81,44,4.5,64,No
875,Cody Bright 775,Sales,Account Manager,76.4,60,65.88,82.7,4.7,75.62,48,3.1,28,No
876,Cody Bright 776,HR,HR Executive,81.1,80,80.86,84.64,3.7,92.3,52,4.1,13,No
877,Norman Lane 777,IT,Tester,81.7,40,87.87,82.31,3.7,81.86,47,4.1,16,No
878,Megan Williams 778,IT,Cybersecurity Specialist,67.5,80,89.17,93.37,4.1,82.35,47,4.3,12,No
879,Reyansh Reddy 779,Finance,Auditor,85.1,60,79.68,93.03,2.6,87.21,49,3.1,62,No
880,Saanvi Iyer 780,Marketing,Content Strategist,75.7,60,87.67,79.09,4.7,72.65,38,4.2,32,No
881,Aditya Kumar 781,IT,Software Engineer,72.8,40,97.12,90.74,5.0,77.6,52,4.8,28,No
882,Jasmine Gonzalez 782,Sales,Sales Executive,31.9,60,89.9,97.61,4.4,74.07,49,3.7,36,No
883,Vivaan Gupta 783,HR,Recruitment Specialist,62.2,40,87.22,86.35,4.1,80.96,40,3.7,82,No
884,Sara Khan 784,IT,Tester,53.7,20,69.93,90.2,3.8,76.73,44,3.8,45,No
885,Cody Bright 785,Sales,Sales Executive,79.5,100,87.63,93.11,3.3,94.54,49,4.6,23,No
886,Vihaan Verma 786,HR,Employee Relations,73.1,60,82.61,78.76,4.6,79.33,35,3.6,13,No
887,Devansh Banerjee 787,Marketing,SEO Specialist,59.1,60,84.51,89.06,4.4,64.97,39,3.9,4,No
888,Peter Mckee 788,IT,Software Engineer,75.7,40,90.61,96.9,4.2,81.32,43,4.6,52,No
889,Ishaan Malhotra 789,Marketing,SEO Specialist,54.9,80,81.59,83.85,4.1,90.46,48,3.6,29,No
890,Anna Dominguez 790,Finance,Auditor,59.5,60,76.97,93.83,4.1,97.04,45,4.7,59,No
891,Erin Massey 791,IT,Developer,63.5,80,67.3,88.19,3.6,82.16,40,3.8,72,No
892,Rita Walker 792,Support,Support Engineer,78.5,20,75.03,83.28,5.0,79.86,50,4.0,27,No
893,Jasmine Gonzalez 793,HR,HR Executive,88.8,60,80.13,87.32,3.7,83.88,43,4.6,25,No
894,Joel Fuller 794,Finance,Auditor,65.0,100,80.78,84.32,3.6,87.32,37,4.6,17,No
895,Myra Nair 795,Sales,Sales Executive,87.9,60,80.44,81.78,4.6,74.97,42,3.8,35,No
896,Arjun Rao 796,Support,Helpdesk,72.6,80,87.6,86.22,3.9,82.04,51,3.5,7,No
897,Aditya Kumar 797,Finance,Auditor,74.8,60,86.65,88.48,3.9,83.6,43,4.9,17,No
898,Rohan Pillai 798,HR,HR Manager,71.2,60,77.38,86.84,4.7,84.37,51,3.9,83,No
899,Meera Das 799,Sales,Sales Executive,69.6,80,69.53,86.14,4.3,82.84,39,4.3,57,No
900,Kabir Mehta 800,Finance,Auditor,77.3,60,81.83,89.58,4.3,76.51,45,4.5,31,No
901,Avani Bhat 801,HR,Employee Relations,80.9,60,100.0,91.72,3.0,86.71,40,3.6,48,No
902,Riya Mishra 802,IT,Engineer,61.4,60,81.21,79.99,4.1,83.64,48,3.3,47,No
903,Meera Das 803,IT,Engineer,69.7,40,75.04,86.23,3.3,83.62,37,4.4,81,No
904,Clinton Scott 804,Marketing,Content Lead,92.0,60,83.36,74.19,3.6,75.34,51,3.2,70,No
905,Vivaan Gupta 805,HR,HR Executive,74.1,60,83.96,86.86,4.0,89.12,38,3.5,64,No
906,Cody Bright 806,IT,Engineer,75.4,80,83.85,89.05,3.9,76.42,42,4.5,32,No
907,Steven Barnett 807,Sales,Account Manager,86.0,60,91.73,91.99,4.3,96.93,40,4.3,49,No
908,Connie Bailey 808,IT,Developer,66.0,60,81.86,89.08,4.4,74.57,45,4.3,3,No
909,Brenda Bauer 809,Sales,Business Development,71.6,80,91.25,91.84,4.4,90.1,35,3.8,83,No
910,Anna Dominguez 810,HR,HR Manager,81.8,60,80.3,88.46,3.1,68.73,49,4.8,35,No
911,Kabir Mehta 811,Marketing,SEO Analyst,86.9,80,93.12,83.27,5.0,65.93,50,3.5,27,Yes
912,Shannon Clark 812,IT,Tester,43.6,100,90.07,80.19,3.9,79.56,36,2.8,2,No
913,Ashley Marsh 813,IT,Cybersecurity Specialist,63.2,20,87.22,86.16,4.6,65.92,47,3.0,5,No
914,Devansh Banerjee 814,Finance,Financial Analyst,60.0,40,85.89,82.64,2.4,89.84,46,4.1,44,No
915,Troy Ford 815,Sales,Account Manager,70.5,40,100.0,87.16,3.7,83.83,48,4.0,22,No
916,Joel Fuller 816,Sales,Business Development,60.9,80,88.77,84.56,3.0,95.21,35,4.5,6,No
917,Brenda Bauer 817,Sales,Sales Executive,80.0,40,69.51,90.93,3.4,82.66,45,4.4,60,No
918,Aditya Kumar 818,IT,Data Analyst,74.1,60,80.46,88.34,3.9,85.95,38,4.0,64,No
919,Reyansh Reddy 819,Sales,Business Development,82.7,60,75.35,91.13,3.7,81.85,47,3.2,5,No
920,Saanvi Iyer 820,Sales,Account Manager,83.4,80,98.64,91.1,4.7,77.01,54,3.7,23,No
921,Arjun Rao 821,Sales,Sales Executive,80.1,80,90.51,86.74,5.0,80.75,40,3.7,36,No
922,Meera Das 822,Finance,Accountant,68.0,100,98.32,87.17,3.3,74.37,39,5.0,44,No
923,Jeffery Lopez 823,Marketing,SEO Analyst,73.3,60,70.4,91.51,3.6,87.1,38,3.9,50,No
924,Devansh Banerjee 824,Finance,Accountant,66.5,60,89.02,100.0,3.3,81.54,47,4.6,44,No
925,Norman Lane 825,IT,Data Analyst,55.6,20,64.35,81.08,4.6,83.2,52,4.1,62,No
926,Judith Ware 826,Finance,Auditor,83.4,60,62.08,88.29,4.0,100.0,47,4.0,28,No
927,Rohan Pillai 827,Marketing,SEO Specialist,71.0,60,74.03,79.63,3.9,80.78,42,3.7,24,No
928,Shannon Clark 828,IT,Cybersecurity Specialist,54.0,100,93.12,87.85,4.1,86.51,53,4.3,9,No
929,Ashley Marsh 829,IT,Data Analyst,78.4,80,68.07,83.28,3.7,83.57,49,3.4,34,No
930,Steven Barnett 830,Marketing,SEO Analyst,69.3,40,77.83,87.16,3.4,93.26,35,4.0,54,No
931,Devansh Banerjee 831,Finance,Financial Analyst,47.3,80,89.89,89.09,3.9,85.91,45,4.1,24,No
932,Ananya Singh 832,IT,Engineer,55.5,40,86.46,84.57,3.7,81.83,50,4.1,44,No
933,David Williams 833,IT,Cybersecurity Specialist,63.6,40,100.0,75.51,4.1,100.0,44,3.5,11,No
934,Navya Chopra 834,Sales,Sales Executive,74.5,80,78.03,97.98,2.9,77.12,41,3.8,3,No
935,Rohan Pillai 835,IT,Cybersecurity Specialist,81.5,100,73.58,93.87,4.0,82.45,42,4.2,66,No
936,Jeffery Lopez 836,Finance,Financial Analyst,81.0,40,67.06,87.09,3.5,91.33,54,4.1,16,No
937,Steven Barnett 837,Finance,Auditor,79.2,80,74.32,81.74,4.0,77.45,50,4.8,72,No
938,Devansh Banerjee 838,Sales,Account Manager,71.6,80,66.96,88.6,4.4,90.12,44,3.9,64,No
939,Kavya Menon 839,Support,Helpdesk,92.7,40,60.04,90.53,3.6,80.16,38,3.3,81,No
940,Ishaan Malhotra 840,IT,Tester,80.4,60,97.63,93.39,4.6,92.03,46,3.7,52,No
941,Connie Bailey 841,IT,Tester,74.7,60,78.49,94.04,2.9,91.82,50,3.4,83,No
942,Peter Mckee 842,Sales,Sales Executive,78.8,80,100.0,95.35,4.8,83.28,52,4.9,56,No
943,Ashley Marsh 843,IT,Software Engineer,67.2,60,69.61,75.81,4.6,76.0,50,4.5,27,No
944,Joel Fuller 844,HR,Recruitment Specialist,71.3,40,73.71,85.87,3.4,80.87,47,4.2,15,No
945,Judith Ware 845,Sales,Business Development,47.0,60,70.25,94.95,3.4,83.88,50,4.2,20,No
946,Diya Patel 846,IT,Data Analyst,67.4,60,71.59,81.53,3.0,91.11,49,4.0,76,No
947,Christopher Benson 847,IT,Cybersecurity Specialist,93.1,60,86.74,96.53,4.5,86.56,42,3.2,41,No
948,Troy Ford 848,Sales,Sales Executive,73.8,40,83.66,100.0,3.7,88.3,49,3.7,53,No
949,Vivaan Gupta 849,Finance,Accountant,73.3,80,86.75,96.34,3.7,86.79,41,2.6,31,No
950,Peggy Mann 850,Sales,Business Development,84.0,60,91.42,92.63,3.2,90.77,54,4.4,37,No
951,Meera Das 851,Sales,Business Development,76.3,80,89.07,84.87,5.0,82.4,53,4.1,69,No
952,Myra Nair 852,IT,Developer,62.6,80,67.92,89.97,3.3,85.32,48,4.0,37,No
953,Steven Barnett 853,IT,Data Analyst,72.3,80,72.76,78.58,3.9,84.23,40,3.6,53,No
954,Erin Massey 854,Finance,Accountant,58.4,100,79.21,82.53,4.0,80.5,47,3.9,59,No
955,Meera Das 855,IT,Engineer,74.2,100,100.0,83.02,3.7,92.09,46,4.4,76,No
956,Nicole Roberts 856,Marketing,SEO Specialist,61.9,60,85.72,88.43,3.5,91.93,41,4.2,76,No
957,Sara Khan 857,Sales,Sales Executive,83.1,60,79.07,85.25,3.7,93.65,54,3.3,46,No
958,Ananya Singh 858,HR,Recruitment Specialist,65.9,60,84.73,89.83,4.2,77.89,37,3.6,11,No
959,Kabir Mehta 859,HR,HR Manager,62.1,60,71.97,94.14,3.7,86.81,37,4.4,52,No
960,Pari Joshi 860,Finance,Financial Analyst,70.6,20,80.62,83.03,4.9,92.74,37,3.8,32,No
961,Diya Patel 861,Marketing,Content Lead,76.4,60,87.55,89.04,3.4,96.02,49,5.0,27,No
962,Rohan Pillai 862,IT,Data Analyst,57.5,40,77.71,85.09,4.4,71.93,50,3.4,2,No
963,Kavya Menon 863,IT,Developer,65.7,60,70.43,89.33,2.8,83.98,47,3.9,81,No
964,Peggy Mann 864,Sales,Sales Executive,73.3,40,77.22,92.8,3.4,82.49,50,3.8,25,No
965,David Williams 865,Marketing,Marketing Executive,88.1,80,74.8,94.45,3.4,96.73,36,3.9,53,Yes
966,Rita Walker 866,HR,Recruitment Specialist,41.7,60,64.43,92.69,3.2,66.33,40,3.4,39,No
967,Sara Snyder 867,IT,Cybersecurity Specialist,79.4,40,72.28,90.9,4.1,75.62,51,2.9,65,No
968,Diya Patel 868,Sales,Sales Executive,67.4,60,64.07,78.06,3.8,95.46,40,4.3,67,No
969,David Williams 869,IT,Tester,66.1,40,65.63,80.43,2.5,80.24,52,4.9,46,No
970,Rohan Pillai 870,HR,Employee Relations,63.8,80,66.59,82.23,5.0,73.59,46,3.7,1,No
971,Nicole Roberts 871,Support,Support Engineer,67.6,60,87.53,90.51,4.0,96.1,53,4.2,41,No
972,Vihaan Verma 872,HR,HR Executive,79.4,60,92.89,78.96,3.9,72.55,46,3.9,33,No
973,Rita Walker 873,Support,Support Engineer,65.6,80,62.64,90.36,4.7,92.18,51,3.9,20,No
974,Pari Joshi 874,Support,Helpdesk,91.9,60,93.8,89.85,4.5,71.52,36,3.6,43,No
975,Pari Joshi 875,IT,Engineer,79.5,80,66.73,74.45,3.7,72.46,48,4.4,1,No
976,Reyansh Reddy 876,IT,Data Analyst,74.4,60,85.47,80.39,2.7,85.6,47,4.2,58,No
977,Aditi Sen 877,IT,Tester,70.0,60,80.59,95.31,4.2,77.21,40,3.6,15,No
978,Aditya Kumar 878,IT,Developer,86.3,60,84.36,92.88,3.3,86.18,51,4.5,19,No
979,Sara Khan 879,Sales,Business Development,88.0,40,66.34,82.05,4.6,98.42,43,4.9,25,No
980,Judith Ware 880,Sales,Sales Executive,58.1,40,59.88,80.76,3.4,82.76,42,4.7,15,No
981,Shannon Clark 881,Sales,Sales Executive,63.6,60,69.97,70.85,3.6,97.02,48,3.9,69,No
982,Clinton Scott 882,IT,Cybersecurity Specialist,79.6,80,82.27,98.3,3.1,86.59,36,3.5,22,No
983,Jasmine Gonzalez 883,Support,Helpdesk,83.2,60,97.57,88.29,3.1,91.65,44,3.5,41,No
984,Kabir Mehta 884,HR,Recruitment Specialist,68.4,40,67.7,100.0,3.8,65.17,37,3.7,36,No
985,Shannon Clark 885,Support,Helpdesk,63.1,60,77.01,86.66,3.8,89.09,51,3.8,71,No
986,Saanvi Iyer 886,HR,HR Executive,72.9,80,70.51,89.98,3.6,87.86,41,4.5,5,No
987,Kavya Menon 887,Sales,Account Manager,89.7,40,77.83,94.24,5.0,81.12,46,2.9,36,No
988,Arjun Rao 888,Marketing,SEO Specialist,72.5,60,58.69,99.47,4.3,99.16,41,4.0,21,No
989,Cody Bright 889,Sales,Sales Executive,56.8,60,92.98,91.51,3.9,80.05,37,3.7,5,No
990,Clinton Scott 890,HR,HR Manager,73.3,60,78.24,88.02,2.2,71.13,40,3.6,31,No
991,Ayaan Saxena 891,HR,Recruitment Specialist,81.4,60,87.17,88.2,4.4,90.26,37,4.3,16,No
992,Vihaan Verma 892,HR,HR Manager,70.8,80,75.68,80.68,5.0,72.61,38,3.6,37,No
993,Ayaan Saxena 893,HR,HR Manager,87.1,60,79.91,85.33,3.8,84.61,50,3.9,16,No
994,Anna Dominguez 894,Sales,Account Manager,82.4,60,89.29,88.36,3.4,94.72,49,4.5,36,No
995,Ayaan Saxena 895,Support,Support Engineer,71.3,60,79.32,97.67,4.0,87.99,35,3.8,22,No
996,Brenda Bauer 896,IT,Software Engineer,72.5,60,79.68,84.99,3.0,82.02,36,4.8,48,No
997,Brenda Bauer 897,IT,Cybersecurity Specialist,49.9,40,70.06,95.44,4.2,81.19,35,3.5,60,No
998,Aditi Sen 898,Finance,Accountant,86.5,80,72.66,87.43,4.8,94.12,52,2.3,48,Yes
999,Reyansh Reddy 899,IT,Engineer,68.0,40,67.87,96.7,3.5,74.24,38,4.3,60,No
1000,Ashley Marsh 900,Marketing,Marketing Executive,67.2,80,70.62,92.74,3.5,90.2,40,4.2,76,No
1001,Anna Dominguez 901,Finance,Auditor,65.4,60,90.51,92.26,3.9,100.0,45,4.6,31,No
1002,Rohan Pillai 902,IT,Developer,77.5,60,96.09,94.85,3.6,88.35,46,4.3,62,No
1003,Devansh Banerjee 903,Finance,Accountant,58.5,40,65.53,93.83,3.0,82.1,42,4.9,6,No
1004,Diya Patel 904,IT,Cybersecurity Specialist,60.2,60,81.95,95.45,3.7,82.72,48,4.2,21,No
1005,Peter Mckee 905,Finance,Auditor,71.4,60,74.82,100.0,3.5,80.16,44,4.6,84,No
1006,Peggy Mann 906,IT,Software Engineer,64.5,80,91.97,99.32,4.7,78.79,38,4.5,5,No
1007,Myra Nair 907,IT,Software Engineer,76.0,60,79.35,91.26,4.6,84.94,49,3.6,60,No
1008,Taylor Morris 908,IT,Cybersecurity Specialist,64.9,60,77.93,84.91,4.7,89.44,50,3.7,13,No
1009,Arjun Rao 909,IT,Cybersecurity Specialist,91.1,20,70.55,90.56,4.4,96.89,48,3.9,15,No
1010,Judith Ware 910,IT,Software Engineer,80.3,80,62.68,74.52,4.0,68.35,49,5.0,2,No
1011,Peter Mckee 911,IT,Engineer,80.2,80,85.61,93.8,3.4,64.49,51,3.7,8,No
1012,Ayaan Saxena 912,Sales,Account Manager,64.7,60,81.53,80.58,4.7,97.04,46,4.3,46,No
1013,Jasmine Gonzalez 913,HR,Employee Relations,100.0,20,81.77,95.86,4.1,84.46,47,4.1,84,No
1014,Rita Walker 914,HR,HR Executive,66.7,60,72.01,100.0,3.2,84.88,48,4.1,41,No
1015,Avani Bhat 915,Finance,Accountant,63.4,80,76.54,77.84,3.4,88.01,45,4.0,41,No
1016,Jeffery Lopez 916,IT,Developer,80.5,60,85.91,87.65,3.1,82.51,45,3.8,22,No
1017,Megan Williams 917,Support,Support Engineer,74.3,60,87.82,80.55,2.7,99.8,40,3.3,2,No
1018,Navya Chopra 918,IT,Cybersecurity Specialist,62.2,80,66.22,75.9,4.1,87.93,35,3.4,0,No
1019,Brenda Bauer 919,Finance,Accountant,98.4,40,71.67,87.26,3.2,80.42,54,4.4,66,No
1020,Aditya Kumar 920,IT,Developer,83.7,60,64.1,92.45,3.4,81.13,42,4.3,70,No
1021,Erin Massey 921,IT,Data Analyst,72.0,20,80.01,93.28,3.9,82.85,42,4.1,2,No
1022,Peggy Mann 922,IT,Engineer,100.0,40,86.84,89.08,3.8,77.78,52,5.0,48,No
1023,David Williams 923,Finance,Auditor,81.7,80,75.21,76.35,3.5,97.52,47,5.0,66,No
1024,Christopher Benson 924,Finance,Financial Analyst,71.9,60,71.37,88.86,4.8,84.99,48,3.4,54,No
1025,Arjun Rao 925,IT,Cybersecurity Specialist,99.4,80,74.65,77.55,3.0,74.64,49,4.8,3,Yes
1026,Ananya Singh 926,Sales,Business Development,79.9,60,100.0,78.01,3.0,87.24,38,3.3,30,No
1027,Taylor Morris 927,Marketing,Marketing Executive,79.4,80,89.92,81.02,4.2,95.51,53,3.7,65,No
1028,Judith Ware 928,Marketing,SEO Specialist,67.4,60,85.31,95.35,3.5,92.49,47,4.1,77,No
1029,Rita Walker 929,HR,Recruitment Specialist,72.6,20,81.2,91.82,3.5,77.92,43,4.5,63,No
1030,Navya Chopra 930,Sales,Sales Executive,67.1,80,77.87,90.26,3.3,75.13,50,3.2,30,No
1031,Judith Ware 931,IT,Engineer,89.3,40,68.93,81.96,4.1,95.42,43,4.0,62,No
1032,Ananya Singh 932,Sales,Sales Executive,52.7,60,67.38,85.29,4.0,71.01,36,4.1,65,No
1033,Jasmine Gonzalez 933,HR,HR Manager,88.4,60,72.32,78.41,4.0,86.97,44,3.1,30,No
1034,Ishaan Malhotra 934,IT,Engineer,61.5,20,68.46,97.55,3.6,79.45,41,4.3,46,No
1035,Ayaan Saxena 935,Marketing,Content Lead,71.3,40,71.92,100.0,3.4,94.51,43,3.9,21,No
1036,Erin Massey 936,IT,Developer,68.5,80,76.98,91.9,3.8,75.56,42,4.3,73,No
1037,Jeffery Lopez 937,HR,HR Executive,65.8,60,77.75,93.12,4.5,77.63,54,3.7,82,No
1038,Vihaan Verma 938,IT,Cybersecurity Specialist,80.3,60,71.8,86.89,4.8,88.94,53,3.8,45,No
1039,Kavya Menon 939,IT,Software Engineer,71.9,60,82.95,76.66,4.6,90.36,35,5.0,57,No
1040,Joel Fuller 940,IT,Data Analyst,64.0,60,76.11,82.09,4.2,94.88,35,3.5,60,No
1041,Christopher Benson 941,Sales,Sales Executive,73.8,80,80.15,84.74,4.5,87.78,54,3.9,45,No
1042,Peter Mckee 942,Sales,Business Development,63.6,80,70.55,85.3,3.2,86.8,42,3.7,0,No
1043,Aditya Kumar 943,Sales,Account Manager,65.5,40,84.93,83.69,3.5,92.39,38,4.1,24,No
1044,Erin Massey 944,Sales,Account Manager,54.0,60,72.65,88.33,4.2,73.04,38,4.2,60,No
1045,Troy Ford 945,Finance,Accountant,66.6,60,94.09,82.05,3.8,76.96,49,4.7,80,No
1046,Peter Mckee 946,IT,Cybersecurity Specialist,77.9,60,75.75,100.0,4.1,73.71,36,3.7,13,No
1047,Nicole Roberts 947,HR,Recruitment Specialist,72.4,60,77.05,78.44,4.5,62.51,51,3.8,44,No
1048,Manish Badami 948,Sales,Account Manager,93.8,60,83.94,94.21,4.4,90.74,42,4.1,76,No
1049,Connie Bailey 949,Finance,Auditor,100.0,40,86.12,86.17,3.2,95.44,50,2.9,38,No
1050,Anna Dominguez 950,HR,HR Executive,66.4,60,87.2,91.24,3.9,88.45,40,4.7,65,No
1051,Jeffery Lopez 951,Sales,Account Manager,62.0,40,95.76,91.56,3.3,87.04,35,2.1,31,No
1052,Shannon Clark 952,Sales,Sales Executive,85.6,40,84.62,89.1,3.4,84.68,39,4.4,57,No
1053,Meera Das 953,Finance,Accountant,76.0,100,77.33,80.07,2.9,84.44,53,5.0,55,No
1054,Nicole Roberts 954,Sales,Sales Executive,85.6,60,72.7,85.68,4.0,97.56,52,4.4,5,No
1055,Reyansh Reddy 955,IT,Engineer,76.8,60,76.66,89.18,2.8,96.39,37,4.4,66,No
1056,Peggy Mann 956,Marketing,SEO Analyst,69.7,60,92.84,88.75,4.1,79.32,36,4.1,81,No
1057,Steven Barnett 957,Finance,Financial Analyst,69.7,80,64.13,80.84,4.7,92.87,36,3.5,49,No
1058,Peggy Mann 958,HR,HR Manager,77.2,60,69.81,97.04,4.2,93.84,35,4.5,37,No
1059,Steven Barnett 959,IT,Cybersecurity Specialist,69.5,60,75.81,70.54,3.9,89.2,37,3.2,2,No
1060,Vihaan Verma 960,Sales,Business Development,86.6,60,69.68,86.25,4.8,87.1,53,3.3,4,No
1061,Norman Lane 961,Marketing,SEO Specialist,56.4,80,73.91,81.55,4.1,86.83,38,3.7,23,No
1062,Manish Badami 962,Sales,Sales Executive,86.6,80,96.06,89.28,3.4,72.14,37,4.3,53,Yes
1063,Peter Mckee 963,Sales,Sales Executive,49.5,60,75.02,95.12,4.0,71.43,42,3.3,33,No
1064,Nicole Roberts 964,HR,Employee Relations,73.7,80,82.12,78.15,5.0,90.27,46,4.4,38,No
1065,Jeffery Lopez 965,Sales,Business Development,68.0,60,61.42,100.0,3.2,75.2,38,4.3,47,No
1066,Navya Chopra 966,Sales,Account Manager,53.8,100,66.98,89.41,3.1,72.89,48,4.0,48,No
1067,Jeffery Lopez 967,HR,HR Manager,47.3,80,87.33,90.67,4.3,67.4,44,3.0,33,No
1068,Christopher Benson 968,IT,Developer,58.8,60,94.68,77.92,3.8,80.19,51,4.6,79,No
1069,Peggy Mann 969,IT,Cybersecurity Specialist,72.5,60,80.21,87.67,3.6,86.99,52,3.9,6,No
1070,Arjun Rao 970,HR,HR Executive,64.8,60,74.94,94.8,3.1,87.64,41,4.0,17,No
1071,Judith Ware 971,IT,Software Engineer,59.5,60,82.96,89.47,2.7,90.8,47,3.7,69,No
1072,Navya Chopra 972,HR,Recruitment Specialist,88.2,40,52.03,88.98,3.0,80.87,47,3.1,33,No
1073,Megan Williams 973,IT,Tester,57.2,20,80.29,87.64,4.9,84.86,36,3.4,50,No
1074,Vihaan Verma 974,Sales,Account Manager,80.1,20,67.54,78.35,3.9,90.77,42,4.6,67,No
1075,Taylor Morris 975,IT,Cybersecurity Specialist,61.3,100,85.94,78.31,2.7,87.71,54,5.0,13,No
1076,Judith Ware 976,Sales,Sales Executive,58.5,40,56.08,96.19,4.6,79.32,45,4.3,68,No
1077,Navya Chopra 977,Marketing,Content Strategist,64.8,20,71.72,94.18,4.6,86.4,36,4.5,7,No
1078,Avani Bhat 978,IT,Software Engineer,79.4,60,77.59,95.21,4.6,68.13,46,5.0,14,No
1079,Ayaan Saxena 979,Sales,Sales Executive,55.5,60,70.38,82.24,3.6,84.0,39,5.0,82,No
1080,Kavya Menon 980,HR,HR Manager,75.4,80,74.25,86.9,3.7,79.05,50,4.4,58,No
1081,Peter Mckee 981,IT,Developer,60.5,60,87.04,96.62,4.0,96.15,35,3.6,10,No
1082,Nicole Roberts 982,HR,Employee Relations,62.6,60,77.76,79.4,4.7,76.18,46,2.8,19,No
1083,Arjun Rao 983,Sales,Sales Executive,76.8,80,68.69,95.91,3.6,84.93,39,4.0,54,No
1084,Jeffery Lopez 984,IT,Developer,98.1,20,87.4,83.89,3.4,80.57,35,4.1,35,No
1085,Steven Barnett 985,HR,Employee Relations,61.1,100,80.51,82.01,4.3,79.53,37,5.0,81,No
1086,Peggy Mann 986,IT,Engineer,80.6,40,80.92,87.78,4.6,87.02,38,4.4,13,No
1087,Diya Patel 987,Sales,Account Manager,68.2,80,69.07,80.18,3.9,80.65,43,4.1,57,No
1088,Aarav Sharma 988,Support,Support Engineer,66.3,20,52.52,74.72,4.3,98.82,51,3.5,37,No
1089,Jeffery Lopez 989,IT,Engineer,84.9,80,68.94,88.53,4.0,68.2,46,4.1,79,No
1090,Shannon Clark 990,Finance,Auditor,61.9,40,67.92,91.74,3.7,89.05,53,4.8,81,No
1091,Vihaan Verma 991,IT,Tester,58.2,40,71.87,96.51,3.4,83.32,37,3.9,0,No
1092,Reyansh Reddy 992,HR,Employee Relations,77.5,80,69.58,92.25,3.2,83.6,54,3.2,64,No
1093,Manish Badami 993,Support,Helpdesk,91.1,40,79.13,100.0,3.5,86.42,44,3.5,0,No
1094,Norman Lane 994,HR,HR Manager,81.0,80,86.81,97.53,3.3,91.98,54,3.2,84,No
1095,Peggy Mann 995,Sales,Account Manager,55.1,60,88.76,93.17,4.1,86.12,42,3.6,59,No
1096,Navya Chopra 996,Sales,Sales Executive,64.6,60,86.37,91.28,4.6,92.01,37,3.3,24,No
1097,Ashley Marsh 997,Finance,Accountant,83.8,60,69.02,96.61,4.0,84.37,45,4.3,9,No
1098,Vihaan Verma 998,IT,Data Analyst,91.0,80,78.59,72.51,3.3,75.73,49,4.4,49,Yes
1099,Erin Massey 999,IT,Tester,74.7,80,93.65,84.64,4.4,83.29,54,4.9,11,No
1100,Shannon Clark 1000,Sales,Business Development,65.0,60,62.15,74.99,4.1,93.22,46,4.0,31,No
1101,Peggy Mann 1001,Sales,Sales Executive,91.8,60,91.48,92.64,4.2,80.71,37,4.0,32,No
1102,Navya Chopra 1002,Finance,Accountant,71.1,60,68.04,82.8,3.6,75.34,41,4.2,71,No
1103,Devansh Banerjee 1003,Finance,Accountant,64.7,60,80.94,100.0,4.6,88.96,35,3.7,25,No
1104,Steven Barnett 1004,Sales,Account Manager,62.7,60,82.13,84.37,4.6,86.69,44,3.3,41,No
1105,Vihaan Verma 1005,Sales,Business Development,57.7,80,79.9,88.74,3.8,77.83,51,3.5,49,No
1106,Clinton Scott 1006,Marketing,Marketing Executive,100.0,80,100.0,85.18,4.3,82.14,40,4.4,60,Yes
1107,Kavya Menon 1007,Finance,Auditor,89.1,80,74.99,84.58,4.6,82.55,53,4.6,40,Yes
1108,Aditi Sen 1008,Sales,Sales Executive,64.1,60,61.61,79.27,3.6,84.05,46,5.0,56,No
1109,Shannon Clark 1009,Sales,Sales Executive,92.8,60,81.56,79.04,3.9,89.17,36,3.4,1,No
1110,Rita Walker 1010,Sales,Sales Executive,78.4,80,76.3,72.74,3.9,80.76,46,3.4,69,No
1111,Kabir Mehta 1011,IT,Cybersecurity Specialist,77.7,80,83.55,91.82,3.2,89.59,53,2.9,30,No
1112,Peggy Mann 1012,IT,Software Engineer,63.4,60,86.82,85.03,4.2,79.73,43,4.1,22,No
1113,Anna Dominguez 1013,HR,Recruitment Specialist,65.8,20,77.66,100.0,4.5,97.33,40,4.3,75,No
1114,Reyansh Reddy 1014,Finance,Auditor,71.5,60,82.36,79.29,3.8,97.5,51,3.6,53,No
1115,Ishaan Malhotra 1015,IT,Data Analyst,48.4,60,79.44,98.33,4.1,77.15,36,3.1,27,No
1116,Sara Snyder 1016,Marketing,Content Strategist,66.2,40,95.92,99.01,4.7,74.2,41,5.0,78,No
1117,Connie Bailey 1017,Finance,Financial Analyst,72.1,60,74.29,96.94,3.7,91.83,40,4.2,18,No
1118,Taylor Morris 1018,Support,Helpdesk,87.7,60,71.13,89.64,4.1,86.06,48,3.3,75,No
1119,Aarav Sharma 1019,IT,Data Analyst,64.6,80,86.81,85.63,3.6,88.41,51,3.8,47,No
1120,Erin Massey 1020,Marketing,SEO Analyst,81.7,60,68.71,96.93,3.5,78.76,52,5.0,1,No
1121,Aarav Sharma 1021,IT,Cybersecurity Specialist,47.3,60,81.92,82.46,4.1,82.94,40,4.6,10,No
1122,Taylor Morris 1022,IT,Developer,86.0,80,76.3,89.89,4.0,81.24,46,3.8,43,Yes
1123,Nicole Roberts 1023,Marketing,Content Strategist,61.2,60,76.99,87.69,4.2,86.43,40,3.4,58,No
1124,Devansh Banerjee 1024,Finance,Auditor,73.6,80,100.0,81.76,3.9,74.03,48,4.8,58,No
1125,Cody Bright 1025,Sales,Sales Executive,76.9,60,90.34,89.95,4.2,83.21,47,3.1,37,No
1126,Cody Bright 1026,Sales,Business Development,74.5,80,88.22,93.19,4.9,73.95,43,4.3,24,No
1127,Manish Badami 1027,HR,HR Executive,70.7,60,83.31,81.48,4.5,79.88,52,4.3,20,No
1128,Rita Walker 1028,Support,Support Engineer,57.1,40,71.08,91.22,4.1,83.22,44,4.7,41,No
1129,Arjun Rao 1029,HR,HR Manager,61.3,60,80.61,72.4,4.2,88.06,44,4.3,35,No
1130,Pari Joshi 1030,HR,HR Manager,84.0,80,83.83,80.66,3.7,88.72,48,4.4,8,No
1131,Sara Snyder 1031,Marketing,Content Lead,64.8,60,79.99,84.8,3.8,90.09,43,4.2,11,No
1132,Connie Bailey 1032,HR,HR Manager,70.8,60,78.95,90.5,4.2,72.14,43,4.2,9,No
1133,Ayaan Saxena 1033,HR,HR Executive,54.1,20,74.03,94.09,4.0,94.11,43,5.0,58,No
1134,Ayaan Saxena 1034,Finance,Financial Analyst,82.3,60,80.73,88.58,4.4,78.84,37,4.0,4,No
1135,Taylor Morris 1035,Support,Support Engineer,56.2,60,72.74,91.97,4.7,79.43,43,4.5,32,No
1136,Ananya Singh 1036,Sales,Sales Executive,83.0,40,85.03,86.88,3.8,86.15,47,3.8,68,No
1137,Devansh Banerjee 1037,Sales,Sales Executive,59.2,60,57.84,90.83,2.7,81.3,44,3.4,79,No
1138,Arjun Rao 1038,Sales,Sales Executive,84.2,20,91.59,90.46,5.0,86.89,37,3.7,62,No
1139,Pari Joshi 1039,Sales,Sales Executive,72.1,60,64.88,84.44,3.5,88.38,54,3.9,28,No
1140,Devansh Banerjee 1040,IT,Data Analyst,65.3,80,67.33,85.51,4.0,77.89,38,3.4,17,No
1141,Troy Ford 1041,IT,Tester,91.2,60,82.09,92.2,4.3,82.53,48,3.1,5,No
1142,Joel Fuller 1042,Marketing,Marketing Executive,71.2,20,83.4,100.0,4.7,82.77,47,4.7,52,No
1143,Ananya Singh 1043,Sales,Account Manager,67.7,60,98.78,96.45,5.0,91.67,54,3.6,81,No
1144,Rita Walker 1044,Sales,Business Development,82.9,60,80.96,80.1,3.7,80.28,41,3.8,31,No
1145,Pari Joshi 1045,HR,Employee Relations,54.2,60,77.6,80.12,4.6,79.93,41,3.7,41,No
1146,Kabir Mehta 1046,IT,Engineer,41.7,60,79.91,84.25,4.0,75.83,40,2.6,46,No
1147,Vivaan Gupta 1047,HR,HR Executive,85.9,80,93.9,88.69,5.0,76.72,42,5.0,30,Yes
1148,Diya Patel 1048,IT,Developer,62.0,80,100.0,88.34,4.6,73.2,40,3.4,61,No
1149,Kavya Menon 1049,IT,Developer,82.4,40,76.15,96.68,3.8,78.38,38,4.6,55,No
1150,Joel Fuller 1050,Sales,Business Development,72.6,40,83.43,97.07,3.4,96.75,39,3.4,10,No
1151,Nicole Roberts 1051,Support,Helpdesk,58.0,60,77.26,88.04,2.3,89.53,52,4.1,25,No
1152,Sara Khan 1052,Sales,Sales Executive,79.3,60,77.06,86.41,4.3,94.22,36,4.6,26,No
1153,Ananya Singh 1053,Sales,Account Manager,67.1,60,96.79,91.62,4.5,76.4,48,3.3,82,No
1154,Peter Mckee 1054,IT,Data Analyst,59.1,80,68.74,95.44,4.3,68.42,48,3.8,56,No
1155,Aditya Kumar 1055,HR,Employee Relations,59.4,40,54.66,91.87,2.5,86.53,39,3.6,26,No
1156,Ananya Singh 1056,Support,Helpdesk,51.2,80,81.17,84.98,3.1,98.83,45,3.7,58,No
1157,Megan Williams 1057,Sales,Sales Executive,76.8,60,90.01,83.71,4.2,80.12,54,4.5,61,No
1158,Pari Joshi 1058,HR,Employee Relations,60.8,100,80.2,80.23,5.0,84.81,37,4.8,19,No
1159,Manish Badami 1059,Finance,Auditor,71.6,60,83.02,89.35,3.9,71.44,50,3.8,2,No
1160,Norman Lane 1060,Sales,Business Development,69.8,60,85.52,92.36,4.6,84.23,54,4.2,15,No
1161,Rita Walker 1061,IT,Cybersecurity Specialist,60.7,40,79.11,93.14,3.3,83.0,42,3.2,43,No
1162,Reyansh Reddy 1062,IT,Engineer,53.7,80,83.56,96.06,4.0,67.26,54,5.0,78,No
1163,Meera Das 1063,IT,Tester,100.0,40,83.4,98.36,3.7,75.7,49,4.3,29,No
1164,Vihaan Verma 1064,Sales,Sales Executive,71.4,60,58.41,78.38,4.6,75.07,48,4.5,39,No
1165,Steven Barnett 1065,Finance,Auditor,93.9,40,79.14,90.83,3.6,71.36,48,3.7,64,No
1166,Megan Williams 1066,Sales,Account Manager,86.0,40,62.27,91.07,4.9,78.2,42,4.6,28,No
1167,Ashley Marsh 1067,IT,Tester,68.1,40,77.62,87.48,3.7,88.07,35,4.1,29,No
1168,Clinton Scott 1068,Finance,Accountant,74.2,40,73.05,82.2,3.3,78.93,50,4.6,31,No
1169,Aditi Sen 1069,Finance,Auditor,73.8,60,88.34,98.11,3.3,93.19,46,3.4,9,No
1170,Shannon Clark 1070,Sales,Sales Executive,94.1,100,80.44,83.88,3.5,81.1,48,4.1,50,Yes
1171,Diya Patel 1071,Sales,Sales Executive,82.0,60,82.73,72.65,4.1,86.61,43,2.8,7,No
1172,Peter Mckee 1072,Finance,Accountant,62.3,80,76.09,88.14,3.5,87.98,48,4.4,50,No
1173,Kabir Mehta 1073,Support,Support Engineer,76.2,40,88.52,86.33,3.4,96.27,47,4.3,35,No
1174,Brenda Bauer 1074,Sales,Sales Executive,81.7,60,62.03,100.0,4.4,78.27,53,2.9,54,No
1175,Ananya Singh 1075,Sales,Business Development,57.9,40,69.04,91.43,2.0,87.54,50,3.3,34,No
1176,Steven Barnett 1076,IT,Data Analyst,77.9,40,90.86,85.86,3.6,76.43,53,3.5,35,No
1177,Anna Dominguez 1077,IT,Cybersecurity Specialist,88.1,40,73.64,86.62,3.1,97.78,51,4.3,55,No
1178,Erin Massey 1078,IT,Data Analyst,61.7,60,56.54,86.54,3.4,75.68,39,2.3,35,No
1179,Brenda Bauer 1079,Marketing,Content Lead,63.4,40,92.53,100.0,4.0,87.07,37,5.0,83,No
1180,Jeffery Lopez 1080,HR,Recruitment Specialist,85.9,80,88.77,92.73,3.8,96.48,35,3.6,60,Yes
1181,Ayaan Saxena 1081,IT,Data Analyst,67.7,60,85.11,78.15,3.7,74.43,41,5.0,61,No
1182,Norman Lane 1082,Marketing,SEO Analyst,60.2,80,78.94,86.29,4.6,88.76,41,4.0,80,No
1183,Peggy Mann 1083,Finance,Accountant,82.6,100,94.61,87.83,3.9,76.06,51,2.6,24,No
1184,Saanvi Iyer 1084,Sales,Sales Executive,78.9,60,90.59,80.25,5.0,100.0,41,3.1,63,No
1185,Anna Dominguez 1085,HR,HR Manager,73.1,80,93.48,75.52,4.3,68.87,47,4.0,59,No
1186,Ayaan Saxena 1086,HR,Employee Relations,85.5,40,84.96,92.17,3.3,71.86,47,3.2,56,No
1187,David Williams 1087,Sales,Sales Executive,86.3,80,79.23,82.37,5.0,75.03,44,3.4,69,Yes
1188,Aditya Kumar 1088,Finance,Auditor,71.0,60,74.01,96.74,4.1,75.29,54,2.5,51,No
1189,Sara Khan 1089,IT,Cybersecurity Specialist,95.7,60,65.31,88.06,5.0,88.17,36,3.7,55,No
1190,Diya Patel 1090,Finance,Financial Analyst,91.0,60,83.02,84.68,3.7,98.4,40,4.9,62,No
1191,Pari Joshi 1091,HR,Recruitment Specialist,48.2,80,83.85,71.08,4.1,93.24,41,3.6,67,No
1192,Taylor Morris 1092,IT,Software Engineer,59.6,80,74.5,96.56,4.2,85.87,47,4.3,19,No
1193,Norman Lane 1093,HR,Employee Relations,44.9,40,84.14,90.05,3.8,84.08,42,3.4,53,No
1194,Diya Patel 1094,IT,Cybersecurity Specialist,68.1,60,74.68,84.86,4.7,79.15,47,4.6,0,No
1195,Ananya Singh 1095,Sales,Sales Executive,57.5,80,86.67,81.77,5.0,87.13,45,3.7,9,No
1196,Saanvi Iyer 1096,IT,Cybersecurity Specialist,62.2,60,69.18,99.19,2.5,82.33,44,4.2,22,No
1197,Sara Khan 1097,Sales,Business Development,85.1,20,67.45,80.55,4.4,85.52,38,3.5,50,No
1198,Aarav Sharma 1098,Finance,Accountant,50.9,60,75.59,85.42,3.4,78.07,44,3.8,23,No
1199,Jeffery Lopez 1099,Finance,Financial Analyst,73.6,80,86.29,91.99,2.3,74.39,51,3.2,12,No
1200,Ishaan Malhotra 1100,Sales,Sales Executive,73.5,60,66.41,98.16,4.2,84.2,42,5.0,28,No
1201,Norman Lane 1101,IT,Developer,71.0,60,88.5,86.49,4.2,84.03,54,4.0,57,No
1202,Kabir Mehta 1102,IT,Data Analyst,73.6,60,61.57,82.86,4.3,79.23,39,3.5,42,No
1203,Navya Chopra 1103,IT,Engineer,45.2,60,75.53,87.25,4.1,77.87,54,3.8,9,No
1204,Manish Badami 1104,HR,Employee Relations,62.3,80,63.87,94.33,4.4,88.47,49,4.3,30,No
1205,Rohan Pillai 1105,IT,Developer,90.5,60,51.9,95.91,3.5,87.64,44,4.4,73,No
1206,Avani Bhat 1106,Sales,Account Manager,57.6,60,81.66,78.37,4.1,99.01,53,3.6,13,No
1207,Vihaan Verma 1107,Finance,Auditor,92.0,80,76.22,88.8,4.3,95.05,52,4.4,33,Yes
1208,Ashley Marsh 1108,Sales,Sales Executive,55.1,20,64.03,77.96,4.7,74.45,46,4.0,16,No
1209,Rohan Pillai 1109,IT,Software Engineer,53.7,80,72.83,94.19,3.9,82.47,36,3.5,20,No
1210,Rohan Pillai 1110,Support,Helpdesk,60.6,60,82.42,90.96,3.8,73.08,41,3.8,66,No
1211,Reyansh Reddy 1111,Sales,Sales Executive,85.5,80,74.32,81.55,3.9,69.29,45,3.6,57,Yes
1212,Jasmine Gonzalez 1112,IT,Data Analyst,65.4,60,76.01,98.74,3.2,100.0,49,5.0,78,No
1213,Vihaan Verma 1113,Finance,Accountant,76.1,60,74.02,90.35,4.4,95.84,46,4.1,7,No
1214,Sara Snyder 1114,Support,Helpdesk,72.9,80,72.18,89.58,3.0,78.96,44,4.4,37,No
1215,Megan Williams 1115,Sales,Account Manager,71.3,60,72.05,86.75,4.1,93.95,47,4.7,25,No
1216,Erin Massey 1116,IT,Data Analyst,87.3,60,71.75,87.94,4.0,95.13,36,4.1,63,No
1217,Aarav Sharma 1117,IT,Developer,81.3,60,70.47,85.33,3.0,68.64,49,4.6,29,No
1218,Connie Bailey 1118,HR,HR Manager,58.3,60,67.83,82.81,3.0,90.8,42,4.0,8,No
1219,Vihaan Verma 1119,Marketing,Content Lead,68.7,60,74.2,96.6,3.4,80.07,40,3.9,31,No
1220,Troy Ford 1120,Sales,Account Manager,92.9,60,71.6,84.55,3.7,87.06,38,3.8,10,No
1221,Devansh Banerjee 1121,IT,Developer,75.8,60,67.28,84.32,4.8,100.0,42,3.7,33,No
1222,Aditi Sen 1122,Sales,Sales Executive,53.9,80,85.66,87.09,3.8,96.68,54,4.3,17,No
1223,Peter Mckee 1123,IT,Tester,54.8,60,90.33,97.97,4.2,82.97,39,3.4,18,No
1224,Arjun Rao 1124,IT,Software Engineer,82.7,20,78.0,95.92,4.7,95.37,54,3.3,53,No
1225,Erin Massey 1125,Sales,Account Manager,80.4,20,78.66,85.24,4.5,68.62,42,4.5,81,No
1226,Jasmine Gonzalez 1126,Marketing,Content Lead,60.9,60,71.07,96.59,3.9,88.03,48,4.7,36,No
1227,Nicole Roberts 1127,Sales,Account Manager,81.0,60,88.67,88.76,3.5,88.22,51,5.0,81,No
1228,Taylor Morris 1128,Sales,Sales Executive,91.2,60,95.38,82.1,4.2,89.65,54,3.8,11,No
1229,Christopher Benson 1129,IT,Tester,89.5,80,76.36,84.67,3.5,79.93,36,3.0,3,Yes
1230,Peter Mckee 1130,Marketing,SEO Specialist,91.3,60,72.79,97.61,5.0,87.06,53,2.9,42,No
1231,Arjun Rao 1131,IT,Developer,78.7,100,81.41,100.0,4.4,90.85,38,4.8,26,No
1232,Steven Barnett 1132,HR,HR Executive,69.9,80,79.29,90.24,4.0,65.42,48,4.5,50,No
1233,Peter Mckee 1133,IT,Tester,67.2,20,73.0,84.03,4.2,81.47,41,4.3,4,No
1234,Steven Barnett 1134,Finance,Financial Analyst,71.8,80,82.71,87.13,4.0,76.77,50,4.4,5,No
1235,Devansh Banerjee 1135,Sales,Business Development,61.5,60,87.38,82.66,3.7,89.3,44,4.4,76,No
1236,Taylor Morris 1136,IT,Tester,67.7,60,70.14,83.68,4.2,95.02,45,5.0,55,No
1237,Arjun Rao 1137,Support,Support Engineer,87.3,60,100.0,82.99,3.8,79.11,39,3.3,67,No
1238,Megan Williams 1138,IT,Cybersecurity Specialist,52.7,80,62.67,87.44,5.0,75.29,46,3.5,43,No
1239,Myra Nair 1139,Sales,Sales Executive,53.5,100,69.48,88.84,3.5,84.94,49,4.3,14,No
1240,Vivaan Gupta 1140,HR,Employee Relations,82.0,60,80.34,86.96,4.2,74.77,44,4.5,41,No
1241,Anna Dominguez 1141,Finance,Financial Analyst,67.8,40,100.0,86.45,3.4,82.19,36,3.3,10,No
1242,Norman Lane 1142,IT,Data Analyst,48.9,60,72.37,93.32,3.4,81.34,52,4.5,72,No
1243,Sara Snyder 1143,Finance,Financial Analyst,71.3,40,67.34,86.4,2.8,88.64,45,3.7,10,No
1244,Peter Mckee 1144,Finance,Accountant,69.6,60,83.49,86.84,4.1,86.52,39,4.3,65,No
1245,Brenda Bauer 1145,IT,Tester,66.8,80,75.51,86.76,3.6,85.29,40,3.2,26,No
1246,Sara Khan 1146,HR,HR Manager,80.2,60,84.65,98.8,4.6,97.09,47,2.8,57,No
1247,Kavya Menon 1147,Sales,Business Development,56.0,40,77.29,84.56,4.1,86.16,51,4.3,71,No
1248,Meera Das 1148,Marketing,Marketing Executive,72.2,60,69.43,92.17,4.0,80.66,50,5.0,20,No
1249,Kabir Mehta 1149,Sales,Account Manager,69.5,60,100.0,82.76,3.1,81.64,35,4.0,20,No
1250,Shannon Clark 1150,HR,Employee Relations,72.5,60,48.46,90.45,4.3,77.89,47,5.0,71,No
1251,Clinton Scott 1151,Sales,Sales Executive,51.2,60,96.2,91.82,3.5,75.85,44,3.2,0,No
1252,Riya Mishra 1152,Marketing,Content Lead,65.7,100,87.33,95.59,3.0,72.89,47,3.5,57,No
1253,Christopher Benson 1153,Sales,Account Manager,72.2,60,70.54,85.31,4.2,93.07,54,4.3,12,No
1254,Nicole Roberts 1154,HR,HR Manager,78.5,60,96.72,80.2,3.1,78.25,52,4.3,72,No
1255,Megan Williams 1155,HR,Employee Relations,94.2,60,64.29,82.51,2.6,86.53,52,3.7,5,No
1256,Peter Mckee 1156,Finance,Financial Analyst,81.7,40,88.08,94.75,4.7,81.6,38,4.4,57,No
1257,Ishaan Malhotra 1157,Sales,Sales Executive,77.5,80,57.17,100.0,3.6,83.77,37,3.7,16,No
1258,Aarav Sharma 1158,IT,Software Engineer,87.3,60,66.54,93.84,2.9,93.23,50,4.1,72,No
1259,Cody Bright 1159,HR,HR Executive,68.4,100,66.52,79.17,3.3,85.41,41,4.2,11,No
1260,Megan Williams 1160,Finance,Auditor,90.6,100,70.49,93.6,3.5,76.62,41,5.0,51,Yes
1261,Meera Das 1161,Sales,Sales Executive,85.4,60,78.12,81.39,4.6,79.49,36,3.5,75,No
1262,Riya Mishra 1162,Sales,Sales Executive,66.6,100,69.74,85.56,2.9,90.88,50,4.4,69,No
1263,Aditya Kumar 1163,Support,Helpdesk,95.1,100,57.64,89.31,3.1,87.87,39,4.5,72,Yes
1264,Aditya Kumar 1164,HR,Employee Relations,77.4,60,82.63,90.49,4.5,91.38,42,5.0,51,No
1265,Aarav Sharma 1165,Sales,Business Development,98.3,60,78.49,88.46,3.6,82.09,42,4.9,36,No
1266,Rohan Pillai 1166,IT,Engineer,75.6,80,82.09,83.79,4.0,72.83,45,4.4,2,No
1267,Pari Joshi 1167,Support,Support Engineer,65.3,60,79.72,95.42,3.6,88.05,54,2.8,7,No
1268,Steven Barnett 1168,IT,Data Analyst,62.8,60,87.54,84.31,5.0,86.02,44,4.3,9,No
1269,Taylor Morris 1169,Finance,Auditor,67.7,20,77.25,96.78,3.1,86.23,35,4.7,46,No
1270,Judith Ware 1170,HR,HR Manager,65.1,60,88.13,78.48,4.1,72.95,40,3.3,40,No
1271,Riya Mishra 1171,HR,HR Executive,87.3,100,70.24,89.51,4.8,78.88,41,3.5,63,Yes
1272,Judith Ware 1172,HR,HR Manager,71.7,60,70.81,79.42,3.7,76.49,51,5.0,41,No
1273,Aarav Sharma 1173,Sales,Account Manager,52.6,80,91.76,82.16,3.4,87.19,50,4.7,42,No
1274,Navya Chopra 1174,IT,Software Engineer,74.6,60,91.56,84.41,4.4,87.47,48,3.1,8,No
1275,Navya Chopra 1175,IT,Software Engineer,73.5,60,83.74,98.64,4.5,83.65,37,4.0,13,No
1276,Rita Walker 1176,HR,Employee Relations,66.4,60,69.11,97.16,3.4,91.74,43,4.0,3,No
1277,David Williams 1177,IT,Engineer,75.2,40,68.3,94.12,4.8,95.93,44,5.0,1,No
1278,Taylor Morris 1178,Sales,Account Manager,71.5,60,91.28,88.23,3.9,86.82,37,5.0,84,No
1279,Peter Mckee 1179,HR,Employee Relations,79.6,80,90.73,89.32,4.2,89.37,46,4.2,0,No
1280,Troy Ford 1180,Sales,Account Manager,78.9,60,77.36,96.87,4.8,79.67,38,3.4,74,No
1281,Erin Massey 1181,HR,Recruitment Specialist,76.4,60,100.0,92.91,4.4,78.2,46,3.7,64,No
1282,Aditi Sen 1182,IT,Data Analyst,56.4,60,82.59,88.13,3.9,92.08,47,2.9,45,No
1283,Sara Khan 1183,IT,Tester,97.4,60,66.93,98.41,3.5,77.0,41,3.1,58,No
1284,Anna Dominguez 1184,Sales,Sales Executive,53.3,80,75.24,93.7,5.0,89.58,53,5.0,74,No
1285,Jeffery Lopez 1185,Finance,Auditor,70.5,60,78.05,89.7,3.4,97.76,52,3.8,6,No
1286,Vihaan Verma 1186,Finance,Financial Analyst,58.9,60,78.86,84.79,4.1,89.23,52,3.8,65,No
1287,Devansh Banerjee 1187,Finance,Financial Analyst,76.8,40,90.5,84.16,4.2,83.35,43,3.9,14,No
1288,Devansh Banerjee 1188,IT,Data Analyst,73.7,60,68.44,85.65,4.2,73.28,41,4.1,71,No
1289,Pari Joshi 1189,Sales,Sales Executive,70.0,60,64.68,91.2,5.0,85.31,41,4.3,46,No
1290,Kabir Mehta 1190,IT,Developer,90.2,60,84.02,93.85,3.9,92.07,47,3.4,39,No
1291,Devansh Banerjee 1191,IT,Software Engineer,85.3,60,72.93,77.89,3.8,82.57,40,4.9,41,No
1292,Sara Snyder 1192,HR,Recruitment Specialist,68.1,80,100.0,74.37,4.8,92.17,41,3.6,50,No
1293,Clinton Scott 1193,Finance,Accountant,81.6,60,87.43,81.34,3.8,86.92,47,3.0,34,No
1294,Sara Khan 1194,Marketing,Marketing Executive,90.8,60,72.75,85.15,4.4,86.33,54,3.2,40,No
1295,Connie Bailey 1195,Sales,Account Manager,85.2,100,90.13,96.37,4.0,81.47,40,4.0,84,Yes
1296,Connie Bailey 1196,HR,Employee Relations,70.4,100,85.3,86.04,4.5,72.35,51,4.6,56,No
1297,Kavya Menon 1197,Sales,Business Development,52.9,60,84.34,89.78,4.3,80.6,54,4.5,37,No
1298,Nicole Roberts 1198,IT,Tester,75.9,60,76.78,90.93,3.7,80.54,52,4.8,71,No
1299,Ananya Singh 1199,Finance,Financial Analyst,80.0,60,82.2,80.84,2.8,88.6,54,3.2,7,No
1300,Megan Williams 1200,HR,Employee Relations,62.8,40,56.97,98.22,2.9,83.88,42,4.8,73,No
1301,Norman Lane 1201,Sales,Sales Executive,72.3,80,91.17,83.35,2.8,92.67,52,4.3,62,No
1302,Saanvi Iyer 1202,Support,Helpdesk,71.0,60,43.64,98.92,3.8,86.25,49,3.8,3,No
1303,Saanvi Iyer 1203,Sales,Sales Executive,88.7,40,73.58,87.12,2.5,79.97,35,3.6,47,No
1304,Rita Walker 1204,HR,HR Executive,94.2,80,62.04,85.64,3.8,77.48,35,3.4,51,Yes
1305,Norman Lane 1205,IT,Software Engineer,86.1,80,72.99,80.22,4.0,79.17,41,4.3,37,Yes
1306,Avani Bhat 1206,Marketing,Content Strategist,71.0,80,77.26,89.38,4.4,85.29,50,4.0,4,No
1307,Anna Dominguez 1207,Marketing,SEO Analyst,85.8,60,66.03,100.0,4.2,81.02,54,2.9,84,No
1308,Jeffery Lopez 1208,Marketing,SEO Analyst,79.8,60,50.26,90.9,4.4,75.39,48,3.8,69,No
1309,Judith Ware 1209,Marketing,Marketing Executive,71.1,40,80.07,89.89,4.1,92.05,46,3.7,80,No
1310,Peter Mckee 1210,IT,Data Analyst,97.1,80,98.86,83.33,3.7,85.22,39,4.7,23,Yes
1311,Aditya Kumar 1211,Finance,Auditor,63.1,80,74.49,92.14,3.8,86.2,41,4.2,76,No
1312,Pari Joshi 1212,Marketing,Content Lead,79.2,80,87.59,89.1,3.4,77.42,46,3.7,16,No
1313,Connie Bailey 1213,Sales,Account Manager,82.1,80,93.04,87.56,4.0,75.67,53,3.5,77,No
1314,Joel Fuller 1214,Finance,Auditor,68.6,20,59.0,91.46,2.9,82.7,39,4.2,82,No
1315,Troy Ford 1215,Marketing,SEO Specialist,78.7,60,73.43,75.29,4.5,67.77,41,3.6,25,No
1316,Sara Snyder 1216,Sales,Sales Executive,83.3,60,65.24,87.3,3.3,90.24,41,3.1,2,No
1317,Rohan Pillai 1217,Sales,Sales Executive,74.9,80,69.94,79.62,4.0,78.37,47,4.2,1,No
1318,Nicole Roberts 1218,Finance,Accountant,77.7,40,95.02,88.2,4.1,81.86,54,4.0,1,No
1319,Ayaan Saxena 1219,Support,Support Engineer,73.3,60,80.24,82.93,4.6,87.42,51,3.9,21,No
1320,Rohan Pillai 1220,IT,Developer,81.6,40,85.89,83.41,2.9,82.2,39,4.0,70,No
1321,Jeffery Lopez 1221,IT,Data Analyst,69.3,60,77.56,78.67,3.7,74.65,48,4.3,3,No
1322,Steven Barnett 1222,IT,Data Analyst,68.3,80,65.89,95.81,4.2,96.05,45,3.2,37,No
1323,Cody Bright 1223,Finance,Auditor,72.2,60,84.78,83.26,5.0,71.74,54,3.5,83,No
1324,Saanvi Iyer 1224,IT,Tester,86.2,80,90.53,83.63,3.9,66.11,53,4.9,69,Yes
1325,Reyansh Reddy 1225,IT,Software Engineer,51.0,60,81.17,98.71,3.5,91.0,38,4.7,72,No
1326,Kabir Mehta 1226,Finance,Accountant,61.1,40,82.89,91.98,5.0,72.32,51,5.0,51,No
1327,Aarav Sharma 1227,IT,Engineer,99.3,60,65.65,73.76,4.4,94.02,51,4.5,30,No
1328,Kavya Menon 1228,Sales,Account Manager,75.3,100,85.07,97.7,4.7,87.02,37,4.4,25,No
1329,Erin Massey 1229,HR,HR Manager,67.1,60,91.46,99.54,3.2,86.26,48,3.9,35,No
1330,Sara Khan 1230,IT,Software Engineer,81.5,40,82.05,98.88,4.2,79.45,40,3.1,25,No
1331,Aditi Sen 1231,Finance,Auditor,62.6,60,60.03,92.68,3.3,77.4,44,4.4,27,No
1332,Jasmine Gonzalez 1232,Marketing,SEO Analyst,46.8,60,94.36,80.29,3.1,80.99,51,4.0,4,No
1333,David Williams 1233,Finance,Financial Analyst,76.3,60,68.55,87.66,4.2,76.98,36,3.0,73,No
1334,Judith Ware 1234,Support,Helpdesk,63.2,60,81.88,77.86,4.3,93.66,46,4.3,17,No
1335,Jeffery Lopez 1235,Marketing,Marketing Executive,73.2,100,87.53,81.94,3.6,78.06,50,4.7,14,No
1336,Vihaan Verma 1236,Sales,Account Manager,76.0,80,88.8,80.22,4.8,88.05,50,3.5,56,No
1337,Joel Fuller 1237,Finance,Auditor,73.7,20,60.0,83.61,3.7,92.04,37,3.8,4,No
1338,Kavya Menon 1238,Support,Helpdesk,51.5,60,79.17,89.15,3.7,76.95,52,4.2,36,No
1339,Avani Bhat 1239,HR,HR Executive,72.3,80,78.51,84.89,3.9,87.01,41,3.5,21,No
1340,Riya Mishra 1240,Sales,Sales Executive,77.3,80,92.39,84.58,3.8,76.85,44,3.9,51,No
1341,David Williams 1241,IT,Software Engineer,55.2,60,82.59,85.96,4.7,82.61,42,4.1,14,No
1342,Ananya Singh 1242,Marketing,Content Lead,53.8,60,92.48,98.5,3.3,80.33,52,4.5,16,No
1343,Jasmine Gonzalez 1243,IT,Software Engineer,59.2,80,83.4,100.0,3.4,78.44,51,4.0,50,No
1344,Anna Dominguez 1244,Sales,Sales Executive,81.0,80,77.26,84.85,3.2,85.26,37,4.3,44,No
1345,Judith Ware 1245,Sales,Account Manager,48.0,60,79.94,90.35,5.0,74.29,42,3.9,62,No
1346,Norman Lane 1246,Sales,Account Manager,82.0,40,93.24,82.11,3.7,91.43,54,4.1,27,No
1347,Reyansh Reddy 1247,HR,HR Manager,76.7,60,65.03,93.37,3.4,75.35,39,4.2,58,No
1348,Vihaan Verma 1248,Support,Helpdesk,68.9,40,87.06,84.66,3.7,73.86,54,2.5,20,No
1349,Manish Badami 1249,Marketing,SEO Analyst,54.2,40,71.72,83.02,4.4,81.98,46,3.6,41,No
1350,Meera Das 1250,IT,Tester,62.4,60,69.58,100.0,4.3,81.02,40,4.7,80,No
1351,Joel Fuller 1251,IT,Developer,81.4,60,88.23,78.51,3.6,86.84,44,2.8,68,No
1352,Peggy Mann 1252,Sales,Account Manager,87.1,60,69.17,70.83,3.7,84.68,44,4.2,81,No
1353,Peter Mckee 1253,Finance,Auditor,59.6,60,81.77,93.14,3.0,70.98,35,4.8,16,No
1354,Saanvi Iyer 1254,Sales,Account Manager,85.7,20,73.11,85.43,4.0,91.89,43,4.7,67,No
1355,Troy Ford 1255,HR,HR Manager,80.2,40,54.43,83.48,4.7,81.78,52,4.5,6,No
1356,Aarav Sharma 1256,HR,HR Executive,71.9,40,82.78,100.0,3.6,85.93,37,5.0,39,No
1357,Cody Bright 1257,Marketing,Content Strategist,63.1,60,79.26,93.11,4.3,100.0,35,4.7,39,No
1358,Sara Khan 1258,HR,HR Executive,65.0,60,58.9,87.59,3.6,94.29,44,3.8,42,No
1359,Brenda Bauer 1259,IT,Tester,93.9,60,71.01,83.04,3.2,85.68,37,4.4,72,No
1360,Kabir Mehta 1260,Finance,Auditor,74.1,60,59.93,91.12,4.3,73.02,52,3.2,82,No
1361,Christopher Benson 1261,Support,Helpdesk,88.0,60,85.32,75.87,5.0,73.15,41,4.6,50,No
1362,Kavya Menon 1262,Finance,Financial Analyst,74.9,60,91.88,84.39,4.2,93.3,41,4.0,72,No
1363,Cody Bright 1263,Marketing,SEO Analyst,66.6,80,86.49,87.74,3.7,80.79,44,4.6,22,No
1364,Joel Fuller 1264,IT,Tester,79.0,60,87.89,89.49,3.7,82.65,47,4.2,31,No
1365,Aditi Sen 1265,Finance,Financial Analyst,97.9,80,72.82,87.0,5.0,74.84,38,4.6,30,Yes
1366,Troy Ford 1266,Sales,Sales Executive,64.3,60,83.47,83.15,4.1,87.57,46,4.1,16,No
1367,Pari Joshi 1267,HR,Employee Relations,83.0,80,77.91,94.44,3.4,93.13,37,3.8,57,No
1368,Kavya Menon 1268,Marketing,Content Strategist,74.3,60,79.85,76.44,3.9,96.19,50,4.2,34,No
1369,Connie Bailey 1269,Marketing,SEO Analyst,54.6,60,87.57,86.05,4.0,80.41,45,3.1,29,No
1370,Devansh Banerjee 1270,Finance,Accountant,54.3,60,89.75,84.37,4.2,89.16,37,3.9,63,No
1371,Sara Khan 1271,Sales,Sales Executive,66.6,80,74.1,95.08,4.8,83.24,42,3.7,52,No
1372,Cody Bright 1272,Sales,Business Development,76.2,60,63.92,84.79,4.7,91.04,41,3.2,50,No
1373,Peggy Mann 1273,Marketing,SEO Specialist,82.5,80,76.13,91.06,4.0,83.97,48,3.6,36,No
1374,Ananya Singh 1274,IT,Engineer,53.1,60,75.81,90.33,3.9,77.41,36,3.2,5,No
1375,Sara Snyder 1275,Sales,Business Development,79.8,60,80.85,75.15,4.1,94.56,44,3.1,33,No
1376,Norman Lane 1276,Finance,Auditor,70.6,80,86.33,87.54,3.5,84.79,37,3.7,55,No
1377,Devansh Banerjee 1277,Sales,Sales Executive,72.0,100,58.85,75.8,4.5,81.19,45,4.3,24,No
1378,Jeffery Lopez 1278,Support,Support Engineer,79.1,60,71.29,90.46,3.8,85.42,53,3.1,12,No
1379,Peter Mckee 1279,Sales,Sales Executive,93.0,60,68.36,82.89,4.2,78.11,42,4.0,62,No
1380,Kabir Mehta 1280,HR,HR Manager,75.6,60,90.51,96.31,4.9,87.32,54,4.1,65,No
1381,Myra Nair 1281,IT,Software Engineer,55.7,60,75.92,86.73,4.2,82.43,39,3.9,4,No
1382,Taylor Morris 1282,IT,Tester,69.8,40,72.87,82.61,4.0,77.64,43,4.5,74,No
1383,Navya Chopra 1283,IT,Developer,82.2,40,83.38,96.4,3.6,100.0,47,5.0,10,No
1384,Peter Mckee 1284,IT,Tester,82.6,60,72.07,81.9,3.9,75.94,45,5.0,77,No
1385,Nicole Roberts 1285,Finance,Financial Analyst,80.0,80,77.85,94.26,3.2,86.83,36,3.6,43,No
1386,Jasmine Gonzalez 1286,HR,HR Manager,65.9,20,96.14,91.27,4.2,84.45,46,3.4,84,No
1387,Vivaan Gupta 1287,Marketing,SEO Analyst,55.6,60,95.86,85.44,2.6,75.8,37,3.7,68,No
1388,Navya Chopra 1288,Sales,Account Manager,79.1,60,73.93,78.65,4.5,81.3,49,4.3,1,No
1389,Clinton Scott 1289,Sales,Sales Executive,57.4,80,76.18,96.69,4.3,73.26,35,4.0,39,No
1390,Brenda Bauer 1290,Sales,Sales Executive,80.3,40,71.81,91.5,4.0,100.0,45,4.0,36,No
1391,Arjun Rao 1291,Finance,Financial Analyst,80.3,60,58.74,82.6,3.6,81.86,44,4.1,48,No
1392,Erin Massey 1292,IT,Tester,66.4,100,88.36,89.71,3.9,82.54,37,4.0,74,No
1393,Anna Dominguez 1293,HR,HR Executive,70.7,60,100.0,95.04,2.8,99.56,48,4.2,35,No
1394,Meera Das 1294,Marketing,SEO Specialist,74.4,60,73.57,88.78,4.4,77.41,50,4.6,74,No
1395,Navya Chopra 1295,Finance,Auditor,64.6,80,69.83,89.67,3.8,94.36,43,4.2,72,No
1396,Jeffery Lopez 1296,IT,Software Engineer,55.4,40,75.27,95.22,4.8,88.74,48,3.3,69,No
1397,Devansh Banerjee 1297,IT,Cybersecurity Specialist,71.5,100,78.85,98.76,4.1,68.17,35,4.6,33,No
1398,Kavya Menon 1298,HR,HR Manager,72.8,80,66.64,87.16,4.0,81.03,35,4.7,57,No
1399,Aditya Kumar 1299,IT,Data Analyst,88.3,40,73.42,78.64,4.1,87.49,38,3.9,36,No
1400,Kabir Mehta 1300,Marketing,Content Strategist,62.6,60,88.15,78.88,3.3,84.28,35,4.2,59,No
1401,Saanvi Iyer 1301,Sales,Business Development,84.8,60,79.27,83.16,3.6,84.31,53,3.7,11,No
1402,Vihaan Verma 1302,HR,Recruitment Specialist,58.2,80,90.7,81.46,4.0,79.14,46,3.5,31,No
1403,Anna Dominguez 1303,IT,Software Engineer,55.9,40,81.65,76.22,3.7,78.3,54,3.6,80,No
1404,Steven Barnett 1304,Finance,Auditor,68.4,60,67.11,100.0,3.6,81.53,38,3.6,3,No
1405,Ashley Marsh 1305,Sales,Sales Executive,60.7,60,72.24,91.7,3.7,99.69,43,4.9,32,No
1406,Sara Snyder 1306,Support,Support Engineer,55.7,80,80.48,84.33,3.9,76.74,41,4.0,42,No
1407,Shannon Clark 1307,Marketing,Content Lead,95.3,60,66.77,87.77,5.0,80.14,48,3.5,8,No
1408,Norman Lane 1308,Marketing,Content Strategist,66.6,60,65.48,75.5,3.7,84.23,37,3.9,50,No
1409,Rita Walker 1309,Finance,Accountant,99.7,60,66.08,96.1,3.5,72.29,49,4.4,19,No
1410,Manish Badami 1310,IT,Data Analyst,60.1,80,83.16,74.35,3.8,87.46,45,4.9,38,No
1411,Joel Fuller 1311,IT,Cybersecurity Specialist,51.5,60,74.34,91.57,4.8,73.7,44,4.3,22,No
1412,Joel Fuller 1312,IT,Tester,87.5,80,89.82,75.13,4.8,75.3,54,4.0,40,Yes
1413,Ayaan Saxena 1313,Finance,Auditor,63.3,40,69.04,85.1,5.0,74.92,49,5.0,43,No
1414,Riya Mishra 1314,Sales,Sales Executive,73.7,60,53.43,96.7,3.9,70.88,51,3.9,34,No
1415,Erin Massey 1315,Sales,Account Manager,55.7,80,76.69,76.56,4.3,94.15,53,3.8,22,No
1416,Arjun Rao 1316,Sales,Sales Executive,71.5,60,94.48,86.96,3.3,88.17,45,3.3,57,No
1417,Erin Massey 1317,IT,Developer,55.5,80,78.35,92.39,3.7,91.38,54,3.6,47,No
1418,Peter Mckee 1318,IT,Developer,71.1,60,64.28,91.25,3.2,90.65,50,3.3,57,No
1419,Meera Das 1319,Finance,Accountant,66.3,80,61.76,88.49,4.2,82.66,38,3.2,56,No
1420,Cody Bright 1320,IT,Tester,74.8,40,89.98,91.47,3.9,83.76,41,4.0,38,No
1421,Riya Mishra 1321,Finance,Financial Analyst,79.5,40,69.93,83.72,4.0,92.11,45,3.7,27,No
1422,Myra Nair 1322,Finance,Financial Analyst,74.9,80,93.42,100.0,3.4,97.11,54,4.7,63,No
1423,Shannon Clark 1323,HR,Employee Relations,77.4,80,84.54,76.73,4.4,73.94,51,4.2,61,No
1424,Ashley Marsh 1324,Finance,Auditor,70.7,60,70.3,96.13,2.5,100.0,53,4.4,82,No
1425,Aarav Sharma 1325,IT,Data Analyst,66.8,100,89.67,89.33,3.7,73.47,44,4.3,61,No
1426,Diya Patel 1326,HR,HR Executive,77.6,60,68.76,92.32,3.8,80.3,49,3.4,84,No
1427,Kavya Menon 1327,Marketing,Content Lead,70.7,100,63.53,93.56,2.7,84.59,40,3.9,84,No
1428,Avani Bhat 1328,Support,Helpdesk,71.1,60,69.33,91.89,4.1,85.33,47,4.3,25,No
1429,Ashley Marsh 1329,IT,Engineer,76.8,60,85.69,82.32,3.8,99.71,37,3.0,50,No
1430,Manish Badami 1330,HR,HR Manager,59.6,60,89.38,86.0,4.2,92.1,42,2.9,49,No
1431,Sara Khan 1331,Sales,Business Development,89.2,100,74.04,77.84,5.0,87.3,41,4.1,35,Yes
1432,Peter Mckee 1332,Sales,Business Development,69.0,60,59.32,85.91,4.1,92.28,39,3.9,25,No
1433,Judith Ware 1333,Finance,Accountant,73.5,100,62.43,90.26,4.5,86.77,52,1.9,32,No
1434,Kabir Mehta 1334,HR,HR Executive,71.5,80,67.32,92.25,4.7,78.6,50,2.9,67,No
1435,Pari Joshi 1335,Marketing,SEO Specialist,79.8,60,65.06,90.74,4.2,87.89,43,3.4,72,No
1436,Peggy Mann 1336,Finance,Financial Analyst,76.1,60,80.65,75.71,3.4,84.54,45,4.3,7,No
1437,Kavya Menon 1337,Sales,Business Development,71.4,60,97.38,84.06,2.9,77.26,53,3.7,65,No
1438,Riya Mishra 1338,IT,Software Engineer,89.4,60,85.96,83.36,4.1,94.1,48,4.7,22,No
1439,Peter Mckee 1339,Marketing,Content Strategist,33.6,40,66.72,78.83,3.7,83.56,41,3.6,69,No
1440,Aditi Sen 1340,HR,Recruitment Specialist,86.9,80,71.06,82.15,4.7,75.04,46,3.7,54,Yes
1441,Rita Walker 1341,IT,Tester,83.0,60,73.01,88.01,3.6,76.3,53,5.0,42,No
1442,Peggy Mann 1342,IT,Data Analyst,50.0,80,81.89,97.9,3.9,88.28,42,4.5,20,No
1443,Reyansh Reddy 1343,IT,Tester,83.2,60,93.71,81.33,3.2,92.4,39,4.6,21,No
1444,Myra Nair 1344,IT,Tester,84.7,60,73.33,80.1,3.7,87.85,40,3.6,8,No
1445,Anna Dominguez 1345,Finance,Financial Analyst,78.7,60,93.39,83.8,3.3,87.89,45,3.9,33,No
1446,Vihaan Verma 1346,IT,Software Engineer,53.3,80,99.04,90.36,3.4,77.52,37,4.0,58,No
1447,Kabir Mehta 1347,IT,Tester,80.2,60,74.5,96.57,3.9,84.74,45,3.9,25,No
1448,Jeffery Lopez 1348,Marketing,SEO Specialist,84.1,100,74.24,87.39,3.5,81.36,46,4.1,0,No
1449,Myra Nair 1349,IT,Engineer,65.1,60,74.39,77.88,5.0,82.44,35,4.1,4,No
1450,Joel Fuller 1350,Finance,Financial Analyst,77.3,100,78.62,79.37,4.4,83.11,38,3.9,40,No
1451,Arjun Rao 1351,Finance,Accountant,67.8,80,74.42,89.32,4.6,78.72,54,3.8,62,No
1452,Peter Mckee 1352,Support,Helpdesk,82.6,80,86.84,94.97,3.8,90.01,35,4.8,21,No
1453,Ananya Singh 1353,HR,Employee Relations,68.2,60,62.51,100.0,4.0,75.93,40,3.5,67,No
1454,Avani Bhat 1354,Finance,Financial Analyst,65.0,60,72.65,79.72,3.6,73.61,36,3.7,47,No
1455,David Williams 1355,Marketing,Marketing Executive,71.5,80,81.29,88.98,5.0,77.72,47,3.1,65,No
1456,Ananya Singh 1356,IT,Software Engineer,55.9,60,86.7,80.79,3.8,91.07,50,3.4,15,No
1457,Ashley Marsh 1357,Sales,Sales Executive,70.3,60,99.95,81.71,3.5,86.71,45,3.7,79,No
1458,Myra Nair 1358,IT,Software Engineer,76.3,80,65.11,81.12,3.4,69.73,48,4.1,52,No
1459,Taylor Morris 1359,Finance,Accountant,82.4,60,71.48,85.66,4.1,88.78,40,4.5,64,No
1460,Reyansh Reddy 1360,IT,Engineer,75.0,60,55.34,81.82,4.8,83.61,50,4.5,78,No
1461,Meera Das 1361,Finance,Accountant,54.8,40,66.9,100.0,4.6,80.66,51,4.8,63,No
1462,Aditya Kumar 1362,Sales,Account Manager,88.2,60,60.31,84.78,3.4,82.06,44,3.4,67,No
1463,Manish Badami 1363,HR,HR Executive,89.2,80,72.79,94.91,3.4,73.33,47,3.5,62,Yes
1464,Taylor Morris 1364,IT,Cybersecurity Specialist,73.4,80,75.72,83.38,4.6,85.39,47,3.3,61,No
1465,Meera Das 1365,Finance,Auditor,63.0,20,82.69,100.0,5.0,73.86,36,5.0,81,No
1466,Arjun Rao 1366,IT,Engineer,65.6,80,75.01,90.37,3.8,81.2,35,4.3,80,No
1467,Vivaan Gupta 1367,Support,Support Engineer,69.6,20,82.7,93.86,4.6,81.21,35,4.5,70,No
1468,Peggy Mann 1368,HR,HR Manager,75.3,60,79.14,83.86,3.0,90.16,41,3.3,44,No
1469,Nicole Roberts 1369,Sales,Sales Executive,68.3,40,67.67,94.84,3.4,84.32,47,4.0,51,No
1470,Jeffery Lopez 1370,HR,HR Manager,61.7,100,61.14,90.34,3.3,89.65,51,4.3,73,No
1471,Ananya Singh 1371,Finance,Accountant,84.3,100,83.84,85.35,4.1,74.43,43,3.1,64,No
1472,Ashley Marsh 1372,Marketing,Content Lead,75.1,60,94.47,80.44,3.8,83.14,47,3.7,1,No
1473,Sara Snyder 1373,Marketing,SEO Analyst,59.4,60,100.0,86.34,4.0,88.24,50,4.3,48,No
1474,Kavya Menon 1374,Marketing,SEO Specialist,75.5,60,87.35,85.74,4.6,93.94,39,2.7,21,No
1475,Arjun Rao 1375,Sales,Business Development,73.9,80,92.58,94.08,3.5,74.89,41,4.9,28,No
1476,Pari Joshi 1376,IT,Data Analyst,63.4,60,82.61,86.37,4.0,77.27,35,4.4,34,No
1477,Norman Lane 1377,Marketing,SEO Specialist,86.3,60,81.02,74.55,3.1,88.04,42,3.3,80,No
1478,Judith Ware 1378,IT,Data Analyst,73.6,60,79.11,92.52,4.6,96.89,40,4.0,75,No
1479,Pari Joshi 1379,IT,Cybersecurity Specialist,69.4,60,76.94,97.05,4.6,86.29,46,4.3,23,No
1480,Riya Mishra 1380,HR,Employee Relations,71.0,20,84.07,76.34,4.1,75.12,36,4.1,29,No
1481,Judith Ware 1381,Finance,Financial Analyst,77.3,60,72.79,100.0,4.0,75.28,35,4.0,83,No
1482,Ayaan Saxena 1382,Sales,Business Development,71.1,60,76.53,97.78,3.6,85.08,49,3.9,41,No
1483,Sara Snyder 1383,Sales,Account Manager,71.0,100,66.22,83.58,3.1,86.86,51,4.5,70,No
1484,Pari Joshi 1384,Finance,Financial Analyst,84.8,20,82.75,80.18,4.1,82.23,54,4.5,49,No
1485,Pari Joshi 1385,HR,HR Executive,55.0,60,68.41,95.37,4.4,75.37,37,4.4,70,No
1486,Clinton Scott 1386,IT,Engineer,57.0,60,78.34,78.41,5.0,92.81,40,4.4,59,No
1487,Joel Fuller 1387,Finance,Accountant,81.3,60,83.0,83.32,3.7,81.21,50,4.3,29,No
1488,Taylor Morris 1388,IT,Tester,100.0,60,83.86,78.79,4.1,88.22,44,4.4,11,No
1489,Reyansh Reddy 1389,Sales,Sales Executive,82.5,40,85.72,88.04,4.6,69.81,47,5.0,48,No
1490,Shannon Clark 1390,Sales,Sales Executive,94.4,60,75.87,98.26,4.6,93.61,42,3.9,81,No
1491,Avani Bhat 1391,IT,Developer,66.8,80,82.86,90.62,3.5,78.52,51,3.0,45,No
1492,Kavya Menon 1392,Marketing,Content Strategist,64.4,60,73.13,95.13,3.7,94.76,41,4.7,42,No
1493,Kabir Mehta 1393,IT,Software Engineer,77.5,100,58.29,85.54,3.6,88.9,39,4.3,1,No
1494,Jeffery Lopez 1394,IT,Cybersecurity Specialist,83.4,60,83.3,88.68,3.4,72.57,42,4.3,74,No
1495,Troy Ford 1395,IT,Tester,56.3,60,80.98,79.41,4.8,85.96,35,3.5,79,No
1496,Kabir Mehta 1396,HR,HR Manager,69.4,60,88.13,87.32,3.9,97.25,36,3.0,53,No
1497,Megan Williams 1397,IT,Software Engineer,71.7,60,77.75,82.78,3.9,79.22,38,4.2,34,No
1498,Devansh Banerjee 1398,IT,Tester,63.9,80,61.97,86.88,4.0,97.27,35,3.8,51,No
1499,Kavya Menon 1399,Marketing,SEO Specialist,65.3,60,77.08,86.4,3.9,87.09,44,4.0,32,No
1500,Peggy Mann 1400,Sales,Business Development,82.1,60,86.87,85.8,3.8,94.72,37,3.7,84,No
1501,Joel Fuller 1401,Finance,Accountant,77.6,60,82.76,100.0,3.4,85.28,36,4.0,83,No
1502,Reyansh Reddy 1402,IT,Cybersecurity Specialist,81.6,100,76.53,100.0,4.8,83.01,41,3.6,71,No
1503,Rohan Pillai 1403,IT,Tester,76.0,40,61.36,97.91,3.6,98.7,36,4.9,50,No
1504,Erin Massey 1404,IT,Tester,61.5,60,67.74,100.0,3.3,89.77,40,3.9,25,No
1505,Aditya Kumar 1405,Marketing,SEO Specialist,77.1,60,82.77,97.94,3.9,82.12,42,4.5,61,No
1506,Judith Ware 1406,Finance,Accountant,60.6,80,61.35,87.84,5.0,87.39,37,4.3,60,No
1507,Ashley Marsh 1407,HR,Employee Relations,68.3,40,74.82,87.13,3.4,79.48,53,4.8,25,No
1508,Vihaan Verma 1408,IT,Engineer,59.6,60,78.38,89.65,4.3,84.86,43,4.1,36,No
1509,Ashley Marsh 1409,IT,Software Engineer,64.7,60,89.5,86.53,3.8,93.56,35,4.6,29,No
1510,Jasmine Gonzalez 1410,Sales,Business Development,73.1,60,84.14,80.72,4.0,82.71,42,4.4,10,No
1511,Connie Bailey 1411,Sales,Business Development,66.5,80,87.63,90.08,4.5,77.0,40,4.9,52,No
1512,Aditya Kumar 1412,Sales,Account Manager,61.4,60,81.02,77.04,2.9,76.26,36,4.4,40,No
1513,Aditya Kumar 1413,Sales,Business Development,85.7,60,69.55,88.96,3.4,84.59,48,3.5,4,No
1514,Nicole Roberts 1414,IT,Cybersecurity Specialist,70.6,100,71.86,81.04,4.4,77.54,35,3.9,65,No
1515,Ananya Singh 1415,Finance,Accountant,65.7,60,68.67,87.43,4.0,72.54,41,3.3,12,No
1516,Erin Massey 1416,IT,Cybersecurity Specialist,59.0,60,83.91,89.34,4.0,74.41,45,3.8,62,No
1517,Ashley Marsh 1417,Finance,Auditor,49.5,60,71.06,85.53,4.3,93.4,50,3.2,81,No
1518,Peter Mckee 1418,Finance,Accountant,69.3,80,74.06,76.52,3.4,82.86,36,4.5,24,No
1519,Norman Lane 1419,HR,Recruitment Specialist,55.5,60,78.22,79.68,4.5,84.46,52,2.9,43,No
1520,Saanvi Iyer 1420,Finance,Financial Analyst,80.5,60,94.41,91.21,4.4,76.27,53,3.4,13,No
1521,Aarav Sharma 1421,Sales,Business Development,72.4,80,84.57,84.1,4.0,79.35,44,4.2,68,No
1522,Ananya Singh 1422,Marketing,SEO Analyst,90.7,60,70.27,91.93,4.2,79.09,38,4.5,58,No
1523,Brenda Bauer 1423,Sales,Account Manager,74.7,80,79.52,88.07,4.6,81.79,37,2.8,55,No
1524,Aarav Sharma 1424,Finance,Auditor,63.3,80,94.51,86.62,3.5,70.73,47,4.2,51,No
1525,Reyansh Reddy 1425,Sales,Business Development,49.4,60,84.15,90.43,4.3,92.72,40,4.4,65,No
1526,Meera Das 1426,IT,Data Analyst,81.7,80,62.02,83.28,4.9,83.87,44,3.0,67,No
1527,Reyansh Reddy 1427,Marketing,Content Lead,56.4,40,68.85,90.8,4.3,85.62,42,2.9,11,No
1528,Reyansh Reddy 1428,Sales,Business Development,67.1,80,68.08,85.06,3.8,91.31,44,4.0,74,No
1529,Brenda Bauer 1429,Finance,Auditor,92.1,80,92.41,100.0,5.0,90.7,36,4.3,67,Yes
1530,Megan Williams 1430,HR,HR Manager,79.3,60,90.56,80.06,4.0,79.4,54,3.7,42,No
1531,Aditya Kumar 1431,HR,Recruitment Specialist,76.7,60,71.75,85.5,4.7,88.84,49,4.1,72,No
1532,Navya Chopra 1432,HR,HR Executive,83.3,40,71.53,85.78,3.6,88.75,35,4.0,73,No
1533,Aditi Sen 1433,IT,Engineer,82.9,20,78.45,78.54,4.5,86.53,45,5.0,5,No
1534,Ishaan Malhotra 1434,Marketing,SEO Specialist,91.0,60,78.75,93.08,3.6,92.49,35,2.7,14,No
1535,Meera Das 1435,Sales,Business Development,64.8,80,68.38,85.0,4.1,90.4,50,3.7,41,No
1536,Aditi Sen 1436,Finance,Financial Analyst,67.5,60,75.51,71.34,3.5,89.82,46,3.8,30,No
1537,Norman Lane 1437,Finance,Accountant,60.9,60,63.46,92.87,5.0,94.92,46,3.0,52,No
1538,Jeffery Lopez 1438,Sales,Account Manager,71.6,80,90.72,83.55,3.8,84.23,53,4.2,5,No
1539,Joel Fuller 1439,Sales,Sales Executive,70.4,60,60.4,87.27,3.2,84.46,47,3.7,32,No
1540,Ananya Singh 1440,HR,Employee Relations,50.9,80,60.29,92.74,4.0,90.55,42,3.5,28,No
1541,Aditi Sen 1441,IT,Software Engineer,64.2,60,82.35,85.45,4.2,82.57,36,3.2,20,No
1542,Aditi Sen 1442,Sales,Business Development,89.3,60,65.63,85.39,3.9,87.85,53,4.1,53,No
1543,Aditi Sen 1443,Sales,Sales Executive,74.9,60,72.99,100.0,3.4,79.52,48,4.3,55,No
1544,Devansh Banerjee 1444,Finance,Financial Analyst,80.6,80,78.63,72.92,4.5,65.76,35,3.9,20,No
1545,David Williams 1445,IT,Software Engineer,70.6,40,84.75,79.0,4.7,88.78,43,4.5,54,No
1546,Shannon Clark 1446,Sales,Sales Executive,49.4,40,75.79,80.36,2.9,71.61,53,4.2,57,No
1547,Clinton Scott 1447,HR,HR Executive,70.5,60,95.79,100.0,3.4,78.41,48,5.0,63,No
1548,Vihaan Verma 1448,IT,Cybersecurity Specialist,84.5,80,78.0,83.49,3.8,90.56,38,3.3,45,No
1549,Avani Bhat 1449,IT,Cybersecurity Specialist,57.8,40,89.91,89.68,3.6,90.65,36,3.1,83,No
1550,Sara Snyder 1450,Marketing,Content Lead,81.0,60,80.79,84.68,4.2,93.4,44,4.4,21,No
1551,Rohan Pillai 1451,Sales,Business Development,51.6,60,99.31,92.22,5.0,67.84,49,3.8,59,No
1552,Steven Barnett 1452,IT,Data Analyst,72.2,60,88.58,87.91,3.7,86.37,35,3.2,10,No
1553,Navya Chopra 1453,Marketing,Content Strategist,78.5,60,78.43,89.77,4.8,81.94,45,3.4,46,No
1554,Riya Mishra 1454,HR,HR Executive,68.3,60,84.29,97.01,3.0,91.91,50,4.4,30,No
1555,Aarav Sharma 1455,IT,Tester,100.0,60,75.39,91.08,4.2,95.81,47,4.6,76,No
1556,Connie Bailey 1456,Finance,Accountant,66.1,60,75.29,82.85,3.5,73.53,42,4.5,17,No
1557,Jeffery Lopez 1457,IT,Developer,65.1,40,64.97,90.18,4.2,84.13,43,4.1,21,No
1558,Rohan Pillai 1458,Sales,Sales Executive,74.5,60,69.92,100.0,2.8,90.66,49,3.9,55,No
1559,Aarav Sharma 1459,HR,HR Manager,62.9,60,98.61,91.95,3.1,81.3,39,3.9,16,No
1560,Anna Dominguez 1460,Marketing,SEO Specialist,54.7,60,65.96,89.06,4.2,97.97,54,4.2,37,No
1561,Myra Nair 1461,Marketing,Content Strategist,58.8,60,71.45,78.41,3.5,80.79,52,4.1,24,No
1562,Brenda Bauer 1462,Sales,Account Manager,81.1,80,77.06,93.07,3.7,81.6,36,3.4,31,No
1563,Jeffery Lopez 1463,HR,Recruitment Specialist,68.3,60,77.4,94.11,5.0,75.41,39,4.6,14,No
1564,Aditya Kumar 1464,IT,Engineer,92.4,60,81.84,90.19,4.0,85.23,54,4.0,12,No
1565,Jeffery Lopez 1465,IT,Software Engineer,66.7,40,73.31,88.8,4.4,59.85,50,2.7,57,No
1566,Pari Joshi 1466,Sales,Sales Executive,80.5,60,82.45,100.0,3.4,82.02,50,3.2,49,No
1567,Cody Bright 1467,IT,Data Analyst,78.1,60,89.42,93.99,3.1,94.15,38,3.8,10,No
1568,Vihaan Verma 1468,HR,HR Executive,66.5,60,90.67,96.68,3.9,72.83,54,4.1,12,No
1569,Steven Barnett 1469,IT,Data Analyst,61.5,60,75.32,88.47,3.0,71.05,45,4.0,49,No
1570,Norman Lane 1470,Sales,Account Manager,51.2,80,84.11,87.08,3.5,92.93,54,3.6,37,No
1571,Connie Bailey 1471,IT,Engineer,78.6,80,66.54,92.42,4.0,94.01,50,4.7,0,No
1572,Aditya Kumar 1472,IT,Cybersecurity Specialist,86.4,20,70.78,87.07,3.8,73.15,46,4.5,38,No
1573,Troy Ford 1473,IT,Engineer,52.9,60,66.26,87.65,4.1,97.86,40,4.0,26,No
1574,Vihaan Verma 1474,Sales,Business Development,67.6,20,77.54,91.24,4.3,87.46,50,3.1,35,No
1575,Avani Bhat 1475,IT,Developer,64.0,60,69.41,84.41,3.2,92.39,53,3.8,31,No
1576,Sara Snyder 1476,IT,Tester,78.6,60,62.79,89.54,3.3,77.67,45,3.8,40,No
1577,Jasmine Gonzalez 1477,Finance,Financial Analyst,68.1,60,74.14,88.56,2.6,95.91,46,3.0,14,No
1578,Ayaan Saxena 1478,IT,Developer,87.9,60,60.71,94.77,3.7,81.86,38,4.3,30,No
1579,Diya Patel 1479,Marketing,Marketing Executive,67.4,80,91.27,83.72,4.3,81.5,47,4.1,5,No
1580,Nicole Roberts 1480,IT,Data Analyst,57.2,60,72.42,74.0,4.8,87.86,36,3.4,51,No
1581,Brenda Bauer 1481,IT,Tester,66.4,60,87.85,85.83,4.0,80.86,53,4.1,81,No
1582,Ayaan Saxena 1482,HR,Employee Relations,67.7,60,73.08,90.78,4.7,71.83,45,4.6,21,No
1583,Ashley Marsh 1483,IT,Cybersecurity Specialist,78.3,60,66.05,94.75,4.1,85.05,35,4.3,30,No
1584,Joel Fuller 1484,IT,Tester,67.5,40,89.76,83.15,4.0,81.45,43,3.6,72,No
1585,Sara Khan 1485,IT,Cybersecurity Specialist,77.3,60,78.89,91.79,3.5,77.86,44,5.0,45,No
1586,Avani Bhat 1486,Support,Support Engineer,62.5,60,96.87,95.95,2.5,93.92,37,4.3,66,No
1587,Sara Snyder 1487,IT,Cybersecurity Specialist,68.5,60,73.33,93.26,4.6,100.0,42,3.6,42,No
1588,Aditya Kumar 1488,IT,Cybersecurity Specialist,62.6,40,73.55,82.47,3.9,76.65,50,5.0,0,No
1589,Judith Ware 1489,IT,Tester,61.8,40,88.05,83.22,4.7,85.58,38,2.9,43,No
1590,Arjun Rao 1490,Sales,Business Development,87.3,60,88.12,91.05,3.3,80.81,45,3.3,56,No
1591,Peggy Mann 1491,IT,Developer,63.4,60,79.53,99.38,5.0,100.0,42,3.7,8,No
1592,Rohan Pillai 1492,Finance,Accountant,67.8,60,100.0,88.1,3.8,87.93,41,4.6,4,No
1593,Erin Massey 1493,Sales,Sales Executive,84.5,60,75.19,86.84,3.5,91.42,54,3.6,78,No
1594,Ayaan Saxena 1494,IT,Data Analyst,81.0,60,65.31,78.41,3.8,93.45,49,3.9,8,No
1595,Ananya Singh 1495,Sales,Business Development,91.7,60,67.97,85.45,4.0,85.04,42,3.4,44,No
1596,Diya Patel 1496,HR,Recruitment Specialist,77.8,80,75.25,82.99,3.9,82.51,44,4.4,76,No
1597,Nicole Roberts 1497,Sales,Business Development,64.8,60,93.19,88.19,3.6,96.15,53,4.3,23,No
1598,Nicole Roberts 1498,Sales,Business Development,96.7,100,76.14,77.41,2.8,90.22,39,3.1,73,Yes
1599,Myra Nair 1499,Sales,Account Manager,79.0,60,93.66,85.7,3.4,77.23,37,4.0,41,No
1600,Saanvi Iyer 1500,IT,Engineer,70.1,80,82.34,80.94,4.5,78.21,41,4.2,21,No
1601,Myra Nair 1501,Finance,Financial Analyst,72.7,60,88.83,94.58,3.4,80.88,40,3.9,59,No
1602,Vihaan Verma 1502,Marketing,SEO Specialist,74.2,80,81.87,81.99,2.9,93.27,51,4.0,36,No
1603,Clinton Scott 1503,Finance,Financial Analyst,69.2,100,81.79,83.99,3.3,95.79,44,3.6,38,No
1604,Nicole Roberts 1504,Sales,Sales Executive,55.5,20,85.53,89.97,3.8,100.0,54,4.5,83,No
1605,Taylor Morris 1505,Sales,Sales Executive,91.5,40,72.33,84.82,3.4,78.33,49,3.5,73,No
1606,Manish Badami 1506,IT,Data Analyst,71.7,60,72.44,100.0,3.7,85.12,36,4.6,73,No
1607,Reyansh Reddy 1507,Marketing,Content Strategist,74.2,60,81.5,94.51,3.4,80.8,35,4.0,52,No
1608,Sara Snyder 1508,Marketing,Content Strategist,96.9,80,97.41,88.12,4.5,82.54,46,3.7,27,Yes
1609,Saanvi Iyer 1509,IT,Data Analyst,63.8,20,62.59,90.58,4.2,91.44,47,4.0,76,No
1610,Sara Snyder 1510,Sales,Account Manager,79.9,80,57.71,71.51,5.0,83.63,46,4.1,14,No
1611,Taylor Morris 1511,Finance,Accountant,62.5,40,75.36,96.62,3.7,94.53,46,3.8,59,No
1612,Aditi Sen 1512,Finance,Accountant,75.9,60,88.31,91.58,3.7,79.87,41,3.8,59,No
1613,Shannon Clark 1513,Marketing,Content Lead,74.4,100,78.51,87.49,4.6,89.93,41,3.4,5,No
1614,Troy Ford 1514,Support,Helpdesk,81.5,40,66.31,91.96,4.1,80.46,40,4.9,51,No
1615,Clinton Scott 1515,IT,Data Analyst,86.5,60,78.79,92.81,3.3,69.3,47,3.5,11,No
1616,Aarav Sharma 1516,IT,Tester,65.0,40,60.67,85.09,4.2,75.83,43,3.3,18,No
1617,Arjun Rao 1517,HR,HR Executive,89.0,80,84.29,90.66,4.1,84.99,50,4.3,74,Yes
1618,Christopher Benson 1518,IT,Engineer,89.8,60,74.91,95.34,2.8,99.37,36,2.9,1,No
1619,Vivaan Gupta 1519,Sales,Business Development,69.0,80,77.18,91.18,3.5,80.32,45,4.0,54,No
1620,Aditi Sen 1520,IT,Engineer,71.9,60,82.27,86.23,4.0,82.65,37,3.3,14,No
1621,Troy Ford 1521,Marketing,Content Strategist,66.1,60,80.06,90.08,4.8,87.92,43,4.3,63,No
1622,Jasmine Gonzalez 1522,HR,Recruitment Specialist,68.3,20,72.59,97.68,4.3,79.2,46,3.9,68,No
1623,Riya Mishra 1523,Marketing,Content Strategist,57.6,60,88.34,93.49,3.6,80.13,36,3.5,14,No
1624,Riya Mishra 1524,IT,Engineer,81.3,60,85.97,79.86,3.5,84.58,53,3.9,42,No
1625,Peggy Mann 1525,HR,Recruitment Specialist,47.4,60,60.26,92.11,4.4,80.51,40,4.3,73,No
1626,Ananya Singh 1526,HR,HR Manager,63.6,60,75.7,91.18,2.4,69.74,52,3.7,16,No
1627,Aditya Kumar 1527,IT,Software Engineer,71.4,40,67.2,96.15,3.4,78.8,47,3.8,23,No
1628,Ashley Marsh 1528,Sales,Sales Executive,87.6,60,65.32,88.23,4.7,88.92,48,4.6,73,No
1629,Peggy Mann 1529,IT,Software Engineer,65.5,60,83.35,85.41,4.1,89.17,42,4.2,29,No
1630,Shannon Clark 1530,IT,Engineer,77.1,40,73.81,78.42,3.4,94.69,43,3.7,66,No
1631,Jasmine Gonzalez 1531,IT,Engineer,71.0,40,76.57,83.14,3.2,94.04,47,4.0,50,No
1632,Troy Ford 1532,IT,Cybersecurity Specialist,83.3,20,71.3,96.46,4.4,76.8,51,3.8,59,No
1633,Ananya Singh 1533,Support,Helpdesk,76.5,80,81.7,89.39,3.9,78.04,40,4.6,2,No
1634,Sara Snyder 1534,Marketing,SEO Analyst,82.0,60,84.78,87.3,3.8,78.39,54,3.0,4,No
1635,Troy Ford 1535,IT,Cybersecurity Specialist,65.4,80,99.7,97.07,4.1,82.78,44,4.3,27,No
1636,Ishaan Malhotra 1536,Sales,Business Development,59.8,60,76.19,95.63,4.0,79.01,45,4.3,77,No
1637,Saanvi Iyer 1537,HR,HR Executive,76.4,60,63.52,82.85,4.0,82.6,44,3.6,10,No
1638,Troy Ford 1538,HR,HR Manager,66.1,40,72.96,96.41,3.1,77.02,40,3.5,71,No
1639,Sara Snyder 1539,IT,Developer,72.4,60,86.47,76.39,3.3,90.28,40,4.7,71,No
1640,Jasmine Gonzalez 1540,IT,Engineer,75.8,60,70.27,91.22,4.3,76.42,49,3.9,75,No
1641,Ayaan Saxena 1541,Sales,Sales Executive,86.9,40,63.18,90.39,4.2,76.02,41,4.9,14,No
1642,Navya Chopra 1542,Finance,Financial Analyst,81.4,80,70.48,96.05,4.1,88.16,46,3.4,82,No
1643,Connie Bailey 1543,Support,Support Engineer,63.8,60,72.67,90.67,3.5,89.78,54,3.9,47,No
1644,Diya Patel 1544,Support,Support Engineer,58.3,60,67.17,86.29,4.4,82.2,43,3.7,45,No
1645,Ananya Singh 1545,IT,Engineer,92.5,60,80.17,86.84,3.7,90.95,35,3.7,27,No
1646,Kabir Mehta 1546,Finance,Accountant,53.0,60,77.21,100.0,4.7,90.37,50,4.2,6,No
1647,Connie Bailey 1547,HR,Recruitment Specialist,66.6,60,85.9,88.58,3.5,99.19,52,3.5,70,No
1648,Judith Ware 1548,Sales,Sales Executive,79.7,60,73.54,92.18,3.6,89.86,41,3.9,81,No
1649,Taylor Morris 1549,Finance,Accountant,91.7,20,83.58,73.85,3.8,97.66,52,3.5,5,No
1650,Christopher Benson 1550,Finance,Financial Analyst,69.7,40,73.08,82.21,4.4,84.5,42,4.4,57,No
1651,Rohan Pillai 1551,HR,Employee Relations,72.3,60,66.7,91.63,3.9,95.2,49,5.0,67,No
1652,Ashley Marsh 1552,IT,Developer,61.5,60,72.57,76.7,3.9,95.37,40,4.8,54,No
1653,Saanvi Iyer 1553,Sales,Account Manager,73.5,60,61.82,91.85,3.7,82.86,46,3.4,66,No
1654,Shannon Clark 1554,Sales,Business Development,58.2,60,95.88,82.92,4.1,78.49,49,3.7,48,No
1655,Jeffery Lopez 1555,IT,Engineer,63.0,60,79.42,80.76,3.9,79.9,49,4.0,50,No
1656,Steven Barnett 1556,HR,HR Manager,81.2,60,70.05,82.9,3.4,87.32,44,2.8,58,No
1657,Ashley Marsh 1557,Marketing,SEO Analyst,66.8,80,74.22,98.69,4.0,74.8,43,4.0,5,No
1658,Judith Ware 1558,Sales,Business Development,83.0,40,53.5,90.33,4.0,80.37,48,4.3,50,No
1659,Cody Bright 1559,IT,Developer,70.2,60,92.34,81.63,5.0,93.58,48,4.0,37,No
1660,Ayaan Saxena 1560,Sales,Business Development,55.6,80,91.37,93.43,3.5,89.33,51,3.9,10,No
1661,Shannon Clark 1561,Finance,Auditor,86.0,60,79.08,93.81,3.4,65.18,45,3.6,51,No
1662,Peggy Mann 1562,Sales,Account Manager,56.2,60,81.19,85.33,4.1,73.34,40,3.8,19,No
1663,Riya Mishra 1563,Finance,Financial Analyst,64.8,40,65.32,94.71,3.3,100.0,46,3.7,9,No
1664,David Williams 1564,Sales,Account Manager,69.6,80,66.05,95.05,3.3,93.44,51,3.4,25,No
1665,Rita Walker 1565,IT,Tester,84.1,60,61.03,93.96,3.0,79.34,39,4.6,47,No
1666,Aarav Sharma 1566,Sales,Business Development,65.7,60,76.39,83.28,3.4,72.09,40,4.9,13,No
1667,Pari Joshi 1567,Marketing,Marketing Executive,60.9,40,88.61,79.75,3.5,74.0,37,3.6,58,No
1668,Taylor Morris 1568,HR,Recruitment Specialist,74.0,20,74.17,76.15,3.1,88.07,35,3.4,11,No
1669,Navya Chopra 1569,Sales,Sales Executive,69.4,60,81.48,83.41,3.7,99.82,52,3.5,22,No
1670,Cody Bright 1570,Sales,Sales Executive,66.4,60,87.79,85.43,2.5,99.31,48,3.4,84,No
1671,Meera Das 1571,HR,HR Manager,74.6,80,61.76,85.99,4.2,71.39,46,3.7,71,No
1672,Megan Williams 1572,IT,Software Engineer,57.6,80,96.46,87.67,3.6,81.63,46,4.2,38,No
1673,Peggy Mann 1573,Sales,Sales Executive,51.3,60,89.57,100.0,3.7,77.14,45,4.7,8,No
1674,Myra Nair 1574,Finance,Auditor,97.7,20,83.14,85.62,4.3,85.1,53,3.0,24,No
1675,Megan Williams 1575,IT,Data Analyst,73.3,60,87.24,87.66,4.1,73.35,37,4.6,16,No
1676,Norman Lane 1576,HR,Employee Relations,74.1,60,87.71,75.28,3.5,79.63,36,4.0,41,No
1677,Devansh Banerjee 1577,HR,HR Executive,62.6,40,80.93,100.0,4.2,77.06,41,2.7,28,No
1678,Steven Barnett 1578,Sales,Account Manager,82.8,60,92.28,78.79,4.8,88.19,46,3.2,59,No
1679,Vihaan Verma 1579,Finance,Financial Analyst,65.6,20,73.47,83.05,3.3,79.88,53,4.3,66,No
1680,Peter Mckee 1580,HR,Recruitment Specialist,38.6,60,82.62,92.87,4.4,81.03,47,3.5,84,No
1681,Cody Bright 1581,Sales,Business Development,65.2,80,91.22,89.72,3.2,88.09,53,3.8,56,No
1682,Sara Khan 1582,Finance,Auditor,68.6,60,51.09,99.5,4.6,97.14,38,3.9,71,No
1683,Manish Badami 1583,IT,Tester,70.0,80,82.38,93.04,3.5,100.0,46,4.7,13,No
1684,Aditya Kumar 1584,Marketing,SEO Analyst,69.6,80,85.25,87.43,3.4,87.65,38,3.2,38,No
1685,Saanvi Iyer 1585,Finance,Accountant,64.3,60,60.92,95.31,4.6,83.29,47,4.4,15,No
1686,Pari Joshi 1586,Finance,Financial Analyst,63.1,60,80.82,96.13,4.3,94.53,54,4.8,17,No
1687,Aditi Sen 1587,Sales,Sales Executive,68.4,60,70.06,83.38,3.5,93.34,41,3.4,74,No
1688,Sara Khan 1588,IT,Developer,52.3,80,81.97,94.74,4.0,91.05,40,4.5,19,No
1689,Sara Snyder 1589,Finance,Auditor,48.5,60,77.05,86.44,3.5,71.37,46,3.7,45,No
1690,Reyansh Reddy 1590,Finance,Financial Analyst,73.2,80,68.54,87.28,2.9,93.67,46,3.6,44,No
1691,Pari Joshi 1591,HR,Employee Relations,73.4,60,89.1,89.0,4.0,86.87,50,3.8,3,No
1692,Diya Patel 1592,Sales,Sales Executive,82.6,40,73.82,85.33,3.7,76.85,47,4.1,83,No
1693,Manish Badami 1593,Marketing,Marketing Executive,68.9,100,80.7,84.96,3.3,78.62,51,3.6,19,No
1694,Taylor Morris 1594,Marketing,SEO Specialist,57.7,40,91.14,94.89,4.7,88.66,42,4.5,10,No
1695,Ayaan Saxena 1595,IT,Engineer,48.7,80,68.83,77.3,3.4,63.91,35,3.7,64,No
1696,Saanvi Iyer 1596,HR,HR Executive,61.3,60,78.08,80.57,4.0,83.0,46,2.8,17,No
1697,Peggy Mann 1597,IT,Data Analyst,77.1,60,73.05,92.72,4.5,78.76,54,4.0,38,No
1698,Erin Massey 1598,Marketing,Content Strategist,89.3,60,75.28,87.49,3.7,77.94,41,3.2,43,No
1699,Peggy Mann 1599,IT,Software Engineer,72.6,80,99.56,94.94,3.5,80.34,46,3.8,17,No
1700,Sara Snyder 1600,IT,Data Analyst,57.4,80,82.57,90.51,4.1,72.16,53,4.2,46,No
1701,Taylor Morris 1601,HR,HR Manager,61.4,80,81.14,78.66,4.2,92.42,47,3.6,30,No
1702,Aditi Sen 1602,HR,HR Executive,61.8,60,83.24,88.44,4.4,66.98,44,3.0,38,No
1703,Shannon Clark 1603,HR,Employee Relations,67.1,20,82.3,91.74,5.0,85.35,36,3.4,37,No
1704,Arjun Rao 1604,HR,Employee Relations,85.5,60,59.74,89.64,3.6,77.22,37,4.8,78,No
1705,Meera Das 1605,HR,Recruitment Specialist,86.4,60,100.0,84.72,4.0,99.87,46,4.1,46,No
1706,Rohan Pillai 1606,Sales,Sales Executive,69.9,80,63.36,86.08,3.1,84.18,39,4.5,69,No
1707,Avani Bhat 1607,Marketing,Marketing Executive,74.2,80,95.33,84.08,4.3,67.01,39,5.0,7,No
1708,Arjun Rao 1608,Support,Support Engineer,62.4,60,84.18,78.72,4.0,88.37,39,5.0,64,No
1709,Navya Chopra 1609,Sales,Business Development,51.5,60,79.81,77.76,3.8,75.26,41,4.1,12,No
1710,Pari Joshi 1610,Marketing,SEO Specialist,93.5,80,74.95,90.73,3.5,91.88,42,3.8,54,Yes
1711,Megan Williams 1611,Sales,Business Development,44.1,80,100.0,81.9,3.7,88.94,53,3.6,84,No
1712,Judith Ware 1612,HR,HR Manager,50.0,60,84.04,92.03,4.0,95.78,50,4.1,42,No
1713,Avani Bhat 1613,Sales,Sales Executive,93.6,80,78.18,83.83,3.3,85.5,44,4.3,3,Yes
1714,Christopher Benson 1614,IT,Data Analyst,72.2,60,72.65,78.81,3.7,90.55,47,4.4,70,No
1715,Reyansh Reddy 1615,Marketing,Content Strategist,58.5,20,71.45,85.14,3.9,84.34,36,3.4,59,No
1716,Saanvi Iyer 1616,IT,Developer,80.2,40,78.51,100.0,3.0,79.28,38,3.4,11,No
1717,Manish Badami 1617,HR,Recruitment Specialist,81.3,40,68.69,87.33,3.3,92.53,36,3.9,58,No
1718,Arjun Rao 1618,IT,Data Analyst,56.0,40,84.8,92.52,3.5,74.16,37,4.0,76,No
1719,Peggy Mann 1619,Marketing,Marketing Executive,65.6,20,71.54,89.18,4.8,83.71,44,5.0,53,No
1720,Peter Mckee 1620,IT,Cybersecurity Specialist,82.5,80,88.05,78.16,3.4,79.45,45,2.6,43,No
1721,Jasmine Gonzalez 1621,IT,Developer,62.2,60,87.83,98.14,3.9,90.74,37,3.6,15,No
1722,Jasmine Gonzalez 1622,Sales,Sales Executive,75.4,60,77.45,86.27,3.3,76.43,39,4.5,5,No
1723,Sara Snyder 1623,Marketing,SEO Specialist,89.1,60,83.8,78.83,3.4,80.73,54,3.4,13,No
1724,Megan Williams 1624,Finance,Financial Analyst,43.3,60,84.3,84.41,3.0,84.35,40,4.0,57,No
1725,Clinton Scott 1625,HR,HR Executive,67.9,40,63.38,86.56,4.3,95.9,47,4.6,30,No
1726,Joel Fuller 1626,IT,Data Analyst,75.1,60,95.32,93.25,3.1,79.74,39,4.4,40,No
1727,David Williams 1627,Finance,Auditor,50.5,80,75.44,83.23,4.4,80.79,37,4.4,34,No
1728,Sara Khan 1628,HR,HR Manager,65.6,60,84.96,100.0,4.2,73.21,54,3.9,9,No
1729,Jeffery Lopez 1629,HR,HR Executive,84.5,60,85.24,81.44,3.9,76.14,46,4.1,80,No
1730,Reyansh Reddy 1630,Sales,Sales Executive,63.5,60,53.1,92.28,4.5,87.3,37,4.1,29,No
1731,Reyansh Reddy 1631,IT,Engineer,54.2,60,71.43,74.18,5.0,84.26,53,3.7,43,No
1732,Sara Khan 1632,HR,HR Manager,85.6,60,86.4,87.13,4.2,84.38,49,4.5,54,No
1733,Steven Barnett 1633,Sales,Account Manager,77.3,60,78.62,90.57,3.2,97.93,44,3.2,70,No
1734,Myra Nair 1634,IT,Cybersecurity Specialist,71.2,60,84.89,80.16,4.8,70.62,40,3.6,17,No
1735,Meera Das 1635,HR,HR Manager,70.8,40,78.92,98.49,4.0,100.0,50,4.5,82,No
1736,Troy Ford 1636,IT,Developer,84.3,80,90.29,91.04,5.0,93.43,49,2.8,78,No
1737,Rohan Pillai 1637,Sales,Account Manager,75.5,60,79.14,85.78,3.6,81.39,36,4.1,38,No
1738,Cody Bright 1638,IT,Software Engineer,79.7,60,92.24,90.97,4.7,87.13,51,4.7,41,No
1739,Jasmine Gonzalez 1639,Finance,Auditor,63.7,60,68.2,83.85,3.9,78.54,50,3.5,53,No
1740,Navya Chopra 1640,IT,Tester,49.0,60,76.72,96.76,5.0,86.55,37,4.2,29,No
1741,Manish Badami 1641,IT,Cybersecurity Specialist,79.5,60,72.07,95.11,3.7,100.0,53,4.1,19,No
1742,Reyansh Reddy 1642,IT,Data Analyst,85.2,40,81.89,90.61,5.0,78.83,38,4.4,41,No
1743,Troy Ford 1643,Sales,Account Manager,69.3,60,75.21,92.28,4.2,82.14,54,4.0,4,No
1744,Vihaan Verma 1644,HR,Employee Relations,82.7,60,75.7,77.66,4.4,77.95,39,4.7,49,No
1745,Reyansh Reddy 1645,IT,Software Engineer,68.0,40,70.95,98.27,4.9,79.23,47,4.2,40,No
1746,Reyansh Reddy 1646,IT,Developer,70.9,40,73.39,87.3,3.4,80.78,54,4.5,38,No
1747,Connie Bailey 1647,Marketing,Marketing Executive,93.0,60,77.9,95.18,4.5,75.24,36,4.5,56,No
1748,Connie Bailey 1648,Sales,Business Development,68.5,40,57.79,93.25,3.7,81.89,46,4.8,56,No
1749,Cody Bright 1649,Finance,Auditor,67.8,40,54.98,95.07,4.0,84.43,51,3.4,36,No
1750,Aditya Kumar 1650,Sales,Business Development,49.6,60,78.59,80.67,3.9,80.77,44,3.3,6,No
1751,Christopher Benson 1651,Sales,Sales Executive,80.3,80,50.31,81.56,4.2,65.61,43,4.6,4,No
1752,Aarav Sharma 1652,IT,Developer,63.5,80,76.07,100.0,4.2,82.77,43,4.1,78,No
1753,Cody Bright 1653,Sales,Sales Executive,73.8,80,74.23,77.36,3.6,83.62,51,5.0,50,No
1754,Christopher Benson 1654,IT,Engineer,68.2,60,83.42,80.32,4.0,99.18,43,2.7,7,No
1755,Troy Ford 1655,HR,HR Manager,66.7,60,71.28,88.3,2.5,84.21,48,4.0,55,No
1756,Ishaan Malhotra 1656,Support,Helpdesk,70.6,60,93.7,88.31,4.5,91.48,51,4.0,72,No
1757,Ananya Singh 1657,HR,Employee Relations,71.5,60,86.48,84.22,4.9,80.59,51,4.5,10,No
1758,Devansh Banerjee 1658,Marketing,SEO Specialist,86.1,40,62.88,92.31,4.0,94.39,36,5.0,21,No
1759,Meera Das 1659,HR,Employee Relations,90.2,60,75.16,94.31,2.9,76.44,49,4.0,76,No
1760,Ayaan Saxena 1660,IT,Tester,79.8,60,93.27,87.87,4.3,88.04,45,4.3,10,No
1761,Saanvi Iyer 1661,Sales,Business Development,87.3,60,71.02,86.12,3.4,90.72,39,2.9,59,No
1762,Troy Ford 1662,Finance,Accountant,82.2,60,77.47,87.84,4.0,89.55,43,4.2,14,No
1763,Rohan Pillai 1663,Sales,Sales Executive,77.9,40,92.04,84.52,4.3,100.0,43,4.2,37,No
1764,Reyansh Reddy 1664,Finance,Financial Analyst,89.5,80,72.59,76.11,4.2,79.33,48,3.7,0,Yes
1765,Ananya Singh 1665,HR,Employee Relations,56.3,60,89.23,90.11,4.5,95.31,42,4.2,45,No
1766,Kabir Mehta 1666,Support,Helpdesk,63.8,60,68.9,93.36,4.0,93.25,45,4.1,42,No
1767,Rohan Pillai 1667,Sales,Account Manager,62.1,80,49.12,86.92,4.0,84.4,46,5.0,21,No
1768,Myra Nair 1668,HR,Employee Relations,68.4,40,90.29,72.14,4.3,98.71,41,3.5,2,No
1769,Riya Mishra 1669,Sales,Sales Executive,80.2,80,82.39,84.0,3.9,82.83,37,3.5,13,No
1770,Rohan Pillai 1670,Sales,Account Manager,58.6,60,83.05,94.34,3.5,84.18,37,3.5,1,No
1771,Saanvi Iyer 1671,Sales,Account Manager,78.0,60,67.07,77.93,4.2,83.96,48,3.7,60,No
1772,Troy Ford 1672,Marketing,SEO Specialist,65.0,80,67.87,92.87,3.2,73.81,38,3.0,31,No
1773,Ashley Marsh 1673,Finance,Accountant,67.8,60,89.5,84.88,3.9,90.09,48,3.8,37,No
1774,Ananya Singh 1674,IT,Cybersecurity Specialist,74.4,20,80.43,87.87,3.1,88.84,48,4.0,45,No
1775,Christopher Benson 1675,Finance,Financial Analyst,92.2,20,76.83,83.2,3.6,83.16,37,4.9,41,No
1776,Ananya Singh 1676,Sales,Business Development,63.5,60,80.21,80.05,3.6,98.1,47,3.9,5,No
1777,Sara Snyder 1677,IT,Software Engineer,71.0,80,93.09,98.04,3.3,80.5,42,4.8,40,No
1778,Connie Bailey 1678,Marketing,Content Lead,59.1,60,85.24,93.71,4.6,70.16,40,4.5,24,No
1779,Nicole Roberts 1679,IT,Software Engineer,63.3,60,73.25,92.51,4.5,99.22,36,4.1,10,No
1780,Reyansh Reddy 1680,HR,HR Executive,59.0,80,63.97,94.36,4.7,92.09,40,3.9,40,No
1781,Kabir Mehta 1681,Sales,Sales Executive,74.9,40,83.88,91.52,3.8,89.01,54,4.3,70,No
1782,Diya Patel 1682,IT,Software Engineer,77.1,80,68.76,94.61,3.6,81.28,48,4.4,56,No
1783,Peter Mckee 1683,IT,Tester,80.2,60,66.18,83.35,4.4,86.74,41,3.7,45,No
1784,Aditi Sen 1684,IT,Tester,63.0,40,91.16,97.64,4.0,73.92,51,4.4,47,No
1785,Reyansh Reddy 1685,IT,Cybersecurity Specialist,78.1,40,86.72,97.02,4.0,82.2,37,3.9,62,No
1786,Ashley Marsh 1686,Marketing,Marketing Executive,73.4,100,81.86,90.66,2.4,76.77,48,4.3,38,No
1787,David Williams 1687,HR,HR Executive,71.3,60,65.62,85.98,4.4,86.1,35,5.0,9,No
1788,David Williams 1688,Finance,Auditor,57.1,60,95.89,79.44,4.3,91.39,46,3.8,84,No
1789,Meera Das 1689,IT,Tester,73.8,60,88.29,89.6,3.9,75.62,37,2.8,69,No
1790,Devansh Banerjee 1690,IT,Tester,74.2,60,74.96,99.79,4.4,89.8,53,4.0,64,No
1791,Kavya Menon 1691,HR,HR Executive,73.2,60,72.85,79.87,4.3,85.6,46,3.4,58,No
1792,Brenda Bauer 1692,IT,Data Analyst,76.8,60,78.78,95.13,3.5,89.47,48,4.2,77,No
1793,Connie Bailey 1693,Marketing,Content Lead,80.3,60,73.22,84.7,3.8,82.06,35,3.4,35,No
1794,Ashley Marsh 1694,Finance,Financial Analyst,58.8,40,100.0,85.3,3.3,89.63,39,3.9,26,No
1795,Megan Williams 1695,Finance,Financial Analyst,69.4,60,74.14,79.77,4.8,78.43,41,5.0,72,No
1796,Saanvi Iyer 1696,IT,Data Analyst,78.2,40,67.32,82.73,4.5,70.54,54,5.0,54,No
1797,Vivaan Gupta 1697,Support,Support Engineer,68.8,80,93.88,92.53,3.4,72.37,53,4.2,69,No
1798,Shannon Clark 1698,HR,Employee Relations,83.5,20,72.31,93.4,4.3,79.98,40,3.5,80,No
1799,Steven Barnett 1699,Support,Support Engineer,73.1,80,85.86,89.65,4.1,71.1,52,4.5,52,No
1800,Shannon Clark 1700,Support,Support Engineer,48.5,60,84.75,84.49,3.5,96.4,40,3.7,59,No
1801,Saanvi Iyer 1701,HR,Recruitment Specialist,82.1,80,77.41,80.28,4.0,83.34,45,3.1,60,No
1802,Anna Dominguez 1702,IT,Developer,70.6,40,68.27,88.43,4.4,91.35,37,5.0,35,No
1803,Aditya Kumar 1703,HR,Recruitment Specialist,50.8,100,77.52,85.45,4.5,90.3,43,4.0,84,No
1804,Aditya Kumar 1704,Sales,Account Manager,69.0,40,66.3,89.48,5.0,84.05,37,4.3,26,No
1805,Steven Barnett 1705,Support,Support Engineer,56.8,80,77.76,85.75,4.0,100.0,40,3.8,40,No
1806,Navya Chopra 1706,Finance,Accountant,81.0,60,85.73,85.93,3.8,100.0,43,4.3,27,No
1807,Aditya Kumar 1707,Marketing,SEO Analyst,71.6,60,95.18,89.11,4.2,95.14,42,3.5,15,No
1808,Ashley Marsh 1708,HR,Recruitment Specialist,60.9,60,67.12,90.47,3.8,76.76,36,3.9,34,No
1809,Saanvi Iyer 1709,IT,Developer,81.7,80,75.5,96.57,3.5,95.46,53,4.6,35,No
1810,Cody Bright 1710,Support,Support Engineer,77.5,40,72.75,85.64,3.3,70.01,50,3.9,55,No
1811,Clinton Scott 1711,Sales,Account Manager,69.2,60,80.74,91.82,1.8,95.17,39,3.5,18,No
1812,Megan Williams 1712,Finance,Financial Analyst,57.1,60,62.78,100.0,4.3,63.55,44,4.6,56,No
1813,Taylor Morris 1713,Sales,Business Development,61.9,100,68.71,92.0,2.9,81.45,54,3.8,84,No
1814,Meera Das 1714,HR,Recruitment Specialist,61.7,60,61.08,96.15,3.4,93.67,46,3.8,32,No
1815,Ashley Marsh 1715,Support,Support Engineer,81.0,40,63.62,83.66,4.1,87.08,46,3.3,22,No
1816,Jeffery Lopez 1716,Finance,Auditor,51.8,60,71.4,82.96,3.7,72.17,40,4.9,62,No
1817,Norman Lane 1717,HR,HR Manager,71.4,40,94.71,86.88,5.0,85.36,48,4.6,69,No
1818,Reyansh Reddy 1718,Sales,Sales Executive,69.0,60,81.48,87.63,3.0,87.08,41,3.8,21,No
1819,Aditi Sen 1719,IT,Data Analyst,84.4,60,78.65,95.5,5.0,85.64,35,3.5,66,No
1820,Erin Massey 1720,Sales,Business Development,74.8,80,91.47,82.89,4.7,80.74,48,4.4,79,No
1821,Kabir Mehta 1721,Sales,Account Manager,78.4,80,81.84,87.38,4.4,90.84,49,4.2,58,No
1822,Peggy Mann 1722,IT,Developer,65.7,20,82.78,95.52,4.8,93.16,47,3.8,24,No
1823,Ashley Marsh 1723,IT,Engineer,57.2,60,73.27,89.51,4.1,82.77,35,3.9,16,No
1824,Jasmine Gonzalez 1724,IT,Engineer,68.1,60,71.63,87.92,2.9,96.16,54,4.4,38,No
1825,Myra Nair 1725,Sales,Business Development,81.3,60,64.89,89.67,4.2,82.75,53,4.1,76,No
1826,Troy Ford 1726,Marketing,Marketing Executive,81.3,20,71.99,80.11,3.0,80.08,53,4.2,74,No
1827,Aarav Sharma 1727,Sales,Sales Executive,66.8,60,75.19,79.99,3.6,94.86,40,4.2,73,No
1828,Manish Badami 1728,Sales,Business Development,61.7,100,81.45,76.88,3.9,94.56,39,4.4,38,No
1829,Judith Ware 1729,Marketing,Content Strategist,59.3,60,77.63,89.45,3.4,79.04,51,3.7,23,No
1830,Nicole Roberts 1730,IT,Software Engineer,70.4,60,74.35,94.43,4.5,77.88,49,4.1,37,No
1831,Aditya Kumar 1731,Finance,Accountant,73.6,60,68.88,93.36,3.8,98.12,41,3.6,80,No
1832,Brenda Bauer 1732,HR,Employee Relations,89.7,80,81.99,96.01,4.1,83.18,51,3.6,56,Yes
1833,Avani Bhat 1733,Finance,Financial Analyst,73.5,20,73.02,98.18,3.9,84.03,46,5.0,43,No
1834,Peggy Mann 1734,Sales,Business Development,79.4,60,81.54,89.01,4.0,81.98,41,3.1,35,No
1835,Steven Barnett 1735,HR,HR Executive,62.6,80,58.87,87.55,3.4,94.57,47,4.4,69,No
1836,Rita Walker 1736,HR,HR Manager,72.5,40,81.36,98.33,3.2,100.0,42,5.0,79,No
1837,David Williams 1737,IT,Data Analyst,73.7,60,85.47,83.09,3.8,84.56,38,5.0,44,No
1838,Aditya Kumar 1738,HR,HR Executive,70.3,40,84.2,79.75,3.3,100.0,42,4.3,25,No
1839,Sara Snyder 1739,HR,HR Executive,71.7,80,76.03,85.63,4.7,79.56,50,5.0,10,No
1840,Devansh Banerjee 1740,Marketing,SEO Analyst,73.5,60,87.15,84.81,3.1,81.74,50,4.2,51,No
1841,Kabir Mehta 1741,Marketing,Content Lead,77.8,100,65.27,88.34,5.0,89.38,45,3.8,24,No
1842,Peggy Mann 1742,Sales,Business Development,86.0,80,77.11,82.05,4.1,77.46,43,4.0,30,Yes
1843,Aarav Sharma 1743,Sales,Sales Executive,44.8,60,76.07,90.59,3.9,89.28,45,4.5,84,No
1844,Jeffery Lopez 1744,Sales,Sales Executive,85.4,60,88.36,84.02,3.6,79.85,39,5.0,44,No
1845,Connie Bailey 1745,Sales,Account Manager,51.5,80,57.8,96.6,4.3,71.65,44,4.6,66,No
1846,Steven Barnett 1746,HR,HR Manager,75.7,40,67.42,79.64,3.8,70.06,40,3.9,75,No
1847,Cody Bright 1747,Support,Helpdesk,100.0,60,95.47,87.02,4.1,81.41,50,3.6,39,No
1848,Pari Joshi 1748,Finance,Financial Analyst,71.5,20,53.69,85.66,4.4,87.34,46,2.8,45,No
1849,Devansh Banerjee 1749,IT,Data Analyst,74.2,60,86.14,89.62,4.3,73.11,42,3.9,53,No
1850,Peggy Mann 1750,Finance,Financial Analyst,68.3,80,71.0,94.49,4.6,85.43,47,3.4,40,No
1851,Saanvi Iyer 1751,Sales,Business Development,80.0,80,80.55,89.86,4.2,85.45,47,4.6,80,No
1852,Sara Khan 1752,Marketing,SEO Analyst,76.3,60,92.14,87.1,3.3,82.66,50,3.8,37,No
1853,Norman Lane 1753,Marketing,Marketing Executive,63.9,60,80.93,92.84,2.7,76.59,45,4.6,35,No
1854,Myra Nair 1754,Finance,Financial Analyst,70.6,80,92.35,93.9,4.0,85.92,42,5.0,82,No
1855,Riya Mishra 1755,IT,Developer,58.6,80,73.08,89.88,4.0,82.86,47,3.9,43,No
1856,Joel Fuller 1756,Sales,Sales Executive,70.6,60,74.4,90.71,5.0,91.85,35,4.1,56,No
1857,Arjun Rao 1757,IT,Engineer,67.0,40,85.87,92.53,3.8,73.66,54,4.2,65,No
1858,Connie Bailey 1758,HR,HR Executive,73.6,60,73.61,76.49,4.1,84.91,54,3.8,80,No
1859,Meera Das 1759,Sales,Sales Executive,63.5,60,83.97,85.54,4.4,73.83,53,4.1,29,No
1860,Arjun Rao 1760,IT,Developer,69.4,60,89.84,90.63,4.2,82.1,38,3.8,9,No
1861,Saanvi Iyer 1761,Marketing,Marketing Executive,72.1,100,86.68,85.96,4.4,75.24,36,4.8,60,No
1862,Riya Mishra 1762,IT,Engineer,72.9,80,62.21,85.98,3.4,76.66,53,3.9,62,No
1863,Reyansh Reddy 1763,Finance,Accountant,75.3,60,74.59,90.62,3.3,83.97,53,3.3,35,No
1864,Reyansh Reddy 1764,Finance,Accountant,69.9,40,80.82,90.78,3.7,79.47,44,3.3,53,No
1865,Rohan Pillai 1765,Finance,Auditor,62.6,60,75.56,91.27,2.6,95.73,51,3.5,64,No
1866,Avani Bhat 1766,Finance,Auditor,73.0,40,78.79,82.45,3.9,93.43,54,3.7,81,No
1867,Vivaan Gupta 1767,Marketing,Marketing Executive,69.9,60,80.95,78.08,3.5,90.44,42,4.5,3,No
1868,Nicole Roberts 1768,IT,Cybersecurity Specialist,84.3,80,72.73,93.63,4.1,90.28,43,4.5,54,No
1869,Pari Joshi 1769,Sales,Account Manager,85.8,60,76.07,82.8,3.7,85.04,52,4.5,53,No
1870,Peter Mckee 1770,IT,Software Engineer,55.5,60,66.19,82.32,3.3,94.44,36,4.0,63,No
1871,Riya Mishra 1771,Sales,Sales Executive,79.4,40,73.22,81.69,4.7,81.65,52,4.6,21,No
1872,Riya Mishra 1772,Sales,Account Manager,81.8,60,62.73,96.06,3.9,100.0,42,3.9,24,No
1873,Diya Patel 1773,Sales,Account Manager,55.9,80,79.16,89.48,4.4,76.46,36,2.9,80,No
1874,Anna Dominguez 1774,Sales,Business Development,79.0,80,76.07,90.4,4.0,74.97,50,4.6,58,No
1875,Sara Khan 1775,IT,Cybersecurity Specialist,82.8,40,68.84,92.83,4.2,72.84,39,3.6,56,No
1876,Manish Badami 1776,IT,Engineer,60.6,80,95.85,87.7,3.1,74.23,44,3.9,53,No
1877,Jeffery Lopez 1777,Sales,Account Manager,69.2,60,75.55,95.09,4.7,70.97,43,3.8,43,No
1878,Devansh Banerjee 1778,Finance,Financial Analyst,74.2,60,80.87,79.62,4.4,85.71,36,4.3,51,No
1879,Anna Dominguez 1779,IT,Cybersecurity Specialist,78.8,40,71.61,80.4,3.9,90.83,50,4.1,75,No
1880,Norman Lane 1780,IT,Developer,60.1,60,73.86,80.01,4.1,84.27,50,3.9,15,No
1881,Megan Williams 1781,Marketing,Marketing Executive,85.9,20,81.24,90.95,4.5,72.92,51,5.0,15,No
1882,Anna Dominguez 1782,Finance,Financial Analyst,47.6,60,74.68,91.54,3.7,80.24,36,3.9,80,No
1883,Aditya Kumar 1783,IT,Software Engineer,87.9,60,78.03,84.69,3.0,90.73,39,3.9,54,No
1884,Joel Fuller 1784,IT,Engineer,78.6,60,86.07,86.37,3.7,81.26,42,4.5,60,No
1885,Judith Ware 1785,Support,Support Engineer,64.5,80,72.82,96.88,4.0,77.61,36,4.7,78,No
1886,Myra Nair 1786,Support,Support Engineer,82.4,20,64.68,83.14,3.9,71.89,46,4.5,76,No
1887,Myra Nair 1787,Finance,Auditor,59.4,80,62.74,90.07,4.7,80.62,47,3.6,39,No
1888,Ishaan Malhotra 1788,HR,HR Manager,73.4,60,92.38,83.2,3.3,78.38,50,4.2,20,No
1889,Vivaan Gupta 1789,IT,Developer,74.9,60,87.31,95.67,3.4,83.31,39,4.1,65,No
1890,Vivaan Gupta 1790,Finance,Financial Analyst,74.8,60,84.56,92.4,3.3,87.81,46,3.9,7,No
1891,Aditi Sen 1791,IT,Tester,61.9,40,73.64,78.21,4.2,81.74,49,3.4,70,No
1892,Clinton Scott 1792,HR,Recruitment Specialist,66.0,60,64.67,86.17,3.0,85.48,36,4.1,9,No
1893,Brenda Bauer 1793,HR,HR Executive,73.5,60,75.18,73.45,4.3,87.78,46,4.7,56,No
1894,Norman Lane 1794,IT,Data Analyst,63.3,80,77.07,94.3,3.3,74.16,44,5.0,3,No
1895,Ananya Singh 1795,Marketing,SEO Specialist,75.3,100,66.68,100.0,3.4,99.09,42,4.7,42,No
1896,Norman Lane 1796,Sales,Sales Executive,64.6,20,63.3,72.74,5.0,78.07,45,3.7,62,No
1897,Sara Snyder 1797,Sales,Sales Executive,84.0,60,60.7,78.01,4.6,88.13,46,3.4,42,No
1898,Ashley Marsh 1798,Finance,Financial Analyst,90.8,60,84.57,89.17,4.0,74.91,51,3.1,66,No
1899,Vihaan Verma 1799,IT,Software Engineer,68.4,60,65.95,87.87,3.1,84.88,41,4.6,81,No
1900,Ananya Singh 1800,IT,Developer,83.0,80,81.09,85.12,5.0,85.17,49,4.5,50,No
1901,Ananya Singh 1801,HR,Employee Relations,69.5,20,74.02,75.84,3.8,97.27,53,3.7,55,No
1902,Peter Mckee 1802,Sales,Account Manager,60.8,60,83.9,90.26,4.0,82.14,36,3.5,42,No
1903,Christopher Benson 1803,Marketing,SEO Analyst,66.9,60,81.36,94.21,4.4,94.4,40,4.8,23,No
1904,Nicole Roberts 1804,Finance,Auditor,73.0,60,75.68,100.0,2.7,86.32,36,4.6,33,No
1905,Meera Das 1805,IT,Developer,50.6,60,79.3,97.15,3.5,98.82,48,4.8,58,No
1906,Ayaan Saxena 1806,Finance,Accountant,79.5,40,76.9,78.91,3.9,69.76,42,4.3,1,No
1907,Connie Bailey 1807,Sales,Account Manager,73.0,60,71.85,87.92,4.0,87.86,50,4.4,1,No
1908,Riya Mishra 1808,IT,Data Analyst,84.0,60,87.8,92.14,3.1,62.62,53,2.8,9,No
1909,Arjun Rao 1809,Sales,Sales Executive,79.3,60,73.77,83.18,4.1,83.54,52,3.8,22,No
1910,Ayaan Saxena 1810,Finance,Financial Analyst,73.4,40,77.13,93.46,3.9,92.17,47,5.0,14,No
1911,Judith Ware 1811,IT,Software Engineer,67.7,100,63.85,92.92,4.9,95.56,40,3.7,75,No
1912,Jeffery Lopez 1812,IT,Developer,90.3,80,80.74,96.66,4.5,89.91,38,4.1,16,Yes
1913,Jasmine Gonzalez 1813,Sales,Account Manager,98.0,80,71.89,93.62,3.7,81.68,44,4.9,81,Yes
1914,Devansh Banerjee 1814,Sales,Business Development,67.9,100,73.23,90.0,3.8,88.36,49,4.5,13,No
1915,Sara Khan 1815,Finance,Auditor,84.5,40,69.6,83.53,4.5,100.0,46,3.4,80,No
1916,Rita Walker 1816,Finance,Auditor,63.5,40,76.76,78.95,4.1,84.6,54,3.3,78,No
1917,Joel Fuller 1817,Finance,Financial Analyst,64.9,20,57.94,89.53,3.1,91.69,46,5.0,75,No
1918,Peter Mckee 1818,Sales,Business Development,67.4,80,84.82,85.17,5.0,80.57,41,4.4,15,No
1919,Christopher Benson 1819,IT,Tester,80.2,80,77.61,85.85,3.3,92.56,40,4.2,31,No
1920,Myra Nair 1820,IT,Software Engineer,59.1,60,73.33,95.85,5.0,91.25,39,4.3,22,No
1921,Cody Bright 1821,IT,Cybersecurity Specialist,90.6,80,62.52,97.58,4.2,79.12,53,3.8,33,Yes
1922,Vihaan Verma 1822,IT,Engineer,83.3,60,82.33,79.35,3.5,90.22,48,3.5,15,No
1923,David Williams 1823,IT,Cybersecurity Specialist,79.9,40,71.66,86.53,2.5,90.6,35,4.3,33,No
1924,Arjun Rao 1824,Support,Support Engineer,68.5,40,91.06,84.97,4.4,89.92,45,3.6,70,No
1925,Myra Nair 1825,HR,Employee Relations,82.0,40,82.86,90.2,3.0,83.67,38,3.6,32,No
1926,Erin Massey 1826,Sales,Business Development,37.0,60,93.35,72.14,4.1,93.83,48,3.8,67,No
1927,Aditya Kumar 1827,Marketing,Content Lead,77.3,60,79.37,77.77,5.0,76.52,52,4.5,42,No
1928,Jeffery Lopez 1828,HR,Employee Relations,73.9,80,88.78,87.18,3.2,84.08,40,3.6,63,No
1929,Ayaan Saxena 1829,IT,Tester,49.4,40,82.63,93.5,4.3,84.89,39,3.5,70,No
1930,Christopher Benson 1830,HR,HR Manager,76.9,60,73.49,88.53,3.4,93.37,51,3.4,17,No
1931,Troy Ford 1831,Sales,Account Manager,79.1,60,79.87,92.7,4.6,76.27,41,3.9,67,No
1932,Brenda Bauer 1832,HR,Recruitment Specialist,49.8,100,69.66,89.38,3.9,85.93,45,4.6,60,No
1933,Troy Ford 1833,Marketing,Content Strategist,57.8,80,98.69,96.93,3.9,80.06,48,3.9,74,No
1934,Clinton Scott 1834,HR,Employee Relations,96.8,100,76.99,98.4,4.6,84.88,36,4.0,19,Yes
1935,Ishaan Malhotra 1835,HR,Employee Relations,69.8,60,78.26,82.68,4.3,87.14,51,4.1,10,No
1936,Norman Lane 1836,Sales,Account Manager,83.7,40,81.9,94.19,3.4,73.77,36,3.8,78,No
1937,Kavya Menon 1837,IT,Cybersecurity Specialist,85.5,60,67.13,91.56,5.0,94.11,49,3.5,45,No
1938,Navya Chopra 1838,IT,Software Engineer,76.7,40,91.21,100.0,3.0,87.42,41,3.7,63,No
1939,Pari Joshi 1839,Marketing,Marketing Executive,84.2,60,67.75,82.42,4.1,77.13,37,3.7,80,No
1940,Saanvi Iyer 1840,Finance,Auditor,46.6,60,65.49,87.18,3.4,81.27,40,3.9,75,No
1941,Pari Joshi 1841,HR,Employee Relations,69.2,60,76.33,80.77,3.0,95.95,43,3.7,27,No
1942,Riya Mishra 1842,Finance,Auditor,35.0,80,65.21,81.19,3.2,87.33,44,4.1,47,No
1943,Ayaan Saxena 1843,Sales,Sales Executive,51.0,60,93.62,90.7,3.9,76.28,42,3.9,34,No
1944,Jasmine Gonzalez 1844,HR,HR Manager,65.4,100,75.69,89.44,4.1,77.73,41,3.6,7,No
1945,Cody Bright 1845,Sales,Account Manager,64.0,60,45.79,91.79,4.5,89.0,35,4.9,21,No
1946,Kavya Menon 1846,IT,Data Analyst,72.5,60,80.0,91.64,4.8,89.96,44,4.3,23,No
1947,Riya Mishra 1847,Support,Support Engineer,71.8,60,83.54,86.35,4.1,86.9,52,3.9,65,No
1948,Reyansh Reddy 1848,HR,Recruitment Specialist,73.6,80,73.79,86.3,3.6,81.67,50,3.7,63,No
1949,Shannon Clark 1849,Sales,Business Development,74.1,60,64.44,81.2,4.5,90.48,38,4.5,64,No
1950,Megan Williams 1850,IT,Tester,76.0,60,76.97,83.09,3.5,81.5,43,3.5,13,No
1951,Aditya Kumar 1851,HR,Employee Relations,60.5,60,73.18,87.6,2.9,77.16,52,4.8,24,No
1952,Shannon Clark 1852,IT,Developer,63.3,20,68.24,89.38,4.5,96.69,45,3.1,2,No
1953,Christopher Benson 1853,Marketing,SEO Specialist,71.6,40,67.36,92.98,4.7,87.91,46,5.0,4,No
1954,Rita Walker 1854,Support,Support Engineer,71.7,60,79.56,92.26,3.4,77.72,42,3.7,64,No
1955,Saanvi Iyer 1855,IT,Developer,59.0,100,87.03,98.9,5.0,85.07,35,3.2,53,No
1956,Troy Ford 1856,Sales,Account Manager,85.0,80,82.62,81.19,4.2,84.22,42,3.6,18,Yes
1957,Jeffery Lopez 1857,IT,Data Analyst,80.7,60,60.72,86.37,4.2,81.2,39,3.8,53,No
1958,Erin Massey 1858,IT,Cybersecurity Specialist,61.7,60,84.15,81.8,3.6,85.87,35,3.7,75,No
1959,Vihaan Verma 1859,Sales,Sales Executive,69.5,60,85.72,96.94,4.5,76.57,37,4.2,9,No
1960,David Williams 1860,Sales,Sales Executive,96.1,20,91.94,84.48,3.0,90.99,47,4.2,15,No
1961,Christopher Benson 1861,IT,Engineer,73.9,60,68.5,96.09,3.7,83.95,50,5.0,45,No
1962,Arjun Rao 1862,HR,HR Executive,76.7,60,77.43,98.17,3.5,71.12,46,4.1,28,No
1963,Devansh Banerjee 1863,IT,Developer,64.7,60,83.68,90.89,3.1,82.17,41,3.2,14,No
1964,Jasmine Gonzalez 1864,IT,Developer,68.2,60,72.72,90.05,4.4,79.07,42,3.9,47,No
1965,Jasmine Gonzalez 1865,HR,HR Executive,90.1,80,83.52,88.27,4.1,60.08,45,4.1,10,Yes
1966,Jasmine Gonzalez 1866,HR,Recruitment Specialist,73.4,60,77.76,85.78,4.4,82.75,47,3.7,33,No
1967,Jeffery Lopez 1867,Sales,Business Development,71.1,60,69.54,84.94,3.7,92.29,45,4.4,35,No
1968,Navya Chopra 1868,Support,Helpdesk,72.1,60,70.39,86.97,4.5,83.14,38,4.5,29,No
1969,Sara Snyder 1869,IT,Data Analyst,100.0,80,90.49,100.0,3.9,89.67,40,3.6,72,Yes
1970,Vihaan Verma 1870,HR,Employee Relations,72.5,60,68.04,80.71,3.6,84.07,53,3.8,81,No
1971,Joel Fuller 1871,Sales,Account Manager,62.0,60,66.32,89.43,3.5,80.35,42,2.9,18,No
1972,Arjun Rao 1872,IT,Developer,64.1,60,81.44,92.98,2.7,78.15,40,3.5,67,No
1973,Kavya Menon 1873,Finance,Auditor,81.4,60,77.69,86.01,4.6,73.74,51,3.8,69,No
1974,Ananya Singh 1874,IT,Developer,54.9,60,64.88,90.91,4.5,91.41,52,4.1,32,No
1975,Shannon Clark 1875,IT,Tester,77.4,40,72.81,77.47,5.0,89.85,37,3.9,79,No
1976,Sara Khan 1876,IT,Data Analyst,63.3,60,69.83,97.28,3.7,81.77,46,3.5,74,No
1977,Ishaan Malhotra 1877,Sales,Account Manager,49.7,60,71.58,95.92,3.5,67.81,49,4.7,21,No
1978,Aditya Kumar 1878,Marketing,SEO Specialist,60.2,60,100.0,87.31,2.9,87.78,41,4.6,35,No
1979,Diya Patel 1879,Sales,Sales Executive,72.3,60,74.97,81.84,4.5,76.76,47,4.7,22,No
1980,Anna Dominguez 1880,Sales,Business Development,88.7,60,69.19,93.55,4.3,85.15,44,4.9,62,No
1981,Connie Bailey 1881,Sales,Business Development,83.0,80,98.22,79.96,4.8,71.67,53,3.4,25,No
1982,Manish Badami 1882,Marketing,Content Strategist,68.5,80,86.88,80.97,3.4,84.74,43,4.3,59,No
1983,Christopher Benson 1883,Finance,Auditor,83.7,80,85.25,87.62,4.3,82.95,46,4.5,4,No
1984,Steven Barnett 1884,IT,Cybersecurity Specialist,67.7,60,69.67,98.63,3.6,64.72,45,5.0,53,No
1985,Devansh Banerjee 1885,IT,Software Engineer,54.4,60,89.91,92.48,4.7,96.94,42,4.9,37,No
1986,Peter Mckee 1886,IT,Software Engineer,72.3,60,86.16,83.47,4.2,81.39,43,3.8,61,No
1987,Connie Bailey 1887,IT,Engineer,53.9,20,79.47,76.23,3.0,81.93,38,3.0,24,No
1988,Taylor Morris 1888,Support,Support Engineer,81.5,80,60.84,88.29,3.8,88.28,54,3.3,11,No
1989,Megan Williams 1889,Finance,Auditor,81.7,80,77.8,89.76,2.7,83.59,39,4.4,21,No
1990,Diya Patel 1890,Sales,Account Manager,61.4,60,95.3,87.49,3.2,86.91,41,4.0,8,No
1991,Taylor Morris 1891,Support,Helpdesk,73.7,40,80.2,100.0,3.2,74.84,43,3.6,83,No
1992,Sara Snyder 1892,IT,Engineer,73.6,100,74.24,87.08,3.5,82.86,38,2.8,28,No
1993,Joel Fuller 1893,IT,Engineer,82.5,80,75.72,72.03,3.7,68.73,46,4.5,43,No
1994,Avani Bhat 1894,Marketing,Marketing Executive,57.1,60,76.41,85.15,4.0,82.1,46,3.3,26,No
1995,Kavya Menon 1895,Marketing,Content Lead,79.2,40,70.0,91.18,4.0,95.56,40,4.9,54,No
1996,Aarav Sharma 1896,Marketing,Content Lead,56.2,60,77.59,90.71,3.9,71.95,47,3.4,80,No
1997,Shannon Clark 1897,IT,Software Engineer,81.3,40,92.43,86.76,4.1,81.19,43,3.7,4,No
1998,Peggy Mann 1898,IT,Engineer,84.8,60,91.29,85.6,3.2,67.01,43,3.6,51,No
1999,Erin Massey 1899,HR,HR Manager,64.0,60,70.46,74.0,3.9,84.06,37,4.4,12,No
2000,Ananya Singh 1900,IT,Software Engineer,86.6,80,90.76,88.6,4.8,87.73,47,3.6,41,Yes
2001,Connie Bailey 1901,Sales,Sales Executive,53.1,60,85.61,85.63,3.8,87.07,40,3.9,14,No
2002,Kabir Mehta 1902,Sales,Sales Executive,85.2,60,84.33,89.74,4.2,79.19,52,3.8,78,No
2003,David Williams 1903,Finance,Financial Analyst,89.3,40,82.32,91.44,4.1,66.85,48,3.5,17,No
2004,Joel Fuller 1904,Finance,Financial Analyst,76.1,60,68.7,96.69,4.4,74.07,36,4.0,49,No
2005,Jeffery Lopez 1905,Sales,Sales Executive,69.7,80,73.94,81.31,4.1,94.05,40,4.2,1,No
2006,Anna Dominguez 1906,Sales,Sales Executive,75.7,60,86.33,78.94,4.4,91.03,54,4.4,12,No
2007,Ananya Singh 1907,Sales,Account Manager,64.8,60,65.93,83.98,4.2,83.27,41,4.4,67,No
2008,Christopher Benson 1908,Sales,Sales Executive,100.0,60,67.59,82.85,4.3,85.3,42,4.4,46,No
2009,Manish Badami 1909,IT,Tester,65.0,60,81.06,82.22,4.2,75.78,44,2.9,74,No
2010,Joel Fuller 1910,HR,Recruitment Specialist,87.8,40,70.1,98.11,3.3,94.33,47,4.0,49,No
2011,Pari Joshi 1911,HR,HR Executive,63.1,60,86.24,89.04,3.2,78.25,35,3.5,11,No
2012,Megan Williams 1912,Support,Support Engineer,91.2,40,70.46,100.0,3.7,87.5,39,4.0,12,No
2013,Nicole Roberts 1913,Marketing,Content Strategist,96.1,80,80.44,87.98,4.8,73.38,36,4.1,8,Yes
2014,Cody Bright 1914,IT,Cybersecurity Specialist,76.6,40,81.28,79.8,3.8,82.57,38,4.1,58,No
2015,Cody Bright 1915,Finance,Financial Analyst,75.4,40,73.18,82.34,4.1,93.99,46,3.0,44,No
2016,Manish Badami 1916,HR,HR Manager,60.5,60,75.6,95.17,2.7,76.42,39,5.0,69,No
2017,Diya Patel 1917,IT,Engineer,59.1,80,71.2,80.06,4.0,89.99,49,5.0,42,No
2018,Pari Joshi 1918,IT,Engineer,75.6,100,77.81,91.91,4.0,75.35,44,3.6,73,No
2019,Steven Barnett 1919,Finance,Accountant,89.5,80,68.38,85.5,2.3,76.78,51,3.3,22,Yes
2020,Peggy Mann 1920,Marketing,Content Strategist,65.4,60,75.76,81.49,4.1,83.93,48,5.0,78,No
2021,Troy Ford 1921,IT,Software Engineer,98.5,60,85.48,97.71,2.9,91.77,41,4.7,44,No
2022,Peggy Mann 1922,Marketing,SEO Specialist,64.7,80,66.63,83.88,3.5,81.61,36,4.4,22,No
2023,Aditya Kumar 1923,Marketing,SEO Specialist,74.8,80,73.13,82.21,4.5,88.95,37,3.3,33,No
2024,Jasmine Gonzalez 1924,Sales,Business Development,74.8,60,83.18,87.45,4.0,93.15,38,5.0,15,No
2025,Manish Badami 1925,IT,Cybersecurity Specialist,70.8,60,57.22,84.44,3.6,77.83,50,3.5,62,No
2026,Vihaan Verma 1926,Marketing,Content Strategist,47.5,60,96.56,100.0,3.6,71.8,50,3.9,50,No
2027,Ayaan Saxena 1927,Finance,Auditor,64.6,80,88.45,95.42,3.6,81.16,37,4.8,31,No
2028,Diya Patel 1928,IT,Developer,74.4,60,62.62,83.87,4.0,94.18,51,3.8,37,No
2029,Sara Snyder 1929,HR,HR Manager,70.8,60,56.96,84.67,3.2,77.5,51,4.1,55,No
2030,Cody Bright 1930,Finance,Auditor,79.6,100,78.3,73.86,4.6,92.12,54,4.7,68,No
2031,Kavya Menon 1931,Finance,Auditor,81.1,60,66.8,88.96,3.2,81.9,41,3.3,16,No
2032,Meera Das 1932,Finance,Auditor,69.1,60,87.61,82.77,2.9,98.05,42,4.7,38,No
2033,Sara Khan 1933,Sales,Account Manager,60.5,60,81.94,88.62,4.5,100.0,53,5.0,40,No
2034,Ishaan Malhotra 1934,IT,Cybersecurity Specialist,90.6,40,79.23,74.24,3.6,92.25,41,4.0,47,No
2035,Arjun Rao 1935,IT,Data Analyst,55.7,60,72.3,87.81,3.9,70.83,35,4.7,81,No
2036,Meera Das 1936,Sales,Sales Executive,64.9,60,94.0,99.89,4.3,64.77,50,3.5,27,No
2037,Ananya Singh 1937,Finance,Auditor,61.8,60,85.53,88.38,3.5,84.49,52,3.1,76,No
2038,Taylor Morris 1938,Sales,Sales Executive,81.0,60,84.03,82.58,4.0,91.25,42,2.8,49,No
2039,Kabir Mehta 1939,IT,Tester,87.8,20,90.0,87.86,4.3,88.01,41,4.3,0,No
2040,Joel Fuller 1940,Sales,Sales Executive,69.9,100,67.81,87.55,4.9,78.21,44,4.3,49,No
2041,Ashley Marsh 1941,Sales,Account Manager,74.8,80,90.85,100.0,3.6,72.11,36,3.6,18,No
2042,Jeffery Lopez 1942,Marketing,SEO Analyst,77.1,60,75.35,85.67,3.6,91.44,49,4.7,58,No
2043,Aditi Sen 1943,Marketing,Marketing Executive,93.6,80,81.35,79.58,4.2,98.87,48,3.6,67,Yes
2044,Christopher Benson 1944,Finance,Financial Analyst,50.7,60,76.44,88.15,4.0,78.64,36,3.3,66,No
2045,Kabir Mehta 1945,Sales,Sales Executive,80.9,80,59.22,89.37,3.8,90.6,41,3.4,40,No
2046,Clinton Scott 1946,Sales,Business Development,76.5,60,87.57,91.94,4.9,100.0,46,4.8,9,No
2047,Manish Badami 1947,IT,Software Engineer,67.5,80,59.76,93.29,2.9,82.48,39,4.5,27,No
2048,Jasmine Gonzalez 1948,IT,Developer,75.9,40,68.33,100.0,3.0,82.64,40,3.9,33,No
2049,Aarav Sharma 1949,Finance,Accountant,80.9,60,73.47,83.83,2.9,88.48,50,3.8,38,No
2050,Erin Massey 1950,Finance,Auditor,79.0,80,58.46,83.19,4.6,81.73,46,3.7,82,No
2051,Clinton Scott 1951,Marketing,Marketing Executive,97.9,20,66.99,75.02,4.2,94.71,43,2.5,55,No
2052,Peggy Mann 1952,IT,Developer,73.5,40,80.45,92.63,3.1,80.77,54,3.0,51,No
2053,Myra Nair 1953,IT,Developer,72.3,60,74.53,81.79,3.8,83.75,46,3.9,2,No
2054,Myra Nair 1954,Marketing,SEO Specialist,69.8,60,75.36,94.24,3.9,72.46,44,4.4,22,No
2055,Rita Walker 1955,IT,Cybersecurity Specialist,78.6,40,68.85,84.56,2.6,82.12,51,3.8,16,No
2056,Saanvi Iyer 1956,IT,Engineer,71.6,60,78.46,100.0,4.0,75.94,45,3.1,70,No
2057,Kabir Mehta 1957,Finance,Financial Analyst,72.2,60,74.75,77.97,3.2,86.77,52,5.0,25,No
2058,Ishaan Malhotra 1958,Sales,Account Manager,72.2,40,61.59,95.16,4.3,70.69,38,3.2,17,No
2059,Jeffery Lopez 1959,Finance,Financial Analyst,70.4,80,75.99,94.33,3.2,91.84,37,4.0,45,No
2060,Ashley Marsh 1960,Finance,Financial Analyst,64.7,60,65.58,91.69,4.0,77.03,53,4.1,69,No
2061,Shannon Clark 1961,IT,Tester,77.0,60,86.98,80.18,4.7,98.27,40,5.0,30,No
2062,Myra Nair 1962,IT,Tester,68.6,60,74.08,91.72,4.5,94.97,42,3.4,8,No
2063,Connie Bailey 1963,IT,Cybersecurity Specialist,79.4,60,100.0,88.89,4.2,88.29,41,4.0,34,No
2064,Norman Lane 1964,IT,Tester,73.3,80,87.67,75.19,3.9,71.7,49,4.1,80,No
2065,Taylor Morris 1965,IT,Cybersecurity Specialist,67.4,40,76.7,98.91,3.0,78.98,46,3.3,59,No
2066,Ishaan Malhotra 1966,Sales,Sales Executive,90.8,80,83.79,85.58,3.6,76.83,49,4.2,75,Yes
2067,Kavya Menon 1967,Finance,Auditor,70.8,80,57.1,98.37,3.8,77.83,43,3.7,62,No
2068,Saanvi Iyer 1968,Finance,Auditor,79.5,80,87.62,87.53,3.7,96.61,36,3.8,51,No
2069,Judith Ware 1969,Sales,Sales Executive,63.6,40,69.8,94.88,3.0,82.78,54,3.6,47,No
2070,David Williams 1970,IT,Tester,47.7,40,78.9,81.98,4.2,78.74,49,4.7,60,No
2071,Clinton Scott 1971,Sales,Account Manager,65.2,60,70.72,89.5,3.2,78.02,52,3.9,23,No
2072,Kabir Mehta 1972,Marketing,SEO Analyst,46.4,40,71.79,89.01,4.8,79.75,47,3.5,73,No
2073,Ishaan Malhotra 1973,IT,Data Analyst,69.2,40,76.19,85.73,4.0,88.26,50,2.7,57,No
2074,Clinton Scott 1974,HR,HR Executive,89.6,40,78.77,81.92,4.5,70.98,49,5.0,63,No
2075,Devansh Banerjee 1975,IT,Data Analyst,61.1,60,77.73,66.53,4.5,84.79,45,4.0,29,No
2076,Clinton Scott 1976,IT,Tester,46.7,20,77.98,82.08,5.0,87.39,37,4.8,28,No
2077,Riya Mishra 1977,IT,Tester,90.0,40,61.74,92.9,4.0,70.12,44,4.7,9,No
2078,Kavya Menon 1978,Sales,Business Development,66.3,80,100.0,78.23,3.7,72.66,51,4.2,38,No
2079,Cody Bright 1979,HR,Recruitment Specialist,71.8,40,80.32,79.68,3.7,83.62,42,4.5,54,No
2080,Sara Khan 1980,Finance,Accountant,81.5,60,82.38,77.96,4.8,95.53,39,4.8,27,No
2081,Vihaan Verma 1981,IT,Developer,78.3,60,74.6,89.46,3.1,93.62,42,3.4,17,No
2082,Myra Nair 1982,IT,Developer,81.0,100,69.26,81.75,3.4,79.13,49,4.5,40,No
2083,Myra Nair 1983,Sales,Account Manager,82.8,80,79.51,96.54,4.0,95.27,45,4.2,80,No
2084,Clinton Scott 1984,IT,Cybersecurity Specialist,51.0,60,80.89,93.14,3.8,81.44,43,3.5,74,No
2085,Peggy Mann 1985,Marketing,SEO Analyst,55.0,80,91.02,89.4,4.5,81.37,36,4.5,64,No
2086,Joel Fuller 1986,Sales,Business Development,86.1,60,98.78,90.13,3.1,84.75,41,3.4,80,No
2087,Diya Patel 1987,Sales,Sales Executive,62.6,60,92.77,82.66,3.9,90.72,50,4.3,45,No
2088,Troy Ford 1988,IT,Cybersecurity Specialist,63.9,60,60.33,82.66,3.8,79.13,41,4.2,59,No
2089,Clinton Scott 1989,IT,Developer,56.8,60,73.4,92.98,3.3,80.82,38,3.6,8,No
2090,Avani Bhat 1990,IT,Cybersecurity Specialist,67.1,60,81.36,94.39,4.4,74.01,39,5.0,44,No
2091,Rita Walker 1991,IT,Software Engineer,67.8,60,74.0,92.92,3.8,86.81,48,4.5,59,No
2092,Clinton Scott 1992,HR,HR Executive,60.8,60,77.56,84.71,3.8,91.47,41,3.5,27,No
2093,Avani Bhat 1993,IT,Cybersecurity Specialist,59.4,40,56.55,85.26,3.4,91.96,47,4.8,2,No
2094,Kabir Mehta 1994,Finance,Auditor,75.8,60,87.14,81.48,3.7,73.07,52,3.8,50,No
2095,Myra Nair 1995,Finance,Accountant,62.3,60,59.25,93.38,3.3,80.94,44,3.8,7,No
2096,Cody Bright 1996,HR,Recruitment Specialist,64.7,40,62.28,74.27,4.4,93.96,36,4.6,69,No
2097,Kabir Mehta 1997,HR,HR Manager,45.8,60,67.85,72.57,4.5,85.86,47,4.4,58,No
2098,Avani Bhat 1998,Sales,Account Manager,95.3,60,77.02,73.97,4.9,84.27,36,3.9,60,No
2099,Shannon Clark 1999,IT,Software Engineer,83.3,80,61.77,73.0,4.2,84.08,49,4.9,57,No
2100,Kavya Menon 2000,Finance,Accountant,66.1,40,67.4,97.5,3.7,88.33,39,3.5,69,No
2101,Rohan Pillai 2001,IT,Software Engineer,61.2,60,89.49,93.51,3.6,86.29,45,4.9,11,No
2102,Sara Snyder 2002,IT,Tester,72.1,40,76.88,79.61,4.2,79.4,40,3.5,8,No
2103,Jasmine Gonzalez 2003,Finance,Financial Analyst,71.8,60,82.34,87.26,4.0,91.05,53,4.2,48,No
2104,Rohan Pillai 2004,Sales,Account Manager,56.7,40,65.64,98.26,3.8,74.38,49,3.8,82,No
2105,Peggy Mann 2005,Finance,Auditor,41.4,60,77.46,91.5,3.7,94.58,38,4.5,16,No
2106,Shannon Clark 2006,IT,Engineer,65.7,80,76.64,100.0,4.6,76.83,41,2.8,53,No
2107,Peter Mckee 2007,Marketing,Marketing Executive,53.2,60,70.05,87.2,3.6,88.38,51,3.4,43,No
2108,Ananya Singh 2008,IT,Engineer,74.1,60,77.49,83.41,4.7,82.68,44,4.3,31,No
2109,Navya Chopra 2009,Sales,Account Manager,74.1,60,59.08,80.43,4.0,80.19,51,4.5,34,No
2110,Sara Snyder 2010,HR,HR Executive,60.3,60,82.39,88.17,3.7,94.86,45,3.6,77,No
2111,Christopher Benson 2011,Marketing,SEO Analyst,65.6,60,74.01,94.55,3.4,89.94,50,4.6,48,No
2112,Connie Bailey 2012,Sales,Account Manager,93.2,60,75.43,88.69,3.8,83.53,41,3.6,53,No
2113,Norman Lane 2013,IT,Software Engineer,81.3,60,86.52,85.49,4.2,97.96,42,4.3,15,No
2114,Peggy Mann 2014,Finance,Financial Analyst,66.6,80,82.32,96.8,3.7,91.84,50,3.9,84,No
2115,Arjun Rao 2015,Sales,Sales Executive,99.5,80,74.82,91.7,4.4,77.56,50,3.1,11,Yes
2116,Manish Badami 2016,Support,Support Engineer,57.6,80,66.83,87.21,3.6,65.92,38,5.0,7,No
2117,Kabir Mehta 2017,IT,Cybersecurity Specialist,62.2,60,91.29,82.63,3.8,84.85,41,3.7,20,No
2118,Riya Mishra 2018,Support,Support Engineer,70.7,40,64.6,86.22,3.1,95.07,51,3.6,47,No
2119,Vihaan Verma 2019,Support,Helpdesk,53.6,80,84.29,91.31,4.2,88.89,37,3.8,7,No
2120,Taylor Morris 2020,Sales,Business Development,93.5,60,62.03,82.54,3.7,96.59,51,3.7,27,No
2121,Ashley Marsh 2021,Sales,Account Manager,74.2,60,87.18,79.36,4.8,79.21,45,4.1,79,No
2122,Rohan Pillai 2022,Finance,Financial Analyst,62.5,80,88.11,84.64,4.3,83.06,42,3.7,9,No
2123,Anna Dominguez 2023,Finance,Financial Analyst,77.4,80,58.87,87.66,4.0,83.26,53,3.7,51,No
2124,Meera Das 2024,IT,Engineer,73.8,60,82.49,97.54,4.6,85.93,41,4.3,14,No
2125,Reyansh Reddy 2025,HR,Recruitment Specialist,68.3,80,81.67,79.88,4.1,90.14,52,4.0,3,No
2126,Rohan Pillai 2026,Marketing,Content Strategist,57.5,60,85.03,89.59,4.5,97.06,49,4.3,78,No
2127,Joel Fuller 2027,Finance,Accountant,54.8,60,81.65,86.06,3.4,98.74,53,3.8,61,No
2128,Megan Williams 2028,IT,Data Analyst,98.2,60,68.38,86.4,4.2,97.33,37,4.2,3,No
2129,Jeffery Lopez 2029,Sales,Business Development,55.8,20,75.83,98.78,4.2,89.35,50,3.1,40,No
2130,Aditi Sen 2030,Sales,Sales Executive,92.4,60,94.65,88.57,3.0,81.26,49,4.7,72,No
2131,Vihaan Verma 2031,HR,HR Manager,61.9,80,66.92,81.61,4.8,85.81,39,3.8,54,No
2132,Christopher Benson 2032,IT,Tester,81.5,40,81.23,94.22,3.2,89.24,48,3.9,27,No
2133,Aarav Sharma 2033,Finance,Auditor,77.6,60,89.51,93.71,3.1,85.08,36,4.3,46,No
2134,Ishaan Malhotra 2034,Finance,Financial Analyst,80.0,60,68.09,80.99,2.2,76.69,38,4.1,8,No
2135,Manish Badami 2035,HR,Employee Relations,80.8,60,63.83,79.65,4.2,80.3,54,4.4,1,No
2136,Aarav Sharma 2036,Finance,Financial Analyst,52.7,60,65.34,90.87,2.9,90.94,47,4.8,66,No
2137,Saanvi Iyer 2037,Sales,Sales Executive,63.9,100,81.95,87.77,3.6,82.03,50,3.9,47,No
2138,Aditya Kumar 2038,IT,Tester,55.6,60,65.25,84.71,4.4,84.19,46,4.0,68,No
2139,Rita Walker 2039,Finance,Accountant,74.3,60,76.65,95.39,4.0,83.37,39,5.0,73,No
2140,Shannon Clark 2040,IT,Engineer,56.1,80,91.71,83.85,3.5,76.86,46,3.7,27,No
2141,Reyansh Reddy 2041,IT,Developer,48.2,60,77.49,90.95,2.9,82.63,42,3.6,78,No
2142,Anna Dominguez 2042,Marketing,Marketing Executive,69.2,40,70.22,96.22,3.8,80.34,39,4.5,13,No
2143,Troy Ford 2043,IT,Tester,45.5,60,79.25,85.63,4.4,78.47,37,4.6,45,No
2144,Brenda Bauer 2044,Sales,Account Manager,75.1,100,77.31,75.2,4.3,75.53,47,4.5,12,No
2145,Megan Williams 2045,IT,Engineer,56.9,60,82.53,85.18,5.0,83.2,38,3.6,15,No
2146,Navya Chopra 2046,IT,Engineer,61.9,60,94.19,89.32,3.5,88.95,42,3.9,39,No
2147,Vivaan Gupta 2047,Sales,Sales Executive,44.6,100,81.97,95.02,3.1,92.96,38,4.0,71,No
2148,Erin Massey 2048,Sales,Account Manager,91.8,80,98.34,84.35,4.1,72.85,41,3.8,80,Yes
2149,Ashley Marsh 2049,Marketing,SEO Analyst,54.4,60,82.55,100.0,4.0,96.85,37,4.1,29,No
2150,Ashley Marsh 2050,IT,Software Engineer,67.6,100,70.33,78.91,3.9,86.34,38,3.8,80,No
2151,Navya Chopra 2051,HR,HR Executive,50.5,40,100.0,89.15,3.5,74.98,42,4.9,64,No
2152,Nicole Roberts 2052,IT,Developer,62.0,80,76.75,86.33,2.3,80.77,47,3.4,57,No
2153,Rohan Pillai 2053,IT,Tester,93.0,60,67.45,97.43,3.3,68.98,47,5.0,47,No
2154,Sara Khan 2054,Finance,Auditor,75.6,60,100.0,77.68,4.2,71.03,43,3.3,48,No
2155,Myra Nair 2055,HR,Recruitment Specialist,63.3,60,70.67,90.98,4.1,97.77,54,5.0,1,No
2156,Sara Khan 2056,HR,Recruitment Specialist,71.6,20,70.28,86.29,4.5,78.41,54,4.6,13,No
2157,Christopher Benson 2057,HR,HR Manager,65.3,60,72.49,98.7,4.1,88.3,39,3.6,16,No
2158,Connie Bailey 2058,IT,Data Analyst,70.9,40,79.65,82.2,4.3,83.11,48,4.0,30,No
2159,Vivaan Gupta 2059,IT,Tester,80.9,40,87.31,90.91,4.4,84.14,39,4.4,9,No
2160,Aarav Sharma 2060,Sales,Business Development,68.0,60,51.51,82.13,3.9,86.94,37,4.4,69,No
2161,Sara Khan 2061,IT,Cybersecurity Specialist,74.6,80,87.27,89.32,3.9,67.33,35,3.9,36,No
2162,Arjun Rao 2062,Finance,Financial Analyst,74.8,60,72.45,85.41,2.2,94.55,44,3.4,63,No
2163,Ayaan Saxena 2063,Support,Support Engineer,68.1,60,73.87,85.3,3.5,83.21,49,4.6,29,No
2164,Sara Snyder 2064,Sales,Sales Executive,63.2,60,95.15,74.09,3.5,79.97,51,4.2,33,No
2165,Sara Khan 2065,Finance,Accountant,65.7,60,80.13,90.9,3.8,87.74,46,4.8,17,No
2166,Connie Bailey 2066,IT,Software Engineer,80.4,80,82.48,80.42,3.3,78.23,48,3.9,62,No
2167,Arjun Rao 2067,IT,Tester,81.4,80,77.51,80.18,4.5,85.67,38,4.1,48,No
2168,Brenda Bauer 2068,Sales,Sales Executive,58.3,60,85.64,77.11,3.4,82.68,45,4.9,55,No
2169,Aarav Sharma 2069,Marketing,Marketing Executive,68.9,100,94.18,80.61,4.6,89.69,49,4.1,57,No
2170,Connie Bailey 2070,HR,HR Executive,63.0,60,53.25,91.5,3.3,82.29,48,3.2,26,No
2171,Troy Ford 2071,HR,HR Executive,81.6,60,88.85,91.16,3.5,75.76,52,3.1,54,No
2172,Vivaan Gupta 2072,IT,Tester,66.3,60,93.47,92.65,3.5,86.9,43,3.0,84,No
2173,Troy Ford 2073,Marketing,Marketing Executive,98.4,60,83.01,80.81,3.6,81.84,49,3.5,18,No
2174,Taylor Morris 2074,IT,Cybersecurity Specialist,74.6,60,71.23,89.5,4.6,69.43,37,3.7,22,No
2175,Reyansh Reddy 2075,Finance,Auditor,86.2,60,66.48,83.69,3.7,85.58,54,4.5,46,No
2176,Nicole Roberts 2076,Finance,Accountant,59.8,60,100.0,94.68,3.7,79.7,47,4.6,78,No
2177,Shannon Clark 2077,HR,Employee Relations,72.1,100,68.95,90.98,3.5,86.77,36,2.7,65,No
2178,Ishaan Malhotra 2078,Support,Helpdesk,79.4,80,93.18,83.4,3.7,77.16,49,4.4,50,No
2179,Kabir Mehta 2079,Support,Helpdesk,59.6,60,81.91,95.28,4.0,74.35,48,3.8,83,No
2180,Megan Williams 2080,Marketing,Content Strategist,72.2,20,98.46,91.55,3.8,93.44,41,4.2,27,No
2181,Vihaan Verma 2081,Finance,Auditor,84.6,60,74.82,78.29,3.8,90.75,38,5.0,56,No
2182,Aditya Kumar 2082,Sales,Business Development,68.1,60,61.92,76.3,4.5,83.95,38,3.5,57,No
2183,Ayaan Saxena 2083,Sales,Business Development,61.8,80,78.02,78.57,4.1,87.5,44,4.3,14,No
2184,Rita Walker 2084,IT,Cybersecurity Specialist,93.6,80,63.14,99.54,3.2,90.48,53,4.6,15,Yes
2185,Aditya Kumar 2085,Sales,Business Development,57.9,80,100.0,80.89,3.8,83.92,47,4.0,46,No
2186,Kabir Mehta 2086,IT,Engineer,73.9,60,84.29,100.0,3.6,74.33,40,3.6,62,No
2187,Troy Ford 2087,IT,Tester,63.5,80,85.78,80.53,4.2,86.4,42,3.6,11,No
2188,Pari Joshi 2088,IT,Cybersecurity Specialist,60.8,20,85.79,79.78,4.0,92.02,44,3.7,42,No
2189,Norman Lane 2089,Sales,Account Manager,80.9,60,71.06,94.16,4.6,88.75,51,4.1,83,No
2190,Vivaan Gupta 2090,Sales,Account Manager,69.5,40,76.68,94.48,3.5,84.47,43,3.6,28,No
2191,Norman Lane 2091,Finance,Financial Analyst,76.9,80,79.1,91.89,3.8,88.52,48,4.4,48,No
2192,Peggy Mann 2092,Finance,Financial Analyst,44.9,80,97.44,92.73,3.3,82.21,54,4.3,2,No
2193,Cody Bright 2093,Sales,Business Development,78.0,60,66.43,82.39,3.9,92.35,39,3.0,68,No
2194,Christopher Benson 2094,HR,HR Manager,63.4,60,70.71,93.83,3.0,94.78,37,4.7,59,No
2195,Shannon Clark 2095,IT,Engineer,49.5,100,74.37,89.68,4.1,73.63,43,5.0,65,No
2196,Peter Mckee 2096,HR,HR Manager,94.6,60,71.26,85.44,3.9,92.93,46,3.7,25,No
2197,Kavya Menon 2097,HR,Recruitment Specialist,79.2,60,63.41,88.66,4.0,100.0,35,4.5,70,No
2198,Troy Ford 2098,IT,Developer,74.7,60,50.95,95.42,4.4,88.2,45,4.8,73,No
2199,Connie Bailey 2099,Sales,Sales Executive,87.0,60,59.73,90.74,4.0,91.87,39,4.4,68,No
2200,Diya Patel 2100,Sales,Business Development,75.0,100,88.99,72.9,3.1,78.82,53,4.3,46,No
2201,Ashley Marsh 2101,Marketing,Content Strategist,62.4,60,77.92,94.24,3.6,79.97,38,3.0,75,No
2202,Pari Joshi 2102,Marketing,Content Lead,69.9,40,86.36,93.7,3.9,82.32,46,3.8,41,No
2203,Taylor Morris 2103,IT,Engineer,63.9,40,72.17,85.35,3.7,80.78,50,3.9,30,No
2204,Aditya Kumar 2104,IT,Cybersecurity Specialist,66.0,20,77.02,88.82,3.8,73.51,50,4.8,21,No
2205,Meera Das 2105,Support,Support Engineer,56.9,60,94.13,88.79,4.9,82.62,35,3.2,16,No
2206,Joel Fuller 2106,Marketing,SEO Analyst,60.4,80,93.53,74.14,4.0,90.69,37,5.0,83,No
2207,Diya Patel 2107,Finance,Accountant,82.7,60,87.42,85.19,4.1,73.61,54,5.0,19,No
2208,Vivaan Gupta 2108,IT,Engineer,76.0,100,80.02,85.46,2.7,85.43,49,3.4,7,No
2209,Rita Walker 2109,Finance,Financial Analyst,66.0,80,83.18,86.89,4.3,85.19,54,3.3,48,No
2210,Kabir Mehta 2110,HR,HR Executive,59.7,60,81.71,84.32,5.0,81.59,51,4.6,37,No
2211,Navya Chopra 2111,Sales,Business Development,67.1,60,76.33,92.64,4.7,87.97,38,3.8,52,No
2212,Sara Khan 2112,Sales,Sales Executive,51.8,60,73.96,82.34,3.6,87.22,37,3.9,27,No
2213,Kabir Mehta 2113,Sales,Business Development,73.5,40,89.22,94.37,5.0,81.02,45,4.6,76,No
2214,Peter Mckee 2114,HR,HR Manager,83.3,60,65.04,92.31,3.9,92.49,35,3.3,28,No
2215,Rohan Pillai 2115,Sales,Account Manager,100.0,60,92.87,97.52,4.1,88.48,39,4.6,71,No
2216,Anna Dominguez 2116,Sales,Business Development,58.8,60,75.25,100.0,3.7,96.59,38,3.3,10,No
2217,Devansh Banerjee 2117,HR,Recruitment Specialist,82.8,60,64.86,100.0,3.7,83.47,54,3.2,46,No
2218,Aarav Sharma 2118,Sales,Account Manager,63.5,60,72.54,79.7,2.6,81.43,42,4.5,44,No
2219,Vihaan Verma 2119,IT,Software Engineer,58.5,60,69.26,90.41,4.4,82.33,45,4.4,17,No
2220,Vihaan Verma 2120,Finance,Auditor,58.5,60,72.24,82.98,3.7,93.43,45,2.7,49,No
2221,Nicole Roberts 2121,Sales,Account Manager,73.7,40,72.06,100.0,3.8,82.81,52,4.5,48,No
2222,Jeffery Lopez 2122,Finance,Financial Analyst,60.8,60,71.66,92.3,4.1,83.3,44,5.0,21,No
2223,Anna Dominguez 2123,Sales,Business Development,64.7,60,74.92,97.91,3.7,99.69,47,4.1,44,No
2224,Judith Ware 2124,Finance,Auditor,66.7,80,77.35,91.05,4.1,73.24,54,4.8,60,No
2225,Navya Chopra 2125,HR,HR Executive,63.1,40,85.64,69.55,4.6,86.85,50,3.9,20,No
2226,Devansh Banerjee 2126,IT,Developer,62.2,60,75.55,82.52,4.1,83.51,51,4.7,70,No
2227,Jeffery Lopez 2127,IT,Cybersecurity Specialist,42.9,60,81.26,83.2,3.8,82.0,52,2.4,60,No
2228,Connie Bailey 2128,HR,HR Manager,73.0,40,78.08,85.27,3.8,76.37,37,3.6,75,No
2229,Peggy Mann 2129,IT,Data Analyst,72.8,60,83.41,90.52,4.0,78.69,35,5.0,35,No
2230,Ashley Marsh 2130,Sales,Business Development,62.4,60,78.47,91.51,3.4,80.74,36,4.9,23,No
2231,Christopher Benson 2131,HR,Employee Relations,76.3,60,71.53,69.61,4.0,87.97,40,3.8,31,No
2232,Ananya Singh 2132,HR,Employee Relations,88.8,40,68.82,86.34,4.3,90.82,52,4.0,58,No
2233,Anna Dominguez 2133,Sales,Account Manager,72.3,60,80.1,84.6,4.0,69.77,51,3.3,74,No
2234,Avani Bhat 2134,Sales,Business Development,88.0,60,90.73,97.67,3.6,74.39,48,4.0,81,No
2235,Ananya Singh 2135,Marketing,Content Strategist,98.9,60,75.71,92.15,3.7,88.38,51,3.0,4,No
2236,Rita Walker 2136,Sales,Sales Executive,100.0,80,70.99,86.72,4.3,89.06,43,4.3,15,Yes
2237,Vihaan Verma 2137,Support,Support Engineer,57.7,40,75.44,89.57,3.2,72.29,53,3.7,10,No
2238,Norman Lane 2138,Sales,Sales Executive,57.8,60,72.39,76.19,3.4,90.99,36,4.4,34,No
2239,Sara Snyder 2139,Finance,Financial Analyst,66.7,60,71.33,92.63,2.9,83.89,37,3.7,74,No
2240,Erin Massey 2140,Sales,Business Development,73.5,60,63.56,85.23,3.9,89.98,50,3.6,41,No
2241,Ananya Singh 2141,Sales,Account Manager,91.0,60,75.56,82.35,4.4,77.19,50,4.5,80,No
2242,Saanvi Iyer 2142,HR,Recruitment Specialist,79.5,60,80.36,97.2,4.7,72.88,35,3.7,9,No
2243,Ayaan Saxena 2143,Support,Support Engineer,57.6,20,67.18,89.92,4.8,81.53,53,3.8,81,No
2244,Riya Mishra 2144,Marketing,Marketing Executive,64.7,40,69.22,83.34,3.5,81.89,52,4.9,7,No
2245,Jasmine Gonzalez 2145,Sales,Business Development,71.5,60,68.52,83.77,4.1,81.44,44,4.9,25,No
2246,Riya Mishra 2146,IT,Data Analyst,54.1,60,64.13,90.56,3.7,80.88,51,4.5,2,No
2247,Judith Ware 2147,Finance,Auditor,72.2,40,68.44,90.02,4.9,97.54,35,4.0,58,No
2248,Connie Bailey 2148,Marketing,Content Strategist,57.7,60,76.02,88.21,4.7,70.4,39,5.0,2,No
2249,Saanvi Iyer 2149,HR,HR Executive,52.2,40,64.58,79.58,4.0,77.24,38,4.8,37,No
2250,Peter Mckee 2150,Sales,Account Manager,60.6,40,76.62,80.61,3.5,80.65,53,3.6,1,No
2251,Peter Mckee 2151,Sales,Account Manager,76.9,60,70.97,82.76,1.8,84.19,41,4.4,16,No
2252,Manish Badami 2152,IT,Developer,76.8,40,68.71,86.63,3.0,89.69,42,3.4,72,No
2253,Ananya Singh 2153,Sales,Business Development,73.2,80,81.77,87.71,2.8,90.92,53,4.3,35,No
2254,Peter Mckee 2154,Sales,Business Development,83.9,40,71.6,86.88,3.0,92.61,42,3.9,72,No
2255,Ananya Singh 2155,Support,Helpdesk,82.6,60,73.3,87.2,5.0,87.85,43,3.7,1,No
2256,Kabir Mehta 2156,Support,Support Engineer,74.5,60,90.98,100.0,3.1,70.16,53,4.3,84,No
2257,Kabir Mehta 2157,Sales,Business Development,72.8,60,68.8,93.94,3.3,70.69,52,3.5,33,No
2258,Clinton Scott 2158,Finance,Auditor,73.6,40,93.66,96.32,3.3,93.18,48,3.9,26,No
2259,Ashley Marsh 2159,HR,HR Manager,70.2,80,74.52,91.25,5.0,92.66,52,4.3,36,No
2260,Sara Snyder 2160,Sales,Account Manager,45.9,80,66.64,88.51,3.9,89.09,39,4.1,70,No
2261,Ananya Singh 2161,IT,Software Engineer,85.6,40,72.46,90.87,4.5,77.44,35,3.9,21,No
2262,Riya Mishra 2162,IT,Cybersecurity Specialist,76.8,60,78.69,89.58,4.0,81.42,40,3.8,67,No
2263,Devansh Banerjee 2163,Sales,Sales Executive,57.4,60,90.55,93.66,2.7,80.81,41,3.8,13,No
2264,Avani Bhat 2164,Sales,Business Development,89.1,80,85.99,81.17,4.8,75.8,39,5.0,22,Yes
2265,Devansh Banerjee 2165,Finance,Auditor,64.9,60,78.64,93.07,4.1,86.07,42,4.6,43,No
2266,Jasmine Gonzalez 2166,Marketing,SEO Analyst,70.7,60,90.6,89.17,3.8,100.0,40,3.0,64,No
2267,Ananya Singh 2167,Finance,Financial Analyst,84.3,60,59.19,75.35,5.0,80.03,35,3.4,78,No
2268,Peter Mckee 2168,HR,Employee Relations,74.6,60,80.49,88.6,3.7,94.37,46,3.3,77,No
2269,Rita Walker 2169,Sales,Account Manager,88.0,60,81.1,78.86,3.8,76.92,39,3.7,60,No
2270,Aditi Sen 2170,Finance,Auditor,67.8,60,81.22,84.26,3.7,71.71,39,4.7,84,No
2271,Judith Ware 2171,IT,Data Analyst,92.3,20,61.9,86.89,4.5,91.9,49,3.5,54,No
2272,Clinton Scott 2172,IT,Tester,62.7,20,67.83,77.45,4.4,82.25,51,4.3,70,No
2273,Devansh Banerjee 2173,Marketing,SEO Specialist,87.8,60,76.34,87.62,4.1,94.17,39,4.7,84,No
2274,Avani Bhat 2174,IT,Developer,44.8,60,89.15,88.48,3.3,95.77,53,2.7,49,No
2275,Sara Snyder 2175,Finance,Auditor,58.8,60,97.15,93.29,3.7,81.77,44,3.7,11,No
2276,Clinton Scott 2176,IT,Developer,75.6,80,71.36,84.82,3.3,94.74,37,3.0,78,No
2277,Anna Dominguez 2177,IT,Cybersecurity Specialist,67.2,60,64.9,89.92,4.6,76.99,45,3.6,14,No
2278,Shannon Clark 2178,IT,Developer,71.1,60,86.16,87.33,3.0,76.87,42,4.3,16,No
2279,Nicole Roberts 2179,HR,Employee Relations,72.5,60,100.0,85.07,4.9,92.58,47,3.0,33,No
2280,Riya Mishra 2180,HR,HR Executive,57.7,60,89.07,76.31,4.7,71.62,40,4.0,34,No
2281,Rohan Pillai 2181,IT,Cybersecurity Specialist,58.6,80,70.51,87.22,3.3,83.99,37,2.9,38,No
2282,David Williams 2182,Support,Helpdesk,74.8,20,100.0,93.21,3.7,94.0,53,3.2,77,No
2283,Devansh Banerjee 2183,Marketing,SEO Analyst,64.0,40,84.87,81.46,3.5,94.53,41,4.7,54,No
2284,Aditya Kumar 2184,Sales,Account Manager,88.1,60,70.09,86.48,4.2,80.54,36,4.4,58,No
2285,David Williams 2185,IT,Software Engineer,69.7,60,97.34,87.51,4.7,92.07,53,3.2,4,No
2286,Taylor Morris 2186,IT,Data Analyst,80.6,20,69.3,95.72,4.6,75.02,47,4.0,29,No
2287,Aarav Sharma 2187,HR,Employee Relations,77.3,60,71.79,88.21,3.6,78.66,45,3.9,3,No
2288,Shannon Clark 2188,IT,Engineer,64.8,60,85.27,90.02,4.7,85.84,43,4.2,14,No
2289,Sara Snyder 2189,Finance,Financial Analyst,48.2,60,77.75,87.94,4.6,87.02,53,4.5,34,No
2290,Connie Bailey 2190,HR,Recruitment Specialist,86.2,60,78.37,84.55,3.8,75.62,53,5.0,73,No
2291,Vivaan Gupta 2191,Finance,Auditor,60.3,20,78.39,80.06,3.9,98.9,48,3.8,54,No
2292,Sara Snyder 2192,Marketing,Marketing Executive,67.2,40,89.14,86.0,4.8,68.98,46,5.0,65,No
2293,Judith Ware 2193,Support,Helpdesk,70.2,60,54.76,90.75,4.5,84.43,35,3.5,59,No
2294,Vihaan Verma 2194,IT,Cybersecurity Specialist,71.4,60,80.85,88.86,4.6,85.57,35,3.9,23,No
2295,Shannon Clark 2195,HR,HR Executive,83.5,80,75.1,98.36,5.0,70.02,51,3.7,21,No
2296,Taylor Morris 2196,Marketing,Content Lead,72.1,40,70.48,94.62,4.2,94.59,38,3.7,43,No
2297,Ashley Marsh 2197,Support,Support Engineer,70.5,80,70.45,96.68,4.1,78.08,47,4.1,31,No
2298,Steven Barnett 2198,IT,Engineer,84.2,60,51.63,73.77,4.7,84.79,45,4.5,82,No
2299,Ishaan Malhotra 2199,Sales,Account Manager,79.2,60,70.02,99.06,5.0,86.62,52,4.2,50,No
2300,Jeffery Lopez 2200,Marketing,Marketing Executive,63.2,60,90.9,89.87,3.5,72.37,46,4.5,84,No
2301,Aditya Kumar 2201,IT,Data Analyst,58.2,60,86.32,90.86,3.8,75.42,53,4.4,2,No
2302,Aditya Kumar 2202,IT,Tester,62.1,60,76.09,94.27,3.3,96.5,54,4.2,69,No
2303,Saanvi Iyer 2203,Finance,Auditor,71.4,60,63.89,88.15,4.1,83.47,35,3.9,31,No
2304,Clinton Scott 2204,HR,HR Executive,57.0,60,86.22,80.51,4.4,62.42,52,3.6,1,No
2305,Ashley Marsh 2205,Support,Support Engineer,73.1,60,91.1,98.13,3.3,81.58,36,3.7,58,No
2306,Brenda Bauer 2206,IT,Tester,70.4,60,88.34,82.62,4.6,83.74,45,4.8,72,No
2307,Anna Dominguez 2207,IT,Engineer,41.5,60,68.31,81.1,3.6,85.75,49,3.7,76,No
2308,Myra Nair 2208,Marketing,Content Strategist,55.1,60,69.35,86.36,3.6,68.01,49,4.4,13,No
2309,Jasmine Gonzalez 2209,IT,Engineer,37.4,80,94.56,85.3,4.6,83.77,40,4.9,50,No
2310,Riya Mishra 2210,Finance,Financial Analyst,67.9,80,65.91,88.03,3.5,77.34,38,4.3,10,No
2311,Christopher Benson 2211,IT,Data Analyst,84.9,100,82.78,87.31,3.1,85.77,46,4.2,77,No
2312,Riya Mishra 2212,HR,HR Manager,49.3,40,60.22,97.43,4.3,88.05,45,5.0,79,No
2313,Judith Ware 2213,IT,Cybersecurity Specialist,56.1,80,75.0,91.22,3.8,87.2,42,4.1,9,No
2314,Pari Joshi 2214,Marketing,Content Lead,70.0,80,83.85,82.0,4.6,95.23,36,3.8,83,No
2315,Meera Das 2215,Sales,Business Development,59.2,60,77.7,82.96,4.4,100.0,50,5.0,79,No
2316,Judith Ware 2216,HR,HR Manager,59.2,60,83.24,85.28,2.9,74.93,36,3.8,57,No
2317,Nicole Roberts 2217,HR,HR Manager,78.5,100,65.74,85.31,4.7,80.94,38,4.0,33,No
2318,Ananya Singh 2218,Sales,Sales Executive,66.1,100,69.8,84.4,5.0,89.94,36,3.7,79,No
2319,Judith Ware 2219,HR,HR Manager,54.2,60,82.82,80.29,4.5,82.99,43,2.7,77,No
2320,Manish Badami 2220,Sales,Account Manager,46.9,60,84.97,90.03,4.5,62.22,47,3.0,52,No
2321,Myra Nair 2221,Sales,Business Development,98.5,80,80.2,84.81,3.8,82.46,54,3.4,27,Yes
2322,Kabir Mehta 2222,Sales,Account Manager,85.5,40,87.47,81.34,3.6,93.87,36,4.0,17,No
2323,Ananya Singh 2223,HR,Recruitment Specialist,66.6,60,61.43,91.4,4.0,72.84,53,4.1,25,No
2324,Saanvi Iyer 2224,Sales,Business Development,73.1,100,73.34,93.93,4.5,85.76,42,4.2,6,No
2325,Navya Chopra 2225,HR,HR Manager,66.1,80,96.23,86.28,4.4,68.74,45,3.6,44,No
2326,Shannon Clark 2226,IT,Software Engineer,78.1,80,90.83,100.0,3.6,90.96,42,3.6,44,No
2327,Jasmine Gonzalez 2227,Finance,Financial Analyst,61.7,60,84.34,100.0,3.6,85.93,50,5.0,70,No
2328,Anna Dominguez 2228,IT,Developer,65.5,60,76.45,91.48,3.0,79.46,54,3.6,34,No
2329,Rita Walker 2229,IT,Tester,77.5,100,88.35,84.72,4.3,80.66,51,4.3,51,No
2330,Diya Patel 2230,Support,Support Engineer,89.4,60,82.29,89.88,3.7,72.01,49,4.7,20,No
2331,Aditi Sen 2231,IT,Tester,80.9,80,62.83,79.43,3.7,92.06,41,4.3,27,No
2332,Diya Patel 2232,Finance,Accountant,86.8,60,87.96,81.9,4.9,77.61,35,3.8,43,No
2333,Connie Bailey 2233,HR,HR Executive,68.3,60,69.34,76.22,4.3,88.0,48,3.3,79,No
2334,Troy Ford 2234,Sales,Business Development,64.5,20,85.6,83.6,4.1,76.3,50,3.3,55,No
2335,Reyansh Reddy 2235,HR,Recruitment Specialist,48.7,60,61.84,79.37,4.4,100.0,37,3.7,9,No
2336,Vivaan Gupta 2236,HR,HR Manager,72.9,60,93.99,92.37,4.8,96.48,52,3.9,22,No
2337,Diya Patel 2237,IT,Data Analyst,76.5,40,75.25,82.76,2.9,100.0,53,4.0,47,No
2338,Kabir Mehta 2238,IT,Data Analyst,68.4,60,66.91,89.94,3.6,100.0,40,3.6,51,No
2339,Peter Mckee 2239,IT,Software Engineer,62.7,60,71.11,93.24,3.8,78.92,43,3.7,14,No
2340,Megan Williams 2240,IT,Tester,86.9,60,74.63,96.2,3.3,76.93,47,4.8,54,No
2341,Judith Ware 2241,Support,Support Engineer,79.6,40,77.94,85.53,3.7,100.0,46,3.4,42,No
2342,Jasmine Gonzalez 2242,Sales,Account Manager,87.8,60,91.18,90.17,3.0,82.87,49,3.6,49,No
2343,Jeffery Lopez 2243,Sales,Business Development,60.6,40,78.7,90.4,4.5,90.67,41,3.2,5,No
2344,Ananya Singh 2244,IT,Cybersecurity Specialist,63.5,20,56.29,96.9,3.6,79.03,46,5.0,32,No
2345,Cody Bright 2245,Sales,Sales Executive,86.4,40,65.7,93.48,4.0,79.17,51,2.8,61,No
2346,Pari Joshi 2246,Sales,Business Development,71.4,60,100.0,97.12,3.9,90.64,47,3.8,54,No
2347,Erin Massey 2247,Sales,Sales Executive,65.2,40,79.35,76.35,4.2,68.24,51,5.0,38,No
2348,Diya Patel 2248,HR,HR Executive,66.0,20,87.51,83.35,2.4,90.27,42,4.8,11,No
2349,Christopher Benson 2249,IT,Engineer,71.9,40,74.92,95.22,4.2,88.2,52,4.2,30,No
2350,Avani Bhat 2250,HR,Recruitment Specialist,84.0,80,67.95,92.06,3.7,79.76,36,4.3,73,No
2351,Manish Badami 2251,Finance,Auditor,70.1,80,73.19,87.12,4.1,84.19,51,3.4,52,No
2352,Brenda Bauer 2252,HR,HR Manager,81.5,40,79.28,84.68,3.2,85.45,46,3.1,33,No
2353,Ayaan Saxena 2253,Finance,Auditor,77.6,60,73.4,93.52,4.1,85.9,47,3.6,40,No
2354,Sara Khan 2254,IT,Tester,61.5,80,97.18,74.14,4.7,89.52,49,3.7,9,No
2355,Jeffery Lopez 2255,Sales,Business Development,61.5,40,71.84,93.55,4.0,77.48,45,4.3,51,No
2356,Christopher Benson 2256,IT,Software Engineer,66.6,40,67.45,88.63,3.5,100.0,43,3.9,74,No
2357,Avani Bhat 2257,IT,Engineer,56.0,40,86.09,84.58,3.5,82.36,42,5.0,56,No
2358,Erin Massey 2258,IT,Software Engineer,65.8,100,87.32,91.52,4.2,82.95,54,4.2,77,No
2359,Taylor Morris 2259,IT,Developer,90.2,60,78.3,85.3,4.2,99.56,49,3.0,2,No
2360,Saanvi Iyer 2260,HR,Recruitment Specialist,71.6,60,71.98,88.2,4.1,69.37,51,3.1,56,No
2361,Nicole Roberts 2261,HR,Recruitment Specialist,62.8,20,58.99,87.68,3.9,99.47,48,3.8,32,No
2362,Jasmine Gonzalez 2262,HR,Recruitment Specialist,95.0,100,90.21,93.21,4.0,84.75,39,3.6,6,Yes
2363,Saanvi Iyer 2263,Sales,Account Manager,60.8,60,86.69,89.11,3.9,79.76,50,4.0,3,No
2364,Meera Das 2264,HR,HR Manager,60.5,60,73.6,74.64,3.7,75.04,42,4.5,38,No
2365,Jeffery Lopez 2265,Marketing,Content Lead,86.8,60,78.6,78.26,4.4,73.85,51,4.4,47,No
2366,Steven Barnett 2266,IT,Software Engineer,79.9,80,75.73,80.41,4.1,81.27,45,3.3,73,No
2367,Pari Joshi 2267,IT,Developer,70.4,40,94.29,91.2,4.7,86.22,52,4.7,78,No
2368,Rohan Pillai 2268,IT,Developer,82.0,80,67.62,91.9,4.6,88.98,36,3.8,15,No
2369,Rohan Pillai 2269,Finance,Accountant,75.6,60,71.8,99.69,4.1,86.13,35,4.0,37,No
2370,Jasmine Gonzalez 2270,IT,Data Analyst,57.8,40,70.83,80.9,4.3,79.92,43,3.5,3,No
2371,Aditya Kumar 2271,Support,Support Engineer,43.2,60,81.1,97.16,3.3,94.72,42,4.2,3,No
2372,Avani Bhat 2272,IT,Tester,65.2,80,78.56,74.43,3.9,100.0,36,4.2,26,No
2373,Vivaan Gupta 2273,Sales,Business Development,85.0,60,80.0,88.12,4.1,95.96,46,4.9,16,No
2374,Kavya Menon 2274,Finance,Auditor,66.9,20,69.19,89.72,3.0,81.13,40,3.6,69,No
2375,Navya Chopra 2275,IT,Software Engineer,77.5,60,92.85,89.69,4.2,88.02,36,4.1,53,No
2376,Brenda Bauer 2276,Marketing,SEO Analyst,74.2,60,73.46,85.83,3.3,88.53,46,4.2,7,No
2377,David Williams 2277,Marketing,Content Lead,51.7,60,89.88,88.83,3.4,96.83,52,4.2,52,No
2378,Christopher Benson 2278,Sales,Business Development,67.1,60,100.0,79.35,3.6,81.29,39,4.8,4,No
2379,Jasmine Gonzalez 2279,Sales,Business Development,76.3,40,69.27,94.06,3.9,76.28,47,3.5,68,No
2380,Kabir Mehta 2280,Sales,Account Manager,62.6,60,81.42,89.75,3.1,93.07,38,4.3,46,No
2381,Avani Bhat 2281,IT,Developer,67.6,60,76.68,90.54,4.4,87.25,42,4.3,73,No
2382,Vihaan Verma 2282,Sales,Account Manager,76.7,80,98.31,86.05,4.0,75.13,44,3.8,39,No
2383,Aditya Kumar 2283,Sales,Sales Executive,72.9,60,75.19,85.7,5.0,89.64,48,4.1,6,No
2384,Erin Massey 2284,Finance,Auditor,84.6,60,80.49,91.67,4.1,98.71,54,4.1,11,No
2385,Norman Lane 2285,Sales,Sales Executive,76.6,60,80.27,99.13,4.2,78.45,36,4.3,24,No
2386,Rita Walker 2286,Sales,Business Development,60.5,60,77.0,78.24,3.4,76.87,36,3.8,27,No
2387,Ishaan Malhotra 2287,Sales,Business Development,66.3,60,85.55,77.89,3.2,84.24,38,3.5,42,No
2388,Avani Bhat 2288,IT,Software Engineer,72.2,60,78.93,89.86,4.3,89.44,45,4.1,76,No
2389,Vihaan Verma 2289,HR,HR Executive,88.1,80,82.82,85.67,3.2,83.4,43,4.4,46,Yes
2390,Megan Williams 2290,Finance,Financial Analyst,66.3,60,80.14,88.87,4.3,93.08,52,3.4,48,No
2391,Megan Williams 2291,Marketing,Content Lead,51.2,60,71.95,87.83,4.9,86.09,51,4.5,53,No
2392,Pari Joshi 2292,Finance,Financial Analyst,77.3,40,75.31,92.35,4.5,92.09,36,4.1,17,No
2393,Norman Lane 2293,IT,Software Engineer,62.9,60,83.55,86.0,4.2,78.23,41,3.9,26,No
2394,Taylor Morris 2294,IT,Developer,56.6,20,83.51,79.54,4.1,74.18,46,4.0,71,No
2395,Ishaan Malhotra 2295,Sales,Account Manager,72.2,60,90.45,82.47,3.7,81.28,50,3.3,5,No
2396,Shannon Clark 2296,HR,Employee Relations,83.7,60,96.59,86.88,3.8,73.23,44,4.1,74,No
2397,Devansh Banerjee 2297,Finance,Auditor,65.1,60,72.79,79.22,3.6,87.27,45,3.9,68,No
2398,Aarav Sharma 2298,Sales,Sales Executive,78.0,60,79.35,87.74,3.1,67.87,43,4.2,70,No
2399,Vihaan Verma 2299,IT,Tester,80.2,60,76.07,88.43,3.9,80.38,38,3.9,21,No
2400,Ashley Marsh 2300,HR,HR Executive,81.5,100,66.93,85.5,4.6,81.71,50,3.7,58,No
2401,Manish Badami 2301,IT,Data Analyst,63.2,60,83.65,89.46,3.1,75.63,53,3.3,46,No
2402,Cody Bright 2302,Finance,Accountant,58.5,60,85.78,76.7,4.7,81.55,54,3.0,67,No
2403,David Williams 2303,Sales,Sales Executive,60.2,60,67.23,81.33,4.6,84.03,39,3.8,31,No
2404,Saanvi Iyer 2304,IT,Tester,81.5,60,74.26,80.0,4.1,94.15,46,2.5,82,No
2405,Judith Ware 2305,Marketing,Content Lead,80.0,20,73.28,94.16,4.1,75.67,44,3.1,0,No
2406,Riya Mishra 2306,Finance,Financial Analyst,60.5,60,62.92,100.0,3.8,86.86,48,4.5,53,No
2407,Sara Snyder 2307,Marketing,Content Lead,97.6,60,77.64,81.83,3.9,88.45,54,3.5,45,No
2408,Ayaan Saxena 2308,Marketing,Content Strategist,59.1,60,66.55,86.35,3.6,83.83,54,4.4,40,No
2409,Pari Joshi 2309,IT,Developer,84.0,60,79.59,83.15,3.9,80.02,46,4.3,40,No
2410,Norman Lane 2310,IT,Software Engineer,90.2,60,80.69,89.55,4.0,74.89,38,3.5,7,No
2411,Anna Dominguez 2311,Sales,Business Development,73.3,60,81.93,83.74,5.0,99.19,54,4.6,31,No
2412,Ishaan Malhotra 2312,Finance,Accountant,62.8,60,82.41,89.98,4.2,84.58,43,4.8,29,No
2413,Megan Williams 2313,Sales,Sales Executive,63.0,80,93.31,92.66,3.8,81.48,48,3.1,45,No
2414,Saanvi Iyer 2314,IT,Engineer,68.9,60,69.91,79.43,3.8,100.0,39,4.5,51,No
2415,Ashley Marsh 2315,Support,Helpdesk,85.0,60,70.42,89.9,3.5,85.78,43,3.6,60,No
2416,Steven Barnett 2316,Sales,Business Development,57.6,60,84.55,75.44,3.6,100.0,36,3.1,12,No
2417,Ananya Singh 2317,HR,HR Manager,49.9,60,76.68,86.2,4.4,72.67,46,4.1,39,No
2418,Vivaan Gupta 2318,HR,Recruitment Specialist,76.3,80,89.25,85.73,3.6,82.1,46,4.3,60,No
2419,Anna Dominguez 2319,HR,Employee Relations,79.0,80,83.62,86.4,3.5,73.04,47,4.0,43,No
2420,Manish Badami 2320,Sales,Business Development,95.6,60,97.18,85.82,3.5,83.02,45,5.0,61,No
2421,Sara Khan 2321,Sales,Business Development,55.4,80,77.09,84.54,3.5,82.98,42,4.4,43,No
2422,Ananya Singh 2322,Finance,Accountant,70.4,40,63.18,86.14,4.6,80.34,46,4.0,47,No
2423,Joel Fuller 2323,Sales,Account Manager,85.9,80,81.41,89.67,4.0,84.43,43,4.1,73,Yes
2424,Pari Joshi 2324,Finance,Financial Analyst,73.5,60,77.28,89.86,3.7,80.73,46,5.0,58,No
2425,Joel Fuller 2325,Support,Helpdesk,69.7,60,83.34,88.81,3.9,83.12,45,4.3,56,No
2426,Jasmine Gonzalez 2326,Sales,Account Manager,81.5,80,84.63,83.98,4.0,77.95,53,4.8,10,No
2427,Vivaan Gupta 2327,Sales,Sales Executive,64.8,60,72.65,95.56,3.5,95.54,42,4.6,24,No
2428,Diya Patel 2328,HR,Recruitment Specialist,82.2,100,67.91,98.68,3.1,75.13,41,3.3,60,No
2429,Jeffery Lopez 2329,Sales,Sales Executive,57.0,40,76.54,78.98,4.7,85.7,48,3.4,45,No
2430,Peter Mckee 2330,HR,HR Manager,53.8,60,54.19,89.15,4.5,74.46,36,4.0,53,No
2431,Anna Dominguez 2331,Sales,Account Manager,68.7,60,78.81,84.72,4.1,77.32,54,3.9,33,No
2432,Anna Dominguez 2332,IT,Cybersecurity Specialist,41.2,20,73.93,94.48,4.5,78.17,46,4.2,83,No
2433,Manish Badami 2333,Finance,Auditor,73.0,40,86.62,87.91,5.0,82.95,35,4.8,6,No
2434,Sara Khan 2334,IT,Cybersecurity Specialist,51.2,20,58.14,88.37,3.6,85.4,44,4.5,61,No
2435,Rohan Pillai 2335,Finance,Auditor,75.4,100,78.06,91.46,3.2,75.15,35,3.1,56,No
2436,Sara Snyder 2336,Finance,Accountant,74.2,80,93.76,85.92,4.3,80.69,44,3.6,75,No
2437,Arjun Rao 2337,HR,HR Manager,71.2,60,84.75,99.74,3.0,76.07,42,5.0,4,No
2438,Arjun Rao 2338,Sales,Sales Executive,77.2,40,87.81,91.57,3.9,75.72,47,4.4,75,No
2439,Vivaan Gupta 2339,IT,Cybersecurity Specialist,74.5,40,81.4,94.52,3.7,93.07,48,3.1,34,No
2440,Riya Mishra 2340,Finance,Auditor,68.5,60,61.38,86.46,4.3,72.86,44,3.9,83,No
2441,Aarav Sharma 2341,Sales,Sales Executive,94.0,100,79.67,87.14,3.6,84.6,35,2.9,36,Yes
2442,Riya Mishra 2342,HR,HR Manager,76.7,60,82.08,93.68,4.6,97.58,40,4.6,59,No
2443,Kavya Menon 2343,IT,Software Engineer,81.3,60,67.22,92.98,3.5,93.65,46,4.3,64,No
2444,Taylor Morris 2344,IT,Engineer,84.9,60,76.73,79.26,4.3,87.4,54,3.9,15,No
2445,Peggy Mann 2345,Sales,Sales Executive,80.0,100,48.99,88.89,3.5,83.87,49,4.0,29,No
2446,Diya Patel 2346,Marketing,SEO Specialist,96.8,60,74.66,91.32,4.2,89.89,47,4.3,72,No
2447,Avani Bhat 2347,IT,Developer,74.0,100,73.64,87.09,3.3,86.96,49,4.7,41,No
2448,Connie Bailey 2348,Sales,Sales Executive,71.9,20,92.02,90.65,3.9,95.38,50,4.3,60,No
2449,Devansh Banerjee 2349,IT,Tester,64.2,60,71.97,87.38,4.7,82.93,46,4.4,73,No
2450,Vihaan Verma 2350,Sales,Account Manager,68.9,60,75.34,72.27,4.0,92.01,54,4.2,76,No
2451,Arjun Rao 2351,Support,Helpdesk,63.2,60,77.21,78.82,4.6,81.39,45,4.8,47,No
2452,Avani Bhat 2352,Marketing,Marketing Executive,80.1,60,72.1,94.82,3.9,99.15,46,5.0,61,No
2453,Kabir Mehta 2353,Sales,Business Development,61.1,20,85.2,86.29,3.6,82.71,36,3.6,83,No
2454,Rohan Pillai 2354,IT,Engineer,72.9,40,58.08,89.33,4.0,71.05,37,3.9,63,No
2455,Rohan Pillai 2355,Sales,Business Development,78.7,80,89.37,87.97,4.3,84.62,51,4.0,56,No
2456,Megan Williams 2356,Sales,Business Development,73.8,60,77.88,82.22,2.8,90.12,48,3.6,67,No
2457,Pari Joshi 2357,Sales,Business Development,61.2,100,91.02,84.73,4.2,97.03,41,3.8,45,No
2458,Judith Ware 2358,IT,Data Analyst,80.4,60,50.53,90.3,3.3,76.03,54,4.0,27,No
2459,Pari Joshi 2359,Finance,Accountant,71.0,60,53.64,91.02,3.2,70.04,48,4.0,76,No
2460,Christopher Benson 2360,IT,Engineer,37.5,80,75.08,100.0,4.2,87.97,43,3.7,2,No
2461,Rita Walker 2361,Support,Helpdesk,60.2,80,83.06,84.66,4.7,87.73,44,3.7,36,No
2462,Pari Joshi 2362,IT,Cybersecurity Specialist,88.8,60,72.45,99.69,4.0,72.71,45,4.0,47,No
2463,Devansh Banerjee 2363,IT,Tester,89.8,40,83.84,81.98,3.1,81.36,45,3.5,18,No
2464,Ashley Marsh 2364,IT,Tester,78.3,80,87.81,91.42,3.5,81.72,53,4.2,82,No
2465,Pari Joshi 2365,Sales,Business Development,81.4,80,84.66,89.25,3.6,90.58,47,3.3,16,No
2466,Kabir Mehta 2366,Sales,Account Manager,62.7,80,79.03,87.12,4.0,80.69,44,4.0,81,No
2467,Aditi Sen 2367,Sales,Account Manager,68.9,60,78.96,87.96,3.9,80.52,50,5.0,81,No
2468,Peter Mckee 2368,Sales,Sales Executive,86.8,60,71.85,83.64,4.2,84.92,44,3.9,39,No
2469,Avani Bhat 2369,Finance,Financial Analyst,77.1,80,77.45,94.33,4.5,72.98,44,4.5,49,No
2470,Christopher Benson 2370,Sales,Business Development,72.8,20,67.76,82.1,4.1,99.21,46,3.3,72,No
2471,Ananya Singh 2371,Finance,Accountant,69.8,60,70.15,90.22,4.4,91.47,35,3.7,28,No
2472,Avani Bhat 2372,IT,Developer,86.1,20,83.14,93.29,3.7,78.39,52,4.4,50,No
2473,Saanvi Iyer 2373,Marketing,Content Lead,85.5,40,73.37,97.69,5.0,75.06,54,2.5,41,No
2474,Steven Barnett 2374,Marketing,SEO Analyst,79.8,60,70.62,94.8,4.2,75.68,45,4.4,28,No
2475,Aditya Kumar 2375,IT,Engineer,72.8,20,82.49,92.01,4.3,88.69,41,4.0,65,No
2476,Avani Bhat 2376,Sales,Account Manager,67.7,40,81.8,83.54,5.0,75.92,48,3.8,16,No
2477,Kavya Menon 2377,IT,Cybersecurity Specialist,80.3,60,75.85,82.5,4.0,82.01,42,4.9,30,No
2478,Rita Walker 2378,Finance,Financial Analyst,58.8,60,76.51,80.03,3.5,70.47,38,3.1,51,No
2479,Ananya Singh 2379,Finance,Financial Analyst,61.3,60,82.16,79.36,4.7,88.33,37,4.2,38,No
2480,Peggy Mann 2380,Marketing,Marketing Executive,54.6,60,87.69,87.99,4.7,88.63,44,4.5,59,No
2481,Myra Nair 2381,Sales,Account Manager,86.8,80,80.01,82.91,4.0,82.52,43,3.6,50,Yes
2482,Anna Dominguez 2382,Sales,Sales Executive,63.4,60,66.08,96.39,5.0,85.55,49,2.8,83,No
2483,Kabir Mehta 2383,Marketing,SEO Analyst,76.8,60,75.79,83.95,3.9,90.37,42,4.2,15,No
2484,Erin Massey 2384,Finance,Auditor,70.5,100,73.93,88.66,4.5,85.33,47,4.5,13,No
2485,Taylor Morris 2385,IT,Cybersecurity Specialist,100.0,20,67.47,86.15,4.8,90.25,41,4.9,83,No
2486,Kavya Menon 2386,Marketing,Content Strategist,77.3,60,82.98,78.17,4.0,74.66,47,3.0,41,No
2487,Connie Bailey 2387,HR,HR Executive,49.7,60,83.75,95.63,4.2,87.03,40,3.8,50,No
2488,Christopher Benson 2388,Sales,Sales Executive,86.1,80,85.26,92.87,4.5,85.55,44,5.0,23,Yes
2489,Myra Nair 2389,HR,Recruitment Specialist,67.4,80,68.09,93.67,3.7,93.62,53,4.2,81,No
2490,Diya Patel 2390,IT,Software Engineer,69.6,20,79.57,92.16,3.4,84.24,45,4.2,42,No
2491,Vivaan Gupta 2391,Sales,Account Manager,63.9,60,77.94,82.68,4.7,83.22,50,4.4,72,No
2492,Jasmine Gonzalez 2392,Finance,Financial Analyst,74.3,60,81.07,82.82,4.1,79.54,54,4.0,18,No
2493,Taylor Morris 2393,Marketing,Content Lead,74.2,60,79.3,91.16,3.6,95.93,48,3.8,83,No
2494,Arjun Rao 2394,IT,Engineer,64.3,40,77.87,98.8,4.0,65.15,43,3.9,60,No
2495,Myra Nair 2395,IT,Developer,65.9,60,76.67,90.7,4.2,88.09,50,4.9,62,No
2496,Ishaan Malhotra 2396,Sales,Business Development,73.2,60,89.07,94.85,3.0,83.84,43,4.5,25,No
2497,Kabir Mehta 2397,IT,Developer,43.9,20,69.38,84.32,4.3,82.53,40,4.2,34,No
2498,Peggy Mann 2398,Sales,Sales Executive,54.7,60,76.27,95.68,4.1,81.37,40,2.9,66,No
2499,Connie Bailey 2399,Sales,Account Manager,92.0,20,88.81,85.06,4.9,83.55,52,3.7,55,No
2500,Aditi Sen 2400,HR,Recruitment Specialist,75.9,60,69.89,89.68,3.8,87.83,53,5.0,39,No
2501,Peggy Mann 2401,IT,Data Analyst,65.7,60,70.4,85.44,4.7,77.64,51,3.5,28,No
2502,Jeffery Lopez 2402,IT,Tester,51.6,60,85.34,94.22,3.9,85.08,38,4.0,5,No
2503,Arjun Rao 2403,Finance,Auditor,71.3,80,63.76,94.32,4.0,86.81,53,3.9,51,No
2504,Aarav Sharma 2404,Sales,Business Development,83.8,60,84.61,77.66,4.1,76.37,45,3.1,0,No
2505,Norman Lane 2405,Finance,Auditor,100.0,60,73.1,97.28,5.0,88.03,45,3.4,51,No
2506,Ashley Marsh 2406,Finance,Auditor,94.7,100,82.1,100.0,3.2,86.87,45,3.0,23,Yes
2507,Anna Dominguez 2407,IT,Software Engineer,61.4,80,65.79,85.51,4.2,77.61,53,3.0,33,No
2508,Nicole Roberts 2408,Sales,Business Development,66.1,60,89.85,87.11,3.9,74.5,42,4.3,6,No
2509,Shannon Clark 2409,HR,HR Executive,54.3,60,65.83,96.68,3.9,77.5,50,3.5,74,No
2510,Vihaan Verma 2410,Sales,Business Development,61.9,60,85.25,88.47,4.2,85.08,42,5.0,10,No
2511,Jasmine Gonzalez 2411,Sales,Sales Executive,69.4,80,66.25,87.97,4.6,83.39,43,4.5,35,No
2512,Nicole Roberts 2412,Marketing,SEO Specialist,67.6,20,96.08,100.0,4.2,95.15,46,4.0,19,No
2513,Christopher Benson 2413,Sales,Account Manager,96.7,60,77.29,78.52,4.6,81.06,46,4.5,62,No
2514,Steven Barnett 2414,Marketing,SEO Analyst,56.2,80,97.51,82.48,3.7,76.89,36,2.7,79,No
2515,Avani Bhat 2415,Marketing,Content Strategist,71.5,60,69.81,90.92,3.9,89.26,40,3.9,62,No
2516,Ananya Singh 2416,Sales,Sales Executive,47.2,60,73.57,76.66,3.3,76.16,38,4.6,68,No
2517,Navya Chopra 2417,Sales,Business Development,76.0,60,90.11,85.39,5.0,77.67,47,3.2,29,No
2518,Vivaan Gupta 2418,Sales,Account Manager,55.9,60,63.74,85.32,3.8,77.78,38,4.4,29,No
2519,Brenda Bauer 2419,Marketing,SEO Specialist,85.2,60,71.01,94.73,3.7,60.02,43,4.2,83,No
2520,Rita Walker 2420,Finance,Financial Analyst,68.5,60,82.95,92.85,4.3,88.53,41,3.1,21,No
2521,Vihaan Verma 2421,Sales,Account Manager,55.2,60,67.81,76.22,4.6,91.52,40,4.9,60,No
2522,Megan Williams 2422,HR,HR Manager,46.8,80,83.22,83.15,3.5,91.33,52,4.7,20,No
2523,Rohan Pillai 2423,HR,HR Executive,60.3,80,79.7,83.17,4.6,99.08,49,4.4,36,No
2524,Jasmine Gonzalez 2424,IT,Engineer,74.9,20,62.86,86.48,3.7,96.06,50,3.2,26,No
2525,Peter Mckee 2425,IT,Tester,77.1,60,87.68,80.32,4.8,81.33,35,3.5,34,No
2526,Troy Ford 2426,Sales,Sales Executive,66.0,60,65.38,91.16,3.6,92.87,44,3.9,37,No
2527,Meera Das 2427,Finance,Accountant,83.1,60,85.71,83.14,4.3,83.22,38,4.9,59,No
2528,Reyansh Reddy 2428,Sales,Sales Executive,58.4,60,79.28,92.12,3.9,80.59,38,3.9,69,No
2529,Megan Williams 2429,Sales,Sales Executive,36.9,60,73.45,87.98,3.2,77.96,52,4.1,31,No
2530,Ananya Singh 2430,Sales,Account Manager,75.4,60,66.95,81.19,3.1,81.86,47,3.6,79,No
2531,Ishaan Malhotra 2431,Sales,Account Manager,87.5,60,81.29,97.72,3.5,86.63,35,5.0,79,No
2532,Ashley Marsh 2432,IT,Data Analyst,87.6,80,69.27,97.92,4.5,96.65,54,3.4,26,Yes
2533,Taylor Morris 2433,IT,Tester,56.4,40,90.08,90.03,2.7,89.83,44,4.1,2,No
2534,Avani Bhat 2434,Finance,Accountant,65.5,60,90.44,86.33,4.1,77.83,35,4.8,48,No
2535,Anna Dominguez 2435,Marketing,Marketing Executive,80.7,60,94.42,80.61,4.0,75.65,36,3.7,84,No
2536,Aditya Kumar 2436,IT,Engineer,64.5,100,80.81,95.5,2.9,88.55,43,3.8,29,No
2537,Arjun Rao 2437,IT,Tester,73.3,40,73.96,93.76,3.4,91.22,35,3.5,21,No
2538,Cody Bright 2438,HR,HR Manager,63.4,60,75.03,82.3,3.4,93.82,49,3.2,18,No
2539,Diya Patel 2439,HR,Employee Relations,58.9,80,74.3,83.19,3.9,81.85,49,3.2,30,No
2540,Kabir Mehta 2440,IT,Data Analyst,61.2,80,80.48,91.2,4.8,87.76,36,5.0,19,No
2541,Rohan Pillai 2441,IT,Software Engineer,83.5,80,82.37,79.77,4.5,90.85,46,3.0,18,No
2542,Jasmine Gonzalez 2442,IT,Data Analyst,72.2,60,90.32,83.62,3.7,73.19,52,3.6,1,No
2543,Nicole Roberts 2443,IT,Developer,87.3,80,78.2,80.72,3.4,86.22,44,3.2,39,Yes
2544,Vihaan Verma 2444,Sales,Account Manager,78.2,60,63.97,80.94,3.0,91.23,47,3.5,38,No
2545,Anna Dominguez 2445,IT,Developer,91.3,60,73.93,82.96,3.7,88.08,43,3.8,71,No
2546,Saanvi Iyer 2446,Sales,Account Manager,81.8,60,93.56,94.34,3.4,83.35,37,4.1,53,No
2547,Jasmine Gonzalez 2447,Support,Support Engineer,81.1,60,62.43,75.72,3.9,100.0,42,4.9,26,No
2548,Kabir Mehta 2448,Marketing,Content Lead,70.6,60,85.39,91.03,3.9,99.44,48,4.6,78,No
2549,Arjun Rao 2449,IT,Software Engineer,100.0,60,74.09,89.81,3.6,84.08,50,4.4,11,No
2550,Peggy Mann 2450,Sales,Business Development,73.4,60,69.17,94.78,3.6,82.48,40,4.5,77,No
2551,Peter Mckee 2451,HR,Employee Relations,48.3,60,81.96,89.8,3.5,89.6,43,3.0,70,No
2552,Nicole Roberts 2452,HR,HR Manager,75.2,60,93.61,85.35,3.6,83.54,38,4.0,16,No
2553,Norman Lane 2453,Sales,Account Manager,60.2,60,81.4,82.29,4.8,94.17,53,4.8,83,No
2554,Judith Ware 2454,IT,Data Analyst,84.2,80,75.37,94.93,4.2,73.86,49,5.0,9,No
2555,Troy Ford 2455,HR,Recruitment Specialist,80.7,60,65.04,91.48,4.2,82.07,45,4.7,18,No
2556,Peggy Mann 2456,IT,Developer,69.7,80,77.01,84.55,4.5,89.48,44,3.7,81,No
2557,Christopher Benson 2457,Sales,Account Manager,61.3,60,64.68,94.36,4.5,92.03,42,4.4,29,No
2558,Peggy Mann 2458,Sales,Sales Executive,73.8,60,74.9,84.88,4.8,72.15,37,3.5,29,No
2559,Myra Nair 2459,Sales,Business Development,64.3,60,77.37,87.99,4.3,76.37,53,4.8,24,No
2560,Ishaan Malhotra 2460,Sales,Account Manager,81.5,60,54.39,83.77,4.0,70.59,38,3.4,73,No
2561,Joel Fuller 2461,Finance,Financial Analyst,78.7,20,91.88,91.74,3.5,77.01,47,3.4,65,No
2562,Cody Bright 2462,HR,HR Manager,100.0,60,65.61,81.04,3.4,73.78,43,4.7,34,No
2563,Rohan Pillai 2463,HR,Recruitment Specialist,66.7,60,76.14,85.91,4.4,88.31,54,4.0,50,No
2564,Anna Dominguez 2464,IT,Developer,68.4,100,83.34,83.42,3.8,85.83,47,4.5,70,No
2565,Ayaan Saxena 2465,IT,Developer,70.1,20,91.09,89.85,3.1,82.77,43,4.5,70,No
2566,Clinton Scott 2466,IT,Data Analyst,70.7,60,70.08,90.72,2.6,84.21,54,3.3,26,No
2567,Saanvi Iyer 2467,HR,Employee Relations,84.3,80,52.91,80.27,5.0,93.55,53,4.0,9,No
2568,Myra Nair 2468,Marketing,Marketing Executive,68.7,80,88.79,90.85,3.3,75.66,50,3.5,42,No
2569,Rita Walker 2469,IT,Software Engineer,95.7,20,65.51,77.66,3.5,68.56,52,2.8,54,No
2570,Connie Bailey 2470,Sales,Sales Executive,79.0,60,81.59,100.0,4.6,89.68,53,3.9,70,No
2571,Rohan Pillai 2471,Finance,Auditor,66.2,20,82.22,84.42,3.2,80.87,51,3.6,5,No
2572,Vihaan Verma 2472,IT,Data Analyst,63.1,80,45.48,95.34,4.2,75.85,46,4.4,5,No
2573,Kavya Menon 2473,Sales,Sales Executive,84.5,60,61.85,89.41,5.0,88.43,45,4.7,76,No
2574,Myra Nair 2474,IT,Software Engineer,72.3,80,73.39,89.69,5.0,68.26,51,3.6,47,No
2575,Peter Mckee 2475,HR,HR Manager,72.1,80,52.16,79.84,3.6,77.14,40,3.3,76,No
2576,Riya Mishra 2476,Finance,Auditor,64.8,100,64.62,93.9,3.9,64.89,49,4.0,1,No
2577,Nicole Roberts 2477,HR,Employee Relations,71.3,80,79.23,88.34,3.7,86.07,36,4.2,82,No
2578,Aditi Sen 2478,Sales,Account Manager,64.3,60,77.12,91.29,3.9,96.59,48,4.3,50,No
2579,Manish Badami 2479,IT,Developer,88.3,40,81.03,87.36,4.7,79.41,37,5.0,60,No
2580,Aditi Sen 2480,HR,HR Manager,80.6,60,82.49,88.91,3.1,77.67,46,4.7,18,No
2581,Jasmine Gonzalez 2481,Sales,Business Development,69.9,60,61.18,81.79,4.3,98.28,40,4.0,1,No
2582,Clinton Scott 2482,HR,HR Manager,69.7,20,65.15,86.93,3.8,89.02,39,5.0,50,No
2583,Steven Barnett 2483,Marketing,SEO Specialist,73.1,60,85.61,85.06,4.7,100.0,41,4.5,25,No
2584,Megan Williams 2484,HR,Employee Relations,71.9,80,93.24,83.06,4.7,85.29,40,4.6,69,No
2585,Ashley Marsh 2485,Sales,Account Manager,60.5,80,68.33,88.94,3.7,85.81,53,5.0,19,No
2586,Judith Ware 2486,Sales,Sales Executive,49.2,60,80.59,90.54,3.8,95.56,48,4.3,22,No
2587,Ayaan Saxena 2487,IT,Developer,62.4,60,86.07,89.76,4.4,82.81,52,4.1,53,No
2588,Peter Mckee 2488,Sales,Sales Executive,70.5,60,80.38,87.28,4.5,85.98,48,4.2,14,No
2589,Ananya Singh 2489,HR,HR Executive,63.1,80,75.51,90.88,2.4,64.63,42,4.0,5,No
2590,Pari Joshi 2490,Sales,Sales Executive,81.8,60,71.59,89.7,4.4,97.9,48,3.7,34,No
2591,Cody Bright 2491,HR,HR Manager,69.3,100,97.85,88.68,4.9,87.13,53,3.3,74,No
2592,Rohan Pillai 2492,HR,Employee Relations,94.5,80,78.96,89.16,4.1,83.14,37,4.7,7,Yes
2593,Nicole Roberts 2493,Finance,Financial Analyst,65.3,100,81.89,96.28,4.5,91.26,49,4.7,56,No
2594,Troy Ford 2494,Finance,Auditor,73.7,60,81.24,79.56,4.7,74.55,50,3.7,49,No
2595,Myra Nair 2495,Sales,Sales Executive,68.5,80,69.88,85.77,4.0,79.59,49,4.0,48,No
2596,Cody Bright 2496,Marketing,SEO Specialist,77.3,80,78.51,90.37,4.4,88.43,48,3.6,20,No
2597,Riya Mishra 2497,IT,Software Engineer,84.8,60,74.78,76.92,3.9,84.35,49,4.3,35,No
2598,Meera Das 2498,HR,HR Manager,79.3,60,74.6,97.68,3.9,87.57,41,4.3,70,No
2599,Devansh Banerjee 2499,IT,Data Analyst,47.6,80,81.17,89.78,3.5,85.99,39,3.8,68,No
2600,Cody Bright 2500,IT,Developer,78.0,40,68.84,94.7,4.0,89.04,43,3.8,57,No
