EmployeeID,Name,Gender,Age,Department,JobRole,EducationLevel,JoiningDate,Country,MonthlySalary,OvertimeHoursPerMonth,LeavesTaken,ProjectsHandled,TrainingHours,LastPromotionYear,YearsAtCompany,WorkLifeBalanceScore,PerformanceRating,AttritionRisk
101,David Williams 1,Male,21,IT,Cybersecurity Specialist,3,2009-11-10,India,97796,8,27,1,24,2025,15,2.91,3,No
102,Anna Dominguez 2,Male,56,Sales,Sales Executive,5,2011-11-03,Germany,122052,4,11,13,27,2016,13,4.04,2,No
103,Manish Badami 3,Male,44,HR,HR Executive,3,2018-09-14,France,135808,39,18,11,6,2020,6,2.77,2,No
104,Riya Mishra 4,Female,47,Sales,Business Development,2,2010-03-28,France,171311,10,21,14,35,2025,14,4.0,3,No
105,Shannon Clark 5,Female,22,IT,Cybersecurity Specialist,4,2014-12-04,UK,126951,0,27,15,9,2023,10,2.05,3,No
106,Arjun Rao 6,Male,51,HR,Employee Relations,1,2020-10-01,UK,85886,41,9,15,35,2025,4,3.3,3,No
107,Avani Bhat 7,Female,34,HR,HR Manager,1,2022-02-06,France,138424,0,5,10,82,2024,2,3.75,2,No
108,Rita Walker 8,Female,22,Support,Support Engineer,3,2015-12-01,UK,139697,38,27,3,17,2019,9,3.96,3,No
109,Vivaan Gupta 9,Female,49,Marketing,SEO Analyst,5,2009-12-25,UK,131299,4,24,8,5,2020,15,2.75,3,No
110,Diya Patel 10,Male,35,Sales,Sales Executive,2,2022-08-18,Canada,184177,21,8,5,6,2024,2,3.23,4,No
111,Judith Ware 11,Other,32,HR,HR Executive,3,2022-02-24,Germany,49497,25,1,8,11,2025,2,1.66,2,No
112,Cody Bright 12,Male,57,IT,Data Analyst,2,2011-12-27,Canada,167888,5,3,15,40,2018,13,3.09,4,No
113,Kabir Mehta 13,Female,48,Sales,Business Development,3,2012-08-01,India,153915,31,8,2,62,2018,12,4.28,3,No
114,Joel Fuller 14,Female,40,HR,HR Executive,3,2022-05-15,UK,127019,10,14,7,24,2024,2,2.94,3,No
115,Jasmine Gonzalez 15,Male,59,Sales,Business Development,3,2023-11-18,Canada,144017,9,29,9,80,2025,1,2.45,3,No
116,Ashley Marsh 16,Male,44,IT,Tester,2,2011-01-03,Canada,104385,38,12,7,52,2024,13,3.98,3,No
117,Rohan Pillai 17,Female,41,Sales,Business Development,3,2012-03-13,USA,140153,33,19,3,32,2019,12,5.49,3,No
118,Judith Ware 18,Male,30,Support,Helpdesk,5,2012-10-09,Canada,68826,30,7,7,72,2025,12,5.37,2,No
119,Diya Patel 19,Female,34,Sales,Business Development,3,2021-10-01,Canada,145034,11,25,15,5,2024,3,3.46,4,No
120,Arjun Rao 20,Male,57,HR,HR Manager,3,2018-11-02,Germany,119242,15,27,8,61,2022,6,3.97,2,No
121,Brenda Bauer 21,Female,38,Sales,Sales Executive,4,2017-09-14,France,158066,37,18,14,65,2025,7,4.84,3,No
122,Aditi Sen 22,Other,44,Support,Support Engineer,1,2023-05-25,USA,85100,2,18,1,8,2025,1,3.44,3,No
123,Megan Williams 23,Male,34,IT,Developer,3,2010-06-10,USA,160170,1,24,13,66,2024,14,3.66,3,No
124,Christopher Benson 24,Female,54,Sales,Business Development,4,2019-10-19,USA,170431,4,15,13,15,2022,5,2.88,4,No
125,Cody Bright 25,Male,32,HR,Employee Relations,1,2019-08-13,India,131205,10,10,3,54,2025,5,5.57,5,No
126,Myra Nair 26,Female,42,IT,Engineer,3,2023-09-18,USA,47809,24,9,5,39,2025,1,3.92,1,No
127,Ishaan Malhotra 27,Female,26,Marketing,Content Lead,2,2020-09-04,Germany,99450,34,7,12,25,2025,4,2.93,3,No
128,Kavya Menon 28,Female,56,Sales,Account Manager,3,2014-08-05,France,73428,34,0,6,37,2019,10,2.62,4,Yes
129,Erin Massey 29,Male,56,IT,Tester,3,2023-06-20,India,107790,21,9,3,34,2025,1,1.34,3,No
130,Brenda Bauer 30,Female,42,IT,Tester,2,2011-05-28,Germany,146126,36,29,15,67,2020,13,1.62,3,No
131,Meera Das 31,Male,34,Sales,Account Manager,3,2010-01-28,USA,125321,21,17,4,58,2020,14,2.47,5,No
132,Clinton Scott 32,Male,36,Finance,Auditor,2,2009-03-04,France,37093,10,2,5,13,2020,15,4.13,3,No
133,Manish Badami 33,Male,56,IT,Data Analyst,3,2023-01-19,Germany,79498,31,29,15,46,2025,1,3.53,2,No
134,Steven Barnett 34,Female,45,HR,Employee Relations,2,2012-04-14,France,151251,34,10,3,70,2018,12,1.95,4,No
135,Sara Snyder 35,Female,52,IT,Tester,4,2009-09-19,India,75985,30,17,4,71,2021,15,2.27,5,No
136,Pari Joshi 36,Female,53,Sales,Sales Executive,1,2017-11-16,Germany,67009,7,2,5,41,2019,7,3.48,3,No
137,Reyansh Reddy 37,Female,56,Support,Helpdesk,4,2017-03-04,France,163515,19,7,2,50,2024,7,4.87,3,No
138,Kavya Menon 38,Male,40,IT,Developer,3,2021-09-25,Germany,52718,41,26,10,18,2023,3,2.1,4,Yes
139,Rita Walker 39,Other,38,IT,Developer,2,2017-01-15,USA,51705,33,26,9,65,2023,7,3.66,5,No
140,Ishaan Malhotra 40,Female,58,Support,Support Engineer,3,2021-08-26,USA,122618,3,27,10,46,2025,3,2.75,4,No
141,Joel Fuller 41,Male,23,IT,Software Engineer,3,2022-01-02,USA,97598,17,13,8,64,2024,2,2.78,3,No
142,Ayaan Saxena 42,Female,43,IT,Cybersecurity Specialist,3,2014-10-27,India,112878,3,5,12,41,2023,10,2.03,4,No
143,Christopher Benson 43,Female,52,Sales,Business Development,2,2009-05-27,Germany,47239,19,14,6,37,2020,15,3.83,3,No
144,Ishaan Malhotra 44,Male,36,IT,Software Engineer,3,2020-11-14,France,81622,8,13,10,12,2023,4,2.71,2,No
145,Riya Mishra 45,Male,25,Sales,Business Development,2,2010-12-06,France,81665,15,6,11,43,2025,14,2.85,3,No
146,Christopher Benson 46,Male,24,Finance,Accountant,1,2014-02-26,UK,67274,25,9,3,23,2025,10,4.18,3,No
147,Connie Bailey 47,Male,41,Finance,Financial Analyst,3,2021-05-19,Canada,177491,37,14,11,29,2023,3,4.24,4,No
148,Aditi Sen 48,Female,34,Finance,Accountant,1,2012-07-28,USA,143368,24,30,2,69,2022,12,2.47,4,No
149,Riya Mishra 49,Male,59,Marketing,SEO Analyst,2,2017-12-17,USA,181075,3,28,7,37,2020,7,3.5,2,No
150,Brenda Bauer 50,Male,51,Sales,Business Development,1,2012-05-12,USA,143563,40,9,8,22,2024,12,4.11,3,No
151,David Williams 51,Male,34,Marketing,Content Lead,2,2012-03-27,UK,171746,40,21,10,73,2017,12,3.02,3,No
152,Norman Lane 52,Other,26,IT,Tester,2,2023-02-28,UK,128103,37,16,1,56,2025,1,3.87,4,No
153,David Williams 53,Female,32,IT,Engineer,5,2018-12-03,UK,101446,18,26,14,78,2023,6,2.88,1,No
154,Ashley Marsh 54,Male,36,HR,HR Executive,1,2009-10-04,USA,64072,13,18,15,22,2018,15,2.85,3,No
155,Taylor Morris 55,Female,37,Marketing,SEO Specialist,3,2010-11-02,France,68717,20,28,6,35,2023,14,2.27,3,No
156,Riya Mishra 56,Male,43,IT,Tester,2,2022-02-03,USA,152202,14,16,7,56,2025,2,4.91,4,No
157,Jeffery Lopez 57,Male,34,Finance,Accountant,4,2016-02-14,UK,157389,2,11,15,0,2022,8,2.72,3,No
158,Vivaan Gupta 58,Female,27,HR,Recruitment Specialist,1,2010-06-02,UK,144525,36,14,13,71,2021,14,2.4,3,No
159,Peggy Mann 59,Other,52,IT,Engineer,5,2019-01-08,Canada,39646,15,25,9,2,2022,5,2.15,5,No
160,Troy Ford 60,Female,35,IT,Developer,3,2021-10-20,Germany,74713,13,11,12,13,2025,3,3.28,3,No
161,Navya Chopra 61,Female,37,Sales,Sales Executive,1,2014-02-20,Canada,102936,8,24,3,80,2019,10,2.18,2,No
162,Jeffery Lopez 62,Male,54,Sales,Business Development,4,2017-11-18,Canada,57185,6,28,2,33,2021,7,2.49,2,No
163,Arjun Rao 63,Female,25,IT,Cybersecurity Specialist,3,2010-11-16,USA,119263,13,8,5,69,2022,14,4.0,4,No
164,Diya Patel 64,Female,47,IT,Tester,2,2013-05-07,Germany,87107,5,4,13,68,2018,11,3.65,3,No
165,Christopher Benson 65,Male,43,Sales,Business Development,4,2009-06-02,Germany,52563,20,3,15,50,2024,15,1.85,3,No
166,Cody Bright 66,Male,34,IT,Engineer,4,2009-11-13,USA,105729,14,11,10,28,2019,15,3.92,3,No
167,Aarav Sharma 67,Other,35,Sales,Sales Executive,3,2022-04-24,France,50701,7,15,1,81,2025,2,3.23,5,No
168,Arjun Rao 68,Male,53,Sales,Business Development,2,2019-12-16,India,163331,33,8,13,47,2025,5,4.34,3,No
169,Reyansh Reddy 69,Male,51,HR,Employee Relations,4,2013-07-07,USA,134280,39,24,6,78,2018,11,4.62,3,No
170,Christopher Benson 70,Other,55,Marketing,Marketing Executive,3,2016-12-12,France,73665,0,30,9,78,2021,8,1.59,1,No
171,Ananya Singh 71,Male,37,IT,Cybersecurity Specialist,4,2011-04-01,France,50957,31,2,10,15,2020,13,3.96,3,No
172,Sara Snyder 72,Female,48,Marketing,Content Lead,3,2013-07-06,Germany,81008,4,20,15,56,2021,11,4.83,2,No
173,Reyansh Reddy 73,Male,39,Sales,Account Manager,2,2023-08-27,USA,96920,29,2,9,9,2025,1,3.41,4,No
174,Vihaan Verma 74,Female,43,Marketing,SEO Analyst,4,2009-05-24,USA,148828,21,25,7,18,2017,15,3.89,4,No
175,Rita Walker 75,Female,52,Sales,Sales Executive,2,2023-10-27,Germany,158852,19,17,14,66,2025,1,3.42,3,No
176,Meera Das 76,Male,33,IT,Software Engineer,2,2021-08-09,Canada,167698,15,16,11,35,2025,3,4.18,3,No
177,Reyansh Reddy 77,Other,40,IT,Engineer,3,2021-01-03,USA,125815,6,27,7,3,2023,3,3.58,3,No
178,Riya Mishra 78,Female,55,IT,Data Analyst,3,2011-12-12,India,73311,6,9,15,74,2017,13,1.18,3,No
179,Megan Williams 79,Female,25,IT,Engineer,1,2017-11-22,India,67356,1,1,8,32,2021,7,3.08,3,No
180,Megan Williams 80,Male,29,Sales,Business Development,4,2018-04-08,UK,38809,13,23,10,27,2021,6,3.01,5,No
181,Ayaan Saxena 81,Female,49,IT,Cybersecurity Specialist,3,2017-10-14,UK,69875,30,10,14,79,2025,7,3.91,4,No
182,Aditya Kumar 82,Female,26,HR,HR Executive,3,2020-01-12,USA,44465,40,23,2,8,2024,4,4.38,3,No
183,Kabir Mehta 83,Male,45,IT,Engineer,4,2013-05-14,France,108844,13,2,14,74,2021,11,2.97,3,No
184,Kavya Menon 84,Female,51,IT,Software Engineer,3,2022-04-28,India,121889,4,22,6,5,2025,2,1.98,3,No
185,Vihaan Verma 85,Female,42,IT,Tester,1,2022-01-26,India,50250,10,22,5,48,2024,2,3.51,4,No
186,Ashley Marsh 86,Male,22,Support,Support Engineer,2,2014-06-26,Germany,81023,39,1,5,75,2025,10,2.42,3,No
187,Riya Mishra 87,Male,25,Sales,Business Development,5,2023-03-11,India,136350,4,8,13,21,2025,1,2.59,3,No
188,Nicole Roberts 88,Female,47,IT,Software Engineer,1,2010-11-05,France,51427,28,18,3,47,2019,14,5.58,1,No
189,Saanvi Iyer 89,Male,45,Sales,Sales Executive,3,2011-06-04,UK,106643,10,1,3,20,2022,13,2.52,4,No
190,Nicole Roberts 90,Female,28,IT,Developer,3,2010-10-10,UK,169511,4,27,6,32,2021,14,1.64,4,No
191,Christopher Benson 91,Other,21,IT,Tester,3,2015-12-22,Germany,113672,31,18,12,80,2022,9,3.8,3,No
192,Connie Bailey 92,Female,40,Sales,Sales Executive,1,2010-07-18,UK,52300,35,1,10,55,2020,14,3.91,3,No
193,Ananya Singh 93,Other,43,HR,HR Executive,3,2010-07-23,Canada,95289,14,14,13,28,2024,14,4.08,2,No
194,Brenda Bauer 94,Male,52,Sales,Account Manager,3,2017-02-03,UK,183254,18,23,10,52,2022,7,4.04,4,No
195,Avani Bhat 95,Male,31,Support,Support Engineer,5,2014-03-01,India,54659,21,20,7,39,2018,10,3.35,4,No
196,Vihaan Verma 96,Female,59,HR,Recruitment Specialist,2,2021-01-10,France,45360,33,2,14,73,2023,3,3.36,3,No
197,Norman Lane 97,Male,44,Finance,Financial Analyst,3,2022-11-06,France,56424,16,4,1,17,2024,2,4.14,2,No
198,Ananya Singh 98,Female,31,Sales,Account Manager,3,2010-09-25,Canada,133035,11,10,14,46,2021,14,4.81,3,No
199,Ananya Singh 99,Female,49,IT,Data Analyst,3,2021-11-14,France,83791,24,26,3,12,2023,3,1.94,3,No
200,Saanvi Iyer 100,Female,46,Support,Support Engineer,3,2017-01-28,France,169137,16,23,12,26,2022,7,2.59,3,No
201,Nicole Roberts 101,Male,36,IT,Software Engineer,2,2019-07-22,France,47300,9,6,1,61,2021,5,3.83,3,No
202,Vivaan Gupta 102,Female,55,Sales,Business Development,2,2012-04-11,USA,68370,27,5,10,73,2019,12,3.45,3,Yes
203,Manish Badami 103,Other,40,Sales,Sales Executive,3,2021-03-09,Canada,62209,17,13,3,44,2023,3,1.41,3,No
204,Rohan Pillai 104,Female,23,Marketing,Content Lead,3,2015-10-21,Canada,55927,17,28,5,2,2023,9,2.63,3,No
205,Troy Ford 105,Male,21,HR,Recruitment Specialist,3,2022-08-20,UK,69579,31,0,9,21,2025,2,3.5,4,No
206,Jasmine Gonzalez 106,Female,21,Finance,Financial Analyst,2,2017-04-16,India,44032,13,25,3,26,2022,7,3.21,3,No
207,Sara Khan 107,Female,37,Sales,Business Development,2,2009-06-06,Canada,128254,15,16,10,54,2018,15,2.84,3,No
208,Jasmine Gonzalez 108,Female,22,Sales,Sales Executive,1,2014-03-02,Germany,113413,17,16,14,66,2017,10,5.54,2,No
209,Judith Ware 109,Other,49,IT,Developer,1,2018-11-25,Canada,148528,15,13,10,32,2021,6,3.18,3,No
210,Troy Ford 110,Female,40,Finance,Financial Analyst,3,2018-02-09,Germany,158916,16,9,9,1,2022,6,3.43,4,No
211,Steven Barnett 111,Male,26,IT,Software Engineer,4,2010-12-16,France,107302,6,29,1,74,2024,14,3.33,1,No
212,Ishaan Malhotra 112,Female,28,Sales,Business Development,2,2017-11-14,India,120757,11,7,6,45,2023,7,3.41,3,No
213,Erin Massey 113,Male,49,Marketing,Content Strategist,2,2018-08-27,Germany,50932,33,7,9,73,2022,6,3.24,2,No
214,Vihaan Verma 114,Female,53,Sales,Account Manager,2,2022-10-23,India,60714,9,13,12,32,2025,2,1.12,3,No
215,Aditya Kumar 115,Female,23,Support,Support Engineer,3,2013-12-21,India,92803,4,6,5,57,2019,11,2.21,3,No
216,Kabir Mehta 116,Male,55,IT,Developer,1,2019-03-02,USA,168624,20,5,11,6,2021,5,2.89,2,No
217,Devansh Banerjee 117,Female,25,Support,Support Engineer,4,2021-11-24,India,91627,2,3,14,14,2024,3,4.01,2,No
218,Devansh Banerjee 118,Male,47,Marketing,Marketing Executive,3,2015-02-24,France,114810,18,0,10,25,2019,9,2.9,4,No
219,Myra Nair 119,Female,32,Marketing,SEO Specialist,5,2016-05-25,Germany,80380,34,14,2,10,2024,8,2.37,3,Yes
220,Arjun Rao 120,Male,40,IT,Engineer,4,2014-04-08,India,99686,5,30,5,37,2022,10,4.14,3,No
221,Anna Dominguez 121,Female,40,Finance,Financial Analyst,3,2013-11-15,France,155321,13,24,1,26,2025,11,4.55,4,No
222,Meera Das 122,Female,29,Marketing,SEO Specialist,3,2022-07-28,USA,80028,3,14,9,6,2025,2,1.67,3,No
223,Meera Das 123,Male,59,HR,Recruitment Specialist,2,2009-08-21,France,181367,17,0,10,0,2021,15,3.3,4,No
224,Nicole Roberts 124,Female,24,Marketing,Content Lead,3,2023-02-23,France,148141,28,19,13,73,2025,1,0.53,5,No
225,Ananya Singh 125,Male,39,Marketing,Content Lead,4,2009-03-15,Canada,90248,34,2,10,20,2018,15,2.89,3,No
226,Pari Joshi 126,Male,58,HR,Employee Relations,1,2020-10-26,UK,45523,37,22,9,78,2025,4,5.08,3,No
227,Aarav Sharma 127,Other,47,Sales,Business Development,4,2020-10-28,Germany,80530,15,4,6,29,2023,4,3.29,3,No
228,Riya Mishra 128,Female,33,Support,Support Engineer,2,2012-11-26,UK,48769,19,4,11,7,2019,12,1.82,4,No
229,Peter Mckee 129,Male,33,Sales,Account Manager,4,2014-02-03,USA,147035,23,3,9,82,2019,10,1.84,3,No
230,Shannon Clark 130,Female,42,IT,Engineer,4,2013-04-26,USA,114782,34,16,14,2,2025,11,2.27,4,No
231,Myra Nair 131,Female,48,HR,HR Manager,3,2022-11-23,France,113382,18,20,3,54,2024,2,2.53,5,No
232,Diya Patel 132,Male,42,Sales,Sales Executive,3,2017-10-16,UK,145939,3,19,15,14,2023,7,1.31,4,No
233,David Williams 133,Female,39,IT,Data Analyst,3,2011-12-01,Germany,179542,32,13,4,35,2023,13,3.53,4,No
234,Diya Patel 134,Male,28,IT,Engineer,4,2009-06-13,Germany,113712,1,25,13,5,2024,15,3.74,3,No
235,Navya Chopra 135,Male,28,HR,HR Manager,5,2021-06-24,France,153643,12,28,6,41,2023,3,2.85,4,No
236,Devansh Banerjee 136,Male,46,IT,Engineer,4,2017-02-18,Germany,142417,29,7,4,49,2019,7,5.25,2,No
237,Taylor Morris 137,Female,46,IT,Tester,3,2017-01-19,Canada,172877,33,1,1,17,2021,7,2.77,3,No
238,Sara Khan 138,Female,43,Sales,Account Manager,3,2023-07-15,UK,163256,29,7,7,82,2025,1,4.4,3,No
239,Peggy Mann 139,Female,33,Support,Helpdesk,4,2018-08-23,USA,136422,23,0,5,49,2024,6,1.81,3,No
240,Manish Badami 140,Female,48,Marketing,Content Strategist,3,2020-09-08,Germany,124300,32,28,14,29,2025,4,3.5,2,No
241,Diya Patel 141,Female,29,IT,Cybersecurity Specialist,4,2013-08-11,Germany,41630,40,3,15,76,2021,11,3.65,3,Yes
242,Jeffery Lopez 142,Female,40,IT,Data Analyst,3,2016-02-17,Germany,159474,9,18,8,38,2021,8,2.49,2,No
243,Kavya Menon 143,Male,39,HR,HR Manager,1,2016-06-23,France,133869,17,4,9,11,2018,8,3.37,3,No
244,Judith Ware 144,Female,59,Sales,Sales Executive,3,2021-06-23,USA,50701,18,28,5,58,2023,3,2.48,3,No
245,Kabir Mehta 145,Male,32,IT,Data Analyst,3,2020-08-02,UK,180931,6,4,8,75,2023,4,2.89,5,No
246,Reyansh Reddy 146,Other,35,Sales,Sales Executive,2,2009-01-10,Germany,132285,18,20,13,43,2016,15,2.92,3,No
247,Manish Badami 147,Female,51,Sales,Account Manager,2,2023-08-16,Canada,152556,23,27,1,3,2025,1,1.79,4,No
248,Christopher Benson 148,Female,34,Support,Helpdesk,3,2014-08-14,India,50021,14,19,1,35,2020,10,3.72,2,No
249,Diya Patel 149,Male,31,Marketing,Content Lead,1,2022-08-16,France,99361,40,23,7,47,2024,2,3.79,3,No
250,Erin Massey 150,Female,46,Sales,Sales Executive,2,2017-10-07,UK,167317,41,18,15,13,2024,7,2.83,3,No
251,Clinton Scott 151,Male,47,IT,Cybersecurity Specialist,3,2009-02-20,Germany,45355,22,11,6,80,2022,15,3.44,3,No
252,Cody Bright 152,Female,31,HR,Employee Relations,5,2010-09-24,UK,133841,3,19,5,48,2019,14,2.28,4,No
253,Riya Mishra 153,Female,58,Marketing,Marketing Executive,3,2013-04-24,France,52198,37,0,14,66,2017,11,1.95,4,No
254,Connie Bailey 154,Female,54,IT,Software Engineer,5,2012-10-16,India,101951,3,6,15,76,2017,12,2.8,4,No
255,Sara Snyder 155,Female,39,IT,Developer,3,2009-06-11,Canada,167724,4,16,5,8,2023,15,3.89,3,No
256,Navya Chopra 156,Female,26,HR,Recruitment Specialist,2,2017-09-17,Germany,53740,40,30,14,20,2025,7,3.12,3,No
257,Vivaan Gupta 157,Female,58,Finance,Financial Analyst,3,2011-06-11,Canada,38810,22,1,9,71,2017,13,2.76,3,No
258,Ishaan Malhotra 158,Female,48,HR,Employee Relations,3,2015-04-03,France,158743,39,10,1,80,2018,9,3.54,2,No
259,Jeffery Lopez 159,Male,21,Sales,Business Development,3,2014-05-26,Canada,182641,36,6,8,15,2019,10,2.28,4,No
260,Avani Bhat 160,Female,55,Support,Support Engineer,1,2015-11-08,France,134855,10,16,2,15,2020,9,1.97,4,No
261,Jeffery Lopez 161,Male,28,IT,Developer,3,2015-11-10,India,61783,10,26,7,27,2019,9,2.85,3,No
262,Norman Lane 162,Female,27,Marketing,SEO Specialist,1,2018-06-17,Canada,156701,12,2,6,50,2023,6,2.35,4,No
263,Meera Das 163,Female,31,Finance,Accountant,3,2016-06-07,UK,113047,13,28,10,55,2025,8,2.01,4,No
264,Jasmine Gonzalez 164,Female,59,Finance,Financial Analyst,2,2015-06-03,UK,44471,7,21,2,79,2020,9,4.1,3,No
265,Sara Khan 165,Male,24,IT,Developer,3,2012-11-25,France,145771,24,5,12,56,2016,12,5.4,3,No
266,Peter Mckee 166,Male,45,Finance,Accountant,3,2010-10-26,UK,41163,17,21,13,51,2023,14,1.65,5,No
267,Manish Badami 167,Female,32,HR,Employee Relations,1,2017-04-05,India,97071,17,10,3,45,2021,7,2.78,3,No
268,Manish Badami 168,Female,46,IT,Software Engineer,3,2020-05-19,Canada,51065,9,28,4,77,2024,4,3.37,3,No
269,Meera Das 169,Other,58,HR,Employee Relations,3,2010-12-18,Canada,157323,6,17,7,37,2023,14,1.48,3,No
270,Brenda Bauer 170,Male,32,HR,Employee Relations,4,2020-08-07,Germany,152969,13,17,8,83,2022,4,2.98,3,No
271,Peter Mckee 171,Female,57,IT,Tester,4,2018-05-01,France,118456,14,21,13,47,2024,6,3.05,3,No
272,Devansh Banerjee 172,Male,44,Marketing,Content Lead,3,2010-10-17,UK,54154,15,9,11,40,2016,14,3.68,3,No
273,Navya Chopra 173,Female,36,HR,Employee Relations,3,2013-08-20,India,140703,1,4,2,58,2018,11,2.43,3,No
274,Peter Mckee 174,Female,33,HR,HR Executive,2,2020-04-25,France,55229,29,29,8,66,2024,4,2.64,3,No
275,Sara Snyder 175,Male,45,IT,Developer,2,2013-02-05,UK,87587,29,22,11,73,2017,11,4.17,4,No
276,Jasmine Gonzalez 176,Male,24,IT,Cybersecurity Specialist,2,2017-06-06,Germany,84713,17,22,9,83,2020,7,3.62,5,No
277,Sara Snyder 177,Female,31,Finance,Auditor,3,2016-10-28,Canada,56101,30,20,7,65,2018,8,3.93,3,Yes
278,Joel Fuller 178,Male,52,Sales,Account Manager,2,2016-03-10,Canada,75391,12,23,1,26,2023,8,1.45,4,No
279,Peter Mckee 179,Male,27,Finance,Auditor,1,2010-06-10,India,107723,19,25,6,31,2016,14,2.53,4,No
280,Connie Bailey 180,Female,31,IT,Cybersecurity Specialist,3,2016-10-21,USA,135264,34,21,8,55,2024,8,4.72,3,No
281,Megan Williams 181,Female,48,IT,Cybersecurity Specialist,3,2022-12-24,France,72921,22,14,5,9,2024,2,3.12,4,No
282,Rohan Pillai 182,Male,43,IT,Data Analyst,3,2010-04-13,UK,63460,41,20,12,39,2022,14,3.07,2,No
283,Avani Bhat 183,Female,43,HR,Employee Relations,1,2014-10-10,USA,126725,32,19,15,16,2024,10,3.12,3,No
284,Pari Joshi 184,Male,48,Finance,Auditor,3,2022-03-06,France,93445,37,22,2,57,2025,2,4.77,3,No
285,Devansh Banerjee 185,Female,46,IT,Data Analyst,3,2022-10-09,UK,117208,34,3,15,5,2024,2,2.45,3,No
286,Arjun Rao 186,Female,45,Sales,Account Manager,3,2022-08-10,Germany,141283,35,20,5,38,2025,2,3.87,3,No
287,Peggy Mann 187,Male,49,IT,Tester,2,2020-08-03,France,120779,19,20,8,17,2024,4,3.46,4,No
288,Norman Lane 188,Other,39,Sales,Business Development,3,2019-01-19,UK,38060,2,0,2,72,2025,5,1.83,2,No
289,Anna Dominguez 189,Male,53,IT,Developer,4,2020-03-14,Canada,160806,7,14,1,71,2023,4,2.9,5,No
290,Kabir Mehta 190,Male,56,Sales,Sales Executive,2,2009-12-06,France,48731,39,16,15,41,2020,15,2.37,3,Yes
291,Taylor Morris 191,Male,34,Sales,Account Manager,5,2019-03-18,UK,112830,31,18,4,3,2021,5,1.93,4,No
292,Navya Chopra 192,Male,34,Finance,Accountant,3,2020-12-15,India,150871,28,30,4,19,2025,4,4.4,3,No
293,Ishaan Malhotra 193,Female,55,HR,HR Manager,2,2017-09-06,Canada,55719,6,13,9,27,2023,7,1.98,3,No
294,Devansh Banerjee 194,Female,50,Sales,Sales Executive,3,2014-05-12,Canada,84116,1,26,3,39,2023,10,3.95,3,No
295,Avani Bhat 195,Male,48,IT,Tester,1,2023-03-07,USA,61325,20,18,4,64,2025,1,2.34,3,No
296,Peter Mckee 196,Female,37,Sales,Sales Executive,2,2010-07-20,UK,49551,5,17,3,43,2021,14,4.56,2,No
297,Christopher Benson 197,Female,23,HR,HR Manager,3,2011-10-18,USA,128287,27,27,2,22,2023,13,2.78,3,No
298,Kabir Mehta 198,Male,36,HR,HR Manager,4,2023-02-13,India,59278,41,1,4,56,2025,1,3.54,2,Yes
299,Steven Barnett 199,Female,50,Finance,Financial Analyst,4,2022-12-24,USA,50141,35,5,14,46,2024,2,2.63,3,No
300,Christopher Benson 200,Female,49,IT,Cybersecurity Specialist,3,2011-04-07,Germany,102913,31,12,8,12,2022,13,1.03,5,No
301,Ashley Marsh 201,Female,35,IT,Data Analyst,2,2023-03-25,USA,68615,41,16,1,15,2025,1,1.53,1,Yes
302,Steven Barnett 202,Female,45,HR,Recruitment Specialist,3,2012-10-09,USA,157058,8,5,8,54,2023,12,1.3,3,No
303,Steven Barnett 203,Male,58,Finance,Accountant,3,2009-07-23,Germany,147684,10,20,8,64,2019,15,3.45,4,No
304,Norman Lane 204,Male,58,IT,Data Analyst,4,2014-01-26,Germany,62452,22,21,15,80,2023,10,3.17,3,No
305,Nicole Roberts 205,Male,43,Sales,Sales Executive,4,2012-08-18,France,85391,10,4,3,15,2016,12,3.79,3,No
306,Ishaan Malhotra 206,Male,45,IT,Tester,4,2012-08-27,USA,155288,1,6,14,36,2022,12,2.52,3,No
307,Devansh Banerjee 207,Male,27,Finance,Auditor,3,2014-02-01,Canada,148535,2,0,10,51,2024,10,1.03,3,No
308,Ayaan Saxena 208,Male,42,Finance,Accountant,3,2011-11-24,Germany,177770,10,12,10,9,2024,13,4.5,2,No
309,Steven Barnett 209,Female,37,IT,Software Engineer,2,2010-04-11,UK,121711,34,18,12,37,2017,14,4.19,3,No
310,Norman Lane 210,Male,38,IT,Cybersecurity Specialist,5,2013-10-06,France,112850,14,21,12,43,2025,11,3.57,3,No
311,Rohan Pillai 211,Male,30,IT,Developer,2,2021-10-11,France,144733,10,0,6,73,2025,3,4.31,4,No
312,Myra Nair 212,Other,30,Marketing,Content Lead,1,2018-10-01,USA,37365,30,12,13,53,2024,6,3.1,4,No
313,Peggy Mann 213,Male,27,Sales,Business Development,2,2014-09-27,India,132662,27,10,13,50,2025,10,3.47,4,No
314,Aarav Sharma 214,Female,58,Sales,Business Development,4,2013-07-21,Canada,78372,27,26,4,51,2023,11,2.5,3,No
315,Saanvi Iyer 215,Female,47,IT,Software Engineer,3,2018-06-03,India,79134,31,6,13,69,2024,6,2.13,3,Yes
316,Riya Mishra 216,Male,53,IT,Cybersecurity Specialist,3,2023-09-02,India,72823,24,19,1,58,2025,1,1.62,3,No
317,Aditya Kumar 217,Female,21,Sales,Business Development,5,2018-12-10,Germany,106158,19,2,14,12,2023,6,2.45,3,No
318,Peggy Mann 218,Female,54,Marketing,Content Lead,4,2019-01-01,UK,131076,27,25,1,40,2021,5,5.86,3,No
319,Christopher Benson 219,Female,24,HR,Recruitment Specialist,2,2017-10-18,USA,168021,24,24,5,11,2025,7,1.68,4,No
320,Aarav Sharma 220,Female,37,Finance,Auditor,2,2018-06-06,Canada,84396,10,0,12,49,2024,6,2.26,3,No
321,Judith Ware 221,Female,24,HR,HR Manager,4,2012-09-10,USA,143336,18,7,8,56,2025,12,3.31,3,No
322,Steven Barnett 222,Male,46,IT,Engineer,4,2012-04-08,USA,66912,27,16,1,49,2020,12,5.6,3,No
323,Peter Mckee 223,Other,24,Finance,Financial Analyst,3,2017-04-03,France,91947,0,12,2,56,2023,7,2.15,4,No
324,Christopher Benson 224,Female,21,Finance,Auditor,3,2022-04-01,India,79387,4,13,7,53,2025,2,2.57,3,No
325,Avani Bhat 225,Female,27,Sales,Sales Executive,2,2012-09-11,UK,51508,9,4,8,65,2019,12,3.87,3,No
326,Brenda Bauer 226,Male,50,Sales,Business Development,4,2023-05-23,UK,80592,41,25,12,7,2025,1,3.81,4,No
327,Pari Joshi 227,Female,29,IT,Cybersecurity Specialist,3,2010-03-21,UK,144249,33,23,14,62,2020,14,2.51,2,No
328,Reyansh Reddy 228,Other,55,Sales,Business Development,3,2017-10-20,UK,36919,35,21,3,8,2023,7,2.37,3,No
329,Aarav Sharma 229,Female,28,IT,Developer,1,2015-07-05,Germany,77595,1,22,11,59,2019,9,3.65,4,No
330,Navya Chopra 230,Other,44,IT,Developer,4,2022-02-19,Germany,175689,17,26,12,62,2025,2,2.9,4,No
331,David Williams 231,Female,39,HR,HR Executive,3,2012-08-03,UK,68298,12,23,13,71,2021,12,3.49,1,No
332,Aditya Kumar 232,Male,56,Finance,Accountant,2,2017-07-05,Canada,173001,4,28,8,2,2025,7,3.03,3,No
333,Erin Massey 233,Male,47,IT,Developer,3,2021-07-10,Germany,49456,19,5,1,72,2024,3,3.55,3,No
334,Megan Williams 234,Other,52,HR,HR Manager,3,2018-09-23,Germany,144599,1,26,9,12,2023,6,3.65,3,No
335,Norman Lane 235,Male,34,Marketing,Content Lead,3,2021-06-28,Canada,121676,10,21,12,8,2023,3,1.25,3,No
336,Sara Snyder 236,Male,38,IT,Cybersecurity Specialist,3,2011-01-16,UK,118721,29,26,2,51,2019,13,2.74,5,No
337,Norman Lane 237,Male,48,IT,Developer,3,2014-04-08,USA,72924,31,5,14,61,2023,10,3.53,3,No
338,Devansh Banerjee 238,Male,49,IT,Engineer,4,2011-01-06,Germany,59240,31,20,13,7,2021,13,4.01,3,No
339,Rohan Pillai 239,Male,36,Support,Support Engineer,1,2013-02-13,USA,122381,37,7,2,44,2022,11,2.87,3,No
340,Peter Mckee 240,Female,55,Sales,Sales Executive,2,2013-09-08,USA,44228,27,12,4,52,2022,11,1.36,2,Yes
341,Diya Patel 241,Female,51,Finance,Financial Analyst,2,2013-09-09,Canada,56686,9,17,12,62,2019,11,4.45,3,No
342,Peggy Mann 242,Female,24,Marketing,Marketing Executive,3,2019-02-18,UK,46920,21,22,10,80,2025,5,4.06,3,No
343,Jeffery Lopez 243,Female,57,Sales,Business Development,3,2009-09-02,India,42432,16,30,3,56,2019,15,3.31,4,No
344,Peggy Mann 244,Male,37,Finance,Accountant,4,2022-04-18,USA,145507,21,3,4,53,2025,2,2.74,3,No
345,Aditya Kumar 245,Female,59,Sales,Account Manager,3,2016-01-12,UK,165509,18,16,6,18,2018,8,3.8,3,No
346,Anna Dominguez 246,Male,46,Marketing,Content Lead,3,2010-11-14,France,106725,16,28,7,66,2018,14,2.75,3,No
347,Aditi Sen 247,Male,59,Finance,Auditor,5,2016-10-23,India,156764,23,4,5,45,2023,8,4.08,3,No
348,Joel Fuller 248,Male,24,IT,Engineer,2,2017-12-27,India,94099,35,2,2,9,2019,7,5.0,2,No
349,Peter Mckee 249,Male,50,IT,Data Analyst,4,2018-05-19,India,147557,31,3,3,17,2023,6,2.71,4,No
350,Peggy Mann 250,Female,50,Support,Helpdesk,3,2023-08-21,UK,121760,35,22,10,11,2025,1,3.98,4,No
351,Peggy Mann 251,Other,42,Sales,Business Development,3,2016-01-09,Canada,53013,27,4,11,48,2022,8,2.54,2,No
352,Riya Mishra 252,Female,31,Support,Helpdesk,3,2023-05-03,Canada,56446,13,13,3,22,2025,1,4.23,4,No
353,Clinton Scott 253,Male,22,Support,Helpdesk,3,2016-06-08,France,140209,35,14,14,61,2019,8,2.95,3,No
354,Manish Badami 254,Female,32,IT,Cybersecurity Specialist,2,2013-02-27,Canada,137261,5,19,5,10,2020,11,4.65,3,No
355,Devansh Banerjee 255,Female,50,Sales,Sales Executive,3,2022-03-23,UK,130739,8,16,12,72,2024,2,2.92,3,No
356,Rita Walker 256,Male,56,HR,HR Manager,3,2016-02-27,India,35557,20,5,11,55,2019,8,2.3,3,No
357,Meera Das 257,Male,38,Finance,Financial Analyst,4,2014-11-28,UK,165878,11,26,12,54,2025,10,2.87,1,No
358,Aditi Sen 258,Female,46,Finance,Financial Analyst,3,2012-05-25,India,134143,29,9,5,24,2022,12,2.98,3,No
359,Ayaan Saxena 259,Male,27,Sales,Account Manager,4,2020-07-14,UK,59578,30,21,4,8,2022,4,3.44,2,No
360,Navya Chopra 260,Male,21,Support,Support Engineer,3,2017-03-02,Canada,109779,39,22,8,11,2019,7,2.87,1,Yes
361,Arjun Rao 261,Female,46,IT,Cybersecurity Specialist,3,2019-10-09,UK,175668,3,15,6,10,2023,5,3.45,3,No
362,Ishaan Malhotra 262,Male,43,Finance,Accountant,4,2016-09-25,Germany,92500,30,16,6,37,2024,8,3.46,3,No
363,Kavya Menon 263,Male,46,IT,Developer,3,2012-10-19,India,107534,26,13,1,27,2025,12,2.77,3,No
364,Steven Barnett 264,Male,26,Support,Helpdesk,5,2009-01-25,India,45129,24,19,6,7,2025,15,3.53,3,No
365,Vivaan Gupta 265,Male,26,Finance,Accountant,3,2018-07-18,France,46596,4,11,3,73,2024,6,2.61,2,No
366,Manish Badami 266,Male,28,Sales,Business Development,3,2010-06-27,Germany,100355,5,8,13,46,2020,14,5.2,3,No
367,Steven Barnett 267,Female,44,IT,Developer,1,2009-09-08,UK,47974,4,14,6,35,2021,15,3.5,4,No
368,Vihaan Verma 268,Female,42,IT,Engineer,3,2019-11-28,Canada,147004,26,11,10,49,2025,5,3.81,3,No
369,Rita Walker 269,Female,39,Finance,Accountant,2,2023-06-22,France,161794,7,13,13,8,2025,1,3.0,4,No
370,Erin Massey 270,Male,57,IT,Tester,3,2021-08-09,Germany,105202,8,25,11,59,2024,3,2.48,3,No
371,Peggy Mann 271,Female,38,Support,Support Engineer,2,2014-08-01,UK,109442,14,21,13,71,2023,10,4.04,4,No
372,Aditya Kumar 272,Female,51,Marketing,Content Lead,2,2015-02-22,Canada,90598,35,17,6,66,2019,9,3.53,3,No
373,Arjun Rao 273,Male,57,Sales,Business Development,2,2009-08-04,UK,168726,40,19,2,52,2017,15,0.59,2,Yes
374,Myra Nair 274,Female,50,Support,Support Engineer,2,2010-12-20,India,68758,6,5,1,81,2017,14,5.13,3,No
375,Vivaan Gupta 275,Male,53,IT,Data Analyst,2,2015-02-10,Germany,59204,31,3,11,16,2020,9,3.94,3,No
376,Meera Das 276,Female,30,Sales,Sales Executive,4,2019-01-10,Germany,162309,7,30,15,52,2023,5,2.82,3,No
377,Diya Patel 277,Male,57,IT,Engineer,4,2021-09-23,France,65552,14,25,3,27,2025,3,3.81,3,No
378,Avani Bhat 278,Female,32,Sales,Business Development,3,2018-09-13,Canada,176408,36,22,5,62,2023,6,3.62,1,No
379,Judith Ware 279,Female,50,Sales,Business Development,4,2019-02-26,USA,82037,18,11,15,14,2024,5,3.7,3,No
380,Diya Patel 280,Male,47,IT,Developer,2,2009-05-02,UK,182278,38,12,15,18,2024,15,2.33,4,No
381,Ayaan Saxena 281,Male,59,IT,Developer,4,2023-10-07,Canada,69831,5,18,4,69,2025,1,3.27,5,No
382,Myra Nair 282,Female,29,Finance,Accountant,2,2022-09-19,USA,78563,18,21,7,46,2025,2,3.5,3,No
383,Saanvi Iyer 283,Female,41,Finance,Financial Analyst,2,2012-01-20,Canada,53361,27,12,4,70,2021,12,4.43,1,No
384,Nicole Roberts 284,Female,32,Finance,Accountant,3,2019-04-11,UK,76335,16,30,8,47,2021,5,3.3,2,No
385,Christopher Benson 285,Female,49,Sales,Sales Executive,2,2010-06-05,UK,109469,41,11,7,72,2025,14,3.63,4,No
386,Manish Badami 286,Male,53,IT,Software Engineer,3,2015-12-21,France,60816,18,19,10,19,2023,9,2.29,4,No
387,Ishaan Malhotra 287,Male,35,Sales,Sales Executive,3,2012-09-27,Germany,181691,30,2,9,36,2021,12,3.27,4,No
388,Sara Khan 288,Female,22,Sales,Account Manager,4,2020-01-08,Germany,127479,10,27,1,74,2023,4,4.07,3,No
389,Taylor Morris 289,Female,59,Finance,Accountant,3,2015-08-27,Germany,61819,14,2,15,1,2021,9,2.52,4,No
390,Ayaan Saxena 290,Male,38,Support,Helpdesk,2,2021-08-12,France,177813,9,13,5,63,2024,3,2.81,4,No
391,David Williams 291,Female,23,IT,Tester,3,2023-03-10,Germany,157330,22,17,13,35,2025,1,2.24,3,No
392,Sara Snyder 292,Male,27,Marketing,Content Lead,2,2018-08-02,Canada,43798,2,26,4,4,2024,6,1.84,4,No
393,Vihaan Verma 293,Male,38,Sales,Business Development,3,2009-08-28,Germany,84695,2,18,6,63,2021,15,2.34,2,No
394,Ananya Singh 294,Female,58,HR,HR Manager,1,2014-08-14,Germany,164544,17,28,1,6,2019,10,3.76,3,No
395,Megan Williams 295,Female,57,IT,Software Engineer,3,2010-03-04,India,44415,24,27,6,69,2018,14,2.95,5,No
396,Aarav Sharma 296,Female,53,Sales,Business Development,3,2017-09-13,UK,177157,19,29,1,21,2020,7,2.34,2,No
397,Kabir Mehta 297,Male,51,IT,Cybersecurity Specialist,3,2020-09-26,France,181080,28,9,14,73,2022,4,5.38,3,No
398,Manish Badami 298,Male,31,HR,Recruitment Specialist,5,2014-09-16,France,122638,21,16,14,45,2019,10,2.5,3,No
399,Myra Nair 299,Male,24,Marketing,SEO Specialist,4,2019-10-22,Germany,53452,14,14,1,39,2021,5,3.82,4,No
400,Rohan Pillai 300,Other,38,Marketing,SEO Analyst,3,2020-01-08,India,174192,38,18,8,60,2024,4,3.53,3,No
401,Clinton Scott 301,Male,24,Support,Support Engineer,3,2021-09-24,USA,145205,9,8,2,45,2023,3,3.45,4,No
402,Vihaan Verma 302,Male,54,IT,Data Analyst,2,2023-01-28,UK,53170,20,3,10,83,2025,1,1.37,3,No
403,Norman Lane 303,Female,49,IT,Developer,3,2011-06-25,Germany,51259,28,14,13,27,2024,13,4.47,3,No
404,Meera Das 304,Female,44,Sales,Account Manager,2,2018-09-07,USA,57099,31,18,14,34,2025,6,3.52,1,No
405,David Williams 305,Female,42,IT,Data Analyst,2,2014-07-20,Canada,175721,9,15,6,0,2020,10,4.12,4,No
406,Vivaan Gupta 306,Male,22,HR,Employee Relations,5,2019-07-10,India,164394,12,7,14,28,2021,5,4.34,3,No
407,Jeffery Lopez 307,Female,26,IT,Data Analyst,3,2013-05-27,India,94258,22,16,6,8,2017,11,4.91,3,No
408,Vihaan Verma 308,Male,45,Support,Support Engineer,3,2023-10-05,UK,46805,22,20,6,8,2025,1,2.2,2,No
409,Myra Nair 309,Male,41,Sales,Sales Executive,2,2019-01-02,India,78147,30,0,8,21,2023,5,2.48,4,No
410,Vihaan Verma 310,Female,36,IT,Data Analyst,3,2018-09-02,France,109280,3,6,4,62,2021,6,2.62,3,No
411,Avani Bhat 311,Male,51,HR,Employee Relations,1,2014-10-27,USA,141777,2,20,3,65,2017,10,2.33,4,No
412,Taylor Morris 312,Female,34,Sales,Account Manager,1,2019-12-02,Germany,132841,20,30,6,79,2025,5,4.52,3,No
413,Jeffery Lopez 313,Male,59,Sales,Account Manager,1,2023-09-03,USA,159726,1,17,4,57,2025,1,2.2,2,No
414,Jasmine Gonzalez 314,Male,48,Marketing,Marketing Executive,3,2010-02-07,France,163359,3,11,2,69,2019,14,2.82,3,No
415,Nicole Roberts 315,Male,52,HR,HR Executive,3,2019-12-09,Canada,111215,0,15,6,54,2022,5,1.57,4,No
416,Devansh Banerjee 316,Female,48,Sales,Account Manager,1,2014-11-22,USA,147909,14,29,10,12,2024,10,3.93,4,No
417,Aditya Kumar 317,Female,29,Marketing,Marketing Executive,3,2023-12-16,Germany,130365,32,0,5,18,2025,1,3.07,3,No
418,Saanvi Iyer 318,Female,42,Sales,Sales Executive,2,2013-07-13,USA,45985,5,26,11,78,2024,11,4.08,5,No
419,Myra Nair 319,Female,52,Finance,Auditor,3,2021-03-11,India,47391,6,14,9,32,2025,3,3.9,3,No
420,Sara Khan 320,Other,25,Support,Helpdesk,5,2012-03-15,Canada,39861,18,6,11,73,2022,12,1.56,3,No
421,Kabir Mehta 321,Female,43,IT,Developer,3,2011-08-07,USA,69364,0,27,6,64,2020,13,3.38,3,No
422,Steven Barnett 322,Male,25,IT,Tester,4,2022-05-06,Canada,117399,38,16,14,59,2024,2,2.11,3,Yes
423,Avani Bhat 323,Male,52,Finance,Accountant,4,2011-09-19,Canada,77923,18,2,3,11,2020,13,3.34,3,No
424,Rita Walker 324,Female,30,Finance,Auditor,3,2023-12-03,UK,173991,25,10,11,42,2025,1,2.61,3,No
425,Kabir Mehta 325,Female,59,Sales,Business Development,3,2020-11-06,UK,120818,11,30,5,16,2023,4,5.03,3,No
426,Aditi Sen 326,Male,35,IT,Tester,4,2022-11-24,Germany,106160,21,5,15,67,2025,2,5.86,2,No
427,Cody Bright 327,Female,27,HR,HR Manager,3,2019-05-14,Germany,163165,12,30,10,28,2025,5,2.96,3,No
428,Connie Bailey 328,Male,49,Support,Support Engineer,2,2014-01-03,Germany,174248,27,5,8,54,2024,10,3.3,3,No
429,Vivaan Gupta 329,Female,23,Marketing,Marketing Executive,4,2023-08-04,Canada,68529,13,14,9,6,2025,1,0.91,3,No
430,Saanvi Iyer 330,Female,39,Finance,Auditor,3,2012-09-13,Canada,179013,21,6,8,43,2024,12,1.56,4,No
431,Megan Williams 331,Female,30,Finance,Accountant,2,2014-06-10,UK,36669,29,10,15,76,2022,10,3.59,2,No
432,Navya Chopra 332,Female,48,Sales,Sales Executive,3,2023-04-20,India,152373,19,29,3,4,2025,1,3.17,4,No
433,Devansh Banerjee 333,Male,49,Sales,Business Development,4,2013-10-21,Canada,79859,26,26,9,59,2022,11,3.62,4,No
434,Pari Joshi 334,Other,35,IT,Data Analyst,3,2014-07-14,UK,90786,37,16,3,5,2022,10,2.4,3,No
435,Reyansh Reddy 335,Female,55,Sales,Sales Executive,3,2020-12-23,USA,55323,41,22,8,6,2025,4,3.5,3,No
436,Diya Patel 336,Male,26,Finance,Auditor,4,2017-10-07,Germany,41021,40,17,10,45,2022,7,0.67,3,Yes
437,Rita Walker 337,Female,32,IT,Developer,3,2010-05-12,Germany,74807,33,21,9,56,2021,14,2.59,3,No
438,Kavya Menon 338,Female,58,IT,Tester,3,2010-09-02,France,163305,38,28,7,53,2017,14,3.67,3,No
439,Vihaan Verma 339,Male,33,Finance,Financial Analyst,3,2022-08-26,India,85355,40,23,4,45,2025,2,4.9,3,No
440,Rita Walker 340,Male,49,IT,Software Engineer,3,2022-08-19,UK,148415,36,28,10,9,2025,2,3.08,3,No
441,Erin Massey 341,Female,39,HR,HR Manager,3,2023-05-08,France,43711,0,20,15,3,2025,1,3.79,3,No
442,Aarav Sharma 342,Male,23,Sales,Business Development,3,2019-10-13,Germany,42904,14,25,9,66,2023,5,2.53,4,No
443,David Williams 343,Male,28,IT,Cybersecurity Specialist,3,2018-09-07,France,99033,31,18,3,24,2020,6,3.64,2,No
444,Taylor Morris 344,Female,28,HR,HR Executive,5,2011-04-20,USA,121478,7,26,15,77,2021,13,2.71,5,No
445,Diya Patel 345,Male,40,Finance,Financial Analyst,2,2018-03-11,France,155035,32,7,3,60,2024,6,5.15,2,No
446,Jeffery Lopez 346,Female,24,Sales,Account Manager,2,2022-08-22,USA,38093,17,23,2,37,2024,2,2.87,3,No
447,Christopher Benson 347,Male,41,IT,Developer,3,2012-10-06,Germany,59918,28,19,10,31,2023,12,3.03,3,No
448,Brenda Bauer 348,Male,23,HR,Recruitment Specialist,4,2012-10-10,Canada,175466,31,7,15,22,2025,12,3.97,2,No
449,Connie Bailey 349,Female,28,IT,Developer,2,2017-09-27,UK,159501,32,20,3,36,2024,7,3.7,4,No
450,Meera Das 350,Male,43,IT,Tester,2,2018-03-04,France,127510,4,28,1,2,2022,6,2.83,3,No
451,Brenda Bauer 351,Male,36,IT,Data Analyst,1,2016-03-03,India,128708,17,10,15,12,2025,8,3.61,2,No
452,Vihaan Verma 352,Male,33,IT,Developer,3,2018-01-14,USA,132819,9,20,4,33,2024,6,2.15,3,No
453,Vivaan Gupta 353,Female,23,Marketing,Marketing Executive,2,2015-10-06,India,179352,35,2,8,64,2023,9,3.43,3,No
454,Jeffery Lopez 354,Male,29,Finance,Auditor,3,2014-09-21,Germany,71303,32,30,5,75,2020,10,3.75,5,No
455,Ananya Singh 355,Female,34,Marketing,SEO Analyst,3,2022-12-12,India,62453,22,22,2,7,2024,2,2.78,3,No
456,Clinton Scott 356,Male,33,Finance,Accountant,4,2017-12-14,India,143886,39,26,3,82,2022,7,2.83,3,No
457,Clinton Scott 357,Male,27,Support,Helpdesk,3,2019-10-02,Germany,95695,4,13,1,8,2025,5,2.57,2,No
458,Aditya Kumar 358,Female,35,IT,Tester,2,2023-10-04,Canada,168412,33,26,2,27,2025,1,1.76,3,No
459,Connie Bailey 359,Female,27,HR,Employee Relations,3,2021-12-06,India,73057,23,8,1,77,2024,3,3.62,3,No
460,Steven Barnett 360,Male,58,IT,Software Engineer,5,2020-07-28,India,166669,16,24,2,17,2022,4,2.72,5,No
461,Steven Barnett 361,Male,54,IT,Engineer,3,2012-07-14,India,129655,30,0,3,41,2024,12,3.76,3,No
462,Aarav Sharma 362,Other,42,Sales,Sales Executive,5,2022-04-10,Germany,50025,6,0,1,40,2025,2,3.02,4,No
463,Kavya Menon 363,Female,44,Marketing,Content Strategist,4,2017-10-05,India,42145,16,25,11,69,2019,7,3.81,5,No
464,Devansh Banerjee 364,Male,57,IT,Developer,1,2023-04-12,Germany,136206,27,27,9,32,2025,1,1.49,3,No
465,Aditi Sen 365,Male,21,HR,Recruitment Specialist,3,2021-10-22,Canada,76723,37,11,10,76,2025,3,2.05,2,Yes
466,Peter Mckee 366,Male,30,Sales,Sales Executive,2,2012-11-14,Germany,108230,21,10,5,53,2023,12,2.36,2,No
467,Sara Khan 367,Male,36,IT,Developer,3,2015-07-02,India,170902,14,30,8,35,2017,9,4.4,3,No
468,Riya Mishra 368,Female,28,Sales,Sales Executive,2,2013-10-28,USA,143138,36,20,5,84,2020,11,3.6,3,No
469,Connie Bailey 369,Male,45,IT,Cybersecurity Specialist,2,2010-03-27,India,97040,14,0,8,55,2018,14,2.94,2,No
470,Joel Fuller 370,Male,32,IT,Developer,4,2022-08-23,France,143668,24,19,7,16,2025,2,2.72,3,No
471,Vihaan Verma 371,Female,45,Marketing,SEO Specialist,2,2019-12-17,France,90030,20,11,12,9,2021,5,3.8,3,No
472,Judith Ware 372,Female,37,IT,Cybersecurity Specialist,4,2020-04-21,USA,91815,37,16,4,43,2025,4,2.61,1,No
473,Troy Ford 373,Male,46,IT,Developer,1,2012-03-15,France,147789,1,14,15,1,2024,12,3.94,3,No
474,Arjun Rao 374,Female,34,Finance,Accountant,1,2021-04-26,India,92923,26,1,7,13,2024,3,2.99,2,No
475,David Williams 375,Female,56,HR,Employee Relations,4,2019-10-10,Germany,102904,31,17,6,40,2023,5,4.49,3,No
476,Judith Ware 376,Male,43,Marketing,Marketing Executive,3,2018-07-24,India,112088,20,15,3,1,2025,6,2.26,2,No
477,Jasmine Gonzalez 377,Female,26,Sales,Sales Executive,3,2023-12-09,France,40608,3,3,9,18,2025,1,3.07,4,No
478,Brenda Bauer 378,Female,25,Sales,Business Development,2,2022-02-20,France,80667,18,7,12,79,2024,2,2.28,2,No
479,Kabir Mehta 379,Male,45,Sales,Business Development,3,2023-01-03,Germany,90547,1,1,10,0,2025,1,4.83,4,No
480,Steven Barnett 380,Female,38,IT,Tester,3,2021-08-07,France,175934,25,13,15,1,2025,3,3.22,3,No
481,Christopher Benson 381,Male,33,Sales,Business Development,3,2016-08-15,Germany,163391,33,24,13,26,2021,8,2.19,3,No
482,Kavya Menon 382,Female,34,IT,Developer,3,2016-11-22,Canada,110948,13,14,9,1,2025,8,2.3,3,No
483,Vihaan Verma 383,Male,48,Finance,Auditor,5,2020-05-12,India,106880,14,27,14,50,2024,4,3.71,3,No
484,Joel Fuller 384,Female,38,Sales,Business Development,3,2018-12-26,Canada,92560,19,8,5,9,2021,6,1.38,2,No
485,Riya Mishra 385,Female,48,Finance,Financial Analyst,4,2012-09-21,France,150063,33,1,8,18,2025,12,3.02,4,No
486,Sara Snyder 386,Male,47,Finance,Financial Analyst,3,2015-09-15,Canada,129218,35,16,7,79,2025,9,2.35,4,No
487,Devansh Banerjee 387,Female,52,IT,Cybersecurity Specialist,3,2010-04-12,France,149462,18,25,9,12,2025,14,3.04,5,No
488,Joel Fuller 388,Male,29,Marketing,Content Strategist,1,2017-05-01,Canada,52997,8,30,7,47,2019,7,3.3,3,No
489,Sara Snyder 389,Male,52,IT,Software Engineer,3,2022-06-19,France,156266,6,9,4,55,2024,2,3.1,3,No
490,Erin Massey 390,Male,40,Finance,Auditor,4,2013-11-26,UK,38679,29,8,4,71,2021,11,2.93,3,Yes
491,Peggy Mann 391,Female,48,HR,HR Manager,2,2022-02-06,India,75308,12,30,11,55,2024,2,3.37,3,No
492,Erin Massey 392,Male,53,Sales,Account Manager,2,2021-01-14,USA,40695,26,1,8,49,2023,3,4.95,4,No
493,Peggy Mann 393,Male,24,IT,Software Engineer,2,2016-12-25,India,93499,34,23,6,44,2020,8,4.47,3,No
494,Kavya Menon 394,Female,54,Marketing,Content Lead,2,2014-05-07,Canada,58382,12,29,9,58,2018,10,2.86,4,No
495,Clinton Scott 395,Female,23,IT,Developer,4,2009-11-26,Germany,49235,14,18,14,38,2018,15,3.93,3,No
496,Aarav Sharma 396,Male,46,Finance,Accountant,4,2015-09-09,USA,168438,8,16,10,20,2021,9,3.88,3,No
497,Navya Chopra 397,Male,28,IT,Data Analyst,3,2011-07-15,France,147468,22,10,14,54,2022,13,2.82,5,No
498,Steven Barnett 398,Female,26,IT,Developer,1,2010-04-20,USA,41764,35,16,7,56,2024,14,3.17,4,No
499,Devansh Banerjee 399,Male,36,HR,Employee Relations,3,2021-07-24,Germany,148831,39,9,7,40,2023,3,3.74,3,No
500,Aditya Kumar 400,Male,44,IT,Engineer,3,2015-07-27,Germany,96836,2,17,4,69,2021,9,2.47,3,No
501,Ayaan Saxena 401,Female,59,IT,Cybersecurity Specialist,5,2012-10-04,India,66923,33,22,3,81,2023,12,2.96,3,Yes
502,Riya Mishra 402,Male,50,IT,Developer,3,2012-04-24,France,130711,18,27,8,48,2017,12,3.0,2,No
503,Sara Khan 403,Female,33,HR,Recruitment Specialist,2,2014-12-14,India,51292,27,5,7,43,2017,10,2.93,3,Yes
504,Aarav Sharma 404,Male,25,IT,Cybersecurity Specialist,3,2012-09-07,Canada,159913,22,15,4,34,2016,12,2.89,3,No
505,Ashley Marsh 405,Male,45,IT,Software Engineer,5,2016-12-14,Canada,167686,39,27,13,4,2020,8,3.64,3,No
506,Devansh Banerjee 406,Female,40,Sales,Account Manager,3,2019-03-12,UK,55939,6,26,4,70,2023,5,3.23,3,No
507,Ashley Marsh 407,Male,38,Sales,Account Manager,3,2013-10-16,India,53800,40,17,1,73,2018,11,3.84,3,Yes
508,Meera Das 408,Female,38,Sales,Account Manager,2,2014-01-15,Germany,91440,11,19,11,73,2025,10,5.72,3,No
509,Ananya Singh 409,Male,22,Sales,Account Manager,3,2021-05-06,UK,162521,13,17,7,50,2023,3,2.66,4,No
510,Jeffery Lopez 410,Female,30,Finance,Financial Analyst,4,2013-11-25,Germany,156327,14,0,1,56,2024,11,3.42,1,No
511,Troy Ford 411,Male,32,Finance,Financial Analyst,2,2017-05-17,UK,84648,2,27,10,57,2022,7,3.71,4,No
512,Aarav Sharma 412,Male,33,IT,Cybersecurity Specialist,3,2015-11-27,India,150192,14,2,10,35,2024,9,4.29,3,No
513,Peggy Mann 413,Male,31,Support,Helpdesk,2,2012-04-18,Canada,128498,23,14,4,9,2018,12,3.63,3,No
514,Ayaan Saxena 414,Female,39,Marketing,Content Lead,2,2018-04-14,Germany,64764,7,19,11,49,2025,6,2.11,4,No
515,Norman Lane 415,Male,55,Support,Support Engineer,1,2021-07-09,India,67470,4,9,14,36,2025,3,2.54,3,No
516,Rohan Pillai 416,Female,59,Sales,Account Manager,2,2019-12-03,India,92207,3,20,3,19,2024,5,3.35,2,No
517,Aditi Sen 417,Female,46,IT,Tester,3,2017-03-11,Canada,97157,13,4,11,12,2022,7,2.51,3,No
518,Megan Williams 418,Female,34,HR,HR Manager,1,2016-04-23,USA,169288,15,14,3,74,2018,8,1.72,3,No
519,Rita Walker 419,Male,44,Finance,Financial Analyst,2,2011-06-05,Canada,128778,19,22,12,18,2024,13,2.39,3,No
520,Myra Nair 420,Male,21,HR,Recruitment Specialist,4,2010-04-12,Germany,165016,23,13,1,55,2017,14,2.4,2,No
521,Kabir Mehta 421,Male,42,Finance,Accountant,3,2012-08-12,USA,159288,5,14,4,44,2024,12,2.19,2,No
522,Judith Ware 422,Male,43,Sales,Account Manager,3,2020-04-03,UK,145573,30,9,14,59,2024,4,5.73,3,No
523,Arjun Rao 423,Male,39,Finance,Accountant,3,2022-07-02,France,155730,5,23,1,67,2025,2,3.52,3,No
524,Norman Lane 424,Female,38,Finance,Financial Analyst,3,2014-04-24,Germany,183933,34,8,14,56,2024,10,3.32,3,No
525,Megan Williams 425,Male,32,Finance,Auditor,2,2022-04-26,France,99186,14,11,13,53,2024,2,4.12,3,No
526,Avani Bhat 426,Female,48,IT,Cybersecurity Specialist,4,2012-12-07,France,39960,28,6,13,36,2016,12,5.0,3,No
527,Vivaan Gupta 427,Male,48,IT,Data Analyst,2,2021-02-11,USA,53781,2,4,8,82,2023,3,3.59,2,No
528,Brenda Bauer 428,Male,53,IT,Engineer,3,2016-05-28,UK,66126,10,24,15,36,2024,8,4.22,3,No
529,Sara Khan 429,Male,39,Sales,Account Manager,2,2023-04-09,Canada,141034,2,23,15,13,2025,1,2.7,4,No
530,Joel Fuller 430,Male,48,IT,Cybersecurity Specialist,3,2010-07-25,USA,52883,27,9,1,43,2016,14,2.29,3,No
531,Aarav Sharma 431,Male,57,Sales,Account Manager,3,2017-11-13,UK,64782,9,24,12,82,2019,7,4.11,4,No
532,Ananya Singh 432,Female,46,IT,Developer,3,2018-10-07,Canada,91387,32,25,14,41,2020,6,4.09,4,No
533,Saanvi Iyer 433,Female,55,Sales,Business Development,2,2010-02-28,Canada,183051,15,7,6,0,2018,14,4.0,4,No
534,Kavya Menon 434,Female,54,HR,HR Manager,3,2022-02-02,UK,68746,9,21,7,22,2025,2,3.33,3,No
535,Aditi Sen 435,Other,55,Sales,Business Development,5,2015-05-01,Canada,101266,32,19,15,63,2022,9,2.42,3,No
536,Megan Williams 436,Male,36,IT,Engineer,4,2011-07-02,Germany,35056,35,24,10,27,2019,13,2.72,4,No
537,Peggy Mann 437,Other,58,IT,Software Engineer,1,2012-04-09,Germany,66457,2,15,14,3,2018,12,4.36,3,No
538,Peter Mckee 438,Male,33,Marketing,Content Lead,3,2019-08-26,USA,168315,4,11,12,40,2023,5,2.61,3,No
539,Christopher Benson 439,Male,43,Support,Support Engineer,4,2022-02-16,Canada,167773,11,8,2,59,2025,2,3.39,2,No
540,Anna Dominguez 440,Male,42,Marketing,Content Strategist,3,2021-04-04,Canada,108839,12,9,4,17,2024,3,2.43,3,No
541,Anna Dominguez 441,Female,36,Marketing,Content Lead,3,2017-02-02,UK,115636,23,15,11,62,2024,7,3.01,3,No
542,Aditya Kumar 442,Female,48,IT,Software Engineer,4,2017-05-11,Germany,142697,31,9,14,60,2022,7,2.12,3,No
543,Kabir Mehta 443,Male,55,Finance,Auditor,4,2014-04-24,France,101483,15,8,3,48,2021,10,3.13,3,No
544,Christopher Benson 444,Female,28,Sales,Sales Executive,3,2023-04-24,USA,55505,31,29,13,46,2025,1,2.72,5,No
545,Rohan Pillai 445,Female,42,Sales,Sales Executive,3,2009-05-17,India,172625,36,25,13,38,2021,15,1.49,5,No
546,Manish Badami 446,Male,41,Finance,Auditor,2,2014-09-08,Germany,68525,35,2,9,81,2019,10,3.85,4,No
547,Steven Barnett 447,Male,46,Finance,Accountant,3,2010-01-28,UK,131008,20,26,14,5,2022,14,3.81,5,No
548,Troy Ford 448,Male,41,Finance,Financial Analyst,2,2013-03-19,USA,79348,11,27,7,82,2020,11,3.26,5,No
549,Ananya Singh 449,Female,45,HR,HR Executive,2,2013-05-07,France,42273,20,30,2,52,2017,11,2.08,4,No
550,Ayaan Saxena 450,Male,21,IT,Cybersecurity Specialist,3,2012-01-01,India,99236,20,18,11,75,2022,12,2.09,2,No
551,Vivaan Gupta 451,Male,26,HR,HR Executive,2,2020-10-13,USA,169607,5,10,12,24,2023,4,5.53,3,No
552,Sara Khan 452,Male,43,Finance,Financial Analyst,3,2018-06-05,Germany,184749,8,5,6,64,2020,6,0.58,3,No
553,Troy Ford 453,Female,43,Finance,Financial Analyst,3,2016-12-28,France,142157,0,5,9,4,2020,8,2.11,2,No
554,Diya Patel 454,Male,43,HR,HR Manager,3,2021-03-19,India,35908,11,14,12,64,2025,3,5.35,4,No
555,Ashley Marsh 455,Male,52,Finance,Financial Analyst,3,2010-04-15,UK,143352,13,28,3,7,2017,14,5.66,2,No
556,Devansh Banerjee 456,Male,50,HR,HR Manager,4,2021-11-26,USA,130967,5,14,14,38,2024,3,4.9,3,No
557,Arjun Rao 457,Female,33,Marketing,SEO Analyst,1,2016-02-09,Germany,123989,0,12,15,42,2022,8,3.73,2,No
558,Rohan Pillai 458,Male,38,IT,Engineer,4,2016-12-04,UK,70079,21,21,11,81,2018,8,2.56,3,No
559,Arjun Rao 459,Other,43,IT,Tester,4,2016-10-19,France,146889,33,4,6,72,2025,8,1.52,3,No
560,Sara Snyder 460,Male,35,Marketing,Content Strategist,3,2023-10-11,USA,84323,10,13,14,4,2025,1,3.61,3,No
561,David Williams 461,Female,53,IT,Data Analyst,3,2016-07-13,Canada,124909,2,20,3,3,2018,8,2.44,3,No
562,Jeffery Lopez 462,Female,41,Finance,Accountant,4,2016-09-12,Germany,81105,41,1,3,0,2025,8,4.65,3,No
563,Ishaan Malhotra 463,Female,59,IT,Tester,2,2022-02-22,Germany,167957,5,29,4,55,2024,2,1.35,3,No
564,Brenda Bauer 464,Male,43,Marketing,Content Lead,3,2012-05-01,Canada,36049,5,22,9,44,2022,12,3.4,4,No
565,David Williams 465,Male,47,Support,Helpdesk,3,2015-11-07,UK,88281,19,11,11,64,2023,9,4.13,3,No
566,Peggy Mann 466,Female,38,IT,Cybersecurity Specialist,2,2017-01-26,Germany,78271,20,19,13,2,2022,7,4.21,2,No
567,Megan Williams 467,Other,44,Finance,Accountant,4,2016-09-16,UK,101697,1,13,8,21,2020,8,4.03,1,No
568,Saanvi Iyer 468,Male,27,Sales,Account Manager,4,2022-04-08,France,71534,25,18,1,71,2025,2,3.54,4,No
569,Diya Patel 469,Female,40,Finance,Accountant,4,2020-01-21,Canada,128034,30,23,13,55,2025,4,3.33,3,No
570,Megan Williams 470,Female,47,Marketing,SEO Specialist,2,2017-03-04,UK,93097,25,19,12,17,2020,7,4.11,2,No
571,Aditi Sen 471,Female,26,Sales,Sales Executive,1,2018-12-04,France,60037,31,14,11,24,2025,6,3.54,2,No
572,Christopher Benson 472,Male,47,Sales,Sales Executive,3,2017-08-10,USA,62278,9,26,1,47,2025,7,3.57,4,No
573,Judith Ware 473,Female,29,Sales,Business Development,1,2023-10-16,Germany,174344,22,19,7,83,2025,1,3.23,3,No
574,Jasmine Gonzalez 474,Male,51,Finance,Accountant,3,2016-03-01,Canada,134173,5,23,3,30,2024,8,2.81,3,No
575,David Williams 475,Male,41,IT,Data Analyst,3,2011-05-02,USA,73294,22,16,14,29,2025,13,1.85,3,No
576,Rita Walker 476,Male,46,Finance,Auditor,3,2017-11-16,USA,108277,27,24,11,79,2019,7,2.02,2,No
577,Pari Joshi 477,Female,33,Sales,Business Development,3,2011-06-04,USA,39694,29,13,7,65,2016,13,2.82,3,Yes
578,Reyansh Reddy 478,Male,43,HR,Employee Relations,3,2020-09-07,UK,93150,13,22,9,80,2025,4,3.08,3,No
579,Troy Ford 479,Female,40,Finance,Financial Analyst,2,2023-02-23,Germany,102470,36,30,3,9,2025,1,2.23,3,No
580,Peggy Mann 480,Other,57,IT,Engineer,2,2009-10-14,Canada,56556,31,27,3,70,2017,15,2.16,4,Yes
581,Kabir Mehta 481,Male,48,Support,Support Engineer,3,2016-08-03,India,84086,33,17,2,58,2022,8,2.84,3,No
582,Ashley Marsh 482,Female,37,HR,Employee Relations,3,2014-03-27,India,184979,40,26,10,50,2023,10,4.1,3,No
583,Nicole Roberts 483,Male,48,IT,Developer,4,2017-02-28,Germany,134468,21,27,1,8,2021,7,1.08,3,No
584,Myra Nair 484,Male,22,Marketing,Content Lead,4,2016-01-19,Germany,68387,30,21,9,53,2025,8,2.26,3,No
585,Myra Nair 485,Female,45,Marketing,SEO Analyst,5,2014-10-12,Germany,103602,6,23,6,61,2021,10,3.36,3,No
586,Ananya Singh 486,Female,26,HR,Recruitment Specialist,2,2023-11-23,France,171666,40,26,6,80,2025,1,4.49,3,No
587,Ayaan Saxena 487,Male,31,Finance,Financial Analyst,1,2019-11-09,France,37460,20,4,8,8,2022,5,5.36,3,No
588,Christopher Benson 488,Female,58,Marketing,Content Lead,2,2015-09-13,France,107356,15,21,11,8,2020,9,2.86,3,No
589,Sara Khan 489,Female,26,Marketing,Marketing Executive,3,2019-06-14,France,89698,19,11,5,23,2025,5,2.84,3,No
590,David Williams 490,Male,31,Marketing,SEO Analyst,3,2011-06-11,Germany,136746,18,9,9,38,2025,13,3.06,5,No
591,Connie Bailey 491,Male,34,Finance,Financial Analyst,4,2010-05-02,Germany,51191,31,7,15,74,2019,14,3.43,2,No
592,Taylor Morris 492,Male,22,HR,HR Executive,3,2010-07-17,India,119631,14,28,11,7,2016,14,3.16,2,No
593,Peggy Mann 493,Female,23,Sales,Account Manager,4,2014-06-14,Canada,45529,4,5,5,24,2018,10,3.32,2,No
594,Reyansh Reddy 494,Female,55,Marketing,Content Strategist,4,2012-04-03,India,67175,10,27,2,65,2018,12,1.86,3,No
595,Myra Nair 495,Male,53,IT,Tester,1,2021-11-01,India,52675,14,24,6,9,2024,3,1.54,2,No
596,Jasmine Gonzalez 496,Male,44,Sales,Account Manager,3,2015-06-23,Canada,81798,28,14,15,23,2019,9,3.92,3,No
597,Brenda Bauer 497,Male,39,Finance,Auditor,3,2011-11-17,Canada,105910,3,11,9,79,2017,13,3.01,3,No
598,Arjun Rao 498,Female,38,Finance,Accountant,2,2015-11-17,India,165400,35,24,3,82,2025,9,4.03,3,No
599,Jeffery Lopez 499,Female,44,Marketing,Content Strategist,3,2020-07-11,India,113678,22,24,10,58,2024,4,3.42,2,No
600,Aditya Kumar 500,Male,55,HR,HR Manager,3,2020-12-22,India,97821,14,5,4,30,2025,4,1.77,3,No
601,Ishaan Malhotra 501,Male,21,IT,Cybersecurity Specialist,2,2013-07-13,Canada,47204,2,11,10,10,2023,11,4.75,2,No
602,Clinton Scott 502,Female,56,IT,Data Analyst,3,2016-08-08,Canada,42394,31,14,11,5,2021,8,3.23,2,No
603,Connie Bailey 503,Female,45,Finance,Auditor,3,2017-09-25,France,99814,9,11,8,69,2022,7,2.45,3,No
604,Pari Joshi 504,Male,54,IT,Data Analyst,1,2013-07-25,Germany,68593,39,8,6,31,2021,11,2.67,3,No
605,Rita Walker 505,Other,45,IT,Engineer,3,2019-06-09,Canada,150064,37,18,13,38,2022,5,1.99,2,No
606,Ayaan Saxena 506,Female,36,Marketing,SEO Analyst,2,2018-11-02,UK,88365,21,20,7,47,2022,6,3.53,3,No
607,Vivaan Gupta 507,Female,54,IT,Engineer,3,2009-11-18,Canada,166515,13,1,7,12,2018,15,3.09,3,No
608,Shannon Clark 508,Female,49,IT,Engineer,2,2021-06-03,Canada,138700,16,27,4,58,2023,3,5.22,3,No
609,Troy Ford 509,Female,39,Sales,Business Development,4,2010-02-16,Germany,132077,20,12,15,66,2019,14,3.72,4,No
610,Sara Khan 510,Female,43,Sales,Sales Executive,3,2009-08-23,India,169537,14,12,12,55,2025,15,5.16,4,No
611,Clinton Scott 511,Female,39,IT,Tester,2,2018-08-06,France,103247,14,7,6,40,2024,6,2.24,3,No
612,Rohan Pillai 512,Male,45,Sales,Sales Executive,3,2011-09-25,USA,89740,0,26,12,55,2022,13,2.87,3,No
613,Jasmine Gonzalez 513,Male,36,IT,Engineer,3,2016-02-16,India,62898,23,12,9,34,2025,8,4.09,4,No
614,Erin Massey 514,Male,29,HR,Employee Relations,3,2014-10-21,India,167991,11,3,3,37,2021,10,3.79,2,No
615,Arjun Rao 515,Male,21,Sales,Sales Executive,3,2010-09-19,Germany,97613,9,5,8,80,2023,14,3.18,3,No
616,Pari Joshi 516,Female,39,Sales,Sales Executive,3,2011-05-15,France,131707,41,5,7,66,2023,13,2.12,4,No
617,Ishaan Malhotra 517,Female,53,Sales,Account Manager,2,2013-08-02,UK,146777,41,20,4,33,2022,11,1.02,3,No
618,Diya Patel 518,Male,54,Marketing,Marketing Executive,1,2015-06-11,USA,82003,30,11,10,75,2024,9,2.98,3,No
619,Connie Bailey 519,Male,36,Sales,Business Development,3,2021-04-12,France,83478,10,11,13,69,2023,3,3.02,3,No
620,Kavya Menon 520,Male,38,HR,HR Manager,3,2016-12-06,India,180506,15,16,3,10,2022,8,3.33,2,No
621,Vihaan Verma 521,Female,54,IT,Engineer,3,2012-03-06,France,94030,8,26,14,26,2022,12,1.75,3,No
622,Kabir Mehta 522,Male,45,Sales,Business Development,4,2021-07-26,Germany,168071,13,6,7,47,2025,3,2.32,3,No
623,Navya Chopra 523,Female,26,IT,Tester,3,2022-03-21,France,180921,18,25,10,23,2024,2,3.59,1,No
624,Arjun Rao 524,Female,41,Sales,Sales Executive,4,2019-12-08,Canada,87800,30,14,9,17,2024,5,3.79,2,No
625,Aditi Sen 525,Male,26,IT,Engineer,2,2010-02-07,France,40445,8,23,12,26,2020,14,3.4,3,No
626,Rita Walker 526,Male,52,Sales,Account Manager,1,2020-01-07,USA,184112,35,16,10,53,2025,4,2.85,2,No
627,Steven Barnett 527,Male,59,Finance,Auditor,4,2011-01-04,France,35246,38,9,3,54,2018,13,2.01,3,Yes
628,Shannon Clark 528,Female,51,IT,Data Analyst,3,2019-04-12,UK,66153,25,22,15,20,2024,5,4.15,3,No
629,Ananya Singh 529,Male,30,IT,Tester,4,2018-05-18,Canada,40212,7,19,10,58,2022,6,3.93,1,No
630,Shannon Clark 530,Male,50,HR,Recruitment Specialist,2,2009-12-11,USA,169411,23,5,9,33,2018,15,2.63,3,No
631,Joel Fuller 531,Male,38,Sales,Sales Executive,3,2021-12-16,USA,91238,7,8,13,57,2023,3,4.03,1,No
632,Steven Barnett 532,Male,44,Sales,Business Development,4,2023-06-06,India,88871,18,14,8,47,2025,1,3.13,3,No
633,Riya Mishra 533,Other,29,IT,Developer,1,2009-08-13,Germany,135672,29,15,12,53,2025,15,2.52,3,No
634,Pari Joshi 534,Female,51,Marketing,SEO Analyst,4,2020-10-28,Germany,69607,21,20,3,17,2022,4,4.13,3,No
635,Avani Bhat 535,Female,35,IT,Data Analyst,3,2018-01-04,Canada,87055,8,7,15,2,2023,6,3.3,3,No
636,Brenda Bauer 536,Female,24,Finance,Financial Analyst,3,2022-12-18,USA,139509,3,15,8,23,2024,2,2.77,3,No
637,Christopher Benson 537,Male,29,HR,HR Manager,3,2022-11-08,India,170467,36,4,12,0,2024,2,1.92,3,No
638,Arjun Rao 538,Male,29,HR,Recruitment Specialist,4,2023-12-04,UK,162378,7,17,4,5,2025,1,2.01,3,No
639,Peggy Mann 539,Male,46,Sales,Business Development,1,2015-08-02,France,181362,0,19,6,18,2019,9,4.05,3,No
640,Arjun Rao 540,Female,24,IT,Tester,2,2021-04-12,France,122687,27,13,12,42,2024,3,3.65,4,No
641,Vivaan Gupta 541,Male,37,IT,Cybersecurity Specialist,4,2022-09-21,France,100078,5,1,10,7,2025,2,2.03,3,No
642,Peter Mckee 542,Female,36,Sales,Sales Executive,4,2020-06-10,Germany,169763,35,22,2,68,2025,4,2.01,5,No
643,Peter Mckee 543,Female,35,HR,Employee Relations,1,2018-12-09,USA,173542,10,22,8,51,2020,6,5.3,4,No
644,Sara Khan 544,Male,55,Sales,Account Manager,3,2023-09-07,USA,169913,4,29,13,72,2025,1,3.66,3,No
645,Sara Snyder 545,Female,25,HR,HR Executive,3,2015-11-02,UK,137652,23,30,9,46,2023,9,4.41,4,No
646,Rita Walker 546,Male,25,Finance,Accountant,3,2015-07-09,Germany,98197,17,2,7,84,2022,9,4.69,4,No
647,Kavya Menon 547,Female,40,Sales,Account Manager,2,2016-02-23,UK,90773,19,13,8,27,2021,8,2.27,4,No
648,Taylor Morris 548,Female,35,IT,Developer,3,2018-12-07,USA,183848,27,28,7,45,2025,6,4.94,3,No
649,Erin Massey 549,Female,38,Sales,Business Development,2,2020-03-22,France,153943,12,6,11,3,2023,4,2.12,3,No
650,Rohan Pillai 550,Female,22,Finance,Accountant,4,2022-08-16,Germany,62584,4,14,10,7,2024,2,3.93,1,No
651,Riya Mishra 551,Female,49,Sales,Sales Executive,4,2016-10-08,Germany,170372,29,16,4,60,2018,8,3.08,3,No
652,Christopher Benson 552,Female,33,Marketing,Marketing Executive,3,2017-03-06,Germany,38338,0,0,1,16,2024,7,3.92,3,No
653,Sara Snyder 553,Male,24,IT,Developer,2,2012-02-02,India,97601,21,8,3,33,2024,12,2.99,3,No
654,Judith Ware 554,Female,30,Marketing,Marketing Executive,2,2010-08-27,India,171559,17,21,7,19,2020,14,3.75,5,No
655,Erin Massey 555,Male,51,IT,Developer,3,2020-10-21,France,71282,4,28,11,79,2024,4,4.56,2,No
656,Arjun Rao 556,Male,28,Finance,Financial Analyst,3,2021-05-11,India,150447,30,13,11,73,2023,3,4.32,3,No
657,Taylor Morris 557,Male,23,HR,Employee Relations,3,2009-04-27,Germany,130798,5,15,7,33,2019,15,3.14,2,No
658,Erin Massey 558,Male,29,Finance,Accountant,3,2018-10-20,India,165963,26,27,11,42,2020,6,2.25,1,No
659,Aarav Sharma 559,Female,50,IT,Tester,3,2009-08-03,India,143611,24,20,13,9,2024,15,2.9,3,No
660,Ayaan Saxena 560,Female,31,IT,Cybersecurity Specialist,2,2009-11-16,Canada,175987,28,12,3,29,2019,15,3.64,2,No
661,Steven Barnett 561,Male,55,IT,Data Analyst,1,2023-03-08,Germany,46158,27,5,1,24,2025,1,3.85,5,No
662,Jeffery Lopez 562,Male,57,Support,Support Engineer,1,2022-03-12,India,45547,15,21,10,56,2024,2,4.27,3,No
663,Rohan Pillai 563,Female,33,Sales,Account Manager,2,2017-02-13,France,123713,11,0,9,62,2020,7,2.47,2,No
664,Ayaan Saxena 564,Male,56,HR,Recruitment Specialist,3,2013-11-13,India,37459,19,20,12,70,2024,11,2.27,1,No
665,Meera Das 565,Male,33,Marketing,SEO Specialist,4,2021-05-27,India,98146,17,24,6,46,2025,3,2.18,3,No
666,Ayaan Saxena 566,Male,32,IT,Software Engineer,4,2010-03-06,Germany,138577,33,3,13,83,2020,14,3.0,1,No
667,Reyansh Reddy 567,Male,57,IT,Developer,2,2011-11-23,India,142761,22,2,13,80,2017,13,3.41,3,No
668,Norman Lane 568,Female,30,HR,Recruitment Specialist,2,2023-03-25,Canada,138727,26,16,12,2,2025,1,3.57,3,No
669,Megan Williams 569,Female,29,Sales,Account Manager,2,2022-10-01,Canada,85460,16,29,7,45,2024,2,1.79,2,No
670,Ananya Singh 570,Female,27,Finance,Auditor,2,2014-07-20,India,117970,20,30,1,35,2016,10,2.25,3,No
671,Cody Bright 571,Female,22,IT,Cybersecurity Specialist,3,2014-07-25,Germany,50419,39,1,1,25,2020,10,2.5,4,Yes
672,Ayaan Saxena 572,Male,43,HR,HR Manager,3,2010-09-01,USA,70577,30,18,4,9,2016,14,4.96,3,No
673,Riya Mishra 573,Female,59,Sales,Account Manager,2,2015-10-13,USA,37921,2,19,7,33,2020,9,2.82,3,No
674,Nicole Roberts 574,Female,59,IT,Developer,2,2017-12-04,UK,170748,16,22,14,77,2025,7,1.72,3,No
675,Megan Williams 575,Female,41,HR,HR Executive,1,2017-07-10,Canada,179535,25,21,11,7,2024,7,3.58,3,No
676,Troy Ford 576,Male,43,Sales,Sales Executive,2,2010-06-25,USA,75935,22,26,15,54,2019,14,3.09,4,No
677,Nicole Roberts 577,Male,49,HR,HR Executive,3,2014-07-15,UK,160534,5,7,11,9,2025,10,2.03,4,No
678,Riya Mishra 578,Male,34,Finance,Accountant,2,2016-03-07,USA,107828,27,29,8,56,2025,8,2.73,3,No
679,Devansh Banerjee 579,Male,46,Sales,Sales Executive,3,2009-10-14,Germany,158649,7,24,10,78,2022,15,2.86,2,No
680,Meera Das 580,Male,25,IT,Tester,3,2012-05-14,India,124062,7,14,9,44,2024,12,3.08,3,No
681,Judith Ware 581,Female,51,Finance,Auditor,4,2012-02-10,Canada,90152,18,5,1,49,2023,12,4.13,4,No
682,Pari Joshi 582,Male,45,HR,HR Manager,4,2016-03-06,USA,131491,37,22,4,63,2022,8,3.76,2,No
683,Judith Ware 583,Male,51,IT,Developer,3,2015-06-23,Germany,121569,28,19,4,1,2019,9,3.33,3,No
684,Rohan Pillai 584,Female,40,Marketing,SEO Analyst,1,2022-06-09,UK,107467,22,1,3,44,2024,2,4.19,3,No
685,Reyansh Reddy 585,Female,37,IT,Tester,3,2010-05-21,Germany,182435,31,24,7,61,2019,14,2.79,3,No
686,Ishaan Malhotra 586,Male,22,IT,Developer,4,2016-08-08,UK,157537,9,24,1,13,2020,8,2.47,3,No
687,Myra Nair 587,Female,45,Sales,Business Development,1,2016-01-03,USA,88806,26,14,9,73,2022,8,3.51,3,No
688,Ashley Marsh 588,Male,33,Sales,Sales Executive,3,2011-06-06,India,166332,0,19,13,14,2023,13,3.43,2,No
689,Shannon Clark 589,Male,59,HR,HR Executive,4,2019-01-18,France,110992,38,11,8,13,2021,5,1.72,3,No
690,Avani Bhat 590,Female,48,Sales,Business Development,3,2019-10-23,India,57320,28,2,2,30,2024,5,4.69,1,No
691,Troy Ford 591,Male,26,IT,Data Analyst,1,2020-01-26,Germany,113971,2,9,2,28,2023,4,2.18,3,No
692,Saanvi Iyer 592,Female,23,Finance,Financial Analyst,1,2010-05-01,France,83581,36,13,8,26,2025,14,3.73,4,No
693,Brenda Bauer 593,Female,55,HR,HR Executive,3,2019-06-23,Canada,128645,30,26,11,84,2025,5,3.75,3,No
694,Christopher Benson 594,Male,38,IT,Tester,2,2022-08-12,France,55754,10,21,14,8,2024,2,0.11,3,No
695,Ishaan Malhotra 595,Female,31,Sales,Sales Executive,3,2022-03-14,India,104837,21,29,15,19,2025,2,3.43,3,No
696,Rohan Pillai 596,Male,40,IT,Data Analyst,3,2019-03-27,Canada,173279,17,13,1,57,2025,5,4.84,2,No
697,Pari Joshi 597,Female,25,Sales,Business Development,2,2013-01-28,USA,158746,34,2,13,78,2022,11,2.49,1,No
698,Troy Ford 598,Female,39,Finance,Financial Analyst,4,2011-03-05,USA,149780,5,0,7,48,2016,13,1.3,3,No
699,Devansh Banerjee 599,Female,42,HR,HR Executive,3,2021-06-19,Germany,122081,2,19,9,56,2024,3,3.08,4,No
700,Peter Mckee 600,Male,39,HR,HR Executive,2,2023-04-05,France,59016,4,0,12,15,2025,1,3.67,5,No
701,Aditi Sen 601,Female,36,Sales,Sales Executive,4,2015-05-25,Canada,95522,8,1,15,74,2019,9,3.11,3,No
702,Riya Mishra 602,Female,44,IT,Software Engineer,4,2022-08-01,Canada,155896,27,18,3,7,2024,2,2.25,3,No
703,Vivaan Gupta 603,Male,24,IT,Engineer,3,2010-02-28,France,147099,18,23,7,66,2020,14,2.17,3,No
704,Sara Snyder 604,Male,35,HR,HR Manager,4,2012-05-28,India,139429,27,9,6,18,2025,12,1.58,3,No
705,Anna Dominguez 605,Female,45,Sales,Business Development,3,2010-03-23,USA,36924,26,3,15,66,2020,14,1.33,3,No
706,Sara Khan 606,Male,55,Sales,Business Development,4,2014-11-06,India,120015,12,3,7,35,2020,10,2.86,3,No
707,Aditya Kumar 607,Other,34,IT,Developer,3,2022-02-08,USA,139987,37,12,7,59,2025,2,3.62,4,No
708,Christopher Benson 608,Female,39,Sales,Sales Executive,3,2010-05-22,Canada,89333,20,25,10,35,2023,14,3.36,3,No
709,Riya Mishra 609,Female,58,Sales,Business Development,5,2020-08-06,Germany,161372,26,8,1,10,2024,4,3.45,3,No
710,Troy Ford 610,Male,56,Support,Helpdesk,3,2022-10-03,USA,166378,5,6,14,50,2025,2,3.83,5,No
711,Diya Patel 611,Female,27,Support,Helpdesk,2,2017-07-04,UK,123495,37,15,3,79,2023,7,4.51,3,No
712,Anna Dominguez 612,Male,50,IT,Data Analyst,3,2009-06-16,Canada,104767,10,17,10,54,2016,15,3.23,3,No
713,Diya Patel 613,Female,39,IT,Engineer,3,2012-06-27,France,139332,40,2,1,53,2019,12,3.54,3,No
714,Anna Dominguez 614,Male,45,Finance,Accountant,2,2014-05-01,France,178279,16,19,5,16,2018,10,3.55,4,No
715,Erin Massey 615,Other,36,Finance,Accountant,5,2009-08-13,India,74426,38,19,3,61,2023,15,3.35,3,No
716,Navya Chopra 616,Female,28,HR,HR Executive,2,2023-10-02,India,41336,6,9,1,41,2025,1,3.22,3,No
717,Ayaan Saxena 617,Female,38,Support,Support Engineer,2,2013-04-28,Canada,147200,29,23,2,23,2023,11,3.3,3,No
718,Christopher Benson 618,Male,48,IT,Engineer,4,2022-03-06,India,52256,20,25,10,16,2025,2,4.76,4,No
719,Pari Joshi 619,Male,36,Support,Helpdesk,3,2013-11-17,India,68719,0,29,5,47,2016,11,4.63,3,No
720,Ayaan Saxena 620,Female,39,HR,Employee Relations,1,2019-09-05,Canada,77017,24,25,11,83,2022,5,1.49,3,No
721,Sara Khan 621,Male,37,Finance,Financial Analyst,3,2009-05-16,USA,80704,31,21,3,69,2019,15,3.42,4,No
722,Anna Dominguez 622,Male,33,Support,Support Engineer,3,2022-04-20,Canada,65013,7,15,6,6,2025,2,3.21,4,No
723,Arjun Rao 623,Other,27,HR,HR Executive,1,2015-01-09,Canada,114991,4,2,9,13,2017,9,4.46,4,No
724,Manish Badami 624,Male,47,IT,Cybersecurity Specialist,5,2020-09-13,India,105258,29,10,6,10,2024,4,3.16,2,No
725,David Williams 625,Male,30,Finance,Financial Analyst,3,2015-04-10,UK,113348,7,24,2,11,2020,9,3.45,3,No
726,Rohan Pillai 626,Male,54,Marketing,SEO Analyst,3,2013-10-20,France,45060,18,9,2,4,2019,11,2.55,3,No
727,Riya Mishra 627,Female,56,IT,Cybersecurity Specialist,3,2012-12-16,India,172727,29,15,15,4,2016,12,4.01,3,No
728,Aditi Sen 628,Other,45,IT,Tester,3,2023-07-20,USA,84923,14,7,13,19,2025,1,1.96,4,No
729,Megan Williams 629,Female,26,Sales,Business Development,2,2023-01-11,Germany,113563,35,8,13,53,2025,1,2.89,4,No
730,Taylor Morris 630,Female,44,IT,Developer,2,2023-09-18,USA,170102,26,14,8,54,2025,1,2.15,3,No
731,Anna Dominguez 631,Male,38,HR,HR Executive,3,2010-05-04,France,124779,12,20,11,57,2025,14,2.9,2,No
732,Megan Williams 632,Female,43,HR,Recruitment Specialist,4,2020-08-06,Germany,134704,13,2,8,78,2023,4,2.65,1,No
733,Megan Williams 633,Male,26,HR,HR Manager,1,2015-07-02,Canada,164157,36,3,6,29,2024,9,4.04,3,No
734,Clinton Scott 634,Male,49,Sales,Sales Executive,3,2016-04-14,UK,145234,29,29,10,23,2019,8,2.98,1,No
735,Aarav Sharma 635,Female,45,IT,Developer,4,2017-04-28,UK,96687,38,12,7,72,2023,7,4.69,3,No
736,Aditya Kumar 636,Female,37,Finance,Financial Analyst,2,2009-02-26,France,71491,12,11,1,2,2017,15,2.96,3,No
737,Jasmine Gonzalez 637,Male,44,IT,Software Engineer,1,2023-04-16,India,107115,15,20,15,47,2025,1,2.12,4,No
738,Jasmine Gonzalez 638,Male,31,IT,Tester,2,2021-09-08,France,152935,6,8,12,70,2025,3,2.96,2,No
739,Sara Khan 639,Male,46,IT,Developer,3,2015-11-14,UK,118778,26,24,9,21,2021,9,3.68,3,No
740,Ayaan Saxena 640,Female,54,IT,Cybersecurity Specialist,2,2009-01-13,Germany,170853,34,13,5,13,2019,15,4.89,4,No
741,Jasmine Gonzalez 641,Other,48,HR,HR Executive,3,2015-08-14,Germany,55448,14,18,9,47,2018,9,2.56,3,No
742,Kabir Mehta 642,Female,23,IT,Engineer,3,2019-11-09,India,86550,27,6,2,28,2021,5,4.86,2,No
743,Nicole Roberts 643,Female,31,Marketing,Content Strategist,3,2012-08-14,USA,84294,34,15,14,49,2024,12,3.01,2,No
744,Nicole Roberts 644,Female,58,Marketing,Marketing Executive,2,2011-10-01,Canada,56446,6,21,8,79,2025,13,2.75,4,No
745,Diya Patel 645,Female,34,IT,Engineer,3,2018-08-12,India,111579,19,30,7,9,2020,6,3.98,3,No
746,Brenda Bauer 646,Male,46,Sales,Account Manager,4,2013-05-25,Germany,149679,31,19,11,70,2020,11,4.62,4,No
747,Anna Dominguez 647,Male,41,IT,Tester,4,2011-09-22,Canada,120615,37,4,14,26,2024,13,3.76,2,No
748,Vihaan Verma 648,Male,59,Sales,Account Manager,4,2018-03-28,France,52101,39,29,4,78,2023,6,1.79,4,Yes
749,Connie Bailey 649,Male,50,IT,Software Engineer,3,2014-07-03,Germany,63016,31,30,3,27,2022,10,3.53,3,No
750,Kabir Mehta 650,Female,28,HR,Employee Relations,3,2020-07-08,Germany,125481,25,9,4,8,2023,4,5.37,3,No
751,Myra Nair 651,Male,40,Support,Support Engineer,2,2023-05-21,Germany,87802,38,17,4,70,2025,1,0.92,5,No
752,Jasmine Gonzalez 652,Female,52,Sales,Business Development,2,2019-04-03,USA,42549,19,10,10,79,2024,5,3.57,3,No
753,Manish Badami 653,Male,42,IT,Cybersecurity Specialist,2,2011-12-24,India,82842,17,6,10,25,2023,13,2.92,4,No
754,Joel Fuller 654,Female,27,Finance,Accountant,3,2023-11-22,France,81539,14,13,8,80,2025,1,2.26,4,No
755,Cody Bright 655,Female,29,Sales,Account Manager,2,2023-06-02,UK,68717,21,19,13,7,2025,1,4.23,3,No
756,Devansh Banerjee 656,Female,21,IT,Developer,2,2013-04-21,USA,150042,21,17,13,1,2020,11,1.46,3,No
757,Rita Walker 657,Male,49,IT,Tester,5,2019-11-26,USA,162922,20,10,4,56,2025,5,2.85,3,No
758,Saanvi Iyer 658,Male,28,HR,Employee Relations,2,2019-05-19,Germany,127447,1,21,14,51,2022,5,4.2,3,No
759,Cody Bright 659,Male,24,Sales,Account Manager,2,2017-10-21,USA,118402,39,26,5,57,2020,7,4.09,3,No
760,Saanvi Iyer 660,Female,55,Sales,Business Development,1,2022-05-02,India,77607,17,11,2,2,2025,2,3.8,4,No
761,Ananya Singh 661,Other,23,IT,Data Analyst,3,2009-05-03,India,47823,22,17,13,7,2020,15,3.37,1,No
762,Kavya Menon 662,Female,27,Sales,Account Manager,3,2018-03-21,India,64986,12,25,4,58,2022,6,3.08,3,No
763,Saanvi Iyer 663,Male,47,Finance,Accountant,3,2022-09-02,UK,156682,40,1,7,1,2024,2,2.73,3,No
764,Reyansh Reddy 664,Female,21,Sales,Account Manager,3,2009-09-03,USA,99325,8,22,3,61,2023,15,2.23,3,No
765,Arjun Rao 665,Female,47,Support,Helpdesk,4,2011-12-23,India,162925,6,0,14,48,2017,13,4.01,4,No
766,Clinton Scott 666,Male,36,Marketing,Content Strategist,4,2014-12-14,USA,92771,40,22,14,19,2022,10,3.41,2,No
767,Sara Snyder 667,Male,58,Marketing,SEO Analyst,5,2019-01-16,Germany,89973,0,9,1,28,2022,5,4.04,3,No
768,Meera Das 668,Male,27,Sales,Business Development,4,2020-01-24,France,180762,1,20,13,16,2023,4,2.42,3,No
769,Arjun Rao 669,Female,43,IT,Cybersecurity Specialist,3,2013-09-03,India,74107,3,0,8,73,2020,11,2.4,3,No
770,Arjun Rao 670,Male,31,HR,HR Manager,2,2014-06-14,UK,92888,13,5,8,21,2019,10,3.7,3,No
771,Norman Lane 671,Female,53,Finance,Auditor,1,2019-03-06,Germany,45956,31,6,6,5,2024,5,0.92,3,Yes
772,Diya Patel 672,Female,56,Sales,Account Manager,1,2022-07-21,USA,121839,35,16,7,61,2024,2,0.67,3,Yes
773,Ashley Marsh 673,Male,57,IT,Software Engineer,3,2016-03-24,India,136131,1,8,15,30,2020,8,4.21,3,No
774,Pari Joshi 674,Male,37,Sales,Business Development,4,2016-05-01,UK,102594,39,30,10,61,2018,8,2.49,3,Yes
775,Cody Bright 675,Other,55,Finance,Accountant,3,2018-12-15,Canada,46519,13,6,11,11,2021,6,3.39,3,No
776,Peter Mckee 676,Female,25,Sales,Business Development,1,2021-09-19,India,36832,19,16,2,11,2025,3,3.58,3,No
777,Devansh Banerjee 677,Other,52,Sales,Sales Executive,3,2020-02-03,India,148922,24,2,5,62,2023,4,4.24,3,No
778,Riya Mishra 678,Male,23,Marketing,SEO Analyst,4,2023-07-28,USA,140474,41,15,12,15,2025,1,2.76,2,No
779,Navya Chopra 679,Male,55,IT,Engineer,3,2015-11-28,France,104715,7,4,7,24,2020,9,2.81,2,No
780,Jasmine Gonzalez 680,Female,34,IT,Developer,4,2014-10-08,USA,106835,27,19,15,21,2024,10,2.58,3,No
781,Aditi Sen 681,Male,51,IT,Software Engineer,4,2019-02-14,France,108366,20,17,9,75,2022,5,3.82,3,No
782,Brenda Bauer 682,Male,51,Sales,Business Development,4,2010-07-27,Canada,72570,22,30,1,17,2025,14,3.87,1,No
783,Erin Massey 683,Female,37,Sales,Sales Executive,4,2016-05-09,Germany,172687,31,0,15,44,2019,8,4.48,3,No
784,Kabir Mehta 684,Male,44,IT,Software Engineer,3,2021-07-01,Germany,73311,7,3,3,79,2023,3,1.95,2,No
785,Aarav Sharma 685,Female,43,Marketing,Marketing Executive,2,2020-01-06,India,125245,30,22,6,67,2022,4,5.43,5,No
786,Norman Lane 686,Male,38,Sales,Sales Executive,1,2020-09-01,Germany,138187,36,10,14,11,2024,4,2.89,3,No
787,Joel Fuller 687,Other,34,IT,Engineer,3,2016-03-13,UK,58434,15,19,7,48,2024,8,3.15,3,No
788,Sara Snyder 688,Female,35,Sales,Sales Executive,2,2009-05-04,France,121879,39,8,6,32,2016,15,3.36,3,Yes
789,Navya Chopra 689,Male,35,Sales,Account Manager,5,2012-01-10,USA,50739,41,29,1,62,2021,12,2.29,4,Yes
790,Reyansh Reddy 690,Female,26,Marketing,SEO Specialist,2,2015-04-20,UK,101202,26,7,4,17,2018,9,2.79,2,No
791,Shannon Clark 691,Male,47,IT,Software Engineer,4,2021-11-12,UK,133580,39,7,6,53,2023,3,4.66,5,No
792,Saanvi Iyer 692,Male,35,HR,Recruitment Specialist,3,2017-10-13,USA,114599,40,4,8,26,2019,7,4.68,3,No
793,Erin Massey 693,Female,56,IT,Data Analyst,2,2015-04-16,Canada,151770,17,11,10,82,2021,9,3.41,2,No
794,Devansh Banerjee 694,Female,28,IT,Engineer,4,2022-03-07,Germany,74470,34,30,15,77,2024,2,4.24,3,No
795,Anna Dominguez 695,Male,35,Finance,Auditor,3,2020-01-16,Canada,109965,14,0,14,24,2024,4,3.61,3,No
796,Kavya Menon 696,Male,23,IT,Cybersecurity Specialist,3,2021-02-01,Canada,160332,26,14,4,33,2024,3,3.14,5,No
797,Manish Badami 697,Female,33,Sales,Sales Executive,2,2016-04-05,Germany,164681,16,24,7,59,2019,8,2.45,4,No
798,Ashley Marsh 698,Female,54,Marketing,Marketing Executive,3,2020-11-15,Canada,149300,39,17,11,53,2023,4,2.34,3,No
799,Arjun Rao 699,Female,44,Marketing,Marketing Executive,2,2015-10-21,UK,72997,1,5,3,4,2021,9,2.44,3,No
800,Erin Massey 700,Female,52,IT,Cybersecurity Specialist,3,2023-02-11,India,132805,30,9,8,35,2025,1,4.81,4,No
801,Ananya Singh 701,Male,52,Marketing,Content Strategist,3,2023-03-04,USA,157202,36,13,1,53,2025,1,4.07,3,No
802,Norman Lane 702,Female,50,IT,Developer,3,2020-10-22,India,37526,40,20,4,35,2025,4,4.64,3,No
803,Myra Nair 703,Male,33,IT,Cybersecurity Specialist,3,2021-06-12,UK,108339,40,25,8,68,2024,3,3.6,3,No
804,Anna Dominguez 704,Female,21,IT,Tester,3,2021-02-02,India,41574,33,28,10,38,2023,3,2.32,3,Yes
805,Myra Nair 705,Female,54,IT,Data Analyst,2,2014-09-12,UK,43733,33,30,4,69,2022,10,3.8,4,Yes
806,Erin Massey 706,Female,35,Marketing,Content Strategist,4,2012-02-18,France,85290,2,7,2,3,2021,12,4.47,3,No
807,Christopher Benson 707,Male,34,Sales,Sales Executive,2,2022-03-15,Germany,107793,16,26,2,73,2024,2,3.84,3,No
808,Shannon Clark 708,Female,49,Finance,Accountant,3,2010-09-16,Germany,71051,13,2,4,64,2022,14,1.88,4,No
809,Joel Fuller 709,Other,54,Marketing,Content Lead,3,2014-06-27,India,50909,13,21,15,84,2025,10,1.73,1,No
810,Pari Joshi 710,Female,38,HR,HR Executive,4,2014-12-22,UK,112338,37,21,13,39,2023,10,3.84,3,No
811,Rita Walker 711,Female,27,Sales,Sales Executive,3,2022-12-10,Germany,108432,34,25,4,36,2024,2,2.89,4,No
812,Jasmine Gonzalez 712,Male,49,Marketing,SEO Analyst,3,2016-05-15,France,63133,0,18,15,66,2019,8,3.51,3,No
813,David Williams 713,Female,51,IT,Developer,3,2023-07-27,India,114062,28,11,2,30,2025,1,2.48,3,No
814,Peter Mckee 714,Male,45,Sales,Business Development,3,2010-04-10,USA,177350,3,11,7,80,2019,14,3.33,3,No
815,Steven Barnett 715,Male,58,Sales,Business Development,2,2009-10-19,Canada,146546,32,14,15,76,2023,15,2.1,3,No
816,David Williams 716,Female,34,Sales,Account Manager,3,2016-07-14,Germany,86458,16,27,6,46,2025,8,3.45,3,No
817,Aditi Sen 717,Male,28,Finance,Accountant,3,2014-10-17,UK,90415,27,6,11,26,2020,10,3.93,1,No
818,Aditya Kumar 718,Male,47,IT,Developer,5,2021-06-27,Germany,89160,25,26,3,50,2023,3,3.98,2,No
819,Aarav Sharma 719,Other,22,IT,Tester,3,2022-11-11,UK,89399,7,3,8,19,2024,2,1.89,3,No
820,Vihaan Verma 720,Female,37,IT,Software Engineer,3,2015-02-02,India,60298,33,20,8,12,2020,9,3.67,3,No
821,Rita Walker 721,Female,57,HR,Recruitment Specialist,2,2019-11-08,India,124407,17,8,1,62,2024,5,2.61,4,No
822,David Williams 722,Male,34,IT,Cybersecurity Specialist,4,2009-03-25,Canada,97513,30,21,3,43,2019,15,4.73,3,No
823,Erin Massey 723,Female,45,Finance,Auditor,4,2010-04-14,Germany,86097,26,15,5,23,2024,14,4.16,3,No
824,Peggy Mann 724,Male,50,IT,Developer,2,2019-06-17,Canada,180476,15,25,2,2,2023,5,3.23,4,No
825,Vihaan Verma 725,Male,49,IT,Developer,2,2011-11-26,UK,70198,9,30,12,9,2021,13,5.38,1,No
826,Peggy Mann 726,Female,40,IT,Data Analyst,3,2018-10-03,France,84997,39,12,12,64,2022,6,2.47,2,Yes
827,Sara Snyder 727,Male,41,Sales,Sales Executive,2,2020-04-21,France,166639,11,3,5,48,2022,4,3.14,3,No
828,Ashley Marsh 728,Male,42,Sales,Account Manager,2,2017-01-20,USA,37179,21,23,11,57,2025,7,3.74,2,No
829,Norman Lane 729,Male,55,Marketing,SEO Specialist,2,2017-05-20,UK,37019,15,8,10,76,2021,7,5.23,3,No
830,Judith Ware 730,Male,57,Finance,Accountant,2,2013-10-26,UK,116455,11,25,3,77,2024,11,4.66,5,No
831,Reyansh Reddy 731,Male,36,HR,HR Manager,3,2015-07-24,UK,184776,10,20,15,1,2019,9,4.0,4,No
832,Aarav Sharma 732,Female,37,Sales,Business Development,3,2018-12-08,India,184102,19,17,9,65,2021,6,2.32,3,No
833,Nicole Roberts 733,Male,36,Marketing,Marketing Executive,2,2011-03-21,India,161883,0,14,11,30,2019,13,2.32,4,No
834,Reyansh Reddy 734,Female,22,IT,Engineer,2,2023-10-24,France,104445,26,14,1,67,2025,1,3.9,2,No
835,Judith Ware 735,Female,24,Sales,Sales Executive,2,2015-07-25,France,108551,2,5,4,82,2019,9,1.95,3,No
836,Avani Bhat 736,Female,41,IT,Cybersecurity Specialist,3,2012-10-07,France,38420,11,10,10,36,2025,12,3.52,3,No
837,Shannon Clark 737,Male,59,Sales,Account Manager,2,2011-02-20,Germany,94875,29,30,6,72,2018,13,4.0,3,No
838,Manish Badami 738,Female,54,IT,Engineer,3,2014-12-14,Germany,51740,8,27,15,23,2024,10,1.72,1,No
839,Norman Lane 739,Male,50,IT,Developer,3,2015-12-08,France,100263,36,7,9,76,2021,9,3.85,4,No
840,Vihaan Verma 740,Male,26,Sales,Account Manager,1,2019-09-07,Canada,140789,0,28,3,43,2024,5,4.1,4,No
841,Jeffery Lopez 741,Female,37,Support,Helpdesk,1,2017-05-01,Germany,54465,41,20,15,82,2021,7,2.84,3,Yes
842,Aditi Sen 742,Female,59,Sales,Sales Executive,1,2023-09-12,India,39131,3,16,3,40,2025,1,3.04,2,No
843,Christopher Benson 743,Female,45,Sales,Business Development,3,2020-06-18,Germany,45652,14,23,15,73,2025,4,1.41,3,No
844,Arjun Rao 744,Female,25,Finance,Financial Analyst,4,2012-11-10,Germany,82671,26,24,12,50,2019,12,3.09,4,No
845,Manish Badami 745,Female,25,Sales,Account Manager,1,2014-10-18,Germany,124342,7,16,5,41,2020,10,1.67,3,No
846,Joel Fuller 746,Female,40,Finance,Auditor,4,2020-10-01,USA,54171,22,23,7,77,2025,4,2.51,3,No
847,Ananya Singh 747,Male,36,Sales,Business Development,2,2019-12-20,Germany,93541,14,25,14,39,2022,5,2.8,4,No
848,Sara Snyder 748,Male,57,Support,Support Engineer,4,2018-10-11,Canada,44470,26,27,5,47,2021,6,2.04,3,No
849,Ayaan Saxena 749,Male,29,Sales,Sales Executive,3,2020-02-26,USA,79308,30,17,11,83,2022,4,1.95,3,Yes
850,Aditi Sen 750,Female,25,Marketing,Marketing Executive,3,2018-11-25,India,170669,38,3,8,3,2023,6,2.0,3,No
851,Megan Williams 751,Female,22,HR,HR Executive,3,2014-02-27,India,137840,7,28,5,59,2018,10,4.42,3,No
852,Arjun Rao 752,Male,29,Finance,Accountant,3,2017-09-01,Germany,84477,29,30,7,38,2025,7,3.13,3,No
853,Riya Mishra 753,Male,56,Support,Helpdesk,4,2021-07-06,UK,143261,41,14,6,4,2024,3,4.47,3,No
854,Diya Patel 754,Female,42,IT,Tester,4,2015-06-02,USA,137466,17,1,14,5,2024,9,2.8,3,No
855,Peggy Mann 755,Female,42,Sales,Sales Executive,3,2016-01-26,India,68071,3,1,10,13,2023,8,2.82,3,No
856,Meera Das 756,Other,42,Sales,Sales Executive,2,2023-08-24,Germany,105560,21,9,13,69,2025,1,2.78,2,No
857,Peter Mckee 757,Female,54,HR,Employee Relations,2,2011-02-04,Canada,111762,2,2,2,77,2025,13,0.22,3,No
858,Clinton Scott 758,Female,49,HR,Employee Relations,4,2022-04-15,France,178641,14,29,3,11,2025,2,3.71,3,No
859,Erin Massey 759,Female,58,IT,Data Analyst,3,2022-02-27,India,37369,34,7,11,61,2025,2,3.09,4,No
860,Ashley Marsh 760,Male,53,Sales,Sales Executive,3,2014-09-12,Germany,144963,37,19,11,26,2016,10,3.25,3,No
861,Navya Chopra 761,Male,38,Sales,Business Development,3,2015-04-04,UK,35528,32,6,4,53,2018,9,1.11,3,Yes
862,Taylor Morris 762,Female,27,IT,Developer,4,2012-04-05,Canada,143806,13,11,5,11,2022,12,3.17,3,No
863,Joel Fuller 763,Female,21,Finance,Financial Analyst,3,2015-10-12,India,137979,0,25,9,7,2019,9,2.76,3,No
864,Megan Williams 764,Male,53,Finance,Accountant,4,2015-12-08,USA,184119,25,18,6,73,2019,9,3.33,3,No
865,Connie Bailey 765,Female,21,Marketing,SEO Analyst,4,2023-04-03,Canada,54748,7,25,1,15,2025,1,3.12,4,No
866,Reyansh Reddy 766,Female,44,HR,HR Executive,3,2017-11-01,Germany,70109,15,27,3,51,2023,7,2.71,3,No
867,Kavya Menon 767,Female,24,IT,Tester,2,2009-02-20,India,48919,37,29,7,25,2021,15,3.76,4,No
868,Norman Lane 768,Female,24,Sales,Sales Executive,4,2012-09-14,India,82498,9,14,8,7,2025,12,4.22,2,No
869,Ashley Marsh 769,Male,38,HR,Employee Relations,3,2013-01-06,UK,90808,41,13,7,44,2016,11,2.79,1,Yes
870,Sara Snyder 770,Male,47,IT,Tester,4,2011-06-10,India,105441,36,15,5,83,2022,13,1.75,4,Yes
871,Meera Das 771,Male,52,Sales,Business Development,1,2021-03-10,Canada,148843,25,28,15,80,2023,3,1.82,3,No
872,Anna Dominguez 772,Male,53,HR,HR Manager,1,2013-09-26,India,109420,27,26,10,18,2021,11,3.62,3,No
873,Aditya Kumar 773,Other,48,IT,Engineer,4,2015-03-01,Canada,142447,11,13,8,16,2024,9,4.5,3,No
874,Anna Dominguez 774,Other,56,Support,Helpdesk,3,2016-02-15,France,101896,19,2,9,64,2020,8,1.39,2,No
875,Cody Bright 775,Female,26,Sales,Account Manager,3,2021-04-04,France,138431,13,17,7,28,2024,3,2.18,3,No
876,Cody Bright 776,Female,36,HR,HR Executive,4,2023-02-10,Germany,82020,34,28,11,13,2025,1,2.87,4,No
877,Norman Lane 777,Male,54,IT,Tester,3,2015-06-22,USA,57161,28,27,9,16,2018,9,1.16,2,Yes
878,Megan Williams 778,Male,43,IT,Cybersecurity Specialist,3,2011-03-17,USA,62738,11,21,1,12,2024,13,3.1,4,No
879,Reyansh Reddy 779,Male,44,Finance,Auditor,1,2014-10-25,UK,169997,17,5,14,62,2021,10,3.56,3,No
880,Saanvi Iyer 780,Male,33,Marketing,Content Strategist,4,2023-04-25,Germany,174535,1,16,9,32,2025,1,3.68,3,No
881,Aditya Kumar 781,Male,38,IT,Software Engineer,4,2009-05-07,USA,92153,1,22,3,28,2022,15,2.8,2,No
882,Jasmine Gonzalez 782,Female,33,Sales,Sales Executive,2,2021-03-19,India,96009,16,27,6,36,2025,3,2.84,3,No
883,Vivaan Gupta 783,Female,57,HR,Recruitment Specialist,4,2011-08-01,Canada,122938,9,13,8,82,2018,13,2.18,2,No
884,Sara Khan 784,Male,59,IT,Tester,4,2018-08-08,Germany,134546,17,13,3,45,2024,6,1.43,1,No
885,Cody Bright 785,Other,37,Sales,Sales Executive,3,2018-03-17,Canada,91271,21,19,4,23,2022,6,3.01,5,No
886,Vihaan Verma 786,Female,35,HR,Employee Relations,3,2010-09-20,UK,44797,18,12,7,13,2023,14,3.61,3,No
887,Devansh Banerjee 787,Male,38,Marketing,SEO Specialist,3,2013-07-16,India,121130,0,26,12,4,2022,11,3.22,3,No
888,Peter Mckee 788,Male,43,IT,Software Engineer,2,2014-09-19,Germany,106942,23,27,7,52,2022,10,4.31,2,No
889,Ishaan Malhotra 789,Female,50,Marketing,SEO Specialist,3,2020-05-26,India,153065,35,2,4,29,2025,4,3.55,4,No
890,Anna Dominguez 790,Male,54,Finance,Auditor,4,2022-11-13,India,48965,24,12,9,59,2025,2,3.86,3,No
891,Erin Massey 791,Male,24,IT,Developer,3,2011-03-05,India,48733,35,28,13,72,2017,13,3.37,4,Yes
892,Rita Walker 792,Female,23,Support,Support Engineer,3,2014-11-02,UK,162182,30,23,3,27,2022,10,5.06,1,No
893,Jasmine Gonzalez 793,Female,27,HR,HR Executive,2,2018-04-12,France,118360,30,1,12,25,2020,6,2.71,3,No
894,Joel Fuller 794,Female,38,Finance,Auditor,1,2014-02-03,UK,143378,1,8,8,17,2016,10,3.88,5,No
895,Myra Nair 795,Female,27,Sales,Sales Executive,3,2019-05-25,India,63287,18,12,8,35,2023,5,3.45,3,No
896,Arjun Rao 796,Female,26,Support,Helpdesk,1,2011-03-26,France,117104,11,7,13,7,2022,13,3.94,4,No
897,Aditya Kumar 797,Female,42,Finance,Auditor,3,2018-06-04,Germany,121916,9,15,4,17,2020,6,3.53,3,No
898,Rohan Pillai 798,Male,21,HR,HR Manager,3,2017-04-16,Canada,38188,30,23,7,83,2019,7,3.16,3,Yes
899,Meera Das 799,Male,24,Sales,Sales Executive,4,2013-11-26,Canada,126205,21,28,4,57,2018,11,3.58,4,No
900,Kabir Mehta 800,Male,49,Finance,Auditor,2,2015-10-13,Canada,132349,22,2,13,31,2019,9,3.7,3,No
901,Avani Bhat 801,Male,41,HR,Employee Relations,3,2012-05-11,UK,172837,22,12,12,48,2022,12,3.83,3,No
902,Riya Mishra 802,Other,46,IT,Engineer,3,2012-07-27,Germany,176879,14,3,1,47,2022,12,4.66,3,No
903,Meera Das 803,Male,34,IT,Engineer,1,2010-04-08,Germany,45204,25,17,1,81,2021,14,3.39,2,No
904,Clinton Scott 804,Female,29,Marketing,Content Lead,1,2017-12-13,France,77120,2,1,14,70,2024,7,2.1,3,No
905,Vivaan Gupta 805,Female,32,HR,HR Executive,2,2020-09-09,Germany,137903,22,19,1,64,2025,4,3.36,3,No
906,Cody Bright 806,Female,26,IT,Engineer,4,2014-09-02,Canada,72081,19,21,2,32,2025,10,2.76,4,No
907,Steven Barnett 807,Male,40,Sales,Account Manager,2,2019-03-21,Germany,69986,39,20,6,49,2021,5,2.73,3,No
908,Connie Bailey 808,Male,44,IT,Developer,3,2009-12-17,France,114322,38,14,12,3,2018,15,2.88,3,No
909,Brenda Bauer 809,Male,47,Sales,Business Development,5,2011-04-27,Germany,129819,7,16,10,83,2016,13,2.3,4,No
910,Anna Dominguez 810,Male,58,HR,HR Manager,4,2018-05-09,Germany,165015,17,28,11,35,2021,6,0.8,3,No
911,Kabir Mehta 811,Male,28,Marketing,SEO Analyst,2,2011-08-01,Canada,85304,40,9,5,27,2021,13,4.68,4,No
912,Shannon Clark 812,Male,21,IT,Tester,4,2015-12-03,Germany,100592,5,0,11,2,2023,9,2.71,5,No
913,Ashley Marsh 813,Other,44,IT,Cybersecurity Specialist,1,2019-03-27,UK,93548,26,30,2,5,2023,5,1.49,1,No
914,Devansh Banerjee 814,Male,27,Finance,Financial Analyst,3,2019-06-04,France,133447,35,5,8,44,2022,5,3.38,2,No
915,Troy Ford 815,Male,39,Sales,Account Manager,4,2017-04-01,France,74986,14,2,9,22,2022,7,3.82,2,No
916,Joel Fuller 816,Male,42,Sales,Business Development,3,2022-12-10,France,109095,36,18,7,6,2025,2,3.02,4,No
917,Brenda Bauer 817,Female,55,Sales,Sales Executive,3,2021-12-11,Germany,126594,4,6,12,60,2025,3,1.91,2,No
918,Aditya Kumar 818,Female,50,IT,Data Analyst,2,2012-04-17,UK,123281,38,12,14,64,2025,12,1.78,3,No
919,Reyansh Reddy 819,Female,49,Sales,Business Development,3,2022-05-03,India,101151,8,12,15,5,2024,2,5.48,3,No
920,Saanvi Iyer 820,Female,42,Sales,Account Manager,3,2014-10-21,India,108598,6,16,15,23,2021,10,1.79,4,No
921,Arjun Rao 821,Other,31,Sales,Sales Executive,2,2014-03-21,France,63214,40,0,12,36,2021,10,1.57,4,Yes
922,Meera Das 822,Female,40,Finance,Accountant,5,2012-04-25,USA,73745,19,13,9,44,2020,12,2.89,5,No
923,Jeffery Lopez 823,Female,49,Marketing,SEO Analyst,4,2010-06-12,India,176753,9,28,4,50,2019,14,4.02,3,No
924,Devansh Banerjee 824,Male,54,Finance,Accountant,4,2022-10-02,India,173056,25,25,13,44,2025,2,4.86,3,No
925,Norman Lane 825,Male,21,IT,Data Analyst,3,2021-01-01,Canada,125810,3,2,7,62,2023,3,2.99,1,No
926,Judith Ware 826,Male,51,Finance,Auditor,3,2018-01-25,USA,35944,37,13,5,28,2021,6,2.97,3,Yes
927,Rohan Pillai 827,Female,50,Marketing,SEO Specialist,4,2019-05-16,USA,128993,23,23,5,24,2023,5,1.92,3,No
928,Shannon Clark 828,Other,38,IT,Cybersecurity Specialist,4,2013-04-10,France,44114,13,0,3,9,2024,11,4.29,5,No
929,Ashley Marsh 829,Female,37,IT,Data Analyst,3,2009-05-25,USA,74846,40,15,9,34,2024,15,3.13,4,Yes
930,Steven Barnett 830,Other,58,Marketing,SEO Analyst,2,2010-03-03,USA,67596,0,9,13,54,2022,14,3.16,2,No
931,Devansh Banerjee 831,Male,34,Finance,Financial Analyst,1,2011-12-18,India,139087,16,12,10,24,2025,13,3.63,4,No
932,Ananya Singh 832,Male,43,IT,Engineer,3,2019-08-23,UK,41907,23,3,5,44,2021,5,3.5,2,No
933,David Williams 833,Female,45,IT,Cybersecurity Specialist,3,2022-02-04,Canada,60009,26,8,6,11,2025,2,3.06,2,No
934,Navya Chopra 834,Male,35,Sales,Sales Executive,4,2022-07-01,Germany,119846,6,13,3,3,2025,2,4.52,4,No
935,Rohan Pillai 835,Male,42,IT,Cybersecurity Specialist,2,2012-01-08,France,85241,8,3,10,66,2016,12,1.6,5,No
936,Jeffery Lopez 836,Female,23,Finance,Financial Analyst,2,2023-06-02,India,53996,34,9,7,16,2025,1,3.41,2,No
937,Steven Barnett 837,Female,39,Finance,Auditor,3,2021-10-10,India,172119,11,7,9,72,2023,3,3.61,4,No
938,Devansh Banerjee 838,Other,54,Sales,Account Manager,3,2012-01-19,France,63767,20,22,9,64,2020,12,2.79,4,No
939,Kavya Menon 839,Male,55,Support,Helpdesk,2,2012-12-04,USA,51347,2,2,14,81,2019,12,3.82,2,No
940,Ishaan Malhotra 840,Other,21,IT,Tester,3,2013-05-27,Germany,137063,14,22,15,52,2021,11,3.86,3,No
941,Connie Bailey 841,Male,41,IT,Tester,3,2010-10-19,India,59102,20,30,13,83,2018,14,4.31,3,No
942,Peter Mckee 842,Female,49,Sales,Sales Executive,3,2017-05-12,Germany,39263,9,6,10,56,2020,7,3.09,4,No
943,Ashley Marsh 843,Female,26,IT,Software Engineer,3,2013-07-27,Germany,143585,32,9,14,27,2022,11,2.98,3,No
944,Joel Fuller 844,Other,57,HR,Recruitment Specialist,2,2019-09-05,France,102438,5,2,10,15,2023,5,3.74,2,No
945,Judith Ware 845,Male,21,Sales,Business Development,3,2017-04-10,France,131359,1,1,5,20,2025,7,3.0,3,No
946,Diya Patel 846,Female,21,IT,Data Analyst,4,2015-11-09,India,165251,28,14,7,76,2024,9,1.68,3,No
947,Christopher Benson 847,Male,47,IT,Cybersecurity Specialist,1,2018-08-05,India,62690,39,8,13,41,2022,6,4.06,3,No
948,Troy Ford 848,Female,41,Sales,Sales Executive,4,2022-09-11,India,37994,32,14,12,53,2024,2,1.37,2,Yes
949,Vivaan Gupta 849,Male,36,Finance,Accountant,3,2023-09-17,UK,138533,3,16,12,31,2025,1,3.6,4,No
950,Peggy Mann 850,Female,46,Sales,Business Development,4,2023-12-22,France,102546,3,29,13,37,2025,1,5.74,3,No
951,Meera Das 851,Female,36,Sales,Business Development,4,2014-11-21,France,173449,28,6,3,69,2022,10,3.73,4,No
952,Myra Nair 852,Female,48,IT,Developer,2,2015-06-26,UK,113572,36,19,6,37,2023,9,2.51,4,No
953,Steven Barnett 853,Female,21,IT,Data Analyst,3,2010-03-14,France,61467,19,17,12,53,2019,14,2.75,4,No
954,Erin Massey 854,Male,56,Finance,Accountant,2,2018-03-10,USA,166120,40,14,8,59,2024,6,3.57,5,No
955,Meera Das 855,Male,30,IT,Engineer,4,2018-05-23,USA,82606,22,17,13,76,2023,6,3.18,5,No
956,Nicole Roberts 856,Male,37,Marketing,SEO Specialist,3,2020-04-22,UK,133112,17,23,8,76,2022,4,3.96,3,No
957,Sara Khan 857,Male,43,Sales,Sales Executive,3,2012-05-02,India,108414,24,22,2,46,2025,12,4.65,3,No
958,Ananya Singh 858,Female,27,HR,Recruitment Specialist,3,2010-11-12,UK,128145,0,11,6,11,2016,14,4.51,3,No
959,Kabir Mehta 859,Male,27,HR,HR Manager,4,2022-01-22,USA,83115,14,22,7,52,2025,2,2.04,3,No
960,Pari Joshi 860,Male,35,Finance,Financial Analyst,2,2014-05-09,Germany,124606,33,20,12,32,2016,10,3.22,1,No
961,Diya Patel 861,Female,54,Marketing,Content Lead,3,2021-12-07,France,75647,19,29,7,27,2025,3,3.69,3,No
962,Rohan Pillai 862,Female,24,IT,Data Analyst,3,2021-01-10,Canada,89607,36,25,3,2,2025,3,4.72,2,No
963,Kavya Menon 863,Male,34,IT,Developer,3,2016-06-27,Canada,56996,26,7,14,81,2022,8,3.56,3,No
964,Peggy Mann 864,Female,34,Sales,Sales Executive,3,2018-07-19,UK,118697,21,29,14,25,2020,6,2.52,2,No
965,David Williams 865,Female,36,Marketing,Marketing Executive,3,2017-09-27,Canada,81022,4,1,9,53,2023,7,3.64,4,No
966,Rita Walker 866,Male,27,HR,Recruitment Specialist,2,2015-11-02,Germany,75148,33,1,2,39,2023,9,5.02,3,No
967,Sara Snyder 867,Male,52,IT,Cybersecurity Specialist,4,2023-01-26,Canada,102764,38,4,11,65,2025,1,2.95,2,No
968,Diya Patel 868,Male,39,Sales,Sales Executive,2,2022-10-12,USA,126901,2,30,3,67,2024,2,2.5,3,No
969,David Williams 869,Male,22,IT,Tester,3,2009-09-23,UK,125724,16,0,15,46,2024,15,3.17,2,No
970,Rohan Pillai 870,Female,30,HR,Employee Relations,2,2015-10-11,India,159766,23,21,11,1,2021,9,2.55,4,No
971,Nicole Roberts 871,Male,37,Support,Support Engineer,1,2019-01-20,Canada,43888,23,3,2,41,2022,5,4.03,3,No
972,Vihaan Verma 872,Male,57,HR,HR Executive,2,2020-10-19,France,133941,2,5,11,33,2025,4,2.56,3,No
973,Rita Walker 873,Male,32,Support,Support Engineer,3,2023-11-23,UK,52333,6,22,9,20,2025,1,4.49,4,No
974,Pari Joshi 874,Female,26,Support,Helpdesk,3,2015-05-25,Germany,71355,24,12,4,43,2020,9,3.7,3,No
975,Pari Joshi 875,Male,42,IT,Engineer,1,2013-11-03,USA,164686,2,18,2,1,2024,11,3.9,4,No
976,Reyansh Reddy 876,Male,52,IT,Data Analyst,1,2011-11-16,Canada,138170,14,10,3,58,2022,13,3.89,3,No
977,Aditi Sen 877,Male,40,IT,Tester,4,2015-06-10,USA,110675,28,12,13,15,2019,9,4.05,3,No
978,Aditya Kumar 878,Female,21,IT,Developer,1,2020-02-19,Germany,102664,28,7,4,19,2025,4,2.89,3,No
979,Sara Khan 879,Female,26,Sales,Business Development,4,2015-04-16,India,121153,9,6,15,25,2023,9,2.22,2,No
980,Judith Ware 880,Female,39,Sales,Sales Executive,2,2014-06-11,Canada,128616,31,12,14,15,2025,10,2.72,2,No
981,Shannon Clark 881,Female,38,Sales,Sales Executive,3,2011-01-15,India,70285,22,0,10,69,2024,13,4.13,3,No
982,Clinton Scott 882,Male,26,IT,Cybersecurity Specialist,2,2023-06-04,India,183605,38,5,13,22,2025,1,1.43,4,No
983,Jasmine Gonzalez 883,Male,53,Support,Helpdesk,4,2009-08-25,UK,81996,8,6,6,41,2017,15,1.2,3,No
984,Kabir Mehta 884,Male,43,HR,Recruitment Specialist,3,2019-08-24,India,81947,36,15,5,36,2024,5,3.42,2,No
985,Shannon Clark 885,Male,43,Support,Helpdesk,3,2023-02-14,UK,86030,39,29,3,71,2025,1,4.04,3,No
986,Saanvi Iyer 886,Female,46,HR,HR Executive,1,2020-10-02,India,77443,13,26,10,5,2022,4,4.18,4,No
987,Kavya Menon 887,Male,33,Sales,Account Manager,3,2012-06-15,France,163344,3,14,8,36,2021,12,2.25,2,No
988,Arjun Rao 888,Female,27,Marketing,SEO Specialist,3,2019-05-06,Germany,100464,19,19,8,21,2021,5,2.02,3,No
989,Cody Bright 889,Female,35,Sales,Sales Executive,1,2010-09-12,Canada,163019,27,29,7,5,2022,14,2.51,3,No
990,Clinton Scott 890,Female,47,HR,HR Manager,1,2013-10-07,USA,170024,13,1,3,31,2022,11,2.81,3,No
991,Ayaan Saxena 891,Other,46,HR,Recruitment Specialist,4,2021-05-26,USA,155454,33,25,14,16,2023,3,2.86,3,No
992,Vihaan Verma 892,Female,53,HR,HR Manager,2,2022-07-08,Canada,159444,12,24,15,37,2025,2,3.32,4,No
993,Ayaan Saxena 893,Female,35,HR,HR Manager,3,2018-11-12,Germany,147175,30,22,1,16,2022,6,4.61,3,No
994,Anna Dominguez 894,Male,56,Sales,Account Manager,3,2013-01-10,Germany,77460,32,15,5,36,2022,11,3.14,3,No
995,Ayaan Saxena 895,Female,47,Support,Support Engineer,4,2011-11-27,India,35015,38,16,1,22,2024,13,4.14,3,Yes
996,Brenda Bauer 896,Female,25,IT,Software Engineer,4,2021-07-20,USA,84757,27,23,6,48,2024,3,3.85,3,No
997,Brenda Bauer 897,Male,22,IT,Cybersecurity Specialist,5,2014-05-13,Canada,116541,24,14,11,60,2017,10,2.49,2,No
998,Aditi Sen 898,Female,53,Finance,Accountant,2,2023-02-10,India,56292,31,2,7,48,2025,1,3.84,4,No
999,Reyansh Reddy 899,Other,36,IT,Engineer,4,2013-05-25,Canada,157694,8,3,15,60,2022,11,3.77,2,No
1000,Ashley Marsh 900,Male,43,Marketing,Marketing Executive,2,2011-01-19,USA,82046,27,11,15,76,2020,13,3.2,4,No
1001,Anna Dominguez 901,Female,58,Finance,Auditor,3,2019-04-09,Canada,49817,30,4,12,31,2022,5,3.37,3,No
1002,Rohan Pillai 902,Female,36,IT,Developer,3,2022-02-16,Canada,44759,16,16,5,62,2024,2,3.14,3,No
1003,Devansh Banerjee 903,Male,34,Finance,Accountant,1,2009-07-25,India,41412,22,30,4,6,2024,15,2.11,2,No
1004,Diya Patel 904,Female,49,IT,Cybersecurity Specialist,4,2022-12-26,UK,55504,12,5,2,21,2025,2,5.57,3,No
1005,Peter Mckee 905,Male,46,Finance,Auditor,1,2009-04-21,UK,143500,9,9,5,84,2020,15,4.26,3,No
1006,Peggy Mann 906,Male,55,IT,Software Engineer,3,2020-12-12,France,43507,15,21,9,5,2022,4,3.73,4,No
1007,Myra Nair 907,Male,35,IT,Software Engineer,4,2020-12-26,India,56050,5,17,4,60,2023,4,2.79,3,No
1008,Taylor Morris 908,Male,23,IT,Cybersecurity Specialist,4,2020-04-12,France,170892,10,26,14,13,2022,4,3.11,3,No
1009,Arjun Rao 909,Male,43,IT,Cybersecurity Specialist,2,2017-07-08,Germany,173907,2,9,2,15,2022,7,2.03,1,No
1010,Judith Ware 910,Female,49,IT,Software Engineer,3,2023-08-03,UK,135153,27,5,13,2,2025,1,3.67,4,No
1011,Peter Mckee 911,Female,54,IT,Engineer,4,2011-02-06,UK,48587,40,23,15,8,2019,13,3.54,4,Yes
1012,Ayaan Saxena 912,Male,53,Sales,Account Manager,2,2016-12-17,UK,92732,14,5,6,46,2021,8,2.99,3,No
1013,Jasmine Gonzalez 913,Female,43,HR,Employee Relations,3,2012-12-09,UK,86921,12,19,8,84,2018,12,3.23,1,No
1014,Rita Walker 914,Male,27,HR,HR Executive,2,2011-07-08,Germany,152734,41,14,2,41,2023,13,2.9,3,No
1015,Avani Bhat 915,Male,23,Finance,Accountant,3,2014-07-21,USA,165104,16,3,9,41,2024,10,2.71,4,No
1016,Jeffery Lopez 916,Female,52,IT,Developer,4,2015-05-23,Germany,172912,6,24,7,22,2021,9,2.42,3,No
1017,Megan Williams 917,Female,51,Support,Support Engineer,3,2014-07-18,USA,66440,27,15,14,2,2024,10,2.18,3,No
1018,Navya Chopra 918,Male,38,IT,Cybersecurity Specialist,3,2011-02-16,France,70183,37,21,13,0,2016,13,2.5,4,Yes
1019,Brenda Bauer 919,Male,27,Finance,Accountant,3,2010-07-21,UK,131172,12,23,2,66,2021,14,2.57,2,No
1020,Aditya Kumar 920,Female,21,IT,Developer,3,2009-02-17,India,168461,16,7,11,70,2016,15,4.29,3,No
1021,Erin Massey 921,Male,34,IT,Data Analyst,1,2018-09-27,India,149515,14,6,5,2,2021,6,2.58,1,No
1022,Peggy Mann 922,Male,52,IT,Engineer,2,2020-08-02,USA,158183,35,18,5,48,2024,4,1.17,2,No
1023,David Williams 923,Female,26,Finance,Auditor,3,2018-02-19,Germany,101299,27,25,7,66,2020,6,3.49,4,No
1024,Christopher Benson 924,Female,59,Finance,Financial Analyst,3,2014-04-09,USA,150503,14,16,13,54,2022,10,3.82,3,No
1025,Arjun Rao 925,Female,30,IT,Cybersecurity Specialist,3,2017-12-22,Canada,74023,10,20,15,3,2023,7,4.17,4,No
1026,Ananya Singh 926,Male,27,Sales,Business Development,2,2018-03-08,France,74941,30,12,5,30,2020,6,3.37,3,No
1027,Taylor Morris 927,Male,46,Marketing,Marketing Executive,3,2013-06-08,France,156677,3,14,11,65,2024,11,2.06,4,No
1028,Judith Ware 928,Other,54,Marketing,SEO Specialist,2,2023-10-28,UK,111054,34,25,14,77,2025,1,2.4,3,No
1029,Rita Walker 929,Female,50,HR,Recruitment Specialist,4,2019-02-15,UK,100363,33,25,6,63,2021,5,3.8,1,No
1030,Navya Chopra 930,Other,56,Sales,Sales Executive,3,2016-08-11,Germany,96742,26,30,14,30,2025,8,4.66,4,No
1031,Judith Ware 931,Male,41,IT,Engineer,1,2009-05-26,USA,80215,9,1,9,62,2024,15,2.06,2,No
1032,Ananya Singh 932,Female,37,Sales,Sales Executive,1,2016-12-04,Canada,82857,29,27,3,65,2024,8,3.41,3,No
1033,Jasmine Gonzalez 933,Female,53,HR,HR Manager,5,2012-03-12,France,90476,19,9,3,30,2021,12,2.65,3,No
1034,Ishaan Malhotra 934,Male,30,IT,Engineer,2,2014-09-26,USA,175467,28,12,8,46,2017,10,2.38,1,No
1035,Ayaan Saxena 935,Male,32,Marketing,Content Lead,4,2015-07-07,Canada,94768,28,17,10,21,2025,9,3.23,2,No
1036,Erin Massey 936,Male,36,IT,Developer,1,2020-06-25,India,138591,22,29,12,73,2022,4,3.07,4,No
1037,Jeffery Lopez 937,Male,52,HR,HR Executive,4,2014-03-14,USA,81229,20,22,6,82,2016,10,1.18,3,No
1038,Vihaan Verma 938,Female,35,IT,Cybersecurity Specialist,4,2018-01-07,UK,146706,9,10,12,45,2023,6,3.4,3,No
1039,Kavya Menon 939,Female,47,IT,Software Engineer,3,2017-09-22,India,97583,40,12,10,57,2020,7,3.53,3,No
1040,Joel Fuller 940,Female,48,IT,Data Analyst,1,2019-10-18,India,161011,11,18,3,60,2024,5,3.95,3,No
1041,Christopher Benson 941,Female,37,Sales,Sales Executive,2,2009-08-09,France,65104,29,28,2,45,2023,15,2.63,4,No
1042,Peter Mckee 942,Male,22,Sales,Business Development,3,2013-10-15,Canada,72594,32,23,13,0,2018,11,1.61,4,Yes
1043,Aditya Kumar 943,Male,56,Sales,Account Manager,3,2016-08-25,UK,38664,17,24,2,24,2023,8,2.78,2,No
1044,Erin Massey 944,Female,27,Sales,Account Manager,2,2021-01-03,India,45528,13,29,2,60,2025,3,3.91,3,No
1045,Troy Ford 945,Male,33,Finance,Accountant,1,2016-03-09,Germany,163404,21,28,15,80,2024,8,3.12,3,No
1046,Peter Mckee 946,Female,35,IT,Cybersecurity Specialist,3,2009-03-15,Germany,67899,20,23,5,13,2021,15,4.05,3,No
1047,Nicole Roberts 947,Female,45,HR,Recruitment Specialist,3,2010-10-01,UK,105979,0,21,15,44,2022,14,1.9,3,No
1048,Manish Badami 948,Female,43,Sales,Account Manager,2,2019-03-02,Canada,52241,14,4,12,76,2023,5,4.01,3,No
1049,Connie Bailey 949,Female,42,Finance,Auditor,1,2023-09-01,Canada,81211,35,2,5,38,2025,1,3.45,2,No
1050,Anna Dominguez 950,Female,46,HR,HR Executive,5,2011-11-18,France,98472,21,18,1,65,2017,13,2.85,3,No
1051,Jeffery Lopez 951,Female,53,Sales,Account Manager,3,2018-01-09,UK,66346,31,22,2,31,2023,6,4.27,2,No
1052,Shannon Clark 952,Female,31,Sales,Sales Executive,4,2022-07-13,Germany,116196,32,12,2,57,2024,2,3.44,2,No
1053,Meera Das 953,Female,30,Finance,Accountant,3,2009-01-13,UK,139451,40,4,15,55,2021,15,2.22,5,No
1054,Nicole Roberts 954,Male,45,Sales,Sales Executive,1,2017-10-28,USA,137908,38,11,4,5,2024,7,4.18,3,No
1055,Reyansh Reddy 955,Female,57,IT,Engineer,2,2009-06-05,Canada,184014,22,13,7,66,2017,15,2.96,3,No
1056,Peggy Mann 956,Other,58,Marketing,SEO Analyst,2,2009-10-14,India,84167,1,5,3,81,2020,15,3.24,3,No
1057,Steven Barnett 957,Male,44,Finance,Financial Analyst,4,2015-11-05,USA,71373,1,29,5,49,2024,9,2.34,4,No
1058,Peggy Mann 958,Other,53,HR,HR Manager,3,2021-04-03,Germany,102143,37,21,11,37,2025,3,3.15,3,No
1059,Steven Barnett 959,Male,37,IT,Cybersecurity Specialist,2,2010-08-23,Canada,155623,28,8,9,2,2025,14,2.25,3,No
1060,Vihaan Verma 960,Male,44,Sales,Business Development,5,2014-05-12,Germany,145013,2,16,5,4,2019,10,3.03,3,No
1061,Norman Lane 961,Female,57,Marketing,SEO Specialist,2,2010-09-28,Germany,37016,38,7,9,23,2024,14,3.23,4,Yes
1062,Manish Badami 962,Male,22,Sales,Sales Executive,5,2020-07-10,Germany,104110,6,25,1,53,2023,4,3.81,4,No
1063,Peter Mckee 963,Female,52,Sales,Sales Executive,5,2020-02-07,France,42274,35,12,9,33,2025,4,1.79,3,Yes
1064,Nicole Roberts 964,Female,44,HR,Employee Relations,2,2020-07-04,Germany,50748,28,28,14,38,2022,4,4.2,4,No
1065,Jeffery Lopez 965,Female,29,Sales,Business Development,2,2021-12-28,Germany,46826,36,4,5,47,2024,3,4.23,3,No
1066,Navya Chopra 966,Male,24,Sales,Account Manager,3,2019-08-04,USA,118008,35,28,8,48,2021,5,3.01,5,No
1067,Jeffery Lopez 967,Female,37,HR,HR Manager,3,2015-07-20,USA,164288,22,21,5,33,2022,9,3.33,4,No
1068,Christopher Benson 968,Other,37,IT,Developer,3,2009-08-14,USA,140623,15,21,14,79,2021,15,3.51,3,No
1069,Peggy Mann 969,Female,50,IT,Cybersecurity Specialist,5,2013-03-02,Canada,174592,30,16,12,6,2016,11,3.28,3,No
1070,Arjun Rao 970,Male,31,HR,HR Executive,3,2016-10-06,France,118106,33,2,6,17,2019,8,3.8,3,No
1071,Judith Ware 971,Female,41,IT,Software Engineer,2,2014-07-07,Canada,89638,0,27,8,69,2025,10,2.81,3,No
1072,Navya Chopra 972,Male,41,HR,Recruitment Specialist,2,2022-06-16,France,104072,17,5,2,33,2025,2,2.44,2,No
1073,Megan Williams 973,Male,38,IT,Tester,3,2012-11-24,France,102309,39,13,3,50,2024,12,3.63,1,No
1074,Vihaan Verma 974,Male,49,Sales,Account Manager,2,2015-12-22,UK,159724,14,14,11,67,2024,9,1.67,1,No
1075,Taylor Morris 975,Female,44,IT,Cybersecurity Specialist,4,2012-06-03,India,162843,16,13,9,13,2018,12,3.82,5,No
1076,Judith Ware 976,Male,30,Sales,Sales Executive,2,2014-12-16,UK,70326,9,10,5,68,2017,10,3.92,2,No
1077,Navya Chopra 977,Female,37,Marketing,Content Strategist,2,2022-02-15,UK,40079,19,10,5,7,2024,2,2.42,1,No
1078,Avani Bhat 978,Male,38,IT,Software Engineer,1,2017-07-06,France,156412,5,8,9,14,2023,7,4.62,3,No
1079,Ayaan Saxena 979,Male,40,Sales,Sales Executive,3,2019-01-02,France,122340,7,5,10,82,2025,5,2.85,3,No
1080,Kavya Menon 980,Female,57,HR,HR Manager,2,2009-02-17,Canada,120211,33,14,3,58,2025,15,2.76,4,No
1081,Peter Mckee 981,Female,38,IT,Developer,4,2011-03-05,France,77749,31,11,14,10,2019,13,2.55,3,No
1082,Nicole Roberts 982,Female,37,HR,Employee Relations,3,2017-04-28,Germany,153192,41,28,4,19,2023,7,3.65,3,No
1083,Arjun Rao 983,Male,29,Sales,Sales Executive,4,2019-02-08,Germany,109534,3,5,7,54,2025,5,2.81,4,No
1084,Jeffery Lopez 984,Male,34,IT,Developer,3,2012-09-24,France,114233,38,0,2,35,2022,12,1.76,1,Yes
1085,Steven Barnett 985,Female,49,HR,Employee Relations,1,2018-07-26,Germany,86818,19,24,8,81,2022,6,3.54,5,No
1086,Peggy Mann 986,Female,51,IT,Engineer,4,2016-02-22,France,146910,23,15,5,13,2023,8,2.91,2,No
1087,Diya Patel 987,Female,24,Sales,Account Manager,1,2023-11-16,UK,48429,23,19,15,57,2025,1,4.29,4,No
1088,Aarav Sharma 988,Female,38,Support,Support Engineer,3,2011-04-21,France,92748,25,14,1,37,2018,13,3.51,1,No
1089,Jeffery Lopez 989,Male,40,IT,Engineer,2,2013-09-13,UK,83807,24,1,3,79,2017,11,3.47,4,No
1090,Shannon Clark 990,Male,29,Finance,Auditor,4,2011-09-20,USA,42140,35,16,15,81,2025,13,4.21,2,No
1091,Vihaan Verma 991,Male,33,IT,Tester,4,2012-08-11,Germany,98226,6,2,9,0,2024,12,3.36,2,No
1092,Reyansh Reddy 992,Male,35,HR,Employee Relations,3,2023-05-09,USA,180973,9,2,5,64,2025,1,3.98,4,No
1093,Manish Badami 993,Male,47,Support,Helpdesk,3,2019-02-20,Germany,123815,11,4,8,0,2025,5,2.55,2,No
1094,Norman Lane 994,Male,35,HR,HR Manager,4,2009-03-23,India,63525,0,16,1,84,2022,15,4.85,4,No
1095,Peggy Mann 995,Male,48,Sales,Account Manager,1,2023-02-19,India,55491,24,22,14,59,2025,1,3.48,3,No
1096,Navya Chopra 996,Male,57,Sales,Sales Executive,4,2021-09-24,India,43078,15,28,7,24,2024,3,2.0,3,No
1097,Ashley Marsh 997,Male,39,Finance,Accountant,2,2014-02-22,USA,126654,4,16,7,9,2019,10,3.34,3,No
1098,Vihaan Verma 998,Male,46,IT,Data Analyst,5,2009-03-28,India,164101,18,19,8,49,2019,15,3.39,4,No
1099,Erin Massey 999,Female,46,IT,Tester,3,2015-06-15,France,51997,3,5,3,11,2020,9,3.32,4,No
1100,Shannon Clark 1000,Male,45,Sales,Business Development,4,2010-05-26,India,166940,5,30,1,31,2021,14,0.9,3,No
1101,Peggy Mann 1001,Male,46,Sales,Sales Executive,3,2011-04-12,USA,132356,25,0,11,32,2022,13,2.65,3,No
1102,Navya Chopra 1002,Female,46,Finance,Accountant,3,2017-07-11,Germany,148711,38,6,15,71,2022,7,1.82,3,No
1103,Devansh Banerjee 1003,Male,48,Finance,Accountant,3,2012-10-07,Canada,56246,38,25,9,25,2018,12,1.83,3,Yes
1104,Steven Barnett 1004,Female,38,Sales,Account Manager,1,2018-04-03,Germany,182326,8,14,1,41,2023,6,3.37,3,No
1105,Vihaan Verma 1005,Male,52,Sales,Business Development,3,2016-04-02,Canada,69512,13,6,11,49,2023,8,2.64,4,No
1106,Clinton Scott 1006,Other,23,Marketing,Marketing Executive,3,2016-04-15,France,92865,8,18,6,60,2024,8,2.84,4,No
1107,Kavya Menon 1007,Female,22,Finance,Auditor,4,2018-04-12,Germany,138393,14,19,9,40,2025,6,2.31,4,No
1108,Aditi Sen 1008,Male,53,Sales,Sales Executive,3,2020-05-17,USA,107144,36,21,14,56,2024,4,4.58,3,No
1109,Shannon Clark 1009,Male,39,Sales,Sales Executive,1,2020-02-08,France,152363,19,29,2,1,2024,4,3.24,3,No
1110,Rita Walker 1010,Male,37,Sales,Sales Executive,2,2020-08-08,Germany,85665,7,10,4,69,2024,4,1.68,4,No
1111,Kabir Mehta 1011,Female,53,IT,Cybersecurity Specialist,3,2018-05-24,France,128542,31,22,2,30,2022,6,3.84,4,No
1112,Peggy Mann 1012,Female,32,IT,Software Engineer,2,2023-09-20,Canada,136311,20,13,4,22,2025,1,2.86,3,No
1113,Anna Dominguez 1013,Male,23,HR,Recruitment Specialist,2,2012-04-23,France,49325,40,12,2,75,2021,12,4.39,1,No
1114,Reyansh Reddy 1014,Female,46,Finance,Auditor,4,2022-05-27,USA,167825,18,19,12,53,2024,2,3.19,3,No
1115,Ishaan Malhotra 1015,Male,55,IT,Data Analyst,3,2018-10-01,Germany,184068,28,25,1,27,2020,6,2.5,3,No
1116,Sara Snyder 1016,Male,28,Marketing,Content Strategist,3,2010-08-04,Canada,103811,30,26,11,78,2024,14,2.66,2,No
1117,Connie Bailey 1017,Other,56,Finance,Financial Analyst,2,2010-08-16,France,151737,5,24,3,18,2021,14,2.8,3,No
1118,Taylor Morris 1018,Female,27,Support,Helpdesk,3,2013-02-28,UK,35824,3,8,8,75,2021,11,3.69,3,No
1119,Aarav Sharma 1019,Female,56,IT,Data Analyst,2,2023-12-20,Canada,179952,28,8,5,47,2025,1,2.41,4,No
1120,Erin Massey 1020,Male,36,Marketing,SEO Analyst,3,2015-02-05,Canada,152718,41,15,4,1,2020,9,4.44,3,No
1121,Aarav Sharma 1021,Male,44,IT,Cybersecurity Specialist,1,2012-10-26,USA,101617,2,11,5,10,2025,12,3.57,3,No
1122,Taylor Morris 1022,Male,21,IT,Developer,4,2018-08-27,USA,46517,0,9,6,43,2023,6,3.42,4,No
1123,Nicole Roberts 1023,Male,45,Marketing,Content Strategist,3,2017-07-11,France,182948,14,5,6,58,2021,7,3.27,3,No
1124,Devansh Banerjee 1024,Male,30,Finance,Auditor,3,2010-05-11,UK,138068,20,17,5,58,2019,14,3.18,4,No
1125,Cody Bright 1025,Female,36,Sales,Sales Executive,3,2012-07-21,Canada,150016,30,1,12,37,2023,12,1.93,3,No
1126,Cody Bright 1026,Female,36,Sales,Business Development,3,2023-07-20,France,44982,6,26,11,24,2025,1,3.49,4,No
1127,Manish Badami 1027,Female,28,HR,HR Executive,2,2016-04-26,India,180711,16,19,12,20,2020,8,5.13,3,No
1128,Rita Walker 1028,Female,49,Support,Support Engineer,4,2012-04-27,UK,105210,18,8,6,41,2016,12,3.89,2,No
1129,Arjun Rao 1029,Male,59,HR,HR Manager,2,2012-08-01,France,104852,38,18,9,35,2020,12,3.64,3,No
1130,Pari Joshi 1030,Male,48,HR,HR Manager,4,2012-10-21,Canada,148618,2,5,5,8,2021,12,1.67,4,No
1131,Sara Snyder 1031,Male,26,Marketing,Content Lead,4,2012-12-26,France,44695,29,1,13,11,2019,12,4.29,3,No
1132,Connie Bailey 1032,Male,36,HR,HR Manager,2,2012-02-26,USA,83582,34,14,6,9,2016,12,4.0,3,No
1133,Ayaan Saxena 1033,Male,40,HR,HR Executive,4,2019-04-05,USA,66094,28,16,4,58,2023,5,4.37,1,No
1134,Ayaan Saxena 1034,Male,36,Finance,Financial Analyst,3,2019-08-02,Germany,57187,13,15,13,4,2023,5,2.3,3,No
1135,Taylor Morris 1035,Male,27,Support,Support Engineer,2,2010-02-18,UK,153013,34,27,3,32,2024,14,2.8,3,No
1136,Ananya Singh 1036,Female,34,Sales,Sales Executive,5,2018-08-28,India,163721,27,20,13,68,2022,6,1.71,2,No
1137,Devansh Banerjee 1037,Female,46,Sales,Sales Executive,3,2017-03-21,Canada,141683,29,7,12,79,2023,7,1.63,3,No
1138,Arjun Rao 1038,Male,46,Sales,Sales Executive,3,2017-02-22,UK,36214,25,9,6,62,2019,7,2.62,1,Yes
1139,Pari Joshi 1039,Male,34,Sales,Sales Executive,3,2019-10-06,USA,58940,6,9,11,28,2022,5,3.67,3,No
1140,Devansh Banerjee 1040,Male,27,IT,Data Analyst,2,2023-02-20,India,79406,38,17,11,17,2025,1,2.78,4,No
1141,Troy Ford 1041,Female,53,IT,Tester,5,2013-11-18,Canada,182049,30,9,5,5,2019,11,2.53,3,No
1142,Joel Fuller 1042,Female,46,Marketing,Marketing Executive,2,2015-10-20,Germany,93414,4,8,4,52,2021,9,3.54,1,No
1143,Ananya Singh 1043,Female,40,Sales,Account Manager,2,2009-11-07,USA,136440,34,27,5,81,2022,15,-0.04,3,Yes
1144,Rita Walker 1044,Female,23,Sales,Business Development,3,2018-05-26,USA,138569,13,23,7,31,2020,6,2.66,3,No
1145,Pari Joshi 1045,Male,24,HR,Employee Relations,3,2011-04-10,India,95481,35,18,1,41,2020,13,3.54,3,No
1146,Kabir Mehta 1046,Male,46,IT,Engineer,3,2015-10-19,UK,62740,26,0,14,46,2019,9,2.8,3,No
1147,Vivaan Gupta 1047,Male,31,HR,HR Executive,2,2013-06-02,France,98328,23,3,15,30,2021,11,4.5,4,No
1148,Diya Patel 1048,Female,22,IT,Developer,2,2020-04-12,UK,46881,39,23,1,61,2022,4,2.54,4,No
1149,Kavya Menon 1049,Female,34,IT,Developer,2,2022-08-18,USA,71996,28,2,11,55,2025,2,2.61,2,No
1150,Joel Fuller 1050,Male,50,Sales,Business Development,4,2011-09-02,UK,157196,21,9,13,10,2023,13,2.21,2,No
1151,Nicole Roberts 1051,Male,32,Support,Helpdesk,2,2011-08-16,France,72177,7,11,1,25,2019,13,2.44,3,No
1152,Sara Khan 1052,Male,46,Sales,Sales Executive,4,2021-08-23,Germany,101126,14,17,2,26,2023,3,3.48,3,No
1153,Ananya Singh 1053,Female,53,Sales,Account Manager,4,2012-10-06,Canada,91531,4,22,9,82,2023,12,4.01,3,No
1154,Peter Mckee 1054,Male,33,IT,Data Analyst,4,2020-01-02,USA,61119,3,19,13,56,2024,4,5.35,4,No
1155,Aditya Kumar 1055,Male,34,HR,Employee Relations,4,2014-07-13,UK,152744,10,5,5,26,2020,10,3.78,2,No
1156,Ananya Singh 1056,Other,44,Support,Helpdesk,2,2012-11-04,USA,151894,17,20,14,58,2018,12,2.02,4,No
1157,Megan Williams 1057,Other,54,Sales,Sales Executive,2,2016-09-19,Canada,168780,41,1,9,61,2021,8,4.44,3,No
1158,Pari Joshi 1058,Other,46,HR,Employee Relations,3,2021-04-03,UK,79989,29,9,13,19,2023,3,3.69,5,No
1159,Manish Badami 1059,Male,41,Finance,Auditor,2,2016-07-02,Germany,57106,14,1,5,2,2020,8,3.23,3,No
1160,Norman Lane 1060,Male,48,Sales,Business Development,3,2018-10-28,Canada,52131,5,29,15,15,2024,6,4.27,3,No
1161,Rita Walker 1061,Female,56,IT,Cybersecurity Specialist,3,2020-12-18,France,81553,15,8,14,43,2023,4,5.57,2,No
1162,Reyansh Reddy 1062,Male,22,IT,Engineer,4,2010-02-14,France,41553,39,26,7,78,2023,14,3.01,4,No
1163,Meera Das 1063,Female,29,IT,Tester,1,2017-12-20,USA,52881,8,9,14,29,2022,7,2.37,2,No
1164,Vihaan Verma 1064,Female,43,Sales,Sales Executive,4,2009-08-24,France,36379,33,1,14,39,2021,15,4.53,3,No
1165,Steven Barnett 1065,Male,35,Finance,Auditor,2,2010-08-08,UK,125791,26,7,15,64,2017,14,5.86,2,No
1166,Megan Williams 1066,Male,33,Sales,Account Manager,3,2013-07-22,France,140664,12,23,6,28,2018,11,3.34,2,No
1167,Ashley Marsh 1067,Male,43,IT,Tester,3,2011-12-07,Germany,104306,35,16,2,29,2020,13,3.23,2,No
1168,Clinton Scott 1068,Female,37,Finance,Accountant,4,2019-05-08,India,175160,26,16,3,31,2025,5,3.37,2,No
1169,Aditi Sen 1069,Male,22,Finance,Auditor,3,2019-02-05,UK,139512,8,28,5,9,2024,5,3.65,3,No
1170,Shannon Clark 1070,Other,40,Sales,Sales Executive,4,2015-07-09,India,51350,4,3,4,50,2017,9,1.79,5,No
1171,Diya Patel 1071,Male,40,Sales,Sales Executive,4,2011-10-17,USA,134599,21,17,14,7,2016,13,3.51,3,No
1172,Peter Mckee 1072,Male,23,Finance,Accountant,4,2021-11-25,USA,116397,30,11,11,50,2025,3,3.47,4,No
1173,Kabir Mehta 1073,Male,32,Support,Support Engineer,1,2014-03-01,France,114509,2,30,6,35,2016,10,3.42,2,No
1174,Brenda Bauer 1074,Male,22,Sales,Sales Executive,4,2009-07-15,France,52769,29,16,8,54,2020,15,3.37,3,No
1175,Ananya Singh 1075,Female,56,Sales,Business Development,4,2020-03-08,USA,136584,20,8,8,34,2022,4,3.3,2,No
1176,Steven Barnett 1076,Female,34,IT,Data Analyst,2,2019-11-02,UK,81365,34,28,3,35,2025,5,1.1,2,Yes
1177,Anna Dominguez 1077,Female,36,IT,Cybersecurity Specialist,2,2023-04-28,Canada,85185,5,18,4,55,2025,1,2.48,2,No
1178,Erin Massey 1078,Female,39,IT,Data Analyst,2,2017-02-11,USA,168858,27,13,1,35,2022,7,4.06,3,No
1179,Brenda Bauer 1079,Female,54,Marketing,Content Lead,1,2016-04-28,Germany,161525,31,13,2,83,2022,8,4.29,2,No
1180,Jeffery Lopez 1080,Male,26,HR,Recruitment Specialist,3,2009-01-10,UK,167692,41,29,13,60,2021,15,2.78,4,No
1181,Ayaan Saxena 1081,Female,33,IT,Data Analyst,5,2018-05-03,Canada,71303,36,16,9,61,2024,6,2.24,3,Yes
1182,Norman Lane 1082,Female,56,Marketing,SEO Analyst,3,2015-09-20,Canada,54589,24,1,15,80,2023,9,3.92,4,No
1183,Peggy Mann 1083,Female,42,Finance,Accountant,3,2021-06-25,UK,37882,31,7,12,24,2025,3,3.47,5,No
1184,Saanvi Iyer 1084,Male,38,Sales,Sales Executive,5,2022-02-23,USA,164236,34,4,10,63,2024,2,3.08,3,No
1185,Anna Dominguez 1085,Male,32,HR,HR Manager,2,2019-03-17,Canada,44745,21,26,10,59,2022,5,4.06,4,No
1186,Ayaan Saxena 1086,Female,50,HR,Employee Relations,4,2011-09-25,Germany,50861,23,6,2,56,2024,13,2.02,2,No
1187,David Williams 1087,Female,27,Sales,Sales Executive,3,2015-12-27,India,126707,38,21,12,69,2024,9,4.36,4,No
1188,Aditya Kumar 1088,Male,52,Finance,Auditor,3,2013-04-09,UK,89261,29,28,6,51,2025,11,1.7,3,No
1189,Sara Khan 1089,Male,39,IT,Cybersecurity Specialist,2,2023-07-04,France,168909,31,15,14,55,2025,1,2.37,3,No
1190,Diya Patel 1090,Male,26,Finance,Financial Analyst,3,2023-12-18,India,109135,30,15,7,62,2025,1,2.16,3,No
1191,Pari Joshi 1091,Other,40,HR,Recruitment Specialist,1,2014-05-24,USA,89380,22,16,6,67,2016,10,2.62,4,No
1192,Taylor Morris 1092,Male,47,IT,Software Engineer,4,2021-10-26,UK,121089,39,21,8,19,2024,3,3.51,4,No
1193,Norman Lane 1093,Male,57,HR,Employee Relations,2,2014-06-12,Germany,140025,32,26,9,53,2022,10,3.88,2,No
1194,Diya Patel 1094,Female,27,IT,Cybersecurity Specialist,4,2021-12-11,India,79397,24,6,8,0,2024,3,3.12,3,No
1195,Ananya Singh 1095,Male,25,Sales,Sales Executive,3,2019-05-20,India,112085,35,19,5,9,2021,5,1.92,4,No
1196,Saanvi Iyer 1096,Male,31,IT,Cybersecurity Specialist,2,2020-11-16,Canada,98865,23,7,8,22,2022,4,1.2,3,No
1197,Sara Khan 1097,Female,35,Sales,Business Development,3,2018-06-13,USA,90956,30,7,10,50,2022,6,4.05,1,No
1198,Aarav Sharma 1098,Female,23,Finance,Accountant,2,2012-11-03,USA,135727,38,22,15,23,2021,12,3.92,3,No
1199,Jeffery Lopez 1099,Male,25,Finance,Financial Analyst,4,2016-02-01,UK,178978,12,10,15,12,2020,8,4.27,4,No
1200,Ishaan Malhotra 1100,Female,43,Sales,Sales Executive,5,2016-09-17,UK,49988,9,14,10,28,2018,8,3.07,3,No
1201,Norman Lane 1101,Male,57,IT,Developer,4,2009-11-20,Germany,68800,22,17,9,57,2023,15,3.87,3,No
1202,Kabir Mehta 1102,Male,29,IT,Data Analyst,1,2013-06-09,France,122329,17,5,14,42,2025,11,2.56,3,No
1203,Navya Chopra 1103,Female,35,IT,Engineer,3,2020-04-07,UK,87284,31,21,8,9,2024,4,3.68,3,No
1204,Manish Badami 1104,Female,23,HR,Employee Relations,3,2023-07-22,India,91232,32,11,2,30,2025,1,2.72,4,No
1205,Rohan Pillai 1105,Other,49,IT,Developer,4,2011-09-11,UK,79420,35,14,2,73,2018,13,2.39,3,Yes
1206,Avani Bhat 1106,Female,26,Sales,Account Manager,1,2010-10-23,UK,72710,27,27,12,13,2016,14,3.43,3,No
1207,Vihaan Verma 1107,Female,37,Finance,Auditor,3,2010-03-16,Germany,127035,15,22,3,33,2019,14,3.38,4,No
1208,Ashley Marsh 1108,Female,46,Sales,Sales Executive,3,2017-06-07,Canada,66283,15,5,7,16,2020,7,4.11,1,No
1209,Rohan Pillai 1109,Other,41,IT,Software Engineer,2,2018-12-07,France,60968,17,17,9,20,2025,6,1.92,4,No
1210,Rohan Pillai 1110,Male,28,Support,Helpdesk,2,2019-06-19,Germany,97508,7,23,8,66,2024,5,4.13,3,No
1211,Reyansh Reddy 1111,Male,41,Sales,Sales Executive,3,2020-06-16,UK,148435,41,30,9,57,2022,4,3.33,4,No
1212,Jasmine Gonzalez 1112,Female,31,IT,Data Analyst,4,2018-02-10,Canada,120366,15,19,6,78,2022,6,4.27,3,No
1213,Vihaan Verma 1113,Female,58,Finance,Accountant,4,2016-01-08,UK,40738,10,8,1,7,2019,8,4.26,3,No
1214,Sara Snyder 1114,Female,28,Support,Helpdesk,3,2018-03-16,Germany,38098,5,7,14,37,2022,6,0.77,4,No
1215,Megan Williams 1115,Male,44,Sales,Account Manager,3,2021-08-03,USA,130424,0,13,12,25,2025,3,4.25,3,No
1216,Erin Massey 1116,Female,55,IT,Data Analyst,2,2015-02-12,UK,113672,11,18,4,63,2021,9,4.29,3,No
1217,Aarav Sharma 1117,Male,34,IT,Developer,5,2021-08-19,Canada,73244,37,18,13,29,2025,3,1.94,3,No
1218,Connie Bailey 1118,Male,34,HR,HR Manager,5,2020-08-18,France,174325,27,7,6,8,2023,4,1.64,3,No
1219,Vihaan Verma 1119,Female,30,Marketing,Content Lead,4,2011-04-25,USA,89333,16,1,15,31,2017,13,3.97,3,No
1220,Troy Ford 1120,Other,32,Sales,Account Manager,4,2019-01-18,UK,160349,0,24,12,10,2025,5,3.31,3,No
1221,Devansh Banerjee 1121,Female,58,IT,Developer,2,2013-02-09,UK,85969,31,3,6,33,2016,11,2.56,3,No
1222,Aditi Sen 1122,Female,54,Sales,Sales Executive,4,2022-10-05,Canada,125744,7,30,15,17,2025,2,4.64,4,No
1223,Peter Mckee 1123,Male,30,IT,Tester,3,2013-11-04,USA,152286,39,5,8,18,2020,11,3.5,3,No
1224,Arjun Rao 1124,Female,37,IT,Software Engineer,2,2014-10-10,USA,110028,23,2,15,53,2016,10,1.11,1,No
1225,Erin Massey 1125,Female,37,Sales,Account Manager,3,2009-04-23,USA,70421,9,2,1,81,2017,15,2.18,1,No
1226,Jasmine Gonzalez 1126,Male,23,Marketing,Content Lead,1,2013-03-25,UK,167526,38,18,13,36,2019,11,4.24,3,No
1227,Nicole Roberts 1127,Female,51,Sales,Account Manager,1,2014-05-11,USA,183594,38,10,11,81,2025,10,3.24,3,No
1228,Taylor Morris 1128,Other,21,Sales,Sales Executive,3,2022-09-01,UK,73575,9,28,2,11,2025,2,2.48,3,No
1229,Christopher Benson 1129,Female,32,IT,Tester,3,2018-10-12,UK,38192,35,9,2,3,2023,6,3.65,4,No
1230,Peter Mckee 1130,Female,59,Marketing,SEO Specialist,4,2009-08-02,India,146116,24,11,13,42,2017,15,2.59,3,No
1231,Arjun Rao 1131,Male,24,IT,Developer,2,2010-08-20,USA,162874,9,13,6,26,2022,14,1.95,5,No
1232,Steven Barnett 1132,Female,33,HR,HR Executive,2,2022-02-13,Germany,116311,18,29,14,50,2025,2,4.22,4,No
1233,Peter Mckee 1133,Male,54,IT,Tester,2,2014-02-22,France,176474,14,29,14,4,2017,10,4.37,1,No
1234,Steven Barnett 1134,Female,41,Finance,Financial Analyst,1,2023-03-11,France,115781,15,27,11,5,2025,1,3.68,4,No
1235,Devansh Banerjee 1135,Female,42,Sales,Business Development,1,2016-10-03,Germany,71527,1,17,7,76,2021,8,1.67,3,No
1236,Taylor Morris 1136,Female,24,IT,Tester,3,2014-09-05,USA,87181,28,23,2,55,2018,10,5.05,3,No
1237,Arjun Rao 1137,Female,38,Support,Support Engineer,3,2010-07-12,UK,126472,3,8,5,67,2019,14,5.02,3,No
1238,Megan Williams 1138,Male,25,IT,Cybersecurity Specialist,4,2014-05-18,Canada,116219,28,14,6,43,2022,10,4.47,4,No
1239,Myra Nair 1139,Female,39,Sales,Sales Executive,5,2011-11-27,Germany,178532,30,23,4,14,2017,13,3.5,5,No
1240,Vivaan Gupta 1140,Male,22,HR,Employee Relations,3,2023-08-09,France,154783,16,30,1,41,2025,1,3.29,3,No
1241,Anna Dominguez 1141,Female,32,Finance,Financial Analyst,1,2014-11-18,France,182519,9,25,3,10,2022,10,3.64,2,No
1242,Norman Lane 1142,Female,37,IT,Data Analyst,2,2010-02-20,UK,118265,26,2,14,72,2025,14,2.06,3,No
1243,Sara Snyder 1143,Female,30,Finance,Financial Analyst,4,2018-08-05,France,85126,40,22,10,10,2020,6,2.66,2,Yes
1244,Peter Mckee 1144,Male,54,Finance,Accountant,3,2012-05-07,France,55545,14,10,9,65,2022,12,2.61,3,No
1245,Brenda Bauer 1145,Female,26,IT,Tester,4,2010-12-20,UK,90114,30,9,13,26,2016,14,3.81,4,No
1246,Sara Khan 1146,Female,28,HR,HR Manager,4,2023-12-09,USA,128740,20,17,6,57,2025,1,3.45,3,No
1247,Kavya Menon 1147,Male,31,Sales,Business Development,4,2016-04-08,India,48890,40,3,2,71,2023,8,2.24,2,Yes
1248,Meera Das 1148,Female,32,Marketing,Marketing Executive,4,2010-03-22,France,156284,25,27,9,20,2021,14,1.61,3,No
1249,Kabir Mehta 1149,Female,29,Sales,Account Manager,3,2019-01-23,India,87482,37,12,4,20,2023,5,3.56,3,No
1250,Shannon Clark 1150,Female,22,HR,Employee Relations,2,2021-11-23,India,167812,35,29,11,71,2023,3,2.14,3,No
1251,Clinton Scott 1151,Female,28,Sales,Sales Executive,5,2019-02-21,USA,177290,16,28,13,0,2025,5,1.94,3,No
1252,Riya Mishra 1152,Male,31,Marketing,Content Lead,3,2009-04-10,Canada,106591,2,5,8,57,2020,15,5.3,5,No
1253,Christopher Benson 1153,Female,56,Sales,Account Manager,1,2011-09-12,USA,123241,13,26,10,12,2023,13,5.51,3,No
1254,Nicole Roberts 1154,Male,30,HR,HR Manager,3,2023-02-03,UK,69722,12,20,7,72,2025,1,2.75,3,No
1255,Megan Williams 1155,Female,41,HR,Employee Relations,3,2023-01-26,UK,84431,40,12,12,5,2025,1,1.38,3,No
1256,Peter Mckee 1156,Other,40,Finance,Financial Analyst,4,2012-05-19,UK,77000,26,24,11,57,2021,12,4.41,2,No
1257,Ishaan Malhotra 1157,Female,28,Sales,Sales Executive,3,2010-12-16,France,106975,0,25,3,16,2018,14,3.54,4,No
1258,Aarav Sharma 1158,Male,56,IT,Software Engineer,2,2020-04-20,Germany,65921,16,19,15,72,2024,4,3.97,3,No
1259,Cody Bright 1159,Female,49,HR,HR Executive,5,2015-06-10,France,134265,33,4,8,11,2018,9,2.57,5,No
1260,Megan Williams 1160,Male,32,Finance,Auditor,4,2010-07-23,USA,123747,13,19,4,51,2020,14,2.16,5,No
1261,Meera Das 1161,Male,34,Sales,Sales Executive,3,2015-11-08,Canada,52601,16,13,2,75,2021,9,2.96,3,No
1262,Riya Mishra 1162,Female,41,Sales,Sales Executive,2,2023-03-05,Canada,128332,2,12,11,69,2025,1,3.37,5,No
1263,Aditya Kumar 1163,Male,42,Support,Helpdesk,3,2021-12-10,Canada,158254,33,13,5,72,2023,3,2.47,5,No
1264,Aditya Kumar 1164,Male,41,HR,Employee Relations,3,2011-06-14,India,154004,39,7,1,51,2021,13,4.5,3,No
1265,Aarav Sharma 1165,Female,50,Sales,Business Development,1,2012-12-22,Canada,182364,24,15,13,36,2025,12,1.46,3,No
1266,Rohan Pillai 1166,Female,59,IT,Engineer,2,2020-12-24,India,63000,1,12,8,2,2022,4,3.61,4,No
1267,Pari Joshi 1167,Female,40,Support,Support Engineer,3,2022-05-21,Germany,165439,33,23,14,7,2024,2,3.33,3,No
1268,Steven Barnett 1168,Female,44,IT,Data Analyst,3,2017-01-01,Canada,154277,25,14,8,9,2019,7,4.42,3,No
1269,Taylor Morris 1169,Female,43,Finance,Auditor,3,2021-06-10,India,65383,30,18,3,46,2023,3,2.24,1,No
1270,Judith Ware 1170,Male,27,HR,HR Manager,2,2023-10-05,France,177857,8,0,1,40,2025,1,3.91,3,No
1271,Riya Mishra 1171,Female,29,HR,HR Executive,3,2023-11-10,Canada,75910,29,21,4,63,2025,1,3.68,5,No
1272,Judith Ware 1172,Female,21,HR,HR Manager,4,2021-06-15,UK,59281,19,1,9,41,2024,3,3.44,3,No
1273,Aarav Sharma 1173,Male,46,Sales,Account Manager,2,2018-09-08,USA,148838,20,17,9,42,2023,6,2.31,4,No
1274,Navya Chopra 1174,Male,58,IT,Software Engineer,1,2020-07-23,France,39841,28,18,15,8,2023,4,2.43,3,Yes
1275,Navya Chopra 1175,Male,58,IT,Software Engineer,3,2023-06-06,Germany,132204,24,7,1,13,2025,1,2.9,3,No
1276,Rita Walker 1176,Male,42,HR,Employee Relations,5,2017-01-12,France,95155,37,2,11,3,2025,7,2.7,3,No
1277,David Williams 1177,Male,30,IT,Engineer,3,2022-07-05,UK,91313,24,22,15,1,2024,2,4.46,2,No
1278,Taylor Morris 1178,Female,26,Sales,Account Manager,2,2012-07-06,Canada,146688,8,25,7,84,2018,12,3.34,3,No
1279,Peter Mckee 1179,Male,37,HR,Employee Relations,2,2019-08-03,Canada,183515,38,13,6,0,2022,5,3.99,4,No
1280,Troy Ford 1180,Male,58,Sales,Account Manager,4,2016-08-07,Germany,167994,25,25,14,74,2025,8,1.75,3,No
1281,Erin Massey 1181,Male,44,HR,Recruitment Specialist,2,2017-01-19,USA,66976,36,8,7,64,2025,7,1.36,3,Yes
1282,Aditi Sen 1182,Female,30,IT,Data Analyst,3,2013-10-20,Canada,178063,15,28,7,45,2022,11,3.02,3,No
1283,Sara Khan 1183,Male,28,IT,Tester,3,2012-09-28,India,139405,36,7,8,58,2019,12,1.92,3,No
1284,Anna Dominguez 1184,Male,41,Sales,Sales Executive,2,2016-06-07,Germany,88744,11,16,8,74,2023,8,3.24,4,No
1285,Jeffery Lopez 1185,Female,26,Finance,Auditor,4,2011-05-19,Canada,37473,23,22,10,6,2020,13,2.36,3,No
1286,Vihaan Verma 1186,Male,41,Finance,Financial Analyst,3,2014-05-28,India,174180,25,22,14,65,2017,10,3.51,3,No
1287,Devansh Banerjee 1187,Female,59,Finance,Financial Analyst,3,2010-07-09,France,63715,19,23,11,14,2024,14,2.42,2,No
1288,Devansh Banerjee 1188,Male,44,IT,Data Analyst,2,2013-12-25,Germany,72317,8,15,2,71,2019,11,3.76,3,No
1289,Pari Joshi 1189,Male,53,Sales,Sales Executive,1,2018-12-24,Germany,100516,22,9,12,46,2023,6,2.32,3,No
1290,Kabir Mehta 1190,Female,38,IT,Developer,3,2017-05-16,Germany,89604,38,20,12,39,2021,7,1.34,3,No
1291,Devansh Banerjee 1191,Male,48,IT,Software Engineer,3,2015-07-20,Canada,39889,28,9,12,41,2019,9,4.05,3,No
1292,Sara Snyder 1192,Male,52,HR,Recruitment Specialist,2,2018-10-15,Germany,108748,30,24,4,50,2025,6,2.43,4,No
1293,Clinton Scott 1193,Female,32,Finance,Accountant,1,2015-05-12,France,66971,18,24,4,34,2017,9,4.57,3,No
1294,Sara Khan 1194,Female,47,Marketing,Marketing Executive,1,2009-04-03,USA,85551,19,23,13,40,2025,15,2.56,3,No
1295,Connie Bailey 1195,Male,30,Sales,Account Manager,5,2011-11-01,USA,169273,22,5,15,84,2021,13,2.38,5,No
1296,Connie Bailey 1196,Male,52,HR,Employee Relations,4,2012-05-12,UK,143957,26,21,11,56,2018,12,2.92,5,No
1297,Kavya Menon 1197,Female,46,Sales,Business Development,4,2022-02-06,France,124882,29,16,10,37,2025,2,2.64,3,No
1298,Nicole Roberts 1198,Male,45,IT,Tester,2,2011-05-27,France,72958,20,28,12,71,2019,13,3.33,3,No
1299,Ananya Singh 1199,Other,31,Finance,Financial Analyst,5,2022-02-24,Germany,40681,34,15,13,7,2024,2,3.6,3,No
1300,Megan Williams 1200,Male,43,HR,Employee Relations,2,2010-05-18,UK,136982,6,14,8,73,2019,14,3.75,2,No
1301,Norman Lane 1201,Female,54,Sales,Sales Executive,3,2022-01-02,India,81870,21,21,14,62,2025,2,3.11,4,No
1302,Saanvi Iyer 1202,Male,43,Support,Helpdesk,4,2018-01-10,India,163396,9,13,13,3,2025,6,1.7,3,No
1303,Saanvi Iyer 1203,Male,49,Sales,Sales Executive,2,2022-10-03,France,102203,22,3,13,47,2024,2,4.92,2,No
1304,Rita Walker 1204,Male,51,HR,HR Executive,3,2021-03-12,France,85061,14,3,3,51,2023,3,2.83,4,No
1305,Norman Lane 1205,Female,27,IT,Software Engineer,2,2011-10-01,France,93235,29,29,12,37,2019,13,2.78,4,No
1306,Avani Bhat 1206,Male,53,Marketing,Content Strategist,2,2016-07-26,Canada,72890,33,1,13,4,2022,8,3.11,4,No
1307,Anna Dominguez 1207,Female,41,Marketing,SEO Analyst,3,2016-07-13,France,125073,12,28,15,84,2024,8,2.94,3,No
1308,Jeffery Lopez 1208,Male,22,Marketing,SEO Analyst,3,2013-09-05,India,96401,3,10,13,69,2017,11,1.45,3,No
1309,Judith Ware 1209,Female,38,Marketing,Marketing Executive,4,2012-04-05,Canada,46217,17,29,12,80,2018,12,3.77,2,No
1310,Peter Mckee 1210,Male,53,IT,Data Analyst,3,2020-08-24,India,83351,22,3,3,23,2025,4,2.38,4,No
1311,Aditya Kumar 1211,Male,57,Finance,Auditor,3,2015-12-20,France,68741,32,20,13,76,2021,9,2.88,4,No
1312,Pari Joshi 1212,Male,54,Marketing,Content Lead,1,2016-12-08,India,36408,33,28,2,16,2025,8,4.96,4,No
1313,Connie Bailey 1213,Female,40,Sales,Account Manager,2,2023-04-20,USA,77903,33,27,1,77,2025,1,4.14,4,No
1314,Joel Fuller 1214,Male,55,Finance,Auditor,5,2016-11-15,Canada,142042,35,20,8,82,2023,8,4.81,1,No
1315,Troy Ford 1215,Other,38,Marketing,SEO Specialist,1,2023-08-14,Canada,167290,34,15,14,25,2025,1,2.52,3,No
1316,Sara Snyder 1216,Other,44,Sales,Sales Executive,3,2009-02-20,Germany,157189,16,20,9,2,2017,15,3.93,3,No
1317,Rohan Pillai 1217,Other,28,Sales,Sales Executive,2,2020-01-01,France,144268,27,3,9,1,2023,4,3.6,4,No
1318,Nicole Roberts 1218,Female,50,Finance,Accountant,3,2014-11-24,UK,65105,13,0,11,1,2016,10,3.15,2,No
1319,Ayaan Saxena 1219,Female,30,Support,Support Engineer,3,2018-04-06,UK,104634,33,29,8,21,2023,6,2.45,3,No
1320,Rohan Pillai 1220,Female,43,IT,Developer,2,2017-05-13,UK,152426,10,25,5,70,2021,7,4.28,2,No
1321,Jeffery Lopez 1221,Female,31,IT,Data Analyst,2,2014-10-06,UK,173691,12,23,1,3,2016,10,2.69,3,No
1322,Steven Barnett 1222,Female,22,IT,Data Analyst,3,2011-04-04,USA,178011,32,18,9,37,2020,13,3.34,4,No
1323,Cody Bright 1223,Male,46,Finance,Auditor,3,2020-07-16,UK,53226,1,1,6,83,2022,4,4.11,3,No
1324,Saanvi Iyer 1224,Male,56,IT,Tester,2,2016-01-09,India,60322,33,8,12,69,2024,8,2.22,4,No
1325,Reyansh Reddy 1225,Male,53,IT,Software Engineer,3,2016-10-19,Germany,152504,28,22,15,72,2023,8,2.11,3,No
1326,Kabir Mehta 1226,Male,33,Finance,Accountant,2,2010-04-15,UK,93215,36,24,7,51,2016,14,5.72,2,No
1327,Aarav Sharma 1227,Female,45,IT,Engineer,4,2010-09-21,Germany,182950,3,12,8,30,2018,14,2.34,3,No
1328,Kavya Menon 1228,Male,24,Sales,Account Manager,3,2010-12-20,Canada,172632,11,17,13,25,2020,14,4.82,5,No
1329,Erin Massey 1229,Female,39,HR,HR Manager,2,2015-12-22,India,129835,25,15,5,35,2022,9,3.15,3,No
1330,Sara Khan 1230,Male,38,IT,Software Engineer,3,2010-01-26,France,108079,27,15,6,25,2023,14,2.77,2,No
1331,Aditi Sen 1231,Female,57,Finance,Auditor,3,2018-01-16,UK,58946,2,24,12,27,2021,6,2.87,3,No
1332,Jasmine Gonzalez 1232,Male,50,Marketing,SEO Analyst,2,2020-05-21,Germany,145733,19,9,13,4,2024,4,3.14,3,No
1333,David Williams 1233,Other,39,Finance,Financial Analyst,3,2022-11-09,India,42253,9,8,7,73,2025,2,4.54,3,No
1334,Judith Ware 1234,Female,43,Support,Helpdesk,2,2009-01-19,Germany,114311,17,10,7,17,2025,15,3.96,3,No
1335,Jeffery Lopez 1235,Female,36,Marketing,Marketing Executive,2,2017-03-04,France,67813,26,24,2,14,2021,7,2.99,5,No
1336,Vihaan Verma 1236,Male,21,Sales,Account Manager,2,2014-12-07,Canada,83365,30,25,14,56,2016,10,1.33,4,Yes
1337,Joel Fuller 1237,Male,32,Finance,Auditor,3,2021-07-15,UK,102593,26,28,11,4,2025,3,3.22,1,No
1338,Kavya Menon 1238,Male,44,Support,Helpdesk,2,2013-10-05,Germany,184485,41,25,12,36,2017,11,3.33,3,No
1339,Avani Bhat 1239,Female,54,HR,HR Executive,3,2011-09-23,UK,73485,0,3,14,21,2025,13,4.46,4,No
1340,Riya Mishra 1240,Male,28,Sales,Sales Executive,3,2012-02-12,India,146504,5,9,1,51,2018,12,1.73,4,No
1341,David Williams 1241,Female,38,IT,Software Engineer,3,2021-03-27,USA,51101,10,2,8,14,2025,3,2.71,3,No
1342,Ananya Singh 1242,Female,25,Marketing,Content Lead,4,2021-07-05,Germany,43831,33,5,5,16,2025,3,2.67,3,No
1343,Jasmine Gonzalez 1243,Female,46,IT,Software Engineer,4,2020-07-25,Canada,86897,38,2,10,50,2022,4,3.14,4,No
1344,Anna Dominguez 1244,Other,50,Sales,Sales Executive,3,2022-09-03,India,40004,19,26,15,44,2024,2,3.29,4,No
1345,Judith Ware 1245,Female,33,Sales,Account Manager,3,2011-08-06,France,80924,20,8,2,62,2022,13,3.64,3,No
1346,Norman Lane 1246,Male,39,Sales,Account Manager,2,2011-04-15,Germany,72170,20,2,3,27,2019,13,1.31,2,Yes
1347,Reyansh Reddy 1247,Female,49,HR,HR Manager,4,2019-04-20,USA,78555,17,17,6,58,2025,5,3.37,3,No
1348,Vihaan Verma 1248,Female,23,Support,Helpdesk,1,2021-07-22,France,180734,20,7,10,20,2023,3,3.45,2,No
1349,Manish Badami 1249,Other,46,Marketing,SEO Analyst,2,2014-02-21,Canada,153115,18,21,6,41,2020,10,3.28,2,No
1350,Meera Das 1250,Female,32,IT,Tester,3,2019-05-22,UK,139216,3,7,8,80,2021,5,3.02,3,No
1351,Joel Fuller 1251,Male,22,IT,Developer,1,2012-07-12,UK,100930,12,14,5,68,2025,12,-0.22,3,No
1352,Peggy Mann 1252,Other,31,Sales,Account Manager,2,2011-11-24,Germany,71365,17,12,5,81,2018,13,3.77,3,No
1353,Peter Mckee 1253,Male,48,Finance,Auditor,3,2017-12-26,France,97188,28,6,7,16,2024,7,2.23,3,No
1354,Saanvi Iyer 1254,Female,38,Sales,Account Manager,3,2015-08-11,USA,133633,24,18,10,67,2025,9,3.81,1,No
1355,Troy Ford 1255,Male,33,HR,HR Manager,3,2022-05-18,USA,98471,12,7,13,6,2024,2,4.45,2,No
1356,Aarav Sharma 1256,Male,57,HR,HR Executive,4,2015-10-08,Canada,183228,26,9,14,39,2025,9,1.52,2,No
1357,Cody Bright 1257,Other,42,Marketing,Content Strategist,2,2014-06-03,India,92287,18,16,15,39,2023,10,3.78,3,No
1358,Sara Khan 1258,Male,32,HR,HR Executive,1,2018-04-12,France,167717,0,0,5,42,2021,6,1.96,3,No
1359,Brenda Bauer 1259,Female,22,IT,Tester,3,2012-01-03,France,94076,37,12,15,72,2018,12,3.16,3,No
1360,Kabir Mehta 1260,Male,57,Finance,Auditor,2,2018-04-18,UK,151475,18,28,9,82,2020,6,3.07,3,No
1361,Christopher Benson 1261,Male,27,Support,Helpdesk,3,2013-12-22,Canada,85151,0,25,6,50,2019,11,3.96,3,No
1362,Kavya Menon 1262,Female,46,Finance,Financial Analyst,2,2021-08-16,Canada,102384,39,12,7,72,2025,3,3.81,3,No
1363,Cody Bright 1263,Male,46,Marketing,SEO Analyst,3,2010-12-22,India,134865,16,23,12,22,2018,14,3.46,4,No
1364,Joel Fuller 1264,Male,44,IT,Tester,3,2014-10-19,Canada,68541,20,15,8,31,2024,10,1.56,3,No
1365,Aditi Sen 1265,Male,32,Finance,Financial Analyst,3,2011-09-14,France,107847,21,28,13,30,2018,13,0.69,4,No
1366,Troy Ford 1266,Male,36,Sales,Sales Executive,3,2015-04-14,UK,85955,14,8,5,16,2024,9,4.11,3,No
1367,Pari Joshi 1267,Female,43,HR,Employee Relations,3,2020-06-04,Canada,175362,38,9,14,57,2024,4,3.95,4,No
1368,Kavya Menon 1268,Female,29,Marketing,Content Strategist,2,2019-04-27,UK,122780,38,5,11,34,2021,5,2.2,3,No
1369,Connie Bailey 1269,Female,52,Marketing,SEO Analyst,1,2021-02-26,India,134919,31,4,4,29,2023,3,3.55,3,No
1370,Devansh Banerjee 1270,Female,35,Finance,Accountant,1,2019-02-02,Canada,147854,3,1,15,63,2021,5,2.99,3,No
1371,Sara Khan 1271,Female,57,Sales,Sales Executive,3,2016-02-08,France,96768,31,10,12,52,2022,8,4.29,4,No
1372,Cody Bright 1272,Other,33,Sales,Business Development,3,2016-10-20,UK,78262,3,8,15,50,2019,8,3.28,3,No
1373,Peggy Mann 1273,Male,25,Marketing,SEO Specialist,3,2010-04-10,Germany,171578,0,5,8,36,2025,14,4.1,4,No
1374,Ananya Singh 1274,Female,31,IT,Engineer,2,2016-10-27,India,55605,32,7,12,5,2021,8,2.59,3,Yes
1375,Sara Snyder 1275,Female,30,Sales,Business Development,3,2018-03-21,Canada,113590,6,8,10,33,2025,6,3.49,3,No
1376,Norman Lane 1276,Male,33,Finance,Auditor,4,2009-04-23,France,63231,8,8,9,55,2024,15,2.79,4,No
1377,Devansh Banerjee 1277,Female,35,Sales,Sales Executive,2,2009-10-07,UK,114397,0,7,1,24,2017,15,2.58,5,No
1378,Jeffery Lopez 1278,Male,27,Support,Support Engineer,2,2023-06-23,USA,112123,15,11,3,12,2025,1,0.87,3,No
1379,Peter Mckee 1279,Female,48,Sales,Sales Executive,2,2013-12-07,France,48515,17,25,12,62,2021,11,4.12,3,No
1380,Kabir Mehta 1280,Female,52,HR,HR Manager,3,2014-08-27,France,122211,5,7,4,65,2019,10,4.95,3,No
1381,Myra Nair 1281,Male,55,IT,Software Engineer,3,2012-01-16,USA,51600,1,2,13,4,2024,12,1.81,3,No
1382,Taylor Morris 1282,Male,35,IT,Tester,2,2018-03-28,USA,104310,8,12,7,74,2021,6,3.89,2,No
1383,Navya Chopra 1283,Female,56,IT,Developer,3,2012-03-21,Germany,170501,3,18,6,10,2017,12,3.85,2,No
1384,Peter Mckee 1284,Other,41,IT,Tester,2,2013-10-13,Germany,170678,22,1,10,77,2024,11,2.69,3,No
1385,Nicole Roberts 1285,Female,26,Finance,Financial Analyst,3,2014-07-15,Germany,170550,7,16,10,43,2022,10,2.46,4,No
1386,Jasmine Gonzalez 1286,Female,21,HR,HR Manager,3,2017-10-06,France,149380,38,15,11,84,2024,7,4.38,1,No
1387,Vivaan Gupta 1287,Male,24,Marketing,SEO Analyst,3,2010-04-22,France,146780,24,3,1,68,2018,14,4.28,3,No
1388,Navya Chopra 1288,Male,31,Sales,Account Manager,1,2015-07-20,France,101177,15,17,4,1,2025,9,3.65,3,No
1389,Clinton Scott 1289,Female,46,Sales,Sales Executive,4,2012-11-24,Germany,90746,34,13,6,39,2017,12,2.68,4,Yes
1390,Brenda Bauer 1290,Male,57,Sales,Sales Executive,3,2016-05-19,UK,158075,16,29,3,36,2022,8,4.29,2,No
1391,Arjun Rao 1291,Female,43,Finance,Financial Analyst,2,2013-02-17,France,120195,17,1,15,48,2021,11,2.36,3,No
1392,Erin Massey 1292,Other,49,IT,Tester,2,2012-04-18,France,71818,26,12,2,74,2023,12,4.62,5,No
1393,Anna Dominguez 1293,Male,41,HR,HR Executive,3,2016-12-03,France,56309,14,26,2,35,2022,8,4.83,3,No
1394,Meera Das 1294,Female,47,Marketing,SEO Specialist,4,2009-01-14,Germany,184760,16,26,10,74,2022,15,4.38,3,No
1395,Navya Chopra 1295,Female,59,Finance,Auditor,4,2017-06-04,Canada,63176,4,20,12,72,2025,7,3.54,4,No
1396,Jeffery Lopez 1296,Male,33,IT,Software Engineer,3,2022-05-08,Germany,103879,15,19,12,69,2024,2,0.65,2,No
1397,Devansh Banerjee 1297,Male,43,IT,Cybersecurity Specialist,4,2023-11-20,Canada,102592,14,16,4,33,2025,1,3.02,5,No
1398,Kavya Menon 1298,Male,36,HR,HR Manager,1,2009-06-03,Germany,119728,41,30,13,57,2023,15,4.96,4,No
1399,Aditya Kumar 1299,Male,50,IT,Data Analyst,1,2022-08-13,UK,175488,33,14,1,36,2025,2,4.14,2,No
1400,Kabir Mehta 1300,Female,24,Marketing,Content Strategist,4,2009-03-15,UK,43584,18,24,15,59,2018,15,3.64,3,No
1401,Saanvi Iyer 1301,Male,36,Sales,Business Development,4,2018-07-07,France,159555,7,29,10,11,2022,6,2.52,3,No
1402,Vihaan Verma 1302,Male,51,HR,Recruitment Specialist,3,2011-03-19,Germany,128302,9,19,2,31,2024,13,4.22,4,No
1403,Anna Dominguez 1303,Male,45,IT,Software Engineer,4,2022-10-10,Canada,157408,4,4,13,80,2024,2,1.63,2,No
1404,Steven Barnett 1304,Male,32,Finance,Auditor,5,2014-12-27,Canada,53830,25,6,10,3,2017,10,3.03,3,No
1405,Ashley Marsh 1305,Female,46,Sales,Sales Executive,4,2020-08-11,UK,112066,21,17,15,32,2025,4,4.94,3,No
1406,Sara Snyder 1306,Female,57,Support,Support Engineer,4,2009-03-02,France,38591,22,23,2,42,2021,15,2.4,4,No
1407,Shannon Clark 1307,Male,53,Marketing,Content Lead,4,2014-05-11,Canada,128878,12,10,4,8,2025,10,3.81,3,No
1408,Norman Lane 1308,Male,48,Marketing,Content Strategist,2,2021-07-08,Germany,160407,8,17,4,50,2025,3,1.44,3,No
1409,Rita Walker 1309,Male,29,Finance,Accountant,4,2018-01-12,France,151869,19,26,1,19,2020,6,2.55,3,No
1410,Manish Badami 1310,Female,32,IT,Data Analyst,2,2012-02-07,India,56395,27,25,7,38,2018,12,3.38,4,No
1411,Joel Fuller 1311,Female,25,IT,Cybersecurity Specialist,4,2012-09-19,Germany,51738,36,4,7,22,2020,12,3.55,3,No
1412,Joel Fuller 1312,Female,48,IT,Tester,3,2011-08-26,Germany,168703,23,12,10,40,2019,13,5.27,4,No
1413,Ayaan Saxena 1313,Female,55,Finance,Auditor,3,2010-03-20,UK,183977,32,27,11,43,2022,14,2.7,2,No
1414,Riya Mishra 1314,Other,25,Sales,Sales Executive,3,2016-02-25,Germany,54056,19,17,10,34,2024,8,3.79,3,No
1415,Erin Massey 1315,Female,54,Sales,Account Manager,1,2013-05-21,USA,156656,29,1,10,22,2025,11,3.77,4,No
1416,Arjun Rao 1316,Male,54,Sales,Sales Executive,2,2018-04-13,France,150316,8,19,1,57,2022,6,2.61,3,No
1417,Erin Massey 1317,Male,33,IT,Developer,5,2022-05-12,USA,89418,16,3,11,47,2024,2,4.16,4,No
1418,Peter Mckee 1318,Male,59,IT,Developer,5,2019-01-10,Germany,72190,35,12,8,57,2025,5,3.87,3,No
1419,Meera Das 1319,Male,34,Finance,Accountant,2,2013-10-12,Germany,61014,13,23,10,56,2016,11,2.93,4,No
1420,Cody Bright 1320,Male,31,IT,Tester,5,2011-06-27,UK,160563,18,28,14,38,2021,13,3.39,2,No
1421,Riya Mishra 1321,Male,58,Finance,Financial Analyst,4,2018-04-28,UK,36780,6,15,14,27,2022,6,2.24,2,No
1422,Myra Nair 1322,Female,24,Finance,Financial Analyst,3,2015-04-12,India,77192,2,5,7,63,2024,9,2.31,4,No
1423,Shannon Clark 1323,Other,53,HR,Employee Relations,1,2018-05-17,UK,139875,32,25,7,61,2025,6,3.18,4,No
1424,Ashley Marsh 1324,Male,27,Finance,Auditor,4,2014-04-10,India,134129,31,7,11,82,2023,10,3.95,3,No
1425,Aarav Sharma 1325,Female,28,IT,Data Analyst,3,2019-03-05,UK,78923,10,15,6,61,2022,5,2.87,5,No
1426,Diya Patel 1326,Male,57,HR,HR Executive,4,2023-10-05,India,124196,41,12,12,84,2025,1,2.58,3,No
1427,Kavya Menon 1327,Male,30,Marketing,Content Lead,4,2014-08-17,Canada,37395,1,22,4,84,2019,10,2.97,5,No
1428,Avani Bhat 1328,Male,35,Support,Helpdesk,4,2019-03-21,UK,137449,25,28,11,25,2025,5,4.03,3,No
1429,Ashley Marsh 1329,Female,58,IT,Engineer,3,2019-11-19,Germany,156747,3,25,8,50,2025,5,1.85,3,No
1430,Manish Badami 1330,Male,35,HR,HR Manager,2,2018-06-10,India,181851,16,3,2,49,2024,6,4.06,3,No
1431,Sara Khan 1331,Female,25,Sales,Business Development,2,2017-03-22,Germany,106028,16,1,7,35,2025,7,3.71,5,No
1432,Peter Mckee 1332,Female,49,Sales,Business Development,2,2011-08-20,India,173183,27,30,3,25,2017,13,1.84,3,No
1433,Judith Ware 1333,Male,39,Finance,Accountant,1,2011-08-07,France,176056,29,8,14,32,2024,13,2.96,5,No
1434,Kabir Mehta 1334,Male,30,HR,HR Executive,3,2020-11-11,India,128176,39,17,3,67,2022,4,3.84,4,No
1435,Pari Joshi 1335,Male,32,Marketing,SEO Specialist,3,2017-04-03,USA,61924,22,16,14,72,2023,7,1.29,3,No
1436,Peggy Mann 1336,Male,24,Finance,Financial Analyst,4,2019-05-21,India,67577,23,7,7,7,2021,5,2.16,3,No
1437,Kavya Menon 1337,Male,51,Sales,Business Development,2,2018-07-11,India,173783,28,25,12,65,2024,6,1.68,3,No
1438,Riya Mishra 1338,Male,38,IT,Software Engineer,3,2020-01-25,Canada,120548,3,14,3,22,2024,4,2.62,3,No
1439,Peter Mckee 1339,Female,36,Marketing,Content Strategist,1,2012-02-25,Canada,160093,37,8,15,69,2021,12,4.24,2,No
1440,Aditi Sen 1340,Female,56,HR,Recruitment Specialist,1,2016-09-13,France,170168,28,16,15,54,2022,8,4.0,4,No
1441,Rita Walker 1341,Male,45,IT,Tester,1,2015-03-15,France,101555,18,22,5,42,2025,9,2.69,3,No
1442,Peggy Mann 1342,Female,43,IT,Data Analyst,3,2022-07-03,UK,124848,26,1,8,20,2025,2,4.23,4,No
1443,Reyansh Reddy 1343,Female,32,IT,Tester,1,2012-08-08,France,43254,28,5,14,21,2023,12,3.86,3,No
1444,Myra Nair 1344,Male,54,IT,Tester,3,2013-03-21,Canada,160410,35,28,13,8,2025,11,4.48,3,No
1445,Anna Dominguez 1345,Male,56,Finance,Financial Analyst,2,2020-07-01,USA,172037,34,26,4,33,2022,4,3.11,3,No
1446,Vihaan Verma 1346,Male,57,IT,Software Engineer,4,2013-03-16,India,138025,5,4,7,58,2023,11,3.74,4,No
1447,Kabir Mehta 1347,Male,23,IT,Tester,4,2016-01-18,USA,165509,22,16,7,25,2023,8,6.57,3,No
1448,Jeffery Lopez 1348,Female,29,Marketing,SEO Specialist,5,2016-07-23,Canada,67963,38,1,2,0,2024,8,2.89,5,No
1449,Myra Nair 1349,Female,38,IT,Engineer,4,2009-03-22,UK,38273,7,17,14,4,2024,15,3.14,3,No
1450,Joel Fuller 1350,Female,55,Finance,Financial Analyst,4,2015-06-18,USA,50330,1,9,8,40,2020,9,3.04,5,No
1451,Arjun Rao 1351,Female,54,Finance,Accountant,4,2021-09-13,India,111422,12,9,10,62,2025,3,3.11,4,No
1452,Peter Mckee 1352,Male,34,Support,Helpdesk,3,2023-08-02,India,157089,39,5,12,21,2025,1,3.76,4,No
1453,Ananya Singh 1353,Female,24,HR,Employee Relations,2,2015-12-04,USA,38212,20,26,10,67,2022,9,3.26,3,No
1454,Avani Bhat 1354,Male,49,Finance,Financial Analyst,2,2023-09-20,UK,122594,30,11,15,47,2025,1,1.84,3,No
1455,David Williams 1355,Male,35,Marketing,Marketing Executive,2,2021-07-05,USA,167152,35,16,14,65,2024,3,3.22,4,No
1456,Ananya Singh 1356,Female,48,IT,Software Engineer,3,2021-10-06,Germany,67675,37,26,9,15,2024,3,2.67,3,Yes
1457,Ashley Marsh 1357,Female,36,Sales,Sales Executive,3,2015-01-20,Canada,57007,26,12,6,79,2020,9,1.47,3,No
1458,Myra Nair 1358,Female,32,IT,Software Engineer,4,2009-05-06,USA,148805,35,19,14,52,2021,15,4.35,4,No
1459,Taylor Morris 1359,Male,25,Finance,Accountant,5,2023-06-21,USA,117641,22,27,5,64,2025,1,2.67,3,No
1460,Reyansh Reddy 1360,Female,54,IT,Engineer,3,2017-03-11,UK,130815,20,15,1,78,2025,7,3.58,3,No
1461,Meera Das 1361,Male,21,Finance,Accountant,3,2022-02-15,USA,81815,12,9,1,63,2024,2,0.05,2,No
1462,Aditya Kumar 1362,Female,59,Sales,Account Manager,5,2017-07-17,UK,118482,36,26,9,67,2021,7,3.7,3,No
1463,Manish Badami 1363,Other,52,HR,HR Executive,2,2009-12-12,Canada,35639,25,20,14,62,2025,15,2.89,4,No
1464,Taylor Morris 1364,Male,46,IT,Cybersecurity Specialist,4,2009-05-20,Germany,98593,39,1,4,61,2024,15,1.65,4,No
1465,Meera Das 1365,Male,37,Finance,Auditor,2,2023-07-02,France,113038,6,1,1,81,2025,1,2.65,1,No
1466,Arjun Rao 1366,Male,47,IT,Engineer,3,2011-11-13,Canada,128899,38,30,11,80,2023,13,2.51,4,No
1467,Vivaan Gupta 1367,Male,44,Support,Support Engineer,2,2014-08-09,USA,38736,21,22,10,70,2021,10,3.95,1,No
1468,Peggy Mann 1368,Male,55,HR,HR Manager,4,2014-12-26,Germany,51473,38,6,12,44,2021,10,3.29,3,Yes
1469,Nicole Roberts 1369,Male,59,Sales,Sales Executive,3,2016-01-21,France,163771,22,5,3,51,2022,8,1.68,2,No
1470,Jeffery Lopez 1370,Male,46,HR,HR Manager,2,2014-04-21,France,160801,29,0,6,73,2016,10,3.64,5,No
1471,Ananya Singh 1371,Male,58,Finance,Accountant,2,2011-09-28,India,142598,17,11,14,64,2023,13,1.13,5,No
1472,Ashley Marsh 1372,Female,43,Marketing,Content Lead,3,2014-03-01,India,121623,41,12,11,1,2017,10,2.07,3,Yes
1473,Sara Snyder 1373,Female,42,Marketing,SEO Analyst,5,2022-11-19,USA,71820,17,11,13,48,2025,2,3.21,3,No
1474,Kavya Menon 1374,Female,24,Marketing,SEO Specialist,4,2021-04-13,India,92589,9,18,13,21,2024,3,2.58,3,No
1475,Arjun Rao 1375,Male,29,Sales,Business Development,3,2010-02-17,France,53414,38,8,11,28,2019,14,4.39,4,Yes
1476,Pari Joshi 1376,Female,24,IT,Data Analyst,2,2016-01-15,France,162378,29,9,8,34,2024,8,3.37,3,No
1477,Norman Lane 1377,Male,27,Marketing,SEO Specialist,3,2021-08-04,Canada,59220,25,16,13,80,2024,3,3.83,3,No
1478,Judith Ware 1378,Female,43,IT,Data Analyst,3,2023-12-02,India,95531,6,17,10,75,2025,1,3.87,3,No
1479,Pari Joshi 1379,Female,22,IT,Cybersecurity Specialist,4,2015-10-19,India,145002,6,7,2,23,2023,9,2.76,3,No
1480,Riya Mishra 1380,Female,44,HR,Employee Relations,2,2016-08-22,Canada,44387,4,6,8,29,2018,8,2.13,1,No
1481,Judith Ware 1381,Female,51,Finance,Financial Analyst,3,2009-08-10,France,111815,0,8,14,83,2017,15,3.15,3,No
1482,Ayaan Saxena 1382,Male,51,Sales,Business Development,3,2020-05-19,UK,62584,17,9,13,41,2025,4,4.07,3,No
1483,Sara Snyder 1383,Male,54,Sales,Account Manager,5,2016-06-10,USA,79783,12,11,1,70,2025,8,2.97,5,No
1484,Pari Joshi 1384,Female,44,Finance,Financial Analyst,4,2010-08-05,UK,159494,24,14,11,49,2016,14,3.79,1,No
1485,Pari Joshi 1385,Male,46,HR,HR Executive,4,2019-05-19,UK,150814,39,30,2,70,2025,5,3.17,3,No
1486,Clinton Scott 1386,Female,36,IT,Engineer,3,2021-03-13,France,165752,7,14,8,59,2023,3,1.65,3,No
1487,Joel Fuller 1387,Male,33,Finance,Accountant,2,2023-12-15,USA,176929,9,27,7,29,2025,1,1.73,3,No
1488,Taylor Morris 1388,Male,35,IT,Tester,4,2011-08-11,UK,108588,31,3,5,11,2025,13,4.76,3,No
1489,Reyansh Reddy 1389,Female,47,Sales,Sales Executive,3,2014-01-04,Canada,183067,16,3,15,48,2019,10,2.03,2,No
1490,Shannon Clark 1390,Female,24,Sales,Sales Executive,2,2019-09-22,Canada,48580,37,22,13,81,2021,5,2.56,3,Yes
1491,Avani Bhat 1391,Female,36,IT,Developer,3,2013-06-26,USA,53240,14,0,10,45,2016,11,4.12,4,No
1492,Kavya Menon 1392,Male,50,Marketing,Content Strategist,4,2018-11-27,UK,118446,14,25,2,42,2021,6,2.01,3,No
1493,Kabir Mehta 1393,Female,50,IT,Software Engineer,2,2020-07-27,Germany,139533,39,11,9,1,2025,4,2.52,5,No
1494,Jeffery Lopez 1394,Female,56,IT,Cybersecurity Specialist,3,2017-07-06,India,115974,19,24,5,74,2019,7,2.99,3,No
1495,Troy Ford 1395,Female,23,IT,Tester,3,2021-09-08,Germany,108401,14,1,8,79,2025,3,2.86,3,No
1496,Kabir Mehta 1396,Female,42,HR,HR Manager,1,2017-12-24,USA,178283,34,14,13,53,2020,7,2.23,3,No
1497,Megan Williams 1397,Female,42,IT,Software Engineer,2,2010-02-23,India,38646,5,16,4,34,2024,14,3.01,3,No
1498,Devansh Banerjee 1398,Female,32,IT,Tester,4,2023-12-16,USA,77816,29,6,14,51,2025,1,3.88,4,No
1499,Kavya Menon 1399,Male,41,Marketing,SEO Specialist,4,2017-01-10,Germany,124460,7,5,9,32,2022,7,3.08,3,No
1500,Peggy Mann 1400,Female,24,Sales,Business Development,2,2023-08-13,UK,79112,30,11,10,84,2025,1,2.54,3,No
1501,Joel Fuller 1401,Male,51,Finance,Accountant,4,2011-03-27,UK,86048,31,18,7,83,2022,13,4.15,3,No
1502,Reyansh Reddy 1402,Male,51,IT,Cybersecurity Specialist,4,2013-09-21,France,167850,14,0,2,71,2018,11,4.91,5,No
1503,Rohan Pillai 1403,Male,43,IT,Tester,3,2023-07-14,India,80752,17,27,3,50,2025,1,4.16,2,No
1504,Erin Massey 1404,Male,40,IT,Tester,3,2022-07-09,USA,105726,12,20,14,25,2025,2,2.08,3,No
1505,Aditya Kumar 1405,Male,35,Marketing,SEO Specialist,5,2022-02-04,UK,79788,23,25,2,61,2025,2,2.1,3,No
1506,Judith Ware 1406,Male,43,Finance,Accountant,3,2020-12-24,Germany,39747,39,13,5,60,2022,4,3.64,4,Yes
1507,Ashley Marsh 1407,Female,48,HR,Employee Relations,2,2011-05-11,India,35045,13,3,2,25,2018,13,3.37,2,No
1508,Vihaan Verma 1408,Female,36,IT,Engineer,4,2023-05-19,Germany,42758,27,4,5,36,2025,1,1.98,3,No
1509,Ashley Marsh 1409,Female,57,IT,Software Engineer,3,2020-05-07,Canada,160076,10,0,13,29,2023,4,3.49,3,No
1510,Jasmine Gonzalez 1410,Female,41,Sales,Business Development,2,2022-04-08,UK,175926,5,0,9,10,2025,2,3.3,3,No
1511,Connie Bailey 1411,Male,35,Sales,Business Development,3,2020-11-06,France,91950,24,20,2,52,2022,4,4.68,4,No
1512,Aditya Kumar 1412,Male,37,Sales,Account Manager,3,2020-06-22,France,183421,0,5,9,40,2023,4,2.76,3,No
1513,Aditya Kumar 1413,Female,57,Sales,Business Development,4,2015-04-14,India,54455,24,4,7,4,2024,9,4.59,3,No
1514,Nicole Roberts 1414,Male,33,IT,Cybersecurity Specialist,3,2015-03-10,USA,123552,1,1,7,65,2017,9,4.63,5,No
1515,Ananya Singh 1415,Male,39,Finance,Accountant,2,2023-06-06,Canada,81116,31,24,14,12,2025,1,2.53,3,No
1516,Erin Massey 1416,Male,50,IT,Cybersecurity Specialist,3,2019-02-10,India,155461,12,20,5,62,2024,5,3.55,3,No
1517,Ashley Marsh 1417,Male,38,Finance,Auditor,3,2017-09-16,Germany,75484,32,26,8,81,2025,7,2.99,3,No
1518,Peter Mckee 1418,Female,34,Finance,Accountant,2,2020-04-04,Germany,116638,31,26,7,24,2023,4,2.95,4,No
1519,Norman Lane 1419,Male,56,HR,Recruitment Specialist,3,2012-10-28,USA,169476,23,4,6,43,2016,12,3.45,3,No
1520,Saanvi Iyer 1420,Male,56,Finance,Financial Analyst,4,2019-11-28,France,135647,26,25,2,13,2021,5,2.41,3,No
1521,Aarav Sharma 1421,Male,40,Sales,Business Development,1,2022-12-24,France,100642,3,8,6,68,2025,2,1.6,4,No
1522,Ananya Singh 1422,Female,39,Marketing,SEO Analyst,3,2021-03-10,Germany,81009,23,18,14,58,2023,3,2.67,3,No
1523,Brenda Bauer 1423,Other,27,Sales,Account Manager,2,2017-07-07,USA,163824,22,20,2,55,2025,7,4.38,4,No
1524,Aarav Sharma 1424,Male,24,Finance,Auditor,2,2014-02-03,India,64605,28,14,1,51,2017,10,3.0,4,No
1525,Reyansh Reddy 1425,Male,54,Sales,Business Development,3,2011-12-14,UK,145879,33,12,9,65,2021,13,3.18,3,No
1526,Meera Das 1426,Female,22,IT,Data Analyst,2,2009-04-02,India,155827,20,11,13,67,2023,15,3.99,4,No
1527,Reyansh Reddy 1427,Female,25,Marketing,Content Lead,4,2017-09-10,Canada,40580,29,4,5,11,2019,7,1.6,2,Yes
1528,Reyansh Reddy 1428,Male,30,Sales,Business Development,2,2020-11-06,France,149902,25,1,10,74,2024,4,3.64,4,No
1529,Brenda Bauer 1429,Female,52,Finance,Auditor,3,2012-01-15,India,40400,19,26,10,67,2018,12,4.87,4,No
1530,Megan Williams 1430,Female,33,HR,HR Manager,1,2023-01-24,France,131032,15,3,4,42,2025,1,3.29,3,No
1531,Aditya Kumar 1431,Female,59,HR,Recruitment Specialist,5,2023-11-22,France,162319,2,26,12,72,2025,1,1.28,3,No
1532,Navya Chopra 1432,Female,25,HR,HR Executive,3,2020-10-12,UK,141960,36,26,11,73,2024,4,3.12,2,No
1533,Aditi Sen 1433,Female,30,IT,Engineer,3,2020-07-22,UK,74015,39,17,8,5,2024,4,3.81,1,Yes
1534,Ishaan Malhotra 1434,Female,30,Marketing,SEO Specialist,2,2018-02-03,India,106713,24,20,15,14,2023,6,3.31,3,No
1535,Meera Das 1435,Male,58,Sales,Business Development,3,2017-08-20,Canada,181046,22,9,5,41,2019,7,3.47,4,No
1536,Aditi Sen 1436,Male,47,Finance,Financial Analyst,2,2015-08-19,France,180109,0,12,14,30,2019,9,3.59,3,No
1537,Norman Lane 1437,Male,41,Finance,Accountant,4,2015-02-23,Germany,182239,32,11,7,52,2022,9,2.27,3,No
1538,Jeffery Lopez 1438,Male,28,Sales,Account Manager,3,2014-01-27,France,123754,14,1,3,5,2016,10,2.39,4,No
1539,Joel Fuller 1439,Male,21,Sales,Sales Executive,3,2012-03-02,Canada,78148,16,25,15,32,2017,12,2.83,3,No
1540,Ananya Singh 1440,Female,48,HR,Employee Relations,3,2009-05-18,India,157790,33,14,8,28,2025,15,3.59,4,No
1541,Aditi Sen 1441,Female,59,IT,Software Engineer,3,2012-10-21,Canada,121078,16,13,8,20,2025,12,2.01,3,No
1542,Aditi Sen 1442,Female,34,Sales,Business Development,3,2019-03-25,Germany,91879,40,24,3,53,2021,5,5.26,3,No
1543,Aditi Sen 1443,Male,41,Sales,Sales Executive,3,2014-10-25,UK,154894,3,9,9,55,2023,10,0.78,3,No
1544,Devansh Banerjee 1444,Male,50,Finance,Financial Analyst,3,2013-08-13,Germany,100839,12,21,14,20,2016,11,1.49,4,No
1545,David Williams 1445,Female,41,IT,Software Engineer,3,2021-05-10,Canada,64756,3,7,8,54,2025,3,3.75,2,No
1546,Shannon Clark 1446,Male,29,Sales,Sales Executive,3,2021-11-07,Germany,178755,6,24,1,57,2025,3,3.67,2,No
1547,Clinton Scott 1447,Other,37,HR,HR Executive,2,2009-02-19,France,177097,8,14,8,63,2021,15,3.13,3,No
1548,Vihaan Verma 1448,Female,25,IT,Cybersecurity Specialist,4,2018-12-27,Canada,184787,22,12,12,45,2025,6,3.88,4,No
1549,Avani Bhat 1449,Male,51,IT,Cybersecurity Specialist,3,2023-02-26,India,127943,32,7,11,83,2025,1,3.77,2,No
1550,Sara Snyder 1450,Female,58,Marketing,Content Lead,3,2017-11-17,UK,183188,32,20,15,21,2024,7,3.2,3,No
1551,Rohan Pillai 1451,Male,39,Sales,Business Development,4,2021-03-20,UK,71744,19,20,4,59,2023,3,3.47,3,No
1552,Steven Barnett 1452,Male,56,IT,Data Analyst,1,2019-12-25,Germany,159697,3,21,6,10,2023,5,0.06,3,No
1553,Navya Chopra 1453,Male,53,Marketing,Content Strategist,4,2017-12-02,Germany,151072,0,13,14,46,2022,7,3.07,3,No
1554,Riya Mishra 1454,Male,33,HR,HR Executive,5,2017-09-01,Germany,168196,41,0,13,30,2022,7,3.15,3,No
1555,Aarav Sharma 1455,Male,34,IT,Tester,4,2015-09-22,India,42176,33,12,10,76,2017,9,5.11,3,No
1556,Connie Bailey 1456,Female,53,Finance,Accountant,4,2023-08-19,France,126310,26,26,9,17,2025,1,2.37,3,No
1557,Jeffery Lopez 1457,Female,49,IT,Developer,3,2021-08-27,UK,184748,20,7,5,21,2025,3,3.16,2,No
1558,Rohan Pillai 1458,Male,56,Sales,Sales Executive,2,2015-09-07,Canada,80177,23,17,7,55,2021,9,4.62,3,No
1559,Aarav Sharma 1459,Female,30,HR,HR Manager,3,2016-04-22,Canada,145623,14,21,13,16,2025,8,3.76,3,No
1560,Anna Dominguez 1460,Female,51,Marketing,SEO Specialist,2,2022-06-18,UK,35997,34,29,15,37,2024,2,3.23,3,Yes
1561,Myra Nair 1461,Female,26,Marketing,Content Strategist,2,2016-02-11,India,155179,24,29,1,24,2024,8,4.16,3,No
1562,Brenda Bauer 1462,Female,21,Sales,Account Manager,4,2016-05-17,Germany,155403,8,8,9,31,2019,8,2.41,4,No
1563,Jeffery Lopez 1463,Female,27,HR,Recruitment Specialist,2,2022-05-26,USA,177303,16,12,14,14,2025,2,4.93,3,No
1564,Aditya Kumar 1464,Male,47,IT,Engineer,4,2016-03-19,Germany,130287,20,2,6,12,2018,8,3.84,3,No
1565,Jeffery Lopez 1465,Female,41,IT,Software Engineer,4,2021-08-11,India,154574,12,17,11,57,2024,3,1.57,2,No
1566,Pari Joshi 1466,Male,48,Sales,Sales Executive,4,2017-03-03,UK,156509,2,9,4,49,2023,7,2.59,3,No
1567,Cody Bright 1467,Male,36,IT,Data Analyst,4,2011-01-24,France,120447,3,4,6,10,2017,13,1.04,3,No
1568,Vihaan Verma 1468,Male,43,HR,HR Executive,4,2015-10-26,Germany,144522,3,26,5,12,2023,9,4.0,3,No
1569,Steven Barnett 1469,Female,40,IT,Data Analyst,4,2020-06-11,Canada,116144,27,24,3,49,2025,4,3.76,3,No
1570,Norman Lane 1470,Male,58,Sales,Account Manager,3,2009-08-19,France,127693,6,5,7,37,2024,15,2.74,4,No
1571,Connie Bailey 1471,Female,45,IT,Engineer,2,2013-11-06,UK,129315,25,29,3,0,2022,11,4.4,4,No
1572,Aditya Kumar 1472,Male,48,IT,Cybersecurity Specialist,4,2018-12-18,USA,62387,10,7,13,38,2022,6,3.12,1,No
1573,Troy Ford 1473,Female,25,IT,Engineer,4,2015-03-13,Germany,39090,23,23,14,26,2023,9,5.82,3,No
1574,Vihaan Verma 1474,Male,41,Sales,Business Development,3,2013-04-09,France,155846,9,6,15,35,2024,11,2.0,1,No
1575,Avani Bhat 1475,Female,38,IT,Developer,1,2013-12-20,France,75239,36,20,13,31,2021,11,3.84,3,No
1576,Sara Snyder 1476,Female,26,IT,Tester,3,2019-07-12,Canada,38743,12,17,2,40,2022,5,2.8,3,No
1577,Jasmine Gonzalez 1477,Female,49,Finance,Financial Analyst,1,2012-08-21,Germany,65924,41,13,14,14,2021,12,2.52,3,Yes
1578,Ayaan Saxena 1478,Male,39,IT,Developer,4,2023-02-11,USA,176268,38,14,4,30,2025,1,3.03,3,No
1579,Diya Patel 1479,Female,53,Marketing,Marketing Executive,5,2021-08-21,France,165160,18,9,7,5,2025,3,3.57,4,No
1580,Nicole Roberts 1480,Male,21,IT,Data Analyst,2,2013-05-23,Canada,126815,18,25,5,51,2018,11,3.26,3,No
1581,Brenda Bauer 1481,Other,23,IT,Tester,3,2009-06-19,Germany,140312,11,20,14,81,2024,15,3.88,3,No
1582,Ayaan Saxena 1482,Female,41,HR,Employee Relations,1,2015-07-12,Germany,103860,21,11,9,21,2017,9,3.81,3,No
1583,Ashley Marsh 1483,Other,55,IT,Cybersecurity Specialist,3,2021-01-04,USA,115399,36,6,10,30,2024,3,4.65,3,No
1584,Joel Fuller 1484,Female,23,IT,Tester,2,2013-04-22,Canada,83795,29,27,15,72,2025,11,2.0,2,No
1585,Sara Khan 1485,Male,45,IT,Cybersecurity Specialist,3,2013-06-10,USA,86553,11,27,7,45,2018,11,1.64,3,No
1586,Avani Bhat 1486,Other,58,Support,Support Engineer,3,2014-08-28,France,138976,28,6,12,66,2021,10,3.13,3,No
1587,Sara Snyder 1487,Other,40,IT,Cybersecurity Specialist,2,2022-01-23,India,148566,20,10,14,42,2024,2,2.41,3,No
1588,Aditya Kumar 1488,Male,54,IT,Cybersecurity Specialist,3,2020-04-13,UK,154968,10,12,9,0,2022,4,4.07,2,No
1589,Judith Ware 1489,Male,41,IT,Tester,2,2019-06-26,UK,96600,36,14,14,43,2021,5,2.13,2,Yes
1590,Arjun Rao 1490,Female,43,Sales,Business Development,3,2017-09-03,USA,85022,17,17,9,56,2024,7,2.65,3,No
1591,Peggy Mann 1491,Female,26,IT,Developer,1,2017-08-19,USA,169271,26,6,12,8,2019,7,2.87,3,No
1592,Rohan Pillai 1492,Female,33,Finance,Accountant,3,2015-06-02,India,85897,36,5,2,4,2023,9,4.97,3,No
1593,Erin Massey 1493,Female,43,Sales,Sales Executive,4,2011-09-13,India,73038,11,22,15,78,2019,13,5.31,3,No
1594,Ayaan Saxena 1494,Male,29,IT,Data Analyst,4,2016-02-12,India,158323,22,10,1,8,2022,8,2.06,3,No
1595,Ananya Singh 1495,Female,37,Sales,Business Development,4,2011-05-22,India,155278,33,7,11,44,2016,13,1.0,3,No
1596,Diya Patel 1496,Other,22,HR,Recruitment Specialist,4,2009-04-28,UK,146054,37,19,4,76,2020,15,2.63,4,No
1597,Nicole Roberts 1497,Male,39,Sales,Business Development,2,2022-07-07,France,42897,22,0,4,23,2024,2,3.16,3,No
1598,Nicole Roberts 1498,Male,39,Sales,Business Development,2,2012-12-23,India,99541,24,7,13,73,2018,12,3.16,5,No
1599,Myra Nair 1499,Male,27,Sales,Account Manager,3,2016-11-07,India,141968,3,7,2,41,2025,8,3.12,3,No
1600,Saanvi Iyer 1500,Male,40,IT,Engineer,4,2016-10-27,USA,49892,29,18,3,21,2024,8,4.02,4,No
1601,Myra Nair 1501,Female,29,Finance,Financial Analyst,5,2019-10-09,India,174343,29,2,3,59,2021,5,2.8,3,No
1602,Vihaan Verma 1502,Male,37,Marketing,SEO Specialist,1,2009-02-05,France,59815,12,4,5,36,2018,15,3.41,4,No
1603,Clinton Scott 1503,Female,47,Finance,Financial Analyst,3,2011-10-25,France,80612,41,29,1,38,2019,13,3.84,5,No
1604,Nicole Roberts 1504,Female,22,Sales,Sales Executive,2,2021-12-14,Canada,51267,13,2,9,83,2024,3,3.42,1,No
1605,Taylor Morris 1505,Female,56,Sales,Sales Executive,4,2015-11-16,France,53268,7,14,8,73,2017,9,3.88,2,No
1606,Manish Badami 1506,Male,39,IT,Data Analyst,3,2012-11-02,India,149463,23,13,8,73,2024,12,1.49,3,No
1607,Reyansh Reddy 1507,Female,37,Marketing,Content Strategist,2,2017-03-23,Germany,180335,17,20,3,52,2020,7,3.31,3,No
1608,Sara Snyder 1508,Female,25,Marketing,Content Strategist,3,2023-09-14,India,130347,34,14,2,27,2025,1,3.43,4,No
1609,Saanvi Iyer 1509,Female,59,IT,Data Analyst,3,2016-03-26,UK,129542,24,23,1,76,2019,8,3.03,1,No
1610,Sara Snyder 1510,Female,38,Sales,Account Manager,4,2014-08-27,UK,101612,16,16,12,14,2025,10,2.6,4,No
1611,Taylor Morris 1511,Male,27,Finance,Accountant,1,2011-08-28,USA,173307,31,17,6,59,2022,13,3.66,2,No
1612,Aditi Sen 1512,Male,37,Finance,Accountant,4,2019-04-27,USA,123757,23,1,13,59,2024,5,3.32,3,No
1613,Shannon Clark 1513,Other,59,Marketing,Content Lead,3,2018-06-11,Canada,182489,6,11,10,5,2025,6,3.15,5,No
1614,Troy Ford 1514,Female,56,Support,Helpdesk,4,2015-12-24,India,133075,12,15,1,51,2020,9,2.87,2,No
1615,Clinton Scott 1515,Female,24,IT,Data Analyst,4,2014-12-09,Canada,69609,26,3,14,11,2022,10,2.91,3,No
1616,Aarav Sharma 1516,Female,58,IT,Tester,2,2009-02-17,Germany,137785,4,24,11,18,2021,15,2.43,2,No
1617,Arjun Rao 1517,Male,45,HR,HR Executive,2,2010-05-26,USA,58645,35,1,5,74,2025,14,2.72,4,No
1618,Christopher Benson 1518,Female,25,IT,Engineer,3,2016-03-27,UK,97233,25,27,9,1,2021,8,2.26,3,No
1619,Vivaan Gupta 1519,Female,50,Sales,Business Development,2,2010-06-28,Germany,146443,41,13,11,54,2022,14,2.81,4,No
1620,Aditi Sen 1520,Female,32,IT,Engineer,4,2013-11-01,USA,42771,30,10,9,14,2016,11,3.56,3,Yes
1621,Troy Ford 1521,Female,24,Marketing,Content Strategist,3,2010-12-27,Germany,137601,9,12,13,63,2023,14,4.02,3,No
1622,Jasmine Gonzalez 1522,Female,44,HR,Recruitment Specialist,4,2010-04-22,India,168014,25,30,12,68,2017,14,3.15,1,No
1623,Riya Mishra 1523,Male,49,Marketing,Content Strategist,2,2021-02-11,France,160224,21,27,15,14,2024,3,3.12,3,No
1624,Riya Mishra 1524,Male,29,IT,Engineer,2,2011-11-08,France,118251,11,24,4,42,2022,13,3.34,3,No
1625,Peggy Mann 1525,Female,24,HR,Recruitment Specialist,3,2019-04-02,Germany,92042,31,6,7,73,2023,5,4.18,3,No
1626,Ananya Singh 1526,Male,44,HR,HR Manager,1,2020-01-24,USA,88740,26,9,14,16,2022,4,2.98,3,No
1627,Aditya Kumar 1527,Female,34,IT,Software Engineer,3,2010-10-17,France,82024,32,23,11,23,2022,14,3.66,2,No
1628,Ashley Marsh 1528,Male,25,Sales,Sales Executive,4,2023-07-07,France,91965,19,0,7,73,2025,1,3.57,3,No
1629,Peggy Mann 1529,Male,38,IT,Software Engineer,3,2019-06-24,Germany,45057,38,28,4,29,2022,5,2.58,3,Yes
1630,Shannon Clark 1530,Male,39,IT,Engineer,4,2014-10-01,France,43983,40,20,5,66,2021,10,3.91,2,Yes
1631,Jasmine Gonzalez 1531,Female,32,IT,Engineer,2,2017-12-01,India,165469,39,24,11,50,2021,7,1.13,2,No
1632,Troy Ford 1532,Male,38,IT,Cybersecurity Specialist,2,2023-01-06,UK,54995,12,27,9,59,2025,1,4.26,1,No
1633,Ananya Singh 1533,Other,37,Support,Helpdesk,5,2020-07-26,France,149587,13,3,7,2,2023,4,2.01,4,No
1634,Sara Snyder 1534,Male,50,Marketing,SEO Analyst,5,2018-09-10,India,73886,39,17,7,4,2023,6,3.06,3,Yes
1635,Troy Ford 1535,Female,44,IT,Cybersecurity Specialist,3,2013-05-01,Germany,124025,21,5,10,27,2025,11,4.03,4,No
1636,Ishaan Malhotra 1536,Male,31,Sales,Business Development,4,2012-09-05,France,130149,17,1,7,77,2021,12,2.77,3,No
1637,Saanvi Iyer 1537,Male,55,HR,HR Executive,3,2015-06-25,France,129020,28,2,15,10,2018,9,3.43,3,No
1638,Troy Ford 1538,Female,43,HR,HR Manager,2,2013-02-03,Canada,37673,15,13,9,71,2022,11,4.05,2,No
1639,Sara Snyder 1539,Female,37,IT,Developer,2,2016-07-03,Germany,112513,34,7,5,71,2020,8,5.05,3,No
1640,Jasmine Gonzalez 1540,Male,21,IT,Engineer,4,2022-02-23,Germany,58466,33,30,6,75,2024,2,3.18,3,No
1641,Ayaan Saxena 1541,Male,35,Sales,Sales Executive,2,2013-08-09,India,127545,2,15,3,14,2023,11,3.38,2,No
1642,Navya Chopra 1542,Other,52,Finance,Financial Analyst,3,2021-02-02,Canada,85406,3,18,1,82,2024,3,3.24,4,No
1643,Connie Bailey 1543,Female,29,Support,Support Engineer,3,2014-11-16,Canada,169760,4,17,11,47,2017,10,2.98,3,No
1644,Diya Patel 1544,Male,35,Support,Support Engineer,3,2011-07-04,India,104284,9,5,12,45,2019,13,1.85,3,No
1645,Ananya Singh 1545,Female,48,IT,Engineer,3,2019-05-01,UK,149579,28,13,2,27,2023,5,2.08,3,No
1646,Kabir Mehta 1546,Other,44,Finance,Accountant,2,2013-06-10,France,48665,31,2,8,6,2021,11,3.19,3,Yes
1647,Connie Bailey 1547,Female,55,HR,Recruitment Specialist,2,2017-08-27,USA,55641,30,15,13,70,2023,7,3.54,3,No
1648,Judith Ware 1548,Female,42,Sales,Sales Executive,3,2021-01-18,USA,70797,1,0,1,81,2024,3,4.46,3,No
1649,Taylor Morris 1549,Female,47,Finance,Accountant,3,2012-07-14,Canada,80950,11,11,10,5,2022,12,2.99,1,No
1650,Christopher Benson 1550,Male,39,Finance,Financial Analyst,3,2017-02-25,Germany,164554,26,29,7,57,2022,7,4.73,2,No
1651,Rohan Pillai 1551,Female,32,HR,Employee Relations,3,2019-06-12,Germany,137339,4,30,5,67,2023,5,2.0,3,No
1652,Ashley Marsh 1552,Male,40,IT,Developer,2,2014-12-05,India,148431,36,30,13,54,2023,10,3.41,3,No
1653,Saanvi Iyer 1553,Male,21,Sales,Account Manager,4,2018-07-26,UK,175710,26,13,6,66,2023,6,2.93,3,No
1654,Shannon Clark 1554,Female,41,Sales,Business Development,3,2018-08-13,USA,56173,22,18,8,48,2023,6,1.89,3,No
1655,Jeffery Lopez 1555,Female,21,IT,Engineer,2,2013-09-06,India,179294,32,21,4,50,2018,11,1.51,3,No
1656,Steven Barnett 1556,Female,30,HR,HR Manager,3,2013-05-07,India,53095,3,18,6,58,2016,11,2.77,3,No
1657,Ashley Marsh 1557,Female,52,Marketing,SEO Analyst,4,2010-02-15,Germany,158554,20,8,14,5,2016,14,2.84,4,No
1658,Judith Ware 1558,Male,59,Sales,Business Development,4,2012-08-28,UK,167511,23,6,11,50,2019,12,2.31,2,No
1659,Cody Bright 1559,Male,42,IT,Developer,2,2020-04-16,UK,160614,30,13,3,37,2023,4,3.96,3,No
1660,Ayaan Saxena 1560,Female,38,Sales,Business Development,3,2012-01-03,Canada,171447,23,4,7,10,2016,12,2.79,4,No
1661,Shannon Clark 1561,Male,52,Finance,Auditor,1,2016-09-20,USA,124023,9,17,2,51,2024,8,2.21,3,No
1662,Peggy Mann 1562,Female,47,Sales,Account Manager,1,2015-10-26,UK,142181,1,30,12,19,2019,9,2.96,3,No
1663,Riya Mishra 1563,Male,48,Finance,Financial Analyst,3,2022-11-16,UK,55600,30,8,8,9,2024,2,2.57,2,Yes
1664,David Williams 1564,Other,38,Sales,Account Manager,3,2015-03-04,UK,37466,24,20,13,25,2023,9,4.85,4,No
1665,Rita Walker 1565,Female,59,IT,Tester,4,2013-03-19,USA,144934,3,6,7,47,2019,11,2.88,3,No
1666,Aarav Sharma 1566,Male,49,Sales,Business Development,2,2012-02-06,Canada,88276,10,8,12,13,2022,12,2.28,3,No
1667,Pari Joshi 1567,Male,38,Marketing,Marketing Executive,1,2020-10-22,France,41928,16,3,12,58,2025,4,4.85,2,No
1668,Taylor Morris 1568,Female,28,HR,Recruitment Specialist,3,2018-10-04,Germany,90309,1,24,8,11,2020,6,3.93,1,No
1669,Navya Chopra 1569,Male,51,Sales,Sales Executive,1,2010-08-06,India,151196,5,16,2,22,2023,14,3.31,3,No
1670,Cody Bright 1570,Male,54,Sales,Sales Executive,1,2017-12-08,India,44404,8,11,3,84,2020,7,2.4,3,No
1671,Meera Das 1571,Female,27,HR,HR Manager,2,2020-06-15,USA,148187,4,5,12,71,2024,4,3.97,4,No
1672,Megan Williams 1572,Male,56,IT,Software Engineer,3,2016-09-19,USA,145449,19,17,4,38,2023,8,1.74,4,No
1673,Peggy Mann 1573,Male,38,Sales,Sales Executive,2,2011-03-18,India,62684,28,7,12,8,2022,13,3.89,3,No
1674,Myra Nair 1574,Male,58,Finance,Auditor,3,2010-10-14,USA,103591,20,20,9,24,2024,14,3.45,1,No
1675,Megan Williams 1575,Male,29,IT,Data Analyst,1,2014-06-07,France,154821,8,14,12,16,2025,10,4.19,3,No
1676,Norman Lane 1576,Female,29,HR,Employee Relations,2,2016-07-21,Germany,37682,27,2,12,41,2024,8,0.84,3,Yes
1677,Devansh Banerjee 1577,Male,28,HR,HR Executive,3,2023-06-23,Germany,146186,7,1,5,28,2025,1,2.28,2,No
1678,Steven Barnett 1578,Male,55,Sales,Account Manager,2,2016-11-18,UK,56832,30,23,6,59,2019,8,2.2,3,Yes
1679,Vihaan Verma 1579,Male,38,Finance,Financial Analyst,3,2014-10-15,India,51997,19,22,1,66,2016,10,2.08,1,No
1680,Peter Mckee 1580,Male,25,HR,Recruitment Specialist,1,2010-12-23,India,69640,26,8,4,84,2021,14,3.63,3,No
1681,Cody Bright 1581,Male,34,Sales,Business Development,3,2012-01-22,India,75491,7,7,14,56,2017,12,2.9,4,No
1682,Sara Khan 1582,Female,48,Finance,Auditor,2,2021-08-17,UK,98043,20,26,4,71,2023,3,2.33,3,No
1683,Manish Badami 1583,Female,50,IT,Tester,2,2019-01-06,India,147175,27,3,10,13,2024,5,2.1,4,No
1684,Aditya Kumar 1584,Male,24,Marketing,SEO Analyst,3,2010-05-15,Canada,163568,22,1,8,38,2022,14,2.24,4,No
1685,Saanvi Iyer 1585,Male,59,Finance,Accountant,4,2014-03-14,USA,149250,5,13,8,15,2024,10,4.07,3,No
1686,Pari Joshi 1586,Male,40,Finance,Financial Analyst,1,2016-10-10,Canada,107725,2,28,10,17,2023,8,3.13,3,No
1687,Aditi Sen 1587,Female,45,Sales,Sales Executive,3,2013-07-07,USA,163131,4,1,6,74,2019,11,4.03,3,No
1688,Sara Khan 1588,Female,48,IT,Developer,3,2018-07-14,Germany,80520,8,1,8,19,2024,6,5.86,4,No
1689,Sara Snyder 1589,Female,32,Finance,Auditor,3,2020-06-20,India,97919,6,29,9,45,2024,4,3.18,3,No
1690,Reyansh Reddy 1590,Male,22,Finance,Financial Analyst,4,2009-09-28,Canada,144869,3,26,5,44,2018,15,1.78,4,No
1691,Pari Joshi 1591,Female,34,HR,Employee Relations,2,2020-09-23,Germany,99442,38,27,1,3,2025,4,3.06,3,No
1692,Diya Patel 1592,Male,42,Sales,Sales Executive,5,2012-07-24,UK,140246,4,21,1,83,2021,12,5.08,2,No
1693,Manish Badami 1593,Other,51,Marketing,Marketing Executive,3,2020-11-05,India,144687,10,6,2,19,2024,4,4.29,5,No
1694,Taylor Morris 1594,Female,43,Marketing,SEO Specialist,2,2018-11-09,Germany,158447,14,11,2,10,2021,6,2.55,2,No
1695,Ayaan Saxena 1595,Female,40,IT,Engineer,4,2017-06-07,France,96477,33,5,5,64,2022,7,2.9,4,No
1696,Saanvi Iyer 1596,Female,58,HR,HR Executive,3,2011-12-23,Canada,35244,12,17,7,17,2025,13,3.98,3,No
1697,Peggy Mann 1597,Female,24,IT,Data Analyst,3,2019-09-23,India,114453,6,3,7,38,2024,5,3.68,3,No
1698,Erin Massey 1598,Female,35,Marketing,Content Strategist,3,2014-03-22,India,162962,39,18,15,43,2022,10,3.99,3,No
1699,Peggy Mann 1599,Male,44,IT,Software Engineer,3,2010-06-11,USA,106303,5,26,4,17,2020,14,2.96,4,No
1700,Sara Snyder 1600,Male,45,IT,Data Analyst,2,2016-12-07,Germany,63390,38,12,13,46,2022,8,3.59,4,No
1701,Taylor Morris 1601,Female,21,HR,HR Manager,3,2017-06-04,India,45247,29,19,4,30,2022,7,2.89,4,No
1702,Aditi Sen 1602,Male,27,HR,HR Executive,2,2016-06-03,India,64583,21,20,14,38,2020,8,4.59,3,No
1703,Shannon Clark 1603,Male,51,HR,Employee Relations,4,2009-01-15,Canada,174148,24,22,14,37,2016,15,1.67,1,No
1704,Arjun Rao 1604,Female,32,HR,Employee Relations,5,2020-01-21,USA,184078,27,29,11,78,2022,4,1.68,3,No
1705,Meera Das 1605,Male,25,HR,Recruitment Specialist,3,2016-11-13,India,181123,19,24,15,46,2024,8,2.49,3,No
1706,Rohan Pillai 1606,Female,58,Sales,Sales Executive,3,2011-08-03,India,170386,38,30,10,69,2024,13,2.52,4,No
1707,Avani Bhat 1607,Female,32,Marketing,Marketing Executive,1,2018-02-24,Canada,63670,2,26,3,7,2025,6,1.67,4,No
1708,Arjun Rao 1608,Male,59,Support,Support Engineer,1,2021-09-25,Canada,159920,4,1,11,64,2024,3,1.49,3,No
1709,Navya Chopra 1609,Female,38,Sales,Business Development,4,2011-02-28,France,45236,0,7,2,12,2018,13,4.27,3,No
1710,Pari Joshi 1610,Female,22,Marketing,SEO Specialist,2,2016-08-02,Germany,70568,14,18,3,54,2018,8,3.03,4,No
1711,Megan Williams 1611,Female,30,Sales,Business Development,3,2011-07-24,France,142327,25,8,8,84,2021,13,2.96,4,No
1712,Judith Ware 1612,Male,35,HR,HR Manager,4,2017-01-24,UK,145188,2,25,15,42,2023,7,3.26,3,No
1713,Avani Bhat 1613,Female,50,Sales,Sales Executive,4,2014-03-17,India,51352,39,27,1,3,2020,10,4.8,4,No
1714,Christopher Benson 1614,Male,37,IT,Data Analyst,3,2019-07-10,Canada,160721,40,3,4,70,2025,5,3.32,3,No
1715,Reyansh Reddy 1615,Male,24,Marketing,Content Strategist,3,2013-03-24,Germany,176418,41,30,7,59,2018,11,3.09,1,No
1716,Saanvi Iyer 1616,Female,27,IT,Developer,3,2020-09-18,UK,90904,33,15,5,11,2023,4,2.56,2,No
1717,Manish Badami 1617,Female,51,HR,Recruitment Specialist,5,2023-01-24,India,180107,4,18,2,58,2025,1,3.8,2,No
1718,Arjun Rao 1618,Female,59,IT,Data Analyst,3,2014-10-22,UK,157141,30,9,1,76,2018,10,3.14,2,No
1719,Peggy Mann 1619,Female,54,Marketing,Marketing Executive,3,2021-10-17,France,51108,12,5,6,53,2024,3,4.85,1,No
1720,Peter Mckee 1620,Female,26,IT,Cybersecurity Specialist,1,2022-03-09,UK,37853,0,15,13,43,2025,2,3.04,4,No
1721,Jasmine Gonzalez 1621,Female,58,IT,Developer,1,2016-09-06,USA,119156,21,9,13,15,2019,8,4.21,3,No
1722,Jasmine Gonzalez 1622,Female,54,Sales,Sales Executive,3,2010-03-08,USA,39176,14,12,5,5,2021,14,2.49,3,No
1723,Sara Snyder 1623,Female,35,Marketing,SEO Specialist,4,2016-06-17,USA,135459,25,8,3,13,2022,8,2.48,3,No
1724,Megan Williams 1624,Male,34,Finance,Financial Analyst,4,2012-06-13,India,172901,17,6,11,57,2024,12,1.37,3,No
1725,Clinton Scott 1625,Female,26,HR,HR Executive,5,2019-05-24,UK,158225,8,3,11,30,2023,5,3.99,2,No
1726,Joel Fuller 1626,Male,57,IT,Data Analyst,3,2010-02-12,India,153458,0,18,15,40,2021,14,3.16,3,No
1727,David Williams 1627,Female,52,Finance,Auditor,4,2019-07-06,India,145893,8,25,11,34,2023,5,3.84,4,No
1728,Sara Khan 1628,Male,23,HR,HR Manager,4,2009-01-28,Canada,108927,22,3,9,9,2017,15,4.9,3,No
1729,Jeffery Lopez 1629,Male,23,HR,HR Executive,3,2013-08-06,Germany,153178,1,18,3,80,2017,11,2.35,3,No
1730,Reyansh Reddy 1630,Female,42,Sales,Sales Executive,2,2020-03-21,USA,75667,13,27,2,29,2024,4,2.2,3,No
1731,Reyansh Reddy 1631,Male,42,IT,Engineer,3,2023-07-09,USA,41611,37,18,5,43,2025,1,2.41,3,Yes
1732,Sara Khan 1632,Male,30,HR,HR Manager,4,2023-04-28,USA,123242,39,11,9,54,2025,1,1.1,3,No
1733,Steven Barnett 1633,Male,23,Sales,Account Manager,2,2011-02-19,France,119612,17,29,8,70,2021,13,3.01,3,No
1734,Myra Nair 1634,Male,32,IT,Cybersecurity Specialist,4,2018-07-08,France,81902,15,12,6,17,2024,6,4.08,3,No
1735,Meera Das 1635,Female,49,HR,HR Manager,2,2009-05-19,USA,68043,28,24,3,82,2019,15,3.25,2,No
1736,Troy Ford 1636,Male,37,IT,Developer,3,2020-01-26,USA,171343,10,3,6,78,2022,4,1.63,4,No
1737,Rohan Pillai 1637,Male,27,Sales,Account Manager,3,2020-01-11,India,107867,5,24,5,38,2023,4,2.84,3,No
1738,Cody Bright 1638,Female,33,IT,Software Engineer,3,2021-02-21,France,112089,2,27,1,41,2023,3,3.33,3,No
1739,Jasmine Gonzalez 1639,Male,22,Finance,Auditor,3,2010-03-13,Germany,93745,13,30,5,53,2019,14,4.16,3,No
1740,Navya Chopra 1640,Male,24,IT,Tester,4,2015-07-02,Canada,177645,1,9,14,29,2018,9,4.0,3,No
1741,Manish Badami 1641,Female,30,IT,Cybersecurity Specialist,3,2021-02-03,Germany,120970,31,20,7,19,2025,3,2.85,3,No
1742,Reyansh Reddy 1642,Male,59,IT,Data Analyst,2,2016-12-01,India,59464,30,6,9,41,2019,8,2.85,2,Yes
1743,Troy Ford 1643,Female,44,Sales,Account Manager,3,2022-02-05,Canada,153523,10,29,12,4,2025,2,3.79,3,No
1744,Vihaan Verma 1644,Male,37,HR,Employee Relations,2,2020-03-27,UK,55662,21,4,15,49,2025,4,2.61,3,No
1745,Reyansh Reddy 1645,Female,26,IT,Software Engineer,2,2023-10-06,UK,53228,2,16,1,40,2025,1,4.06,2,No
1746,Reyansh Reddy 1646,Male,39,IT,Developer,3,2013-02-15,Germany,95721,30,17,3,38,2022,11,2.54,2,No
1747,Connie Bailey 1647,Male,25,Marketing,Marketing Executive,4,2019-08-16,France,173458,32,10,8,56,2022,5,4.75,3,No
1748,Connie Bailey 1648,Male,52,Sales,Business Development,3,2022-04-19,USA,41862,23,14,6,56,2025,2,3.44,2,No
1749,Cody Bright 1649,Other,30,Finance,Auditor,3,2013-05-08,UK,75108,0,20,13,36,2023,11,1.24,2,No
1750,Aditya Kumar 1650,Female,29,Sales,Business Development,3,2011-09-01,India,126788,14,21,5,6,2018,13,3.84,3,No
1751,Christopher Benson 1651,Female,47,Sales,Sales Executive,2,2023-04-22,France,115140,36,6,13,4,2025,1,3.45,4,No
1752,Aarav Sharma 1652,Male,33,IT,Developer,5,2023-06-13,France,103578,26,17,10,78,2025,1,3.69,4,No
1753,Cody Bright 1653,Female,39,Sales,Sales Executive,3,2022-09-01,Canada,84966,37,25,2,50,2025,2,5.45,4,No
1754,Christopher Benson 1654,Male,41,IT,Engineer,4,2019-05-26,UK,45386,26,24,3,7,2021,5,2.94,3,No
1755,Troy Ford 1655,Male,44,HR,HR Manager,2,2012-01-06,Germany,112228,11,5,12,55,2021,12,1.65,3,No
1756,Ishaan Malhotra 1656,Male,58,Support,Helpdesk,2,2009-09-20,India,181297,2,17,2,72,2024,15,4.47,3,No
1757,Ananya Singh 1657,Female,24,HR,Employee Relations,4,2009-10-26,France,182765,29,15,1,10,2020,15,1.42,3,No
1758,Devansh Banerjee 1658,Male,44,Marketing,SEO Specialist,3,2015-09-19,Germany,107197,31,1,7,21,2020,9,2.45,2,No
1759,Meera Das 1659,Male,55,HR,Employee Relations,2,2018-11-23,Germany,78021,22,18,14,76,2025,6,3.24,3,No
1760,Ayaan Saxena 1660,Male,23,IT,Tester,2,2012-05-26,India,153915,1,0,3,10,2021,12,2.3,3,No
1761,Saanvi Iyer 1661,Male,24,Sales,Business Development,4,2020-01-07,UK,184333,6,24,7,59,2024,4,3.14,3,No
1762,Troy Ford 1662,Female,57,Finance,Accountant,3,2009-08-15,India,152174,33,29,12,14,2016,15,3.06,3,No
1763,Rohan Pillai 1663,Male,55,Sales,Sales Executive,3,2021-06-01,Germany,121755,31,25,7,37,2025,3,4.74,2,No
1764,Reyansh Reddy 1664,Female,51,Finance,Financial Analyst,2,2016-09-07,Germany,178009,38,10,8,0,2024,8,0.78,4,No
1765,Ananya Singh 1665,Male,45,HR,Employee Relations,3,2021-06-20,USA,101330,31,19,1,45,2025,3,3.29,3,No
1766,Kabir Mehta 1666,Male,33,Support,Helpdesk,5,2023-03-04,India,107322,13,4,5,42,2025,1,2.28,3,No
1767,Rohan Pillai 1667,Female,24,Sales,Account Manager,2,2020-01-09,Germany,137318,2,15,10,21,2022,4,2.64,4,No
1768,Myra Nair 1668,Other,34,HR,Employee Relations,3,2013-02-16,USA,80313,31,22,9,2,2018,11,3.88,2,No
1769,Riya Mishra 1669,Male,33,Sales,Sales Executive,4,2011-02-03,UK,62032,35,0,12,13,2025,13,3.72,4,No
1770,Rohan Pillai 1670,Other,47,Sales,Account Manager,2,2019-01-10,Germany,183430,16,18,11,1,2023,5,3.54,3,No
1771,Saanvi Iyer 1671,Female,26,Sales,Account Manager,3,2019-03-04,France,96710,2,13,7,60,2023,5,1.94,3,No
1772,Troy Ford 1672,Male,37,Marketing,SEO Specialist,3,2019-09-05,India,130326,9,2,1,31,2022,5,4.39,4,No
1773,Ashley Marsh 1673,Male,56,Finance,Accountant,3,2016-11-06,Germany,121157,39,1,8,37,2019,8,2.32,3,Yes
1774,Ananya Singh 1674,Male,55,IT,Cybersecurity Specialist,3,2016-01-19,USA,63365,17,23,3,45,2023,8,4.59,1,No
1775,Christopher Benson 1675,Male,37,Finance,Financial Analyst,3,2012-07-23,France,48189,2,4,13,41,2018,12,2.55,1,No
1776,Ananya Singh 1676,Male,22,Sales,Business Development,3,2011-10-12,UK,42248,38,16,4,5,2021,13,4.23,3,Yes
1777,Sara Snyder 1677,Male,33,IT,Software Engineer,3,2020-12-01,India,39369,9,27,4,40,2022,4,3.3,4,No
1778,Connie Bailey 1678,Female,22,Marketing,Content Lead,3,2009-09-17,Canada,174122,8,17,15,24,2016,15,1.53,3,No
1779,Nicole Roberts 1679,Male,48,IT,Software Engineer,1,2015-07-12,Canada,63605,10,0,10,10,2021,9,2.84,3,No
1780,Reyansh Reddy 1680,Male,46,HR,HR Executive,3,2023-12-02,USA,84616,32,14,14,40,2025,1,4.9,4,No
1781,Kabir Mehta 1681,Male,42,Sales,Sales Executive,5,2019-09-12,UK,138719,35,21,12,70,2022,5,4.02,2,No
1782,Diya Patel 1682,Female,23,IT,Software Engineer,3,2019-12-25,UK,68055,25,8,8,56,2025,5,2.76,4,No
1783,Peter Mckee 1683,Female,55,IT,Tester,3,2019-09-04,Germany,151680,26,26,1,45,2023,5,4.5,3,No
1784,Aditi Sen 1684,Female,32,IT,Tester,3,2016-06-12,Canada,42450,37,22,8,47,2023,8,3.48,2,No
1785,Reyansh Reddy 1685,Male,44,IT,Cybersecurity Specialist,4,2015-02-03,Germany,168997,21,4,9,62,2021,9,4.84,2,No
1786,Ashley Marsh 1686,Female,25,Marketing,Marketing Executive,4,2021-06-01,UK,85272,25,27,9,38,2025,3,3.12,5,No
1787,David Williams 1687,Female,40,HR,HR Executive,2,2015-07-18,USA,40310,21,12,5,9,2024,9,2.91,3,No
1788,David Williams 1688,Male,59,Finance,Auditor,3,2011-08-21,USA,66817,4,18,4,84,2025,13,4.19,3,No
1789,Meera Das 1689,Female,59,IT,Tester,3,2013-07-08,France,117641,34,27,4,69,2018,11,3.45,3,No
1790,Devansh Banerjee 1690,Male,33,IT,Tester,3,2016-03-22,USA,50457,1,27,9,64,2018,8,3.76,3,No
1791,Kavya Menon 1691,Male,32,HR,HR Executive,2,2021-12-25,Canada,77311,34,23,15,58,2024,3,2.34,3,No
1792,Brenda Bauer 1692,Other,33,IT,Data Analyst,4,2022-04-26,France,170052,8,9,8,77,2024,2,4.37,3,No
1793,Connie Bailey 1693,Female,30,Marketing,Content Lead,1,2009-07-16,Canada,158573,17,19,10,35,2018,15,4.18,3,No
1794,Ashley Marsh 1694,Female,53,Finance,Financial Analyst,3,2020-01-28,Germany,132427,11,24,15,26,2025,4,4.55,2,No
1795,Megan Williams 1695,Female,36,Finance,Financial Analyst,3,2009-07-09,Germany,71181,2,20,10,72,2024,15,1.84,3,No
1796,Saanvi Iyer 1696,Male,55,IT,Data Analyst,2,2011-10-08,USA,167019,17,13,12,54,2019,13,2.04,2,No
1797,Vivaan Gupta 1697,Female,23,Support,Support Engineer,4,2012-04-19,France,166094,37,21,7,69,2019,12,2.45,4,No
1798,Shannon Clark 1698,Female,25,HR,Employee Relations,4,2022-07-12,Canada,36128,6,20,12,80,2025,2,2.96,1,No
1799,Steven Barnett 1699,Male,46,Support,Support Engineer,3,2020-01-24,Canada,114522,32,25,3,52,2024,4,1.87,4,No
1800,Shannon Clark 1700,Female,31,Support,Support Engineer,3,2019-12-17,UK,83929,5,11,4,59,2025,5,3.84,3,No
1801,Saanvi Iyer 1701,Male,27,HR,Recruitment Specialist,2,2022-07-06,USA,116696,17,10,15,60,2025,2,2.76,4,No
1802,Anna Dominguez 1702,Male,30,IT,Developer,3,2012-10-24,India,150245,21,22,9,35,2022,12,4.46,2,No
1803,Aditya Kumar 1703,Female,54,HR,Recruitment Specialist,2,2016-06-05,Germany,44808,38,6,14,84,2024,8,5.3,5,No
1804,Aditya Kumar 1704,Male,23,Sales,Account Manager,3,2023-09-20,India,130148,8,16,13,26,2025,1,2.61,2,No
1805,Steven Barnett 1705,Male,28,Support,Support Engineer,4,2021-07-22,UK,56725,34,17,8,40,2024,3,2.43,4,No
1806,Navya Chopra 1706,Female,51,Finance,Accountant,2,2017-10-22,Germany,107534,22,6,12,27,2025,7,3.95,3,No
1807,Aditya Kumar 1707,Female,31,Marketing,SEO Analyst,4,2014-11-12,Germany,74950,11,23,12,15,2023,10,3.3,3,No
1808,Ashley Marsh 1708,Male,27,HR,Recruitment Specialist,1,2023-05-02,Canada,118576,23,19,1,34,2025,1,3.57,3,No
1809,Saanvi Iyer 1709,Female,22,IT,Developer,4,2011-04-17,Germany,55557,39,5,3,35,2016,13,4.53,4,No
1810,Cody Bright 1710,Male,26,Support,Support Engineer,2,2013-09-25,France,56825,8,10,14,55,2019,11,2.93,2,No
1811,Clinton Scott 1711,Male,52,Sales,Account Manager,3,2009-08-20,Germany,43998,12,11,12,18,2020,15,2.13,3,No
1812,Megan Williams 1712,Female,40,Finance,Financial Analyst,2,2022-05-17,France,71080,39,25,10,56,2024,2,1.97,3,Yes
1813,Taylor Morris 1713,Other,54,Sales,Business Development,4,2021-04-04,Germany,181874,41,15,2,84,2023,3,3.02,5,No
1814,Meera Das 1714,Female,36,HR,Recruitment Specialist,3,2010-05-18,UK,177239,16,18,2,32,2018,14,2.85,3,No
1815,Ashley Marsh 1715,Female,45,Support,Support Engineer,2,2010-02-28,Canada,77407,6,22,13,22,2023,14,4.06,2,No
1816,Jeffery Lopez 1716,Male,32,Finance,Auditor,3,2022-02-16,UK,155283,16,26,13,62,2025,2,4.59,3,No
1817,Norman Lane 1717,Female,27,HR,HR Manager,3,2022-11-08,Canada,48338,23,18,8,69,2024,2,4.59,2,No
1818,Reyansh Reddy 1718,Male,59,Sales,Sales Executive,3,2012-12-18,UK,111289,1,10,6,21,2018,12,2.5,3,No
1819,Aditi Sen 1719,Male,37,IT,Data Analyst,4,2013-06-18,USA,184967,34,15,12,66,2019,11,2.4,3,No
1820,Erin Massey 1720,Female,31,Sales,Business Development,3,2018-08-16,Germany,166029,27,22,12,79,2024,6,1.39,4,No
1821,Kabir Mehta 1721,Female,26,Sales,Account Manager,2,2017-01-02,Germany,144367,18,27,12,58,2021,7,3.2,4,No
1822,Peggy Mann 1722,Female,43,IT,Developer,1,2018-05-22,USA,100898,32,26,13,24,2022,6,4.08,1,No
1823,Ashley Marsh 1723,Male,47,IT,Engineer,3,2013-09-22,USA,169526,20,11,6,16,2020,11,2.49,3,No
1824,Jasmine Gonzalez 1724,Female,26,IT,Engineer,3,2018-08-28,France,152486,9,26,4,38,2025,6,1.72,3,No
1825,Myra Nair 1725,Female,58,Sales,Business Development,3,2009-07-01,UK,121540,8,7,1,76,2020,15,5.09,3,No
1826,Troy Ford 1726,Male,22,Marketing,Marketing Executive,2,2015-02-04,Germany,171421,37,2,11,74,2018,9,2.49,1,No
1827,Aarav Sharma 1727,Female,42,Sales,Sales Executive,3,2016-12-17,France,160416,5,1,7,73,2025,8,3.09,3,No
1828,Manish Badami 1728,Female,40,Sales,Business Development,5,2010-08-04,India,74963,41,27,8,38,2020,14,2.73,5,Yes
1829,Judith Ware 1729,Other,45,Marketing,Content Strategist,2,2016-07-23,Germany,173822,34,5,2,23,2020,8,1.87,3,No
1830,Nicole Roberts 1730,Female,35,IT,Software Engineer,3,2018-08-25,USA,129929,17,15,2,37,2020,6,4.1,3,No
1831,Aditya Kumar 1731,Female,49,Finance,Accountant,4,2019-09-14,France,109935,18,19,1,80,2024,5,1.45,3,No
1832,Brenda Bauer 1732,Female,28,HR,Employee Relations,3,2015-07-09,India,48686,4,23,4,56,2023,9,4.32,4,No
1833,Avani Bhat 1733,Male,57,Finance,Financial Analyst,2,2012-05-26,France,98528,24,28,6,43,2020,12,3.47,1,No
1834,Peggy Mann 1734,Female,53,Sales,Business Development,3,2022-04-03,France,134811,10,14,14,35,2024,2,2.93,3,No
1835,Steven Barnett 1735,Female,42,HR,HR Executive,4,2017-06-10,UK,57787,9,13,5,69,2022,7,2.95,4,No
1836,Rita Walker 1736,Female,25,HR,HR Manager,1,2018-11-25,India,180848,16,1,4,79,2020,6,3.65,2,No
1837,David Williams 1737,Other,59,IT,Data Analyst,3,2017-04-18,France,150613,35,19,14,44,2021,7,2.56,3,No
1838,Aditya Kumar 1738,Female,38,HR,HR Executive,2,2012-11-19,Germany,139887,25,17,4,25,2020,12,3.38,2,No
1839,Sara Snyder 1739,Female,58,HR,HR Executive,3,2020-03-18,UK,96086,30,13,10,10,2023,4,2.31,4,No
1840,Devansh Banerjee 1740,Male,57,Marketing,SEO Analyst,3,2015-09-04,Germany,137231,31,17,15,51,2020,9,1.05,3,No
1841,Kabir Mehta 1741,Female,50,Marketing,Content Lead,3,2017-03-16,India,98308,20,1,7,24,2025,7,3.82,5,No
1842,Peggy Mann 1742,Male,51,Sales,Business Development,1,2022-10-06,France,50797,17,0,7,30,2025,2,5.64,4,No
1843,Aarav Sharma 1743,Male,30,Sales,Sales Executive,3,2011-08-27,France,40302,17,19,2,84,2020,13,3.77,3,No
1844,Jeffery Lopez 1744,Female,35,Sales,Sales Executive,3,2020-08-16,India,73059,0,1,13,44,2024,4,3.15,3,No
1845,Connie Bailey 1745,Male,38,Sales,Account Manager,3,2019-10-22,Germany,166980,13,8,7,66,2024,5,2.8,4,No
1846,Steven Barnett 1746,Female,43,HR,HR Manager,3,2022-05-27,Canada,178949,7,8,2,75,2024,2,2.83,2,No
1847,Cody Bright 1747,Female,53,Support,Helpdesk,3,2014-07-19,France,49239,1,15,4,39,2022,10,2.8,3,No
1848,Pari Joshi 1748,Male,36,Finance,Financial Analyst,4,2016-12-26,France,62313,14,10,15,45,2025,8,3.4,1,No
1849,Devansh Banerjee 1749,Female,58,IT,Data Analyst,3,2023-02-13,UK,77103,33,26,1,53,2025,1,0.81,3,No
1850,Peggy Mann 1750,Female,55,Finance,Financial Analyst,3,2009-08-27,Germany,123771,35,22,5,40,2025,15,0.64,4,No
1851,Saanvi Iyer 1751,Female,54,Sales,Business Development,4,2021-12-14,France,161228,0,5,1,80,2025,3,3.65,4,No
1852,Sara Khan 1752,Male,48,Marketing,SEO Analyst,2,2009-09-12,Germany,126665,20,11,4,37,2019,15,3.0,3,No
1853,Norman Lane 1753,Male,22,Marketing,Marketing Executive,1,2010-06-20,UK,45534,41,2,13,35,2025,14,2.21,3,Yes
1854,Myra Nair 1754,Female,50,Finance,Financial Analyst,3,2023-06-28,Germany,78060,0,29,9,82,2025,1,2.19,4,No
1855,Riya Mishra 1755,Female,33,IT,Developer,3,2009-07-12,Germany,52189,31,11,13,43,2020,15,2.64,4,No
1856,Joel Fuller 1756,Other,36,Sales,Sales Executive,4,2019-08-19,UK,163431,19,29,12,56,2024,5,2.78,3,No
1857,Arjun Rao 1757,Male,25,IT,Engineer,5,2016-12-22,France,121067,35,30,8,65,2020,8,4.62,2,No
1858,Connie Bailey 1758,Male,48,HR,HR Executive,3,2017-10-22,Germany,45967,38,22,6,80,2020,7,2.13,3,Yes
1859,Meera Das 1759,Male,59,Sales,Sales Executive,3,2015-10-07,Canada,100563,29,0,15,29,2023,9,3.96,3,No
1860,Arjun Rao 1760,Female,40,IT,Developer,3,2022-04-06,France,43660,6,8,8,9,2025,2,3.79,3,No
1861,Saanvi Iyer 1761,Male,44,Marketing,Marketing Executive,2,2012-02-24,UK,153671,21,19,5,60,2018,12,2.99,5,No
1862,Riya Mishra 1762,Male,47,IT,Engineer,4,2016-03-15,USA,164909,9,21,7,62,2023,8,3.96,4,No
1863,Reyansh Reddy 1763,Female,50,Finance,Accountant,4,2016-09-08,India,175688,7,5,8,35,2022,8,3.64,3,No
1864,Reyansh Reddy 1764,Male,47,Finance,Accountant,3,2010-12-22,Canada,110976,26,10,7,53,2019,14,1.94,2,No
1865,Rohan Pillai 1765,Male,46,Finance,Auditor,1,2018-10-02,France,48107,9,2,14,64,2022,6,2.61,3,No
1866,Avani Bhat 1766,Other,27,Finance,Auditor,2,2021-08-27,India,129182,13,3,4,81,2025,3,3.59,2,No
1867,Vivaan Gupta 1767,Female,58,Marketing,Marketing Executive,2,2022-06-11,UK,126787,10,28,5,3,2024,2,2.6,3,No
1868,Nicole Roberts 1768,Male,25,IT,Cybersecurity Specialist,4,2010-01-22,Canada,50954,5,26,13,54,2021,14,3.81,4,No
1869,Pari Joshi 1769,Female,43,Sales,Account Manager,1,2016-05-22,France,51943,20,9,14,53,2025,8,4.36,3,No
1870,Peter Mckee 1770,Female,48,IT,Software Engineer,4,2018-01-20,India,75725,32,18,10,63,2020,6,3.17,3,Yes
1871,Riya Mishra 1771,Female,54,Sales,Sales Executive,3,2020-07-15,USA,80434,18,28,6,21,2024,4,2.59,2,No
1872,Riya Mishra 1772,Male,35,Sales,Account Manager,3,2019-05-22,France,120751,38,5,14,24,2025,5,2.48,3,No
1873,Diya Patel 1773,Female,52,Sales,Account Manager,3,2019-02-24,USA,45110,23,0,14,80,2022,5,2.84,4,No
1874,Anna Dominguez 1774,Male,46,Sales,Business Development,3,2011-10-20,USA,51462,17,7,12,58,2018,13,2.77,4,No
1875,Sara Khan 1775,Male,51,IT,Cybersecurity Specialist,3,2015-06-03,Germany,114232,34,7,11,56,2019,9,4.06,2,No
1876,Manish Badami 1776,Male,39,IT,Engineer,4,2011-09-13,UK,101567,36,24,6,53,2024,13,2.61,4,No
1877,Jeffery Lopez 1777,Female,29,Sales,Account Manager,3,2011-08-15,Germany,162425,18,5,13,43,2018,13,3.02,3,No
1878,Devansh Banerjee 1778,Female,49,Finance,Financial Analyst,3,2015-06-09,USA,91063,23,16,9,51,2023,9,3.98,3,No
1879,Anna Dominguez 1779,Male,59,IT,Cybersecurity Specialist,3,2016-10-09,UK,148394,33,18,10,75,2020,8,2.87,2,No
1880,Norman Lane 1780,Male,24,IT,Developer,2,2016-02-09,UK,90240,21,30,14,15,2024,8,2.76,3,No
1881,Megan Williams 1781,Female,23,Marketing,Marketing Executive,3,2012-08-18,UK,116352,3,0,14,15,2019,12,4.07,1,No
1882,Anna Dominguez 1782,Male,49,Finance,Financial Analyst,5,2022-09-05,Canada,183940,9,14,2,80,2024,2,4.36,3,No
1883,Aditya Kumar 1783,Female,31,IT,Software Engineer,1,2010-12-09,France,115989,1,12,6,54,2020,14,3.24,3,No
1884,Joel Fuller 1784,Male,53,IT,Engineer,2,2021-03-20,USA,57222,7,30,13,60,2025,3,4.86,3,No
1885,Judith Ware 1785,Female,58,Support,Support Engineer,2,2010-01-11,UK,114794,32,20,3,78,2022,14,3.37,4,No
1886,Myra Nair 1786,Female,31,Support,Support Engineer,3,2016-05-07,India,98924,37,2,14,76,2024,8,4.08,1,No
1887,Myra Nair 1787,Male,47,Finance,Auditor,2,2011-07-06,Canada,134854,27,29,2,39,2017,13,5.16,4,No
1888,Ishaan Malhotra 1788,Male,53,HR,HR Manager,3,2019-06-15,Canada,113513,9,1,6,20,2022,5,2.57,3,No
1889,Vivaan Gupta 1789,Male,41,IT,Developer,1,2017-08-11,India,89649,0,2,4,65,2020,7,2.68,3,No
1890,Vivaan Gupta 1790,Female,59,Finance,Financial Analyst,1,2010-10-09,USA,137986,33,8,5,7,2021,14,4.0,3,No
1891,Aditi Sen 1791,Female,51,IT,Tester,3,2016-04-14,Germany,118749,2,26,5,70,2020,8,3.04,2,No
1892,Clinton Scott 1792,Male,58,HR,Recruitment Specialist,2,2018-04-24,Canada,176295,8,15,3,9,2022,6,2.26,3,No
1893,Brenda Bauer 1793,Female,22,HR,HR Executive,5,2009-05-10,USA,74369,4,23,12,56,2024,15,2.85,3,No
1894,Norman Lane 1794,Female,47,IT,Data Analyst,1,2019-09-06,Canada,121379,41,12,4,3,2022,5,1.79,4,No
1895,Ananya Singh 1795,Female,56,Marketing,SEO Specialist,3,2016-09-12,USA,104392,9,18,3,42,2019,8,3.22,5,No
1896,Norman Lane 1796,Female,31,Sales,Sales Executive,2,2023-12-04,UK,47661,11,26,7,62,2025,1,3.36,1,No
1897,Sara Snyder 1797,Female,38,Sales,Sales Executive,3,2023-01-04,Germany,181663,17,17,15,42,2025,1,4.28,3,No
1898,Ashley Marsh 1798,Male,21,Finance,Financial Analyst,5,2023-09-13,India,106718,20,20,1,66,2025,1,4.38,3,No
1899,Vihaan Verma 1799,Female,55,IT,Software Engineer,4,2021-07-15,Canada,42970,20,11,15,81,2025,3,2.88,3,No
1900,Ananya Singh 1800,Male,55,IT,Developer,1,2014-06-14,India,82922,0,27,6,50,2022,10,5.31,4,No
1901,Ananya Singh 1801,Female,51,HR,Employee Relations,3,2011-02-04,Canada,65755,2,28,4,55,2022,13,2.13,1,No
1902,Peter Mckee 1802,Male,48,Sales,Account Manager,3,2012-01-03,Canada,155926,4,11,1,42,2019,12,1.8,3,No
1903,Christopher Benson 1803,Female,59,Marketing,SEO Analyst,2,2018-02-04,France,54416,24,0,1,23,2021,6,1.96,3,No
1904,Nicole Roberts 1804,Female,21,Finance,Auditor,2,2018-04-11,France,48672,7,19,5,33,2024,6,2.03,3,No
1905,Meera Das 1805,Female,45,IT,Developer,4,2019-09-07,India,163145,16,7,14,58,2021,5,3.96,3,No
1906,Ayaan Saxena 1806,Female,58,Finance,Accountant,5,2011-03-07,UK,109095,8,16,5,1,2016,13,4.88,2,No
1907,Connie Bailey 1807,Male,40,Sales,Account Manager,5,2011-08-12,Canada,35064,31,20,10,1,2024,13,4.92,3,No
1908,Riya Mishra 1808,Female,23,IT,Data Analyst,4,2010-07-24,Germany,103835,5,27,7,9,2021,14,1.32,3,No
1909,Arjun Rao 1809,Male,22,Sales,Sales Executive,3,2017-09-17,France,171711,39,19,13,22,2022,7,4.06,3,No
1910,Ayaan Saxena 1810,Male,38,Finance,Financial Analyst,2,2019-10-22,USA,177127,20,21,12,14,2023,5,4.73,2,No
1911,Judith Ware 1811,Female,30,IT,Software Engineer,2,2010-04-17,USA,122594,6,6,4,75,2020,14,4.2,5,No
1912,Jeffery Lopez 1812,Female,25,IT,Developer,1,2022-02-26,USA,151916,6,8,14,16,2025,2,2.57,4,No
1913,Jasmine Gonzalez 1813,Male,29,Sales,Account Manager,3,2020-04-17,UK,155308,38,16,9,81,2025,4,3.37,4,No
1914,Devansh Banerjee 1814,Female,22,Sales,Business Development,4,2023-06-17,Canada,117516,26,26,4,13,2025,1,2.25,5,No
1915,Sara Khan 1815,Male,54,Finance,Auditor,4,2017-09-26,Canada,99666,7,9,7,80,2022,7,3.95,2,No
1916,Rita Walker 1816,Male,58,Finance,Auditor,4,2020-03-12,India,153294,8,3,5,78,2024,4,1.74,2,No
1917,Joel Fuller 1817,Male,51,Finance,Financial Analyst,4,2011-11-17,France,45866,27,21,15,75,2017,13,3.89,1,Yes
1918,Peter Mckee 1818,Male,30,Sales,Business Development,5,2020-06-22,USA,38889,14,25,5,15,2023,4,2.49,4,No
1919,Christopher Benson 1819,Male,32,IT,Tester,2,2011-07-07,UK,153194,1,6,6,31,2018,13,3.56,4,No
1920,Myra Nair 1820,Male,56,IT,Software Engineer,4,2020-10-11,India,159714,6,6,8,22,2022,4,2.95,3,No
1921,Cody Bright 1821,Female,41,IT,Cybersecurity Specialist,3,2021-04-16,Germany,66335,17,7,15,33,2023,3,2.84,4,No
1922,Vihaan Verma 1822,Female,26,IT,Engineer,2,2016-05-19,Canada,85547,21,29,5,15,2023,8,4.15,3,No
1923,David Williams 1823,Male,23,IT,Cybersecurity Specialist,5,2020-06-14,Canada,133756,9,25,15,33,2023,4,4.73,2,No
1924,Arjun Rao 1824,Male,30,Support,Support Engineer,4,2016-07-09,UK,45995,32,23,3,70,2025,8,2.34,2,No
1925,Myra Nair 1825,Male,25,HR,Employee Relations,2,2015-09-28,India,37631,6,23,6,32,2017,9,3.39,2,No
1926,Erin Massey 1826,Male,46,Sales,Business Development,1,2023-05-04,India,172039,2,7,14,67,2025,1,2.11,3,No
1927,Aditya Kumar 1827,Female,41,Marketing,Content Lead,3,2009-07-03,France,123294,13,15,12,42,2017,15,2.74,3,No
1928,Jeffery Lopez 1828,Male,46,HR,Employee Relations,3,2020-04-15,UK,122278,35,11,14,63,2024,4,2.47,4,No
1929,Ayaan Saxena 1829,Female,58,IT,Tester,4,2018-09-21,India,99471,12,14,2,70,2021,6,1.94,2,No
1930,Christopher Benson 1830,Male,46,HR,HR Manager,2,2016-10-14,France,72116,15,7,12,17,2018,8,4.26,3,No
1931,Troy Ford 1831,Male,28,Sales,Account Manager,1,2010-07-18,India,127116,15,21,12,67,2023,14,3.3,3,No
1932,Brenda Bauer 1832,Female,25,HR,Recruitment Specialist,2,2018-09-05,Canada,168014,4,8,8,60,2021,6,2.65,5,No
1933,Troy Ford 1833,Other,35,Marketing,Content Strategist,1,2012-05-20,France,82664,24,2,8,74,2019,12,3.14,4,No
1934,Clinton Scott 1834,Other,36,HR,Employee Relations,1,2018-08-27,India,122342,37,21,15,19,2025,6,4.4,5,No
1935,Ishaan Malhotra 1835,Male,21,HR,Employee Relations,4,2014-04-18,France,49407,37,20,3,10,2025,10,4.23,3,No
1936,Norman Lane 1836,Male,36,Sales,Account Manager,3,2020-05-19,France,148926,37,30,12,78,2025,4,3.76,2,No
1937,Kavya Menon 1837,Female,57,IT,Cybersecurity Specialist,3,2015-04-03,India,94201,38,15,8,45,2017,9,2.53,3,Yes
1938,Navya Chopra 1838,Male,23,IT,Software Engineer,1,2017-07-06,France,115093,40,14,9,63,2019,7,3.32,2,Yes
1939,Pari Joshi 1839,Female,51,Marketing,Marketing Executive,2,2010-02-27,USA,52878,25,23,5,80,2025,14,2.11,3,No
1940,Saanvi Iyer 1840,Female,33,Finance,Auditor,4,2013-08-21,USA,118100,12,3,5,75,2021,11,3.11,3,No
1941,Pari Joshi 1841,Male,36,HR,Employee Relations,3,2018-06-08,India,113629,25,19,6,27,2022,6,4.18,3,No
1942,Riya Mishra 1842,Male,41,Finance,Auditor,4,2023-11-11,USA,78168,0,28,7,47,2025,1,4.36,4,No
1943,Ayaan Saxena 1843,Female,22,Sales,Sales Executive,3,2022-12-16,USA,89862,7,30,3,34,2024,2,2.56,3,No
1944,Jasmine Gonzalez 1844,Female,47,HR,HR Manager,2,2012-07-27,UK,63004,3,15,5,7,2019,12,4.03,5,No
1945,Cody Bright 1845,Male,58,Sales,Account Manager,3,2018-03-02,Germany,55471,20,9,1,21,2024,6,3.83,3,No
1946,Kavya Menon 1846,Male,46,IT,Data Analyst,2,2013-03-08,India,126820,21,10,11,23,2021,11,2.96,3,No
1947,Riya Mishra 1847,Female,58,Support,Support Engineer,4,2009-04-08,France,137229,36,25,10,65,2017,15,3.95,3,No
1948,Reyansh Reddy 1848,Female,45,HR,Recruitment Specialist,2,2023-04-23,UK,100308,2,28,5,63,2025,1,4.43,4,No
1949,Shannon Clark 1849,Male,31,Sales,Business Development,3,2009-06-26,India,118969,18,4,4,64,2023,15,4.05,3,No
1950,Megan Williams 1850,Female,28,IT,Tester,2,2009-01-27,USA,49568,0,10,1,13,2025,15,2.15,3,No
1951,Aditya Kumar 1851,Female,28,HR,Employee Relations,3,2013-08-22,France,44466,28,28,7,24,2022,11,2.92,3,No
1952,Shannon Clark 1852,Male,53,IT,Developer,4,2019-02-05,Germany,92324,22,12,15,2,2025,5,3.6,1,No
1953,Christopher Benson 1853,Male,27,Marketing,SEO Specialist,3,2023-12-02,India,137208,32,14,1,4,2025,1,2.4,2,No
1954,Rita Walker 1854,Male,58,Support,Support Engineer,3,2011-10-07,France,181539,40,5,13,64,2024,13,4.76,3,No
1955,Saanvi Iyer 1855,Male,41,IT,Developer,5,2021-11-26,Canada,110955,22,15,8,53,2024,3,3.51,5,No
1956,Troy Ford 1856,Male,28,Sales,Account Manager,3,2012-06-07,Canada,182748,4,14,14,18,2021,12,2.75,4,No
1957,Jeffery Lopez 1857,Male,41,IT,Data Analyst,2,2012-06-26,India,129791,6,10,10,53,2017,12,2.68,3,No
1958,Erin Massey 1858,Male,40,IT,Cybersecurity Specialist,2,2012-01-15,UK,143718,5,19,12,75,2025,12,2.5,3,No
1959,Vihaan Verma 1859,Male,28,Sales,Sales Executive,3,2017-03-10,Germany,57650,21,1,2,9,2022,7,3.91,3,No
1960,David Williams 1860,Female,51,Sales,Sales Executive,3,2019-02-17,UK,123290,12,27,10,15,2022,5,4.02,1,No
1961,Christopher Benson 1861,Male,49,IT,Engineer,2,2009-01-04,France,112701,11,27,13,45,2023,15,2.54,3,No
1962,Arjun Rao 1862,Male,29,HR,HR Executive,2,2012-11-17,Germany,45683,3,29,12,28,2021,12,4.67,3,No
1963,Devansh Banerjee 1863,Female,35,IT,Developer,5,2009-02-01,India,115978,7,1,5,14,2021,15,2.81,3,No
1964,Jasmine Gonzalez 1864,Male,50,IT,Developer,2,2014-12-28,UK,39860,36,11,13,47,2016,10,2.4,3,Yes
1965,Jasmine Gonzalez 1865,Female,46,HR,HR Executive,3,2023-06-11,France,169801,30,15,6,10,2025,1,3.68,4,No
1966,Jasmine Gonzalez 1866,Female,30,HR,Recruitment Specialist,1,2023-04-24,USA,66351,36,18,9,33,2025,1,2.0,3,No
1967,Jeffery Lopez 1867,Male,49,Sales,Business Development,4,2009-11-05,France,97744,25,1,15,35,2024,15,1.83,3,No
1968,Navya Chopra 1868,Female,36,Support,Helpdesk,1,2016-10-05,UK,155198,7,16,14,29,2021,8,2.25,3,No
1969,Sara Snyder 1869,Female,56,IT,Data Analyst,3,2013-11-27,India,109155,39,13,7,72,2017,11,2.41,4,No
1970,Vihaan Verma 1870,Male,40,HR,Employee Relations,1,2010-08-27,India,156449,32,23,6,81,2021,14,3.95,3,No
1971,Joel Fuller 1871,Male,57,Sales,Account Manager,3,2011-10-22,Germany,111700,28,27,5,18,2016,13,1.9,3,No
1972,Arjun Rao 1872,Male,42,IT,Developer,4,2015-06-03,Germany,41955,4,15,6,67,2024,9,3.57,3,No
1973,Kavya Menon 1873,Other,27,Finance,Auditor,3,2017-06-26,USA,56662,27,4,15,69,2019,7,4.04,3,No
1974,Ananya Singh 1874,Male,43,IT,Developer,3,2011-07-18,UK,41408,39,9,14,32,2020,13,4.64,3,Yes
1975,Shannon Clark 1875,Male,49,IT,Tester,3,2021-03-06,India,36225,16,16,11,79,2023,3,2.71,2,No
1976,Sara Khan 1876,Male,36,IT,Data Analyst,2,2012-10-16,India,178268,22,12,4,74,2018,12,2.79,3,No
1977,Ishaan Malhotra 1877,Male,58,Sales,Account Manager,4,2018-09-13,USA,181444,8,15,1,21,2024,6,5.24,3,No
1978,Aditya Kumar 1878,Female,48,Marketing,SEO Specialist,2,2021-09-24,Canada,52279,1,8,15,35,2025,3,4.55,3,No
1979,Diya Patel 1879,Female,58,Sales,Sales Executive,3,2014-08-09,India,145401,31,23,12,22,2024,10,2.93,3,No
1980,Anna Dominguez 1880,Male,51,Sales,Business Development,2,2020-11-16,France,127404,30,3,9,62,2023,4,4.35,3,No
1981,Connie Bailey 1881,Female,34,Sales,Business Development,2,2012-11-09,Canada,83481,6,23,11,25,2019,12,3.45,4,No
1982,Manish Badami 1882,Female,53,Marketing,Content Strategist,2,2020-10-11,Canada,79552,29,28,5,59,2022,4,3.22,4,No
1983,Christopher Benson 1883,Female,29,Finance,Auditor,3,2021-09-21,USA,172930,2,27,8,4,2023,3,5.68,4,No
1984,Steven Barnett 1884,Other,47,IT,Cybersecurity Specialist,3,2014-06-15,USA,109474,8,28,7,53,2016,10,4.27,3,No
1985,Devansh Banerjee 1885,Female,44,IT,Software Engineer,3,2018-05-13,France,60168,9,25,8,37,2020,6,5.09,3,No
1986,Peter Mckee 1886,Male,33,IT,Software Engineer,2,2019-01-04,USA,67099,25,15,1,61,2021,5,2.14,3,No
1987,Connie Bailey 1887,Female,46,IT,Engineer,1,2013-11-01,USA,96455,0,22,9,24,2017,11,5.0,1,No
1988,Taylor Morris 1888,Male,49,Support,Support Engineer,4,2015-12-01,USA,89240,29,26,1,11,2018,9,3.04,4,No
1989,Megan Williams 1889,Male,48,Finance,Auditor,4,2015-03-23,India,109796,37,30,3,21,2024,9,3.03,4,No
1990,Diya Patel 1890,Female,48,Sales,Account Manager,1,2021-01-23,USA,89592,14,10,8,8,2024,3,3.59,3,No
1991,Taylor Morris 1891,Other,28,Support,Helpdesk,3,2011-10-26,USA,157181,24,6,12,83,2019,13,3.71,2,No
1992,Sara Snyder 1892,Male,43,IT,Engineer,3,2015-01-09,Canada,136611,5,16,11,28,2023,9,4.26,5,No
1993,Joel Fuller 1893,Female,49,IT,Engineer,4,2011-05-06,Canada,93046,17,21,1,43,2025,13,4.08,4,No
1994,Avani Bhat 1894,Female,25,Marketing,Marketing Executive,4,2012-12-09,France,51488,0,12,14,26,2017,12,2.55,3,No
1995,Kavya Menon 1895,Female,27,Marketing,Content Lead,4,2021-11-03,Germany,153521,2,3,1,54,2024,3,2.2,2,No
1996,Aarav Sharma 1896,Male,56,Marketing,Content Lead,4,2020-03-21,France,166467,16,13,6,80,2023,4,3.01,3,No
1997,Shannon Clark 1897,Female,47,IT,Software Engineer,2,2023-07-03,India,176917,7,9,5,4,2025,1,3.19,2,No
1998,Peggy Mann 1898,Female,22,IT,Engineer,4,2019-04-14,India,53394,39,9,11,51,2023,5,3.29,3,No
1999,Erin Massey 1899,Male,45,HR,HR Manager,3,2012-02-25,India,128993,16,9,6,12,2025,12,4.57,3,No
2000,Ananya Singh 1900,Female,29,IT,Software Engineer,1,2015-10-09,UK,94332,24,26,3,41,2020,9,3.38,4,No
2001,Connie Bailey 1901,Female,47,Sales,Sales Executive,3,2009-11-02,France,77628,40,11,10,14,2022,15,5.84,3,No
2002,Kabir Mehta 1902,Male,21,Sales,Sales Executive,4,2022-05-01,France,56352,11,1,12,78,2024,2,4.65,3,No
2003,David Williams 1903,Female,43,Finance,Financial Analyst,4,2020-08-22,USA,117971,28,25,10,17,2025,4,2.9,2,No
2004,Joel Fuller 1904,Male,30,Finance,Financial Analyst,2,2014-10-26,USA,86993,24,22,6,49,2022,10,1.42,3,No
2005,Jeffery Lopez 1905,Other,45,Sales,Sales Executive,3,2022-02-18,USA,138027,35,8,2,1,2024,2,5.59,4,No
2006,Anna Dominguez 1906,Female,23,Sales,Sales Executive,4,2010-10-21,Germany,155212,24,28,8,12,2019,14,2.92,3,No
2007,Ananya Singh 1907,Male,26,Sales,Account Manager,2,2016-07-25,India,43539,28,4,15,67,2019,8,4.13,3,No
2008,Christopher Benson 1908,Male,26,Sales,Sales Executive,3,2015-09-12,USA,167335,10,7,12,46,2025,9,2.53,3,No
2009,Manish Badami 1909,Male,22,IT,Tester,3,2021-11-22,UK,179377,3,20,6,74,2024,3,4.8,3,No
2010,Joel Fuller 1910,Female,38,HR,Recruitment Specialist,3,2011-02-22,Canada,88817,13,13,13,49,2017,13,4.05,2,No
2011,Pari Joshi 1911,Female,43,HR,HR Executive,2,2009-01-27,UK,84107,37,6,13,11,2020,15,2.11,3,Yes
2012,Megan Williams 1912,Male,22,Support,Support Engineer,3,2015-11-02,Germany,164240,16,6,4,12,2024,9,1.25,2,No
2013,Nicole Roberts 1913,Female,32,Marketing,Content Strategist,4,2018-12-19,USA,134655,1,8,4,8,2023,6,3.39,4,No
2014,Cody Bright 1914,Male,42,IT,Cybersecurity Specialist,3,2018-05-26,France,91132,7,2,14,58,2023,6,3.7,2,No
2015,Cody Bright 1915,Male,57,Finance,Financial Analyst,4,2017-01-16,Canada,160701,35,13,11,44,2021,7,3.96,2,No
2016,Manish Badami 1916,Female,40,HR,HR Manager,3,2012-12-26,India,140494,9,16,7,69,2023,12,2.42,3,No
2017,Diya Patel 1917,Male,59,IT,Engineer,2,2019-05-05,Germany,87979,6,17,14,42,2021,5,2.56,4,No
2018,Pari Joshi 1918,Male,44,IT,Engineer,3,2018-04-19,UK,93013,35,11,3,73,2023,6,1.31,5,No
2019,Steven Barnett 1919,Female,40,Finance,Accountant,2,2013-07-11,USA,98797,15,21,11,22,2023,11,2.65,4,No
2020,Peggy Mann 1920,Male,21,Marketing,Content Strategist,4,2023-07-01,Germany,86798,13,13,3,78,2025,1,1.57,3,No
2021,Troy Ford 1921,Female,21,IT,Software Engineer,2,2021-07-03,Germany,182722,15,25,6,44,2023,3,2.49,3,No
2022,Peggy Mann 1922,Male,37,Marketing,SEO Specialist,3,2012-03-06,France,111421,24,25,9,22,2021,12,3.53,4,No
2023,Aditya Kumar 1923,Male,21,Marketing,SEO Specialist,3,2015-06-27,India,42434,40,27,1,33,2021,9,3.51,4,Yes
2024,Jasmine Gonzalez 1924,Male,50,Sales,Business Development,4,2012-04-05,France,65028,3,12,5,15,2017,12,2.53,3,No
2025,Manish Badami 1925,Female,23,IT,Cybersecurity Specialist,2,2019-03-19,France,101558,28,13,1,62,2025,5,3.47,3,No
2026,Vihaan Verma 1926,Female,31,Marketing,Content Strategist,1,2019-09-21,India,59331,5,8,1,50,2025,5,4.68,3,No
2027,Ayaan Saxena 1927,Male,44,Finance,Auditor,2,2016-01-09,UK,102573,0,18,3,31,2023,8,2.92,4,No
2028,Diya Patel 1928,Male,42,IT,Developer,4,2013-10-22,France,164473,38,25,3,37,2017,11,1.92,3,No
2029,Sara Snyder 1929,Male,46,HR,HR Manager,2,2013-09-14,India,117979,0,1,4,55,2021,11,3.99,3,No
2030,Cody Bright 1930,Other,33,Finance,Auditor,2,2011-11-23,Germany,39123,39,10,3,68,2022,13,4.29,5,No
2031,Kavya Menon 1931,Male,21,Finance,Auditor,2,2022-11-26,Germany,51603,2,16,6,16,2024,2,2.5,3,No
2032,Meera Das 1932,Female,44,Finance,Auditor,3,2011-10-23,India,100941,0,1,12,38,2017,13,2.51,3,No
2033,Sara Khan 1933,Male,30,Sales,Account Manager,1,2017-05-23,Germany,77597,0,18,15,40,2020,7,1.22,3,No
2034,Ishaan Malhotra 1934,Male,55,IT,Cybersecurity Specialist,2,2015-10-04,Canada,119238,38,6,4,47,2017,9,2.74,2,Yes
2035,Arjun Rao 1935,Female,44,IT,Data Analyst,2,2017-11-27,Canada,76751,20,17,8,81,2021,7,2.28,3,No
2036,Meera Das 1936,Male,48,Sales,Sales Executive,3,2012-06-02,India,161462,29,12,1,27,2022,12,1.68,3,No
2037,Ananya Singh 1937,Other,56,Finance,Auditor,3,2019-10-03,India,121978,31,4,8,76,2021,5,2.84,3,No
2038,Taylor Morris 1938,Female,36,Sales,Sales Executive,3,2011-02-26,UK,52693,32,17,11,49,2018,13,3.2,3,Yes
2039,Kabir Mehta 1939,Female,36,IT,Tester,4,2018-02-07,India,129524,21,22,1,0,2021,6,3.01,1,No
2040,Joel Fuller 1940,Male,37,Sales,Sales Executive,5,2020-05-13,France,132869,29,25,11,49,2024,4,2.88,5,No
2041,Ashley Marsh 1941,Female,35,Sales,Account Manager,3,2010-06-03,Germany,98825,3,23,1,18,2021,14,4.72,4,No
2042,Jeffery Lopez 1942,Male,36,Marketing,SEO Analyst,4,2012-10-21,France,175594,22,23,7,58,2016,12,3.51,3,No
2043,Aditi Sen 1943,Male,35,Marketing,Marketing Executive,3,2017-05-11,India,165475,24,28,1,67,2023,7,3.85,4,No
2044,Christopher Benson 1944,Female,54,Finance,Financial Analyst,4,2023-04-10,Germany,80406,11,15,9,66,2025,1,5.01,3,No
2045,Kabir Mehta 1945,Male,31,Sales,Sales Executive,3,2020-04-28,Canada,178193,16,14,14,40,2023,4,4.19,4,No
2046,Clinton Scott 1946,Female,21,Sales,Business Development,3,2021-08-06,Germany,158371,14,7,15,9,2023,3,2.93,3,No
2047,Manish Badami 1947,Female,35,IT,Software Engineer,3,2011-11-02,UK,180291,9,25,8,27,2020,13,1.35,4,No
2048,Jasmine Gonzalez 1948,Female,46,IT,Developer,4,2020-02-18,USA,36617,34,14,13,33,2024,4,2.83,2,Yes
2049,Aarav Sharma 1949,Male,24,Finance,Accountant,2,2023-06-12,Germany,78016,28,24,15,38,2025,1,4.66,3,No
2050,Erin Massey 1950,Female,25,Finance,Auditor,2,2012-01-19,India,59276,11,0,1,82,2020,12,4.18,4,No
2051,Clinton Scott 1951,Female,55,Marketing,Marketing Executive,3,2011-01-04,UK,107240,0,27,2,55,2020,13,2.83,1,No
2052,Peggy Mann 1952,Other,33,IT,Developer,2,2022-01-16,Canada,141292,0,16,2,51,2024,2,3.12,2,No
2053,Myra Nair 1953,Other,30,IT,Developer,3,2012-09-11,Canada,52959,9,29,2,2,2021,12,3.33,3,No
2054,Myra Nair 1954,Female,31,Marketing,SEO Specialist,2,2013-12-11,USA,63522,17,14,6,22,2025,11,2.58,3,No
2055,Rita Walker 1955,Female,38,IT,Cybersecurity Specialist,2,2011-06-08,India,176025,1,13,4,16,2018,13,2.64,2,No
2056,Saanvi Iyer 1956,Male,54,IT,Engineer,4,2015-02-14,France,61567,7,13,8,70,2017,9,2.55,3,No
2057,Kabir Mehta 1957,Male,59,Finance,Financial Analyst,3,2009-06-20,France,97708,21,9,1,25,2025,15,3.69,3,No
2058,Ishaan Malhotra 1958,Other,43,Sales,Account Manager,3,2017-07-08,Germany,161206,21,1,15,17,2021,7,2.14,2,No
2059,Jeffery Lopez 1959,Female,27,Finance,Financial Analyst,2,2011-06-13,Canada,57560,25,26,10,45,2020,13,4.64,4,No
2060,Ashley Marsh 1960,Female,59,Finance,Financial Analyst,2,2018-01-08,UK,93390,25,30,14,69,2022,6,3.19,3,No
2061,Shannon Clark 1961,Male,23,IT,Tester,4,2022-11-17,USA,160772,8,5,4,30,2024,2,2.09,3,No
2062,Myra Nair 1962,Male,32,IT,Tester,4,2023-09-02,France,80104,20,29,10,8,2025,1,4.23,3,No
2063,Connie Bailey 1963,Male,27,IT,Cybersecurity Specialist,3,2022-11-10,Germany,92805,30,16,11,34,2025,2,4.7,3,No
2064,Norman Lane 1964,Male,46,IT,Tester,5,2017-06-24,Germany,59496,5,4,5,80,2024,7,6.34,4,No
2065,Taylor Morris 1965,Male,53,IT,Cybersecurity Specialist,4,2022-05-14,Canada,126257,13,30,9,59,2025,2,4.57,2,No
2066,Ishaan Malhotra 1966,Female,57,Sales,Sales Executive,5,2021-02-05,UK,38515,32,4,5,75,2024,3,2.32,4,No
2067,Kavya Menon 1967,Male,35,Finance,Auditor,3,2016-01-24,UK,39454,6,14,13,62,2020,8,3.41,4,No
2068,Saanvi Iyer 1968,Female,22,Finance,Auditor,2,2017-08-18,France,57873,23,14,11,51,2022,7,5.73,4,No
2069,Judith Ware 1969,Male,27,Sales,Sales Executive,3,2012-06-27,Germany,108920,8,19,3,47,2019,12,2.42,2,No
2070,David Williams 1970,Other,52,IT,Tester,3,2013-08-26,Canada,48727,10,10,11,60,2020,11,1.93,2,No
2071,Clinton Scott 1971,Male,24,Sales,Account Manager,2,2013-08-12,UK,163376,22,4,4,23,2023,11,2.81,3,No
2072,Kabir Mehta 1972,Female,40,Marketing,SEO Analyst,4,2010-07-03,Germany,104070,1,27,10,73,2017,14,2.19,2,No
2073,Ishaan Malhotra 1973,Female,56,IT,Data Analyst,1,2013-12-14,UK,134059,14,0,7,57,2022,11,2.59,2,No
2074,Clinton Scott 1974,Female,52,HR,HR Executive,3,2015-11-04,USA,159564,34,10,1,63,2021,9,2.54,2,No
2075,Devansh Banerjee 1975,Female,48,IT,Data Analyst,2,2012-01-09,UK,152213,35,10,11,29,2023,12,3.92,3,No
2076,Clinton Scott 1976,Male,33,IT,Tester,3,2020-10-10,UK,60465,27,5,6,28,2022,4,1.9,1,No
2077,Riya Mishra 1977,Male,21,IT,Tester,2,2017-02-10,Germany,94799,38,22,8,9,2023,7,3.33,2,Yes
2078,Kavya Menon 1978,Male,55,Sales,Business Development,4,2023-07-08,UK,131129,3,7,1,38,2025,1,2.44,4,No
2079,Cody Bright 1979,Female,50,HR,Recruitment Specialist,3,2013-04-27,UK,174374,9,30,8,54,2019,11,3.75,2,No
2080,Sara Khan 1980,Female,56,Finance,Accountant,4,2013-11-10,USA,142288,5,1,7,27,2019,11,3.86,3,No
2081,Vihaan Verma 1981,Female,45,IT,Developer,5,2022-01-05,UK,47875,29,30,1,17,2024,2,4.09,3,No
2082,Myra Nair 1982,Female,36,IT,Developer,3,2017-10-10,UK,62219,34,14,9,40,2019,7,4.09,5,No
2083,Myra Nair 1983,Male,39,Sales,Account Manager,5,2009-06-07,Germany,71182,9,22,11,80,2023,15,2.58,4,No
2084,Clinton Scott 1984,Male,21,IT,Cybersecurity Specialist,1,2022-01-20,Canada,114781,31,21,3,74,2025,2,3.2,3,No
2085,Peggy Mann 1985,Other,25,Marketing,SEO Analyst,2,2018-12-05,USA,41457,41,8,2,64,2024,6,4.67,4,No
2086,Joel Fuller 1986,Male,42,Sales,Business Development,2,2011-05-23,UK,172821,41,14,7,80,2025,13,3.64,3,No
2087,Diya Patel 1987,Male,44,Sales,Sales Executive,2,2014-04-26,Canada,68064,2,7,11,45,2021,10,4.09,3,No
2088,Troy Ford 1988,Female,57,IT,Cybersecurity Specialist,4,2012-07-24,Germany,175893,25,29,3,59,2022,12,1.98,3,No
2089,Clinton Scott 1989,Female,56,IT,Developer,1,2015-02-01,USA,150256,14,15,1,8,2024,9,4.15,3,No
2090,Avani Bhat 1990,Male,56,IT,Cybersecurity Specialist,3,2013-10-10,India,133297,16,26,10,44,2025,11,1.31,3,No
2091,Rita Walker 1991,Male,24,IT,Software Engineer,3,2019-01-13,Germany,173736,26,13,13,59,2023,5,1.67,3,No
2092,Clinton Scott 1992,Male,56,HR,HR Executive,3,2014-01-09,Canada,104918,17,14,3,27,2020,10,2.3,3,No
2093,Avani Bhat 1993,Female,38,IT,Cybersecurity Specialist,3,2017-04-09,USA,125179,18,19,6,2,2021,7,3.63,2,No
2094,Kabir Mehta 1994,Other,36,Finance,Auditor,4,2011-07-23,UK,109944,11,29,3,50,2024,13,3.8,3,No
2095,Myra Nair 1995,Female,38,Finance,Accountant,2,2023-02-18,Canada,124142,23,12,5,7,2025,1,2.39,3,No
2096,Cody Bright 1996,Female,42,HR,Recruitment Specialist,2,2016-12-21,Germany,62603,4,8,9,69,2024,8,1.28,2,No
2097,Kabir Mehta 1997,Male,22,HR,HR Manager,3,2015-10-17,USA,81458,23,0,7,58,2019,9,4.15,3,No
2098,Avani Bhat 1998,Female,41,Sales,Account Manager,3,2009-07-11,Canada,105605,26,26,2,60,2019,15,3.79,3,No
2099,Shannon Clark 1999,Male,56,IT,Software Engineer,3,2011-07-11,India,54623,29,5,1,57,2023,13,3.63,4,No
2100,Kavya Menon 2000,Female,59,Finance,Accountant,4,2019-08-23,Canada,79440,14,7,7,69,2025,5,5.13,2,No
2101,Rohan Pillai 2001,Male,59,IT,Software Engineer,3,2018-08-15,Germany,117427,37,26,4,11,2025,6,3.35,3,No
2102,Sara Snyder 2002,Female,49,IT,Tester,3,2011-03-19,Germany,173776,33,26,11,8,2021,13,2.21,2,No
2103,Jasmine Gonzalez 2003,Female,46,Finance,Financial Analyst,1,2013-08-25,UK,128826,26,19,7,48,2024,11,4.53,3,No
2104,Rohan Pillai 2004,Male,41,Sales,Account Manager,3,2016-10-16,UK,62460,19,17,6,82,2019,8,2.79,2,No
2105,Peggy Mann 2005,Female,37,Finance,Auditor,3,2020-04-08,Canada,145373,40,26,7,16,2022,4,3.09,3,No
2106,Shannon Clark 2006,Female,36,IT,Engineer,2,2022-01-02,Germany,172637,31,17,4,53,2024,2,2.66,4,No
2107,Peter Mckee 2007,Male,51,Marketing,Marketing Executive,2,2009-10-10,Canada,39870,3,25,3,43,2016,15,2.37,3,No
2108,Ananya Singh 2008,Other,29,IT,Engineer,4,2014-10-09,France,53909,4,16,12,31,2016,10,2.78,3,No
2109,Navya Chopra 2009,Female,51,Sales,Account Manager,3,2016-02-02,India,44117,7,20,5,34,2022,8,4.72,3,No
2110,Sara Snyder 2010,Female,34,HR,HR Executive,2,2022-08-05,Germany,102474,21,15,3,77,2025,2,2.13,3,No
2111,Christopher Benson 2011,Male,57,Marketing,SEO Analyst,3,2019-05-11,France,128926,41,12,14,48,2024,5,4.27,3,No
2112,Connie Bailey 2012,Male,22,Sales,Account Manager,2,2009-06-08,France,162463,6,21,3,53,2019,15,1.35,3,No
2113,Norman Lane 2013,Other,34,IT,Software Engineer,4,2011-08-25,Germany,136536,21,3,4,15,2021,13,4.8,3,No
2114,Peggy Mann 2014,Female,53,Finance,Financial Analyst,2,2018-10-11,UK,55128,29,3,8,84,2021,6,4.91,4,No
2115,Arjun Rao 2015,Male,55,Sales,Sales Executive,3,2019-03-25,Canada,104001,36,20,2,11,2023,5,2.18,4,No
2116,Manish Badami 2016,Female,59,Support,Support Engineer,3,2018-11-03,USA,35440,15,13,4,7,2024,6,3.28,4,No
2117,Kabir Mehta 2017,Female,40,IT,Cybersecurity Specialist,4,2018-01-28,USA,158491,14,30,11,20,2024,6,3.84,3,No
2118,Riya Mishra 2018,Female,22,Support,Support Engineer,2,2021-11-21,India,177735,4,4,3,47,2025,3,2.6,2,No
2119,Vihaan Verma 2019,Female,39,Support,Helpdesk,3,2013-07-03,Germany,116662,2,15,7,7,2021,11,5.08,4,No
2120,Taylor Morris 2020,Male,57,Sales,Business Development,3,2013-09-01,UK,35005,22,13,2,27,2022,11,3.22,3,No
2121,Ashley Marsh 2021,Female,38,Sales,Account Manager,3,2021-06-12,UK,42038,9,29,1,79,2023,3,2.68,3,No
2122,Rohan Pillai 2022,Male,36,Finance,Financial Analyst,3,2015-12-06,UK,41414,4,13,10,9,2019,9,3.28,4,No
2123,Anna Dominguez 2023,Male,24,Finance,Financial Analyst,3,2021-08-03,USA,104506,22,13,1,51,2023,3,2.46,4,No
2124,Meera Das 2024,Female,32,IT,Engineer,4,2021-12-21,France,111586,14,24,6,14,2025,3,3.22,3,No
2125,Reyansh Reddy 2025,Male,49,HR,Recruitment Specialist,1,2013-11-26,India,168678,17,23,3,3,2017,11,2.75,4,No
2126,Rohan Pillai 2026,Other,27,Marketing,Content Strategist,1,2010-11-05,USA,51482,24,24,7,78,2020,14,2.42,3,No
2127,Joel Fuller 2027,Male,34,Finance,Accountant,4,2022-08-07,UK,68948,7,28,8,61,2025,2,4.0,3,No
2128,Megan Williams 2028,Female,32,IT,Data Analyst,2,2017-03-07,USA,124987,30,13,5,3,2025,7,1.51,3,No
2129,Jeffery Lopez 2029,Female,55,Sales,Business Development,5,2014-10-08,USA,55875,20,18,5,40,2018,10,4.96,1,No
2130,Aditi Sen 2030,Female,25,Sales,Sales Executive,3,2014-05-27,India,48057,1,29,12,72,2024,10,3.43,3,No
2131,Vihaan Verma 2031,Male,37,HR,HR Manager,3,2020-05-14,Canada,67400,21,2,2,54,2022,4,5.05,4,No
2132,Christopher Benson 2032,Female,52,IT,Tester,2,2023-11-01,Germany,103607,7,16,8,27,2025,1,4.16,2,No
2133,Aarav Sharma 2033,Male,30,Finance,Auditor,2,2018-08-06,France,122561,22,13,10,46,2023,6,1.86,3,No
2134,Ishaan Malhotra 2034,Female,37,Finance,Financial Analyst,3,2019-06-21,Canada,62503,31,9,13,8,2024,5,3.27,3,No
2135,Manish Badami 2035,Male,25,HR,Employee Relations,4,2010-05-03,Germany,136096,7,12,1,1,2021,14,1.4,3,No
2136,Aarav Sharma 2036,Female,29,Finance,Financial Analyst,5,2013-12-15,UK,81612,3,21,10,66,2017,11,2.3,3,No
2137,Saanvi Iyer 2037,Female,53,Sales,Sales Executive,2,2022-03-16,India,133318,29,3,9,47,2025,2,3.06,5,No
2138,Aditya Kumar 2038,Female,56,IT,Tester,2,2018-02-09,India,119335,18,10,1,68,2023,6,2.49,3,No
2139,Rita Walker 2039,Male,56,Finance,Accountant,1,2023-08-11,Canada,135989,22,14,1,73,2025,1,2.72,3,No
2140,Shannon Clark 2040,Male,38,IT,Engineer,4,2021-03-05,Germany,128012,17,14,1,27,2024,3,2.53,4,No
2141,Reyansh Reddy 2041,Male,29,IT,Developer,2,2020-10-05,India,116748,28,29,7,78,2024,4,5.43,3,No
2142,Anna Dominguez 2042,Female,49,Marketing,Marketing Executive,1,2011-08-06,Canada,175500,22,23,4,13,2017,13,3.32,2,No
2143,Troy Ford 2043,Male,34,IT,Tester,2,2021-07-21,India,100195,32,1,12,45,2024,3,3.82,3,No
2144,Brenda Bauer 2044,Male,45,Sales,Account Manager,2,2009-12-17,USA,124846,17,10,7,12,2024,15,3.15,5,No
2145,Megan Williams 2045,Female,35,IT,Engineer,5,2011-08-04,USA,137404,32,1,5,15,2023,13,3.54,3,No
2146,Navya Chopra 2046,Female,26,IT,Engineer,3,2018-05-17,Canada,74142,6,22,12,39,2020,6,1.14,3,No
2147,Vivaan Gupta 2047,Female,49,Sales,Sales Executive,2,2013-03-18,Canada,106540,27,28,14,71,2025,11,4.87,5,No
2148,Erin Massey 2048,Female,35,Sales,Account Manager,2,2020-12-02,France,111948,0,30,7,80,2024,4,2.48,4,No
2149,Ashley Marsh 2049,Female,49,Marketing,SEO Analyst,2,2010-01-22,UK,93951,38,4,10,29,2024,14,4.35,3,No
2150,Ashley Marsh 2050,Male,24,IT,Software Engineer,1,2023-08-03,USA,46755,33,12,14,80,2025,1,4.38,5,No
2151,Navya Chopra 2051,Male,38,HR,HR Executive,2,2019-01-26,India,152985,38,0,7,64,2023,5,1.4,2,No
2152,Nicole Roberts 2052,Female,59,IT,Developer,3,2019-02-19,Canada,119553,18,6,4,57,2024,5,3.26,4,No
2153,Rohan Pillai 2053,Female,36,IT,Tester,2,2015-06-03,Germany,169962,30,6,2,47,2019,9,3.61,3,No
2154,Sara Khan 2054,Female,31,Finance,Auditor,2,2016-09-28,India,129376,12,9,8,48,2023,8,3.31,3,No
2155,Myra Nair 2055,Other,34,HR,Recruitment Specialist,3,2009-01-23,UK,52175,23,5,2,1,2022,15,3.2,3,No
2156,Sara Khan 2056,Female,23,HR,Recruitment Specialist,4,2016-10-24,Germany,100687,4,19,9,13,2024,8,2.76,1,No
2157,Christopher Benson 2057,Female,58,HR,HR Manager,3,2019-09-08,India,119983,22,11,5,16,2021,5,2.49,3,No
2158,Connie Bailey 2058,Female,38,IT,Data Analyst,3,2016-05-01,UK,81629,18,12,9,30,2020,8,4.26,2,No
2159,Vivaan Gupta 2059,Male,40,IT,Tester,3,2010-01-15,Germany,151779,0,23,15,9,2017,14,3.6,2,No
2160,Aarav Sharma 2060,Female,45,Sales,Business Development,3,2014-08-23,USA,103513,32,27,9,69,2017,10,3.39,3,No
2161,Sara Khan 2061,Male,58,IT,Cybersecurity Specialist,1,2017-05-26,Canada,117762,32,10,14,36,2019,7,1.6,4,No
2162,Arjun Rao 2062,Female,33,Finance,Financial Analyst,4,2023-03-09,India,167731,31,17,8,63,2025,1,2.94,3,No
2163,Ayaan Saxena 2063,Female,24,Support,Support Engineer,2,2012-04-14,Canada,92941,27,1,8,29,2018,12,3.14,3,No
2164,Sara Snyder 2064,Female,34,Sales,Sales Executive,3,2017-06-27,France,78473,36,15,4,33,2021,7,4.04,3,No
2165,Sara Khan 2065,Male,53,Finance,Accountant,4,2013-04-25,India,51040,40,1,14,17,2021,11,1.46,3,Yes
2166,Connie Bailey 2066,Female,48,IT,Software Engineer,3,2016-04-24,Canada,104806,11,18,4,62,2021,8,2.1,4,No
2167,Arjun Rao 2067,Male,57,IT,Tester,4,2021-11-12,India,179358,8,5,14,48,2023,3,5.0,4,No
2168,Brenda Bauer 2068,Female,28,Sales,Sales Executive,3,2015-12-03,USA,147076,10,0,2,55,2020,9,2.4,3,No
2169,Aarav Sharma 2069,Female,54,Marketing,Marketing Executive,4,2016-08-27,UK,90916,32,10,4,57,2025,8,1.35,5,No
2170,Connie Bailey 2070,Male,25,HR,HR Executive,4,2022-03-27,UK,183672,18,17,4,26,2025,2,2.5,3,No
2171,Troy Ford 2071,Female,25,HR,HR Executive,5,2018-05-17,Canada,168363,41,9,6,54,2023,6,2.41,3,No
2172,Vivaan Gupta 2072,Female,51,IT,Tester,4,2020-06-15,Germany,179195,33,30,3,84,2024,4,3.85,3,No
2173,Troy Ford 2073,Female,29,Marketing,Marketing Executive,4,2021-11-18,Canada,38811,6,17,2,18,2023,3,3.84,3,No
2174,Taylor Morris 2074,Female,52,IT,Cybersecurity Specialist,3,2013-12-03,India,66276,30,29,15,22,2017,11,2.23,3,No
2175,Reyansh Reddy 2075,Female,53,Finance,Auditor,3,2018-11-17,UK,116049,1,27,8,46,2022,6,2.82,3,No
2176,Nicole Roberts 2076,Female,23,Finance,Accountant,2,2014-11-06,India,178266,18,0,2,78,2019,10,3.74,3,No
2177,Shannon Clark 2077,Female,50,HR,Employee Relations,3,2011-05-10,France,108062,37,18,8,65,2018,13,3.77,5,No
2178,Ishaan Malhotra 2078,Male,32,Support,Helpdesk,5,2009-02-15,UK,89499,31,15,7,50,2016,15,2.17,4,No
2179,Kabir Mehta 2079,Male,49,Support,Helpdesk,3,2015-11-24,Germany,81281,9,25,3,83,2024,9,2.28,3,No
2180,Megan Williams 2080,Female,23,Marketing,Content Strategist,4,2022-09-14,Germany,79852,40,6,6,27,2025,2,5.32,1,No
2181,Vihaan Verma 2081,Male,46,Finance,Auditor,4,2014-03-28,France,39595,7,14,6,56,2023,10,2.94,3,No
2182,Aditya Kumar 2082,Female,50,Sales,Business Development,2,2014-06-22,India,130930,25,28,10,57,2018,10,4.69,3,No
2183,Ayaan Saxena 2083,Male,29,Sales,Business Development,2,2014-10-22,India,181474,29,0,14,14,2020,10,3.43,4,No
2184,Rita Walker 2084,Male,46,IT,Cybersecurity Specialist,2,2019-08-12,India,127676,10,22,5,15,2023,5,4.3,4,No
2185,Aditya Kumar 2085,Male,22,Sales,Business Development,2,2018-05-26,Germany,54405,40,20,13,46,2023,6,3.83,4,Yes
2186,Kabir Mehta 2086,Male,23,IT,Engineer,3,2020-10-13,Canada,93122,19,8,8,62,2025,4,3.37,3,No
2187,Troy Ford 2087,Female,24,IT,Tester,5,2017-08-12,Canada,163909,19,1,15,11,2023,7,3.36,4,No
2188,Pari Joshi 2088,Female,45,IT,Cybersecurity Specialist,4,2022-03-23,UK,38447,8,16,11,42,2025,2,1.96,1,No
2189,Norman Lane 2089,Male,33,Sales,Account Manager,3,2017-01-20,USA,45662,7,24,12,83,2023,7,3.03,3,No
2190,Vivaan Gupta 2090,Female,59,Sales,Account Manager,1,2022-05-23,Canada,93282,14,23,5,28,2025,2,2.68,2,No
2191,Norman Lane 2091,Female,55,Finance,Financial Analyst,2,2023-06-13,Canada,170971,33,9,7,48,2025,1,2.87,4,No
2192,Peggy Mann 2092,Female,43,Finance,Financial Analyst,3,2013-06-13,India,63582,23,5,6,2,2025,11,2.83,4,No
2193,Cody Bright 2093,Female,29,Sales,Business Development,2,2019-02-11,India,102471,32,30,11,68,2021,5,3.36,3,No
2194,Christopher Benson 2094,Male,22,HR,HR Manager,2,2022-02-02,France,158513,40,4,15,59,2024,2,3.84,3,No
2195,Shannon Clark 2095,Female,51,IT,Engineer,3,2016-10-13,Canada,142578,40,7,7,65,2022,8,3.06,5,No
2196,Peter Mckee 2096,Female,22,HR,HR Manager,2,2012-12-08,UK,110871,39,7,13,25,2024,12,4.15,3,No
2197,Kavya Menon 2097,Other,52,HR,Recruitment Specialist,4,2012-07-16,India,118205,26,29,9,70,2022,12,2.78,3,No
2198,Troy Ford 2098,Female,38,IT,Developer,2,2012-01-09,France,109081,20,4,3,73,2022,12,3.29,3,No
2199,Connie Bailey 2099,Female,33,Sales,Sales Executive,1,2016-11-27,Canada,140783,4,11,10,68,2022,8,5.72,3,No
2200,Diya Patel 2100,Male,25,Sales,Business Development,1,2023-08-25,UK,118805,34,6,7,46,2025,1,2.0,5,No
2201,Ashley Marsh 2101,Female,30,Marketing,Content Strategist,2,2020-04-05,France,159698,20,12,13,75,2022,4,2.78,3,No
2202,Pari Joshi 2102,Male,45,Marketing,Content Lead,3,2010-11-05,USA,173138,3,12,10,41,2025,14,1.39,2,No
2203,Taylor Morris 2103,Female,54,IT,Engineer,3,2015-11-25,India,45712,15,16,3,30,2017,9,3.43,2,No
2204,Aditya Kumar 2104,Female,57,IT,Cybersecurity Specialist,3,2019-08-13,UK,116527,30,3,13,21,2024,5,3.22,1,No
2205,Meera Das 2105,Female,50,Support,Support Engineer,3,2012-10-22,Canada,164453,25,17,2,16,2019,12,3.33,3,No
2206,Joel Fuller 2106,Male,27,Marketing,SEO Analyst,3,2013-11-26,France,161888,34,9,12,83,2024,11,2.29,4,No
2207,Diya Patel 2107,Other,26,Finance,Accountant,3,2014-11-15,USA,122185,5,2,7,19,2023,10,2.44,3,No
2208,Vivaan Gupta 2108,Male,23,IT,Engineer,1,2011-10-17,UK,134851,32,11,4,7,2018,13,3.25,5,No
2209,Rita Walker 2109,Male,33,Finance,Financial Analyst,3,2018-07-25,USA,47210,20,0,1,48,2022,6,1.8,4,No
2210,Kabir Mehta 2110,Female,23,HR,HR Executive,4,2021-12-04,UK,71972,15,26,6,37,2025,3,4.08,3,No
2211,Navya Chopra 2111,Male,46,Sales,Business Development,4,2019-04-21,Canada,69136,38,10,11,52,2021,5,1.81,3,Yes
2212,Sara Khan 2112,Male,44,Sales,Sales Executive,3,2010-08-27,UK,151445,33,17,6,27,2021,14,3.05,3,No
2213,Kabir Mehta 2113,Female,26,Sales,Business Development,2,2012-05-20,Canada,50945,41,12,6,76,2019,12,2.76,2,Yes
2214,Peter Mckee 2114,Male,32,HR,HR Manager,2,2011-08-11,UK,114180,14,16,2,28,2025,13,2.7,3,No
2215,Rohan Pillai 2115,Male,56,Sales,Account Manager,5,2011-05-24,France,105453,5,7,1,71,2023,13,1.59,3,No
2216,Anna Dominguez 2116,Male,22,Sales,Business Development,2,2011-01-03,UK,120404,1,19,3,10,2024,13,3.16,3,No
2217,Devansh Banerjee 2117,Female,31,HR,Recruitment Specialist,2,2023-07-12,UK,179296,23,18,12,46,2025,1,1.99,3,No
2218,Aarav Sharma 2118,Other,59,Sales,Account Manager,2,2016-01-11,Germany,38052,27,16,14,44,2023,8,3.34,3,No
2219,Vihaan Verma 2119,Female,54,IT,Software Engineer,2,2013-05-06,Germany,62272,0,1,2,17,2016,11,2.44,3,No
2220,Vihaan Verma 2120,Male,46,Finance,Auditor,2,2009-12-17,UK,76150,0,2,6,49,2020,15,3.15,3,No
2221,Nicole Roberts 2121,Female,38,Sales,Account Manager,3,2018-07-25,Germany,183388,27,2,13,48,2023,6,1.39,2,No
2222,Jeffery Lopez 2122,Male,41,Finance,Financial Analyst,3,2012-09-03,Canada,173312,35,5,12,21,2020,12,4.11,3,No
2223,Anna Dominguez 2123,Female,56,Sales,Business Development,4,2022-04-01,Germany,132095,19,9,6,44,2024,2,4.3,3,No
2224,Judith Ware 2124,Male,42,Finance,Auditor,1,2020-04-14,UK,103774,7,23,13,60,2025,4,2.65,4,No
2225,Navya Chopra 2125,Female,50,HR,HR Executive,2,2020-05-07,India,78175,0,21,5,20,2024,4,6.0,2,No
2226,Devansh Banerjee 2126,Male,50,IT,Developer,3,2015-05-24,USA,166637,25,17,10,70,2020,9,3.96,3,No
2227,Jeffery Lopez 2127,Other,28,IT,Cybersecurity Specialist,3,2015-07-01,India,51375,24,17,10,60,2024,9,2.94,3,No
2228,Connie Bailey 2128,Male,54,HR,HR Manager,3,2019-12-02,India,60710,9,13,5,75,2023,5,2.71,2,No
2229,Peggy Mann 2129,Female,29,IT,Data Analyst,4,2012-07-03,India,181246,11,15,9,35,2022,12,2.42,3,No
2230,Ashley Marsh 2130,Female,40,Sales,Business Development,1,2021-02-11,India,142026,40,6,14,23,2024,3,2.61,3,No
2231,Christopher Benson 2131,Female,45,HR,Employee Relations,4,2023-12-14,USA,62597,6,0,5,31,2025,1,3.09,3,No
2232,Ananya Singh 2132,Male,39,HR,Employee Relations,3,2018-09-28,UK,109289,11,16,13,58,2023,6,3.16,2,No
2233,Anna Dominguez 2133,Male,25,Sales,Account Manager,2,2016-10-13,UK,120687,39,22,10,74,2023,8,1.8,3,No
2234,Avani Bhat 2134,Male,31,Sales,Business Development,4,2023-08-24,USA,153968,16,24,6,81,2025,1,4.55,3,No
2235,Ananya Singh 2135,Female,35,Marketing,Content Strategist,3,2013-03-27,France,75274,4,4,11,4,2023,11,3.99,3,No
2236,Rita Walker 2136,Female,28,Sales,Sales Executive,2,2023-10-09,Germany,83634,13,26,4,15,2025,1,5.05,4,No
2237,Vihaan Verma 2137,Male,39,Support,Support Engineer,1,2009-08-28,France,65041,33,0,10,10,2022,15,3.57,2,No
2238,Norman Lane 2138,Female,43,Sales,Sales Executive,2,2013-02-23,Canada,173320,16,20,14,34,2017,11,4.25,3,No
2239,Sara Snyder 2139,Female,47,Finance,Financial Analyst,3,2017-08-28,India,120365,34,26,14,74,2022,7,1.95,3,No
2240,Erin Massey 2140,Female,52,Sales,Business Development,2,2017-07-09,India,168275,0,16,15,41,2021,7,3.8,3,No
2241,Ananya Singh 2141,Female,46,Sales,Account Manager,2,2022-07-28,USA,86986,35,9,1,80,2024,2,1.41,3,No
2242,Saanvi Iyer 2142,Female,47,HR,Recruitment Specialist,1,2021-07-01,USA,60370,14,30,4,9,2023,3,2.23,3,No
2243,Ayaan Saxena 2143,Other,39,Support,Support Engineer,3,2022-02-21,France,70247,18,11,2,81,2025,2,5.71,1,No
2244,Riya Mishra 2144,Female,49,Marketing,Marketing Executive,4,2018-11-17,Canada,159403,41,24,10,7,2022,6,2.85,2,No
2245,Jasmine Gonzalez 2145,Male,59,Sales,Business Development,4,2011-12-10,France,154544,4,19,3,25,2024,13,3.18,3,No
2246,Riya Mishra 2146,Male,53,IT,Data Analyst,2,2011-07-21,Canada,166506,18,24,7,2,2019,13,3.9,3,No
2247,Judith Ware 2147,Male,39,Finance,Auditor,4,2016-05-08,UK,97982,38,1,7,58,2023,8,3.16,2,No
2248,Connie Bailey 2148,Female,57,Marketing,Content Strategist,3,2016-09-26,India,100180,4,22,1,2,2023,8,2.18,3,No
2249,Saanvi Iyer 2149,Female,39,HR,HR Executive,4,2009-01-26,UK,143534,11,15,8,37,2025,15,2.2,2,No
2250,Peter Mckee 2150,Female,53,Sales,Account Manager,3,2023-04-27,USA,59644,18,14,7,1,2025,1,4.0,2,No
2251,Peter Mckee 2151,Male,36,Sales,Account Manager,3,2013-02-25,UK,73493,11,27,1,16,2017,11,3.5,3,No
2252,Manish Badami 2152,Male,43,IT,Developer,4,2015-09-01,France,118824,35,12,8,72,2021,9,4.04,2,No
2253,Ananya Singh 2153,Male,27,Sales,Business Development,1,2013-03-10,Canada,170031,11,17,14,35,2016,11,3.79,4,No
2254,Peter Mckee 2154,Female,46,Sales,Business Development,3,2016-08-02,USA,82289,17,27,14,72,2025,8,3.26,2,No
2255,Ananya Singh 2155,Male,52,Support,Helpdesk,4,2015-02-02,UK,177215,33,19,2,1,2025,9,3.21,3,No
2256,Kabir Mehta 2156,Male,32,Support,Support Engineer,4,2011-05-09,USA,70481,32,21,8,84,2025,13,3.3,3,No
2257,Kabir Mehta 2157,Female,28,Sales,Business Development,5,2010-07-23,USA,112097,17,13,3,33,2017,14,2.84,3,No
2258,Clinton Scott 2158,Female,25,Finance,Auditor,3,2011-02-02,Canada,57578,28,17,10,26,2018,13,2.85,2,No
2259,Ashley Marsh 2159,Male,48,HR,HR Manager,2,2015-05-28,France,178859,4,1,7,36,2020,9,3.7,4,No
2260,Sara Snyder 2160,Female,25,Sales,Account Manager,1,2013-07-23,India,107048,24,1,13,70,2016,11,4.64,4,No
2261,Ananya Singh 2161,Male,46,IT,Software Engineer,3,2012-09-03,France,176668,23,2,6,21,2020,12,1.52,2,No
2262,Riya Mishra 2162,Female,25,IT,Cybersecurity Specialist,3,2018-01-09,Germany,130737,28,4,5,67,2020,6,5.59,3,No
2263,Devansh Banerjee 2163,Female,42,Sales,Sales Executive,2,2021-01-08,France,53687,37,24,15,13,2025,3,3.89,3,No
2264,Avani Bhat 2164,Male,35,Sales,Business Development,2,2023-05-08,UK,157540,32,15,11,22,2025,1,3.64,4,No
2265,Devansh Banerjee 2165,Female,33,Finance,Auditor,3,2013-07-09,Germany,65183,9,21,10,43,2016,11,2.19,3,No
2266,Jasmine Gonzalez 2166,Male,48,Marketing,SEO Analyst,4,2016-02-25,Germany,55758,36,30,14,64,2023,8,2.49,3,Yes
2267,Ananya Singh 2167,Male,53,Finance,Financial Analyst,5,2014-10-05,Germany,167154,32,14,11,78,2023,10,3.81,3,No
2268,Peter Mckee 2168,Male,43,HR,Employee Relations,4,2021-05-01,Germany,131368,22,11,2,77,2024,3,3.45,3,No
2269,Rita Walker 2169,Other,53,Sales,Account Manager,4,2011-06-10,France,80891,10,29,2,60,2019,13,1.91,3,No
2270,Aditi Sen 2170,Female,38,Finance,Auditor,3,2017-10-26,Germany,81901,23,8,13,84,2021,7,2.34,3,No
2271,Judith Ware 2171,Female,50,IT,Data Analyst,5,2011-10-19,UK,138912,23,25,12,54,2018,13,2.46,1,No
2272,Clinton Scott 2172,Male,46,IT,Tester,3,2014-10-19,UK,106062,6,30,15,70,2021,10,2.37,1,No
2273,Devansh Banerjee 2173,Female,36,Marketing,SEO Specialist,4,2018-03-13,USA,107008,20,13,1,84,2022,6,3.47,3,No
2274,Avani Bhat 2174,Female,33,IT,Developer,4,2021-04-25,UK,168847,19,28,14,49,2024,3,2.18,3,No
2275,Sara Snyder 2175,Female,59,Finance,Auditor,4,2018-08-12,India,181900,9,20,9,11,2023,6,3.98,3,No
2276,Clinton Scott 2176,Female,53,IT,Developer,3,2012-06-24,USA,52974,24,15,11,78,2024,12,1.71,4,No
2277,Anna Dominguez 2177,Male,46,IT,Cybersecurity Specialist,1,2021-08-17,UK,115591,35,10,8,14,2023,3,4.18,3,No
2278,Shannon Clark 2178,Female,21,IT,Developer,2,2011-09-01,Germany,53615,14,5,8,16,2019,13,6.26,3,No
2279,Nicole Roberts 2179,Female,58,HR,Employee Relations,1,2009-11-02,Canada,57838,39,9,1,33,2018,15,3.98,3,Yes
2280,Riya Mishra 2180,Female,22,HR,HR Executive,2,2011-09-23,Germany,75728,39,27,5,34,2021,13,2.66,3,No
2281,Rohan Pillai 2181,Male,26,IT,Cybersecurity Specialist,2,2010-10-01,France,151249,5,7,12,38,2025,14,2.7,4,No
2282,David Williams 2182,Male,58,Support,Helpdesk,2,2015-03-17,USA,113000,36,15,6,77,2023,9,2.08,1,No
2283,Devansh Banerjee 2183,Male,44,Marketing,SEO Analyst,3,2011-05-15,Canada,87798,1,2,15,54,2022,13,4.28,2,No
2284,Aditya Kumar 2184,Female,38,Sales,Account Manager,3,2023-04-24,UK,179608,11,1,2,58,2025,1,3.36,3,No
2285,David Williams 2185,Female,47,IT,Software Engineer,2,2011-09-12,Germany,171772,3,15,10,4,2016,13,1.39,3,No
2286,Taylor Morris 2186,Female,28,IT,Data Analyst,3,2016-04-15,USA,45248,22,18,15,29,2021,8,1.75,1,Yes
2287,Aarav Sharma 2187,Female,48,HR,Employee Relations,3,2019-03-14,USA,80291,12,29,5,3,2021,5,1.44,3,No
2288,Shannon Clark 2188,Male,30,IT,Engineer,3,2009-04-19,UK,117629,16,8,6,14,2022,15,3.96,3,No
2289,Sara Snyder 2189,Female,37,Finance,Financial Analyst,4,2020-06-17,USA,160612,30,15,9,34,2022,4,2.2,3,No
2290,Connie Bailey 2190,Female,49,HR,Recruitment Specialist,2,2023-02-08,UK,52177,15,30,15,73,2025,1,4.03,3,No
2291,Vivaan Gupta 2191,Male,26,Finance,Auditor,2,2015-03-20,UK,78815,40,21,10,54,2025,9,2.64,1,Yes
2292,Sara Snyder 2192,Male,34,Marketing,Marketing Executive,3,2011-12-17,Germany,73533,25,25,1,65,2016,13,3.99,2,No
2293,Judith Ware 2193,Male,42,Support,Helpdesk,2,2015-03-01,USA,35026,27,27,13,59,2017,9,2.94,3,Yes
2294,Vihaan Verma 2194,Male,26,IT,Cybersecurity Specialist,3,2011-11-10,France,139997,0,3,10,23,2016,13,4.15,3,No
2295,Shannon Clark 2195,Female,46,HR,HR Executive,3,2019-05-17,France,95611,11,9,3,21,2022,5,2.41,4,No
2296,Taylor Morris 2196,Female,59,Marketing,Content Lead,2,2010-12-09,Germany,122242,36,18,12,43,2024,14,2.47,2,No
2297,Ashley Marsh 2197,Male,32,Support,Support Engineer,2,2013-07-27,Germany,139913,19,12,9,31,2017,11,2.74,4,No
2298,Steven Barnett 2198,Female,55,IT,Engineer,2,2015-08-25,UK,77082,1,17,15,82,2022,9,4.03,3,No
2299,Ishaan Malhotra 2199,Female,34,Sales,Account Manager,3,2009-10-08,France,182330,35,14,14,50,2022,15,2.12,3,No
2300,Jeffery Lopez 2200,Male,42,Marketing,Marketing Executive,3,2014-03-23,USA,138613,14,29,1,84,2020,10,2.62,3,No
2301,Aditya Kumar 2201,Male,43,IT,Data Analyst,2,2010-07-23,France,133315,37,3,1,2,2018,14,2.95,3,No
2302,Aditya Kumar 2202,Female,27,IT,Tester,2,2015-12-24,Germany,124690,21,8,1,69,2021,9,3.6,3,No
2303,Saanvi Iyer 2203,Female,45,Finance,Auditor,1,2017-04-27,Germany,130220,31,3,7,31,2022,7,2.8,3,No
2304,Clinton Scott 2204,Male,33,HR,HR Executive,1,2016-06-18,UK,50389,19,28,13,1,2018,8,3.78,3,No
2305,Ashley Marsh 2205,Female,41,Support,Support Engineer,4,2023-07-09,USA,126860,35,15,5,58,2025,1,2.45,3,No
2306,Brenda Bauer 2206,Female,30,IT,Tester,1,2020-05-04,Germany,56797,32,27,6,72,2025,4,4.19,3,No
2307,Anna Dominguez 2207,Male,29,IT,Engineer,3,2014-02-07,India,146975,14,20,13,76,2022,10,3.96,3,No
2308,Myra Nair 2208,Female,35,Marketing,Content Strategist,4,2014-02-02,USA,132169,2,14,15,13,2025,10,2.63,3,No
2309,Jasmine Gonzalez 2209,Female,22,IT,Engineer,1,2009-09-02,France,101332,28,23,14,50,2023,15,3.92,4,No
2310,Riya Mishra 2210,Male,45,Finance,Financial Analyst,3,2020-10-03,UK,173260,26,1,8,10,2023,4,2.11,4,No
2311,Christopher Benson 2211,Male,33,IT,Data Analyst,5,2012-03-02,France,58696,4,27,14,77,2019,12,3.36,5,No
2312,Riya Mishra 2212,Male,54,HR,HR Manager,4,2015-10-03,India,37024,30,26,13,79,2025,9,2.41,2,No
2313,Judith Ware 2213,Male,54,IT,Cybersecurity Specialist,3,2021-09-11,Germany,172656,21,13,2,9,2025,3,3.51,4,No
2314,Pari Joshi 2214,Female,55,Marketing,Content Lead,4,2009-11-27,Germany,125998,34,2,13,83,2025,15,3.03,4,No
2315,Meera Das 2215,Male,58,Sales,Business Development,4,2012-03-05,USA,40285,6,21,2,79,2020,12,2.44,3,No
2316,Judith Ware 2216,Male,23,HR,HR Manager,2,2014-12-15,Germany,42370,5,27,3,57,2017,10,1.63,3,No
2317,Nicole Roberts 2217,Male,26,HR,HR Manager,4,2009-07-17,India,52903,25,22,13,33,2023,15,2.98,5,No
2318,Ananya Singh 2218,Female,39,Sales,Sales Executive,3,2014-01-15,USA,132904,0,3,3,79,2020,10,4.39,5,No
2319,Judith Ware 2219,Male,23,HR,HR Manager,3,2023-10-13,India,57995,18,29,13,77,2025,1,3.48,3,No
2320,Manish Badami 2220,Male,38,Sales,Account Manager,5,2009-02-17,Canada,140160,6,30,3,52,2022,15,1.64,3,No
2321,Myra Nair 2221,Other,59,Sales,Business Development,4,2013-01-10,Germany,123377,35,0,4,27,2020,11,2.97,4,No
2322,Kabir Mehta 2222,Female,29,Sales,Account Manager,3,2019-04-10,France,179638,11,22,3,17,2024,5,4.39,2,No
2323,Ananya Singh 2223,Other,32,HR,Recruitment Specialist,1,2017-12-28,France,72822,19,27,2,25,2022,7,2.89,3,No
2324,Saanvi Iyer 2224,Male,25,Sales,Business Development,3,2012-03-01,USA,142412,22,8,9,6,2019,12,2.23,5,No
2325,Navya Chopra 2225,Female,23,HR,HR Manager,3,2020-03-01,India,86222,24,16,6,44,2022,4,4.95,4,No
2326,Shannon Clark 2226,Other,31,IT,Software Engineer,3,2015-03-04,India,129088,29,13,3,44,2020,9,2.12,4,No
2327,Jasmine Gonzalez 2227,Male,50,Finance,Financial Analyst,5,2018-11-13,India,125450,28,16,9,70,2025,6,2.97,3,No
2328,Anna Dominguez 2228,Male,24,IT,Developer,4,2018-11-14,India,144366,30,0,15,34,2023,6,2.58,3,No
2329,Rita Walker 2229,Male,25,IT,Tester,3,2021-08-03,Canada,145078,17,9,4,51,2023,3,3.85,5,No
2330,Diya Patel 2230,Male,21,Support,Support Engineer,1,2014-03-25,Germany,98853,40,22,4,20,2025,10,3.68,3,No
2331,Aditi Sen 2231,Female,47,IT,Tester,3,2014-11-09,India,158794,18,15,8,27,2020,10,2.3,4,No
2332,Diya Patel 2232,Other,48,Finance,Accountant,3,2019-06-26,UK,182030,3,26,7,43,2023,5,2.5,3,No
2333,Connie Bailey 2233,Other,49,HR,HR Executive,3,2014-04-26,UK,87442,0,24,15,79,2023,10,3.34,3,No
2334,Troy Ford 2234,Female,38,Sales,Business Development,3,2018-05-09,France,44675,40,18,7,55,2021,6,3.42,1,Yes
2335,Reyansh Reddy 2235,Female,32,HR,Recruitment Specialist,3,2010-01-23,Germany,124590,14,23,10,9,2025,14,2.97,3,No
2336,Vivaan Gupta 2236,Female,33,HR,HR Manager,2,2020-11-23,UK,143570,7,24,7,22,2024,4,2.89,3,No
2337,Diya Patel 2237,Male,22,IT,Data Analyst,2,2011-10-01,USA,66661,14,2,10,47,2024,13,1.97,2,No
2338,Kabir Mehta 2238,Male,57,IT,Data Analyst,3,2021-01-15,Germany,99289,14,27,11,51,2023,3,5.05,3,No
2339,Peter Mckee 2239,Other,36,IT,Software Engineer,2,2019-09-23,France,52184,38,11,5,14,2023,5,3.84,3,No
2340,Megan Williams 2240,Male,44,IT,Tester,2,2017-04-09,Canada,82963,21,2,15,54,2019,7,3.21,3,No
2341,Judith Ware 2241,Male,55,Support,Support Engineer,2,2013-12-05,USA,40267,17,14,7,42,2018,11,4.18,2,No
2342,Jasmine Gonzalez 2242,Male,42,Sales,Account Manager,3,2018-03-18,USA,97814,15,16,4,49,2025,6,3.0,3,No
2343,Jeffery Lopez 2243,Female,56,Sales,Business Development,1,2022-09-04,India,71025,1,17,8,5,2025,2,2.39,2,No
2344,Ananya Singh 2244,Male,31,IT,Cybersecurity Specialist,4,2023-07-01,Germany,156246,35,6,9,32,2025,1,3.55,1,No
2345,Cody Bright 2245,Male,49,Sales,Sales Executive,3,2019-09-28,Canada,112605,19,18,13,61,2023,5,3.34,2,No
2346,Pari Joshi 2246,Male,55,Sales,Business Development,3,2019-09-26,USA,167053,15,6,12,54,2024,5,4.88,3,No
2347,Erin Massey 2247,Male,35,Sales,Sales Executive,3,2012-06-06,Canada,78436,2,4,3,38,2025,12,2.46,2,No
2348,Diya Patel 2248,Male,51,HR,HR Executive,2,2012-06-05,France,184544,29,25,7,11,2023,12,2.24,1,No
2349,Christopher Benson 2249,Female,36,IT,Engineer,3,2018-11-01,USA,112192,1,7,12,30,2025,6,5.3,2,No
2350,Avani Bhat 2250,Female,30,HR,Recruitment Specialist,5,2021-04-10,UK,155591,34,20,10,73,2025,3,4.38,4,No
2351,Manish Badami 2251,Male,52,Finance,Auditor,4,2023-01-21,France,119511,25,15,9,52,2025,1,3.84,4,No
2352,Brenda Bauer 2252,Female,22,HR,HR Manager,5,2009-04-08,France,44665,4,15,1,33,2019,15,2.52,2,No
2353,Ayaan Saxena 2253,Female,44,Finance,Auditor,3,2020-01-08,India,126277,1,18,2,40,2024,4,3.62,3,No
2354,Sara Khan 2254,Female,43,IT,Tester,2,2020-08-17,USA,87474,19,24,7,9,2024,4,1.91,4,No
2355,Jeffery Lopez 2255,Female,22,Sales,Business Development,1,2014-09-25,UK,110911,33,14,15,51,2025,10,2.69,2,No
2356,Christopher Benson 2256,Male,58,IT,Software Engineer,3,2022-06-01,Canada,127643,33,6,13,74,2024,2,2.04,2,No
2357,Avani Bhat 2257,Male,51,IT,Engineer,3,2010-07-23,UK,65484,19,4,2,56,2023,14,2.45,2,No
2358,Erin Massey 2258,Male,46,IT,Software Engineer,2,2016-09-01,France,136165,24,22,7,77,2018,8,2.01,5,No
2359,Taylor Morris 2259,Male,49,IT,Developer,4,2018-08-28,USA,60835,19,10,1,2,2020,6,3.9,3,No
2360,Saanvi Iyer 2260,Female,23,HR,Recruitment Specialist,3,2012-11-08,UK,131453,24,9,15,56,2020,12,4.99,3,No
2361,Nicole Roberts 2261,Female,34,HR,Recruitment Specialist,2,2021-07-12,UK,88790,13,24,3,32,2025,3,4.18,1,No
2362,Jasmine Gonzalez 2262,Male,45,HR,Recruitment Specialist,4,2009-06-17,France,44643,38,20,15,6,2018,15,3.95,5,Yes
2363,Saanvi Iyer 2263,Female,21,Sales,Account Manager,4,2023-11-10,Canada,110846,11,22,5,3,2025,1,2.86,3,No
2364,Meera Das 2264,Female,23,HR,HR Manager,3,2012-11-08,UK,181305,4,26,14,38,2016,12,3.39,3,No
2365,Jeffery Lopez 2265,Male,46,Marketing,Content Lead,4,2013-12-21,India,48200,1,8,12,47,2017,11,2.13,3,No
2366,Steven Barnett 2266,Female,38,IT,Software Engineer,4,2021-04-21,UK,87275,15,0,14,73,2023,3,1.9,4,No
2367,Pari Joshi 2267,Female,29,IT,Developer,3,2016-05-13,Germany,124001,29,19,11,78,2023,8,1.75,2,No
2368,Rohan Pillai 2268,Female,58,IT,Developer,1,2020-10-03,France,77448,37,0,6,15,2022,4,1.98,4,No
2369,Rohan Pillai 2269,Other,43,Finance,Accountant,1,2021-04-04,Germany,126685,41,7,15,37,2023,3,3.89,3,No
2370,Jasmine Gonzalez 2270,Male,41,IT,Data Analyst,3,2011-08-05,France,45619,23,2,13,3,2020,13,4.0,2,No
2371,Aditya Kumar 2271,Female,21,Support,Support Engineer,2,2013-06-26,France,140454,29,1,9,3,2018,11,2.3,3,No
2372,Avani Bhat 2272,Male,41,IT,Tester,5,2020-02-25,Germany,36766,36,29,9,26,2024,4,3.49,4,No
2373,Vivaan Gupta 2273,Male,47,Sales,Business Development,4,2013-08-24,Canada,38549,38,3,3,16,2024,11,4.34,3,No
2374,Kavya Menon 2274,Male,26,Finance,Auditor,4,2009-10-05,Canada,184765,10,26,14,69,2017,15,3.05,1,No
2375,Navya Chopra 2275,Female,56,IT,Software Engineer,5,2020-05-15,France,142938,13,18,8,53,2025,4,2.46,3,No
2376,Brenda Bauer 2276,Female,48,Marketing,SEO Analyst,4,2022-03-13,Germany,162673,22,10,13,7,2025,2,2.78,3,No
2377,David Williams 2277,Female,37,Marketing,Content Lead,2,2020-11-16,UK,83328,15,4,4,52,2025,4,4.63,3,No
2378,Christopher Benson 2278,Male,23,Sales,Business Development,2,2013-02-25,France,60301,20,30,7,4,2024,11,3.13,3,No
2379,Jasmine Gonzalez 2279,Male,32,Sales,Business Development,3,2012-06-08,India,79763,3,28,6,68,2023,12,5.34,2,No
2380,Kabir Mehta 2280,Female,59,Sales,Account Manager,3,2015-04-21,France,79787,32,23,8,46,2020,9,2.53,3,No
2381,Avani Bhat 2281,Male,32,IT,Developer,3,2020-10-16,USA,155675,13,9,6,73,2024,4,2.69,3,No
2382,Vihaan Verma 2282,Male,22,Sales,Account Manager,3,2012-05-11,Canada,42425,18,23,4,39,2022,12,1.79,4,No
2383,Aditya Kumar 2283,Male,42,Sales,Sales Executive,4,2023-10-20,Germany,47857,4,26,2,6,2025,1,4.27,3,No
2384,Erin Massey 2284,Male,43,Finance,Auditor,3,2023-11-02,UK,127999,35,22,7,11,2025,1,3.29,3,No
2385,Norman Lane 2285,Male,50,Sales,Sales Executive,4,2023-06-04,India,76457,30,7,11,24,2025,1,2.3,3,No
2386,Rita Walker 2286,Male,25,Sales,Business Development,2,2010-11-04,UK,166776,17,12,15,27,2018,14,2.84,3,No
2387,Ishaan Malhotra 2287,Female,29,Sales,Business Development,3,2019-10-03,India,40452,30,28,13,42,2025,5,3.69,3,No
2388,Avani Bhat 2288,Female,41,IT,Software Engineer,1,2018-08-22,France,146153,29,4,11,76,2021,6,2.37,3,No
2389,Vihaan Verma 2289,Male,31,HR,HR Executive,4,2012-09-05,UK,73862,20,25,4,46,2020,12,3.54,4,No
2390,Megan Williams 2290,Female,25,Finance,Financial Analyst,1,2018-06-09,UK,53300,29,25,13,48,2024,6,4.1,3,No
2391,Megan Williams 2291,Female,55,Marketing,Content Lead,3,2018-04-26,France,175638,40,26,9,53,2020,6,2.77,3,No
2392,Pari Joshi 2292,Male,47,Finance,Financial Analyst,1,2015-07-13,Canada,173573,3,11,9,17,2025,9,1.34,2,No
2393,Norman Lane 2293,Male,22,IT,Software Engineer,2,2023-10-12,USA,36845,4,26,7,26,2025,1,2.93,3,No
2394,Taylor Morris 2294,Male,44,IT,Developer,3,2014-10-11,Canada,154342,40,12,5,71,2024,10,2.7,1,No
2395,Ishaan Malhotra 2295,Male,51,Sales,Account Manager,3,2018-11-22,Canada,74181,9,21,3,5,2025,6,1.95,3,No
2396,Shannon Clark 2296,Female,53,HR,Employee Relations,2,2011-06-06,USA,69404,26,7,3,74,2020,13,3.79,3,No
2397,Devansh Banerjee 2297,Male,59,Finance,Auditor,2,2016-04-26,France,57564,15,14,9,68,2018,8,3.83,3,No
2398,Aarav Sharma 2298,Other,50,Sales,Sales Executive,3,2016-06-12,Canada,132898,29,12,9,70,2019,8,3.42,3,No
2399,Vihaan Verma 2299,Male,57,IT,Tester,3,2012-07-14,Germany,53227,12,0,12,21,2017,12,2.77,3,No
2400,Ashley Marsh 2300,Male,48,HR,HR Executive,1,2009-02-27,Germany,130259,35,21,13,58,2017,15,3.34,5,No
2401,Manish Badami 2301,Male,51,IT,Data Analyst,3,2009-09-23,USA,159451,20,5,11,46,2022,15,2.55,3,No
2402,Cody Bright 2302,Female,31,Finance,Accountant,1,2021-03-10,Germany,52215,39,30,4,67,2023,3,3.88,3,Yes
2403,David Williams 2303,Female,43,Sales,Sales Executive,3,2011-10-07,France,165577,14,10,11,31,2021,13,2.76,3,No
2404,Saanvi Iyer 2304,Female,22,IT,Tester,2,2019-10-10,UK,106074,19,12,1,82,2022,5,2.95,3,No
2405,Judith Ware 2305,Male,47,Marketing,Content Lead,3,2014-05-25,France,143621,19,20,13,0,2016,10,3.03,1,No
2406,Riya Mishra 2306,Male,55,Finance,Financial Analyst,2,2020-06-11,USA,178526,4,19,10,53,2023,4,6.47,3,No
2407,Sara Snyder 2307,Other,22,Marketing,Content Lead,5,2012-07-20,UK,141759,31,0,5,45,2025,12,2.18,3,No
2408,Ayaan Saxena 2308,Female,59,Marketing,Content Strategist,2,2023-02-11,Germany,163471,5,10,14,40,2025,1,2.73,3,No
2409,Pari Joshi 2309,Female,57,IT,Developer,2,2015-04-25,Canada,56711,29,25,8,40,2022,9,1.6,3,No
2410,Norman Lane 2310,Male,41,IT,Software Engineer,2,2019-03-07,Germany,181131,25,10,10,7,2021,5,3.45,3,No
2411,Anna Dominguez 2311,Other,25,Sales,Business Development,4,2022-04-19,France,83398,36,7,15,31,2024,2,4.93,3,No
2412,Ishaan Malhotra 2312,Male,41,Finance,Accountant,3,2012-05-18,France,36286,12,21,15,29,2023,12,2.97,3,No
2413,Megan Williams 2313,Male,49,Sales,Sales Executive,3,2022-11-14,USA,143304,28,2,4,45,2025,2,2.56,4,No
2414,Saanvi Iyer 2314,Male,40,IT,Engineer,4,2013-10-14,Canada,139959,4,27,10,51,2021,11,3.14,3,No
2415,Ashley Marsh 2315,Male,58,Support,Helpdesk,4,2017-04-23,Canada,94967,24,18,10,60,2022,7,4.23,3,No
2416,Steven Barnett 2316,Female,40,Sales,Business Development,3,2020-12-12,UK,132803,12,11,4,12,2022,4,4.58,3,No
2417,Ananya Singh 2317,Female,45,HR,HR Manager,2,2023-02-26,UK,164745,23,5,13,39,2025,1,2.15,3,No
2418,Vivaan Gupta 2318,Female,22,HR,Recruitment Specialist,4,2019-06-05,France,89583,30,27,12,60,2021,5,3.86,4,No
2419,Anna Dominguez 2319,Female,52,HR,Employee Relations,2,2022-03-21,USA,159077,19,30,14,43,2024,2,3.1,4,No
2420,Manish Badami 2320,Female,46,Sales,Business Development,3,2009-10-07,France,146359,7,22,9,61,2023,15,4.64,3,No
2421,Sara Khan 2321,Male,26,Sales,Business Development,3,2017-03-08,India,62086,8,7,15,43,2024,7,5.5,4,No
2422,Ananya Singh 2322,Female,23,Finance,Accountant,4,2009-07-04,Canada,182556,20,4,9,47,2018,15,5.02,2,No
2423,Joel Fuller 2323,Female,53,Sales,Account Manager,3,2015-05-26,Canada,139132,19,9,7,73,2024,9,2.21,4,No
2424,Pari Joshi 2324,Male,21,Finance,Financial Analyst,3,2011-11-16,France,94263,14,21,10,58,2018,13,2.36,3,No
2425,Joel Fuller 2325,Female,25,Support,Helpdesk,5,2023-04-18,Canada,184747,25,15,8,56,2025,1,4.89,3,No
2426,Jasmine Gonzalez 2326,Female,33,Sales,Account Manager,2,2012-12-15,UK,155155,41,11,12,10,2021,12,3.1,4,No
2427,Vivaan Gupta 2327,Other,39,Sales,Sales Executive,2,2022-09-01,Canada,95664,10,16,12,24,2024,2,2.43,3,No
2428,Diya Patel 2328,Female,32,HR,Recruitment Specialist,3,2013-08-04,UK,183149,36,5,4,60,2021,11,1.84,5,No
2429,Jeffery Lopez 2329,Female,45,Sales,Sales Executive,5,2018-09-19,Germany,155474,40,8,8,45,2025,6,3.34,2,No
2430,Peter Mckee 2330,Female,55,HR,HR Manager,1,2016-07-15,USA,111968,10,9,14,53,2022,8,2.79,3,No
2431,Anna Dominguez 2331,Male,32,Sales,Account Manager,1,2017-03-26,USA,169563,26,19,6,33,2021,7,3.59,3,No
2432,Anna Dominguez 2332,Male,50,IT,Cybersecurity Specialist,1,2015-12-23,Canada,169464,29,13,13,83,2024,9,3.39,1,No
2433,Manish Badami 2333,Female,25,Finance,Auditor,1,2010-02-19,USA,102804,18,13,3,6,2020,14,1.98,2,No
2434,Sara Khan 2334,Male,54,IT,Cybersecurity Specialist,4,2022-08-07,India,73400,33,25,7,61,2025,2,2.38,1,No
2435,Rohan Pillai 2335,Female,42,Finance,Auditor,3,2012-11-19,Germany,63088,37,28,3,56,2018,12,4.14,5,No
2436,Sara Snyder 2336,Male,59,Finance,Accountant,3,2015-08-13,Canada,122893,22,16,11,75,2021,9,4.23,4,No
2437,Arjun Rao 2337,Male,33,HR,HR Manager,3,2020-09-02,UK,40969,0,29,7,4,2023,4,2.83,3,No
2438,Arjun Rao 2338,Female,23,Sales,Sales Executive,4,2013-02-15,Germany,43981,2,26,5,75,2016,11,3.38,2,No
2439,Vivaan Gupta 2339,Male,40,IT,Cybersecurity Specialist,2,2009-07-11,India,89091,2,24,4,34,2019,15,2.16,2,No
2440,Riya Mishra 2340,Male,51,Finance,Auditor,3,2021-08-15,Germany,142154,27,15,3,83,2024,3,3.15,3,No
2441,Aarav Sharma 2341,Male,25,Sales,Sales Executive,3,2017-05-18,USA,59408,13,3,8,36,2022,7,4.31,5,No
2442,Riya Mishra 2342,Other,44,HR,HR Manager,2,2019-10-21,India,82940,29,1,4,59,2021,5,4.87,3,No
2443,Kavya Menon 2343,Male,53,IT,Software Engineer,3,2011-03-13,UK,38657,4,15,8,64,2017,13,3.07,3,No
2444,Taylor Morris 2344,Male,28,IT,Engineer,2,2019-09-16,France,56230,14,0,10,15,2025,5,2.89,3,No
2445,Peggy Mann 2345,Male,44,Sales,Sales Executive,1,2012-02-25,Germany,184752,37,2,3,29,2021,12,1.76,5,No
2446,Diya Patel 2346,Male,40,Marketing,SEO Specialist,2,2011-02-17,USA,119731,13,22,10,72,2021,13,2.6,3,No
2447,Avani Bhat 2347,Female,36,IT,Developer,4,2022-10-22,Germany,173939,13,10,13,41,2025,2,3.13,5,No
2448,Connie Bailey 2348,Male,32,Sales,Sales Executive,1,2018-11-22,UK,39329,7,15,9,60,2020,6,3.03,1,No
2449,Devansh Banerjee 2349,Male,33,IT,Tester,4,2018-04-18,UK,70865,7,25,6,73,2024,6,2.63,3,No
2450,Vihaan Verma 2350,Male,59,Sales,Account Manager,1,2012-10-12,Canada,72869,18,17,15,76,2019,12,4.39,3,No
2451,Arjun Rao 2351,Female,45,Support,Helpdesk,4,2020-11-03,France,155185,31,14,5,47,2024,4,3.61,3,No
2452,Avani Bhat 2352,Female,52,Marketing,Marketing Executive,4,2019-06-20,France,118984,30,8,5,61,2022,5,3.03,3,No
2453,Kabir Mehta 2353,Other,44,Sales,Business Development,4,2017-05-27,USA,160172,28,11,13,83,2022,7,3.88,1,No
2454,Rohan Pillai 2354,Male,29,IT,Engineer,4,2010-09-21,France,136069,40,28,3,63,2016,14,3.17,2,Yes
2455,Rohan Pillai 2355,Other,43,Sales,Business Development,2,2016-10-27,UK,124711,10,26,2,56,2024,8,4.75,4,No
2456,Megan Williams 2356,Male,33,Sales,Business Development,2,2018-08-18,France,101252,12,17,6,67,2022,6,2.41,3,No
2457,Pari Joshi 2357,Male,52,Sales,Business Development,3,2019-12-14,USA,114386,26,4,11,45,2022,5,3.53,5,No
2458,Judith Ware 2358,Female,35,IT,Data Analyst,2,2012-06-11,Germany,153728,18,23,1,27,2020,12,1.07,3,No
2459,Pari Joshi 2359,Female,56,Finance,Accountant,1,2021-11-06,France,167783,25,28,15,76,2024,3,2.81,3,No
2460,Christopher Benson 2360,Male,25,IT,Engineer,4,2017-05-15,France,60801,36,28,15,2,2019,7,3.35,4,No
2461,Rita Walker 2361,Male,42,Support,Helpdesk,3,2016-06-21,UK,125709,8,27,14,36,2023,8,2.88,4,No
2462,Pari Joshi 2362,Male,36,IT,Cybersecurity Specialist,3,2021-02-21,UK,88270,27,25,7,47,2023,3,2.09,3,No
2463,Devansh Banerjee 2363,Male,30,IT,Tester,4,2019-01-03,Germany,90535,31,7,15,18,2024,5,2.51,2,Yes
2464,Ashley Marsh 2364,Male,44,IT,Tester,3,2013-07-20,India,51220,2,2,5,82,2025,11,2.19,4,No
2465,Pari Joshi 2365,Male,38,Sales,Business Development,3,2022-08-03,India,48392,31,1,4,16,2025,2,3.08,4,No
2466,Kabir Mehta 2366,Male,38,Sales,Account Manager,4,2014-07-14,Canada,168318,4,24,9,81,2017,10,3.99,4,No
2467,Aditi Sen 2367,Female,27,Sales,Account Manager,2,2014-02-24,France,55010,7,18,10,81,2025,10,2.85,3,No
2468,Peter Mckee 2368,Female,24,Sales,Sales Executive,3,2012-03-22,UK,161951,13,7,1,39,2018,12,5.01,3,No
2469,Avani Bhat 2369,Male,46,Finance,Financial Analyst,5,2020-02-07,Canada,103358,2,1,11,49,2024,4,3.43,4,No
2470,Christopher Benson 2370,Female,25,Sales,Business Development,4,2012-04-06,France,183306,23,18,15,72,2020,12,1.15,1,No
2471,Ananya Singh 2371,Other,36,Finance,Accountant,4,2020-02-19,France,131190,12,0,4,28,2023,4,3.53,3,No
2472,Avani Bhat 2372,Female,55,IT,Developer,3,2012-03-20,Canada,150795,28,29,3,50,2019,12,3.15,1,No
2473,Saanvi Iyer 2373,Other,46,Marketing,Content Lead,4,2011-01-16,UK,157790,7,26,6,41,2024,13,4.58,2,No
2474,Steven Barnett 2374,Other,38,Marketing,SEO Analyst,1,2016-06-27,Germany,160223,41,21,5,28,2022,8,3.18,3,No
2475,Aditya Kumar 2375,Female,49,IT,Engineer,2,2021-06-20,India,110205,30,12,7,65,2024,3,2.95,1,No
2476,Avani Bhat 2376,Male,43,Sales,Account Manager,3,2019-08-21,France,36082,25,22,13,16,2025,5,5.27,2,No
2477,Kavya Menon 2377,Male,34,IT,Cybersecurity Specialist,3,2013-10-14,USA,177220,17,19,1,30,2020,11,1.09,3,No
2478,Rita Walker 2378,Male,35,Finance,Financial Analyst,2,2019-04-07,USA,110093,17,16,13,51,2022,5,2.86,3,No
2479,Ananya Singh 2379,Female,53,Finance,Financial Analyst,3,2022-10-15,USA,86952,6,2,5,38,2024,2,3.47,3,No
2480,Peggy Mann 2380,Other,45,Marketing,Marketing Executive,2,2015-10-16,Germany,71719,37,8,14,59,2017,9,2.8,3,No
2481,Myra Nair 2381,Male,41,Sales,Account Manager,3,2020-08-02,India,83737,15,4,2,50,2023,4,1.1,4,No
2482,Anna Dominguez 2382,Male,37,Sales,Sales Executive,4,2015-01-06,France,142271,32,5,2,83,2022,9,3.6,3,No
2483,Kabir Mehta 2383,Male,43,Marketing,SEO Analyst,3,2015-02-27,UK,180111,2,3,11,15,2017,9,2.74,3,No
2484,Erin Massey 2384,Male,37,Finance,Auditor,2,2022-08-21,UK,102839,37,16,15,13,2024,2,3.06,5,No
2485,Taylor Morris 2385,Female,34,IT,Cybersecurity Specialist,3,2015-02-11,India,82931,3,29,11,83,2024,9,4.46,1,No
2486,Kavya Menon 2386,Female,49,Marketing,Content Strategist,3,2015-12-05,Germany,74925,35,20,2,41,2019,9,3.5,3,No
2487,Connie Bailey 2387,Male,40,HR,HR Executive,3,2022-02-22,India,122745,3,20,9,50,2025,2,2.58,3,No
2488,Christopher Benson 2388,Male,50,Sales,Sales Executive,3,2013-08-18,France,161298,41,20,10,23,2021,11,3.59,4,No
2489,Myra Nair 2389,Female,39,HR,Recruitment Specialist,3,2011-06-06,Canada,128709,8,15,3,81,2018,13,2.78,4,No
2490,Diya Patel 2390,Other,59,IT,Software Engineer,5,2018-01-09,Canada,77287,39,30,4,42,2023,6,2.9,1,No
2491,Vivaan Gupta 2391,Male,33,Sales,Account Manager,1,2015-12-08,France,142252,16,15,15,72,2018,9,3.96,3,No
2492,Jasmine Gonzalez 2392,Female,38,Finance,Financial Analyst,3,2020-12-14,France,144323,16,21,5,18,2024,4,2.56,3,No
2493,Taylor Morris 2393,Female,43,Marketing,Content Lead,3,2022-04-07,UK,47803,32,10,14,83,2024,2,3.76,3,No
2494,Arjun Rao 2394,Male,53,IT,Engineer,3,2017-04-08,Germany,153819,19,1,4,60,2022,7,2.97,2,No
2495,Myra Nair 2395,Female,59,IT,Developer,2,2009-10-18,Germany,128361,13,16,4,62,2022,15,2.69,3,No
2496,Ishaan Malhotra 2396,Female,38,Sales,Business Development,2,2015-02-19,India,48698,21,14,5,25,2018,9,2.7,3,No
2497,Kabir Mehta 2397,Female,29,IT,Developer,2,2018-04-27,UK,50376,26,17,10,34,2023,6,2.59,1,No
2498,Peggy Mann 2398,Other,53,Sales,Sales Executive,5,2013-06-21,USA,48117,2,28,15,66,2019,11,3.29,3,No
2499,Connie Bailey 2399,Male,52,Sales,Account Manager,3,2013-10-13,Canada,83786,23,9,9,55,2018,11,2.93,1,No
2500,Aditi Sen 2400,Female,37,HR,Recruitment Specialist,3,2010-10-23,France,148005,29,5,12,39,2018,14,4.57,3,No
2501,Peggy Mann 2401,Female,39,IT,Data Analyst,4,2020-06-16,India,101480,7,20,9,28,2023,4,2.31,3,No
2502,Jeffery Lopez 2402,Female,47,IT,Tester,2,2023-04-27,Canada,167583,21,15,14,5,2025,1,3.74,3,No
2503,Arjun Rao 2403,Female,26,Finance,Auditor,4,2020-10-09,Canada,88233,24,30,14,51,2024,4,4.34,4,No
2504,Aarav Sharma 2404,Male,55,Sales,Business Development,3,2021-07-17,India,146022,9,4,6,0,2025,3,4.93,3,No
2505,Norman Lane 2405,Male,57,Finance,Auditor,2,2017-08-20,Germany,127529,28,11,11,51,2019,7,2.39,3,No
2506,Ashley Marsh 2406,Male,54,Finance,Auditor,4,2013-07-27,UK,135919,39,27,12,23,2016,11,4.22,5,No
2507,Anna Dominguez 2407,Female,40,IT,Software Engineer,4,2011-02-28,USA,118533,0,30,14,33,2022,13,3.41,4,No
2508,Nicole Roberts 2408,Male,45,Sales,Business Development,4,2013-03-01,USA,104407,20,5,3,6,2018,11,4.25,3,No
2509,Shannon Clark 2409,Female,24,HR,HR Executive,2,2014-02-27,India,108809,38,13,6,74,2020,10,2.56,3,No
2510,Vihaan Verma 2410,Male,30,Sales,Business Development,5,2019-05-18,India,52229,23,25,10,10,2021,5,3.08,3,No
2511,Jasmine Gonzalez 2411,Male,30,Sales,Sales Executive,5,2012-06-06,UK,77176,8,22,4,35,2022,12,2.84,4,No
2512,Nicole Roberts 2412,Female,44,Marketing,SEO Specialist,3,2021-06-28,Canada,129825,25,15,3,19,2025,3,2.75,1,No
2513,Christopher Benson 2413,Female,41,Sales,Account Manager,1,2010-11-16,UK,169332,8,24,6,62,2025,14,3.24,3,No
2514,Steven Barnett 2414,Male,31,Marketing,SEO Analyst,2,2022-03-27,UK,132555,19,6,15,79,2025,2,5.69,4,No
2515,Avani Bhat 2415,Female,47,Marketing,Content Strategist,5,2011-03-26,France,38145,34,1,11,62,2018,13,3.87,3,Yes
2516,Ananya Singh 2416,Male,36,Sales,Sales Executive,3,2022-07-04,France,132289,35,5,6,68,2024,2,2.85,3,No
2517,Navya Chopra 2417,Male,46,Sales,Business Development,3,2019-06-28,Canada,173874,41,8,2,29,2025,5,2.91,3,No
2518,Vivaan Gupta 2418,Female,50,Sales,Account Manager,2,2011-08-03,Germany,37263,35,6,9,29,2023,13,3.76,3,No
2519,Brenda Bauer 2419,Male,36,Marketing,SEO Specialist,2,2011-09-09,USA,92788,8,1,8,83,2017,13,3.01,3,No
2520,Rita Walker 2420,Male,27,Finance,Financial Analyst,3,2016-03-06,France,174227,21,18,6,21,2024,8,3.02,3,No
2521,Vihaan Verma 2421,Male,36,Sales,Account Manager,3,2016-05-20,Canada,166994,0,7,1,60,2021,8,2.09,3,No
2522,Megan Williams 2422,Female,55,HR,HR Manager,5,2010-08-26,India,80344,4,10,12,20,2016,14,3.15,4,No
2523,Rohan Pillai 2423,Male,36,HR,HR Executive,3,2012-09-15,UK,157819,8,24,2,36,2020,12,0.67,4,No
2524,Jasmine Gonzalez 2424,Female,32,IT,Engineer,4,2019-12-09,France,108352,36,3,15,26,2025,5,1.43,1,No
2525,Peter Mckee 2425,Female,55,IT,Tester,2,2011-05-21,UK,75324,37,15,4,34,2017,13,2.85,3,Yes
2526,Troy Ford 2426,Female,41,Sales,Sales Executive,1,2022-11-16,UK,129075,18,24,7,37,2025,2,3.86,3,No
2527,Meera Das 2427,Male,56,Finance,Accountant,3,2011-03-09,France,112169,7,17,9,59,2020,13,4.81,3,No
2528,Reyansh Reddy 2428,Female,37,Sales,Sales Executive,2,2020-01-28,Canada,58384,41,12,10,69,2022,4,3.6,3,Yes
2529,Megan Williams 2429,Male,52,Sales,Sales Executive,2,2017-03-07,India,38512,31,26,5,31,2022,7,3.73,3,No
2530,Ananya Singh 2430,Male,26,Sales,Account Manager,5,2010-07-21,USA,172138,12,4,10,79,2021,14,3.31,3,No
2531,Ishaan Malhotra 2431,Male,44,Sales,Account Manager,3,2018-06-20,Canada,158775,19,26,2,79,2021,6,4.04,3,No
2532,Ashley Marsh 2432,Male,47,IT,Data Analyst,2,2014-08-04,Germany,113743,35,1,15,26,2019,10,3.41,4,No
2533,Taylor Morris 2433,Male,40,IT,Tester,2,2017-10-15,Germany,120642,36,10,13,2,2019,7,3.57,2,No
2534,Avani Bhat 2434,Male,45,Finance,Accountant,2,2019-06-16,USA,164587,29,0,11,48,2021,5,1.64,3,No
2535,Anna Dominguez 2435,Male,22,Marketing,Marketing Executive,5,2022-05-12,India,114858,9,12,11,84,2024,2,3.46,3,No
2536,Aditya Kumar 2436,Male,29,IT,Engineer,2,2016-10-06,Germany,89800,30,29,11,29,2018,8,3.22,5,No
2537,Arjun Rao 2437,Female,48,IT,Tester,2,2010-03-19,UK,135364,24,4,1,21,2025,14,2.78,2,No
2538,Cody Bright 2438,Male,58,HR,HR Manager,3,2012-10-07,Germany,37387,28,17,10,18,2025,12,2.86,3,No
2539,Diya Patel 2439,Male,23,HR,Employee Relations,2,2022-01-01,France,167871,23,13,14,30,2024,2,1.87,4,No
2540,Kabir Mehta 2440,Male,40,IT,Data Analyst,2,2012-01-22,UK,154095,38,12,13,19,2024,12,3.74,4,No
2541,Rohan Pillai 2441,Male,26,IT,Software Engineer,2,2016-04-14,Canada,70548,20,6,14,18,2022,8,3.43,4,No
2542,Jasmine Gonzalez 2442,Male,59,IT,Data Analyst,2,2009-06-14,India,125450,40,7,1,1,2023,15,3.27,3,No
2543,Nicole Roberts 2443,Other,53,IT,Developer,2,2017-01-20,USA,140669,8,17,5,39,2022,7,3.43,4,No
2544,Vihaan Verma 2444,Female,21,Sales,Account Manager,1,2021-04-02,France,115171,41,6,14,38,2024,3,1.95,3,Yes
2545,Anna Dominguez 2445,Female,57,IT,Developer,4,2011-01-13,France,80414,41,19,7,71,2024,13,4.96,3,No
2546,Saanvi Iyer 2446,Female,26,Sales,Account Manager,2,2020-08-22,USA,108071,1,16,9,53,2024,4,4.14,3,No
2547,Jasmine Gonzalez 2447,Other,54,Support,Support Engineer,4,2011-04-02,Germany,147808,3,15,9,26,2019,13,3.82,3,No
2548,Kabir Mehta 2448,Female,35,Marketing,Content Lead,4,2017-12-13,USA,113591,7,10,8,78,2019,7,4.68,3,No
2549,Arjun Rao 2449,Male,46,IT,Software Engineer,3,2020-05-25,USA,39297,31,30,1,11,2024,4,3.41,3,No
2550,Peggy Mann 2450,Female,34,Sales,Business Development,2,2015-07-20,Germany,144513,13,18,5,77,2025,9,2.92,3,No
2551,Peter Mckee 2451,Female,27,HR,Employee Relations,2,2017-05-24,Canada,163668,12,26,6,70,2023,7,3.47,3,No
2552,Nicole Roberts 2452,Male,51,HR,HR Manager,3,2023-11-13,India,121479,20,27,6,16,2025,1,4.73,3,No
2553,Norman Lane 2453,Male,44,Sales,Account Manager,3,2023-05-16,USA,133752,23,0,4,83,2025,1,2.31,3,No
2554,Judith Ware 2454,Female,51,IT,Data Analyst,3,2009-12-06,Germany,171080,17,20,1,9,2024,15,4.71,4,No
2555,Troy Ford 2455,Male,49,HR,Recruitment Specialist,1,2020-10-22,France,150481,39,30,3,18,2025,4,1.85,3,No
2556,Peggy Mann 2456,Female,52,IT,Developer,4,2010-08-13,USA,182892,25,28,10,81,2017,14,3.73,4,No
2557,Christopher Benson 2457,Male,37,Sales,Account Manager,1,2010-11-21,India,102156,31,7,15,29,2018,14,4.21,3,No
2558,Peggy Mann 2458,Female,34,Sales,Sales Executive,3,2011-01-04,USA,95263,32,0,15,29,2023,13,3.84,3,No
2559,Myra Nair 2459,Male,56,Sales,Business Development,3,2015-03-18,Canada,153996,30,29,4,24,2021,9,4.25,3,No
2560,Ishaan Malhotra 2460,Female,44,Sales,Account Manager,1,2011-07-16,Canada,134252,17,8,4,73,2023,13,3.07,3,No
2561,Joel Fuller 2461,Male,47,Finance,Financial Analyst,3,2020-07-24,France,153632,34,18,13,65,2024,4,1.93,1,No
2562,Cody Bright 2462,Female,45,HR,HR Manager,4,2011-10-15,Canada,109855,11,20,4,34,2020,13,4.25,3,No
2563,Rohan Pillai 2463,Female,52,HR,Recruitment Specialist,4,2019-05-17,India,51575,24,8,14,50,2021,5,5.05,3,No
2564,Anna Dominguez 2464,Female,38,IT,Developer,4,2023-06-22,France,47204,30,20,5,70,2025,1,3.04,5,No
2565,Ayaan Saxena 2465,Male,38,IT,Developer,3,2009-11-24,USA,46952,9,24,13,70,2024,15,3.88,1,No
2566,Clinton Scott 2466,Male,57,IT,Data Analyst,3,2010-10-15,Germany,118323,33,9,15,26,2016,14,2.37,3,No
2567,Saanvi Iyer 2467,Other,46,HR,Employee Relations,1,2022-02-11,Canada,177712,2,23,15,9,2024,2,2.3,4,No
2568,Myra Nair 2468,Male,29,Marketing,Marketing Executive,3,2013-09-11,France,61437,38,22,11,42,2018,11,3.31,4,No
2569,Rita Walker 2469,Male,55,IT,Software Engineer,2,2020-06-01,Canada,162129,7,10,9,54,2024,4,2.47,1,No
2570,Connie Bailey 2470,Male,28,Sales,Sales Executive,3,2012-09-08,Canada,122681,31,0,4,70,2023,12,3.3,3,No
2571,Rohan Pillai 2471,Male,40,Finance,Auditor,2,2020-10-17,UK,42903,28,19,9,5,2025,4,6.23,1,No
2572,Vihaan Verma 2472,Male,42,IT,Data Analyst,3,2013-08-13,USA,61863,21,24,9,5,2025,11,2.49,4,No
2573,Kavya Menon 2473,Male,39,Sales,Sales Executive,3,2014-07-05,Canada,78381,19,25,1,76,2021,10,3.54,3,No
2574,Myra Nair 2474,Female,50,IT,Software Engineer,4,2018-06-20,Germany,63548,5,7,5,47,2022,6,1.44,4,No
2575,Peter Mckee 2475,Female,48,HR,HR Manager,3,2011-09-25,India,46467,28,19,9,76,2024,13,3.72,4,No
2576,Riya Mishra 2476,Male,55,Finance,Auditor,5,2018-10-14,UK,92954,41,11,4,1,2021,6,2.49,5,No
2577,Nicole Roberts 2477,Male,31,HR,Employee Relations,4,2016-01-16,France,58901,16,0,5,82,2024,8,3.49,4,No
2578,Aditi Sen 2478,Female,51,Sales,Account Manager,3,2012-12-09,France,58301,30,9,4,50,2017,12,3.47,3,Yes
2579,Manish Badami 2479,Female,59,IT,Developer,3,2011-03-28,Germany,159686,33,3,13,60,2016,13,3.34,2,No
2580,Aditi Sen 2480,Male,56,HR,HR Manager,2,2015-02-04,Germany,120180,37,14,2,18,2019,9,2.25,3,No
2581,Jasmine Gonzalez 2481,Other,50,Sales,Business Development,4,2010-04-09,India,104903,36,18,10,1,2020,14,2.92,3,No
2582,Clinton Scott 2482,Female,43,HR,HR Manager,3,2023-04-05,USA,138955,3,5,2,50,2025,1,3.44,1,No
2583,Steven Barnett 2483,Male,39,Marketing,SEO Specialist,5,2023-06-20,Germany,182276,1,26,2,25,2025,1,2.96,3,No
2584,Megan Williams 2484,Other,32,HR,Employee Relations,3,2009-01-13,France,54755,11,4,13,69,2025,15,4.6,4,No
2585,Ashley Marsh 2485,Female,35,Sales,Account Manager,4,2018-02-03,USA,94817,34,4,1,19,2020,6,3.24,4,No
2586,Judith Ware 2486,Male,51,Sales,Sales Executive,4,2020-04-05,Germany,37093,5,17,3,22,2024,4,2.21,3,No
2587,Ayaan Saxena 2487,Male,57,IT,Developer,2,2013-10-26,Germany,131319,7,27,15,53,2024,11,3.63,3,No
2588,Peter Mckee 2488,Female,57,Sales,Sales Executive,2,2020-03-11,France,57940,20,2,14,14,2023,4,0.75,3,No
2589,Ananya Singh 2489,Female,35,HR,HR Executive,3,2023-01-27,USA,163714,34,26,11,5,2025,1,5.16,4,No
2590,Pari Joshi 2490,Female,49,Sales,Sales Executive,3,2015-11-15,UK,126544,14,21,10,34,2019,9,1.48,3,No
2591,Cody Bright 2491,Female,46,HR,HR Manager,2,2012-08-24,UK,119437,6,1,1,74,2023,12,4.1,5,No
2592,Rohan Pillai 2492,Other,22,HR,Employee Relations,4,2013-04-15,India,127969,14,30,4,7,2024,11,3.94,4,No
2593,Nicole Roberts 2493,Female,40,Finance,Financial Analyst,3,2021-07-15,USA,142001,5,3,1,56,2024,3,2.07,5,No
2594,Troy Ford 2494,Male,35,Finance,Auditor,5,2009-04-03,Germany,122725,16,17,4,49,2018,15,3.76,3,No
2595,Myra Nair 2495,Female,24,Sales,Sales Executive,4,2019-07-14,Germany,150784,3,8,3,48,2023,5,2.51,4,No
2596,Cody Bright 2496,Other,42,Marketing,SEO Specialist,3,2014-06-01,USA,145675,21,18,9,20,2024,10,3.03,4,No
2597,Riya Mishra 2497,Female,58,IT,Software Engineer,4,2023-09-12,UK,129266,31,25,1,35,2025,1,3.67,3,No
2598,Meera Das 2498,Male,43,HR,HR Manager,3,2016-02-03,India,44236,21,9,14,70,2020,8,3.15,3,No
2599,Devansh Banerjee 2499,Female,46,IT,Data Analyst,4,2021-05-19,Canada,107597,26,21,8,68,2025,3,2.2,4,No
2600,Cody Bright 2500,Female,31,IT,Developer,3,2010-03-24,France,169974,14,14,11,57,2019,14,3.61,2,No
