Age,Attrition,BusinessTravel,DailyRate,Department,DistanceFromHome,Education,EducationField,EmployeeCount,EmployeeNumber,EnvironmentSatisfaction,Gender,HourlyRate,JobInvolvement,JobLevel,JobRole,JobSatisfaction,MaritalStatus,MonthlyIncome,MonthlyRate,NumCompaniesWorked,Over18,OverTime,PercentSalaryHike,PerformanceRating,RelationshipSatisfaction,StandardHours,StockOptionLevel,TotalWorkingYears,TrainingTimesLastYear,WorkLifeBalance,YearsAtCompany,YearsInCurrentRole,YearsSinceLastPromotion,YearsWithCurrManager
21,No,Travel_Rarely,1213,Research & Development,25,3,Other,1,101,4,Male,71,3,1,Cybersecurity Specialist,4,Single,8149,9566,9,Y,No,20,3,2,80,0,23,1,3,15,14,0,13
56,No,Travel_Rarely,892,Sales,18,5,Technical Degree,1,102,2,Male,75,2,1,Sales Executive,4,Married,10171,14109,5,Y,No,23,2,2,80,0,18,3,4,13,12,9,11
44,No,Travel_Rarely,151,Research & Development,13,3,Human Resources,1,103,4,Male,32,1,1,HR Executive,1,Married,11317,3442,4,Y,Yes,21,2,2,80,0,13,4,3,6,6,5,5
47,No,Travel_Rarely,919,Sales,17,2,Marketing,1,104,3,Female,86,3,3,Business Development,4,Married,14275,24707,1,Y,No,19,3,3,80,1,16,2,4,14,11,0,12
22,No,Travel_Frequently,1135,Research & Development,8,4,Human Resources,1,105,4,Female,82,3,5,Cybersecurity Specialist,3,Single,10579,5111,6,Y,No,24,3,2,80,0,15,6,2,10,10,2,10
51,No,Travel_Rarely,145,Research & Development,10,1,Medical,1,106,3,Male,91,4,3,Employee Relations,2,Married,7157,16194,4,Y,Yes,25,3,2,80,2,7,1,3,4,4,0,4
34,No,Non-Travel,1415,Research & Development,14,1,Other,1,107,3,Female,42,4,1,HR Manager,3,Divorced,11535,6086,9,Y,No,25,2,3,80,0,9,2,4,2,0,1,2
22,No,Travel_Rarely,236,Research & Development,29,3,Medical,1,108,2,Female,80,4,2,Support Engineer,2,Married,11641,11054,7,Y,Yes,18,3,4,80,0,11,0,4,9,8,6,9
49,No,Travel_Rarely,1220,Research & Development,19,5,Medical,1,109,4,Female,48,2,3,SEO Analyst,1,Married,10941,23593,4,Y,No,13,3,1,80,3,19,6,3,15,13,5,15
35,No,Travel_Frequently,1035,Sales,19,2,Marketing,1,110,2,Male,88,2,5,Sales Executive,2,Divorced,15348,13501,0,Y,Yes,12,4,3,80,0,3,5,3,2,0,1,0
32,No,Travel_Rarely,261,Research & Development,24,3,Human Resources,1,111,3,Other,91,2,1,HR Executive,4,Married,4124,14485,2,Y,Yes,14,2,1,80,1,8,4,2,2,0,0,0
57,No,Travel_Rarely,1211,Research & Development,5,2,Technical Degree,1,112,2,Male,66,2,2,Data Analyst,1,Single,13990,17115,9,Y,No,12,4,1,80,0,21,3,3,13,11,7,11
48,No,Travel_Frequently,1176,Sales,24,3,Human Resources,1,113,2,Female,44,3,2,Business Development,1,Divorced,12826,19006,0,Y,Yes,20,3,3,80,1,16,6,4,12,11,7,10
40,No,Travel_Rarely,208,Research & Development,18,3,Marketing,1,114,3,Female,99,4,2,HR Executive,1,Married,10584,14061,9,Y,No,17,3,2,80,0,10,2,3,2,2,1,1
59,No,Travel_Frequently,144,Sales,10,3,Life Sciences,1,115,3,Male,41,2,2,Business Development,2,Married,12001,24423,4,Y,No,20,3,3,80,2,2,4,2,1,0,0,0
44,No,Travel_Rarely,964,Research & Development,16,2,Life Sciences,1,116,2,Male,79,4,2,Tester,3,Single,8698,7719,5,Y,Yes,16,3,2,80,1,20,2,4,13,12,1,13
41,No,Non-Travel,1284,Sales,25,3,Life Sciences,1,117,4,Female,76,1,1,Business Development,4,Single,11679,13989,6,Y,Yes,11,3,3,80,1,14,0,4,12,12,6,11
30,No,Travel_Rarely,1408,Research & Development,18,5,Technical Degree,1,118,3,Male,45,3,1,Helpdesk,3,Single,5735,17619,4,Y,Yes,12,2,4,80,2,21,1,4,12,11,0,11
34,No,Travel_Frequently,1072,Sales,9,3,Marketing,1,119,3,Female,45,3,2,Business Development,2,Married,12086,25506,4,Y,No,20,4,1,80,0,7,0,3,3,2,1,1
57,No,Travel_Frequently,926,Research & Development,10,3,Marketing,1,120,4,Male,96,2,3,HR Manager,3,Single,9936,14248,5,Y,No,24,2,3,80,1,8,2,4,6,3,3,5
38,No,Travel_Rarely,417,Sales,22,4,Life Sciences,1,121,1,Female,63,3,1,Sales Executive,3,Single,13172,20948,8,Y,Yes,18,3,1,80,0,11,3,4,7,4,0,7
44,No,Travel_Rarely,866,Research & Development,12,1,Marketing,1,122,3,Other,75,2,3,Support Engineer,3,Single,7091,2387,1,Y,No,20,3,3,80,0,5,2,3,1,0,0,0
34,No,Travel_Rarely,1414,Research & Development,28,3,Marketing,1,123,1,Male,93,3,1,Developer,1,Married,13347,18860,5,Y,No,22,3,4,80,0,14,5,4,14,14,1,12
54,No,Travel_Rarely,530,Sales,5,4,Medical,1,124,4,Female,78,3,2,Business Development,2,Married,14202,10328,9,Y,No,18,4,3,80,2,12,6,3,5,5,3,4
32,No,Travel_Rarely,798,Research & Development,15,1,Technical Degree,1,125,4,Male,50,2,5,Employee Relations,2,Divorced,10933,3654,6,Y,No,23,5,2,80,1,11,3,4,5,2,0,4
42,No,Travel_Rarely,485,Research & Development,23,3,Marketing,1,126,4,Female,82,4,3,Engineer,4,Married,3984,8706,3,Y,Yes,16,1,3,80,1,8,3,4,1,0,0,0
26,No,Non-Travel,1117,Research & Development,7,2,Other,1,127,4,Female,91,4,3,Content Lead,4,Divorced,8287,19319,4,Y,Yes,20,3,2,80,3,6,6,3,4,4,0,3
56,Yes,Travel_Rarely,1055,Sales,20,3,Life Sciences,1,128,2,Female,83,2,2,Account Manager,1,Married,6119,26628,6,Y,Yes,20,4,3,80,1,16,2,3,10,10,6,8
56,No,Travel_Rarely,1001,Research & Development,7,3,Human Resources,1,129,2,Male,32,3,1,Tester,2,Married,8982,5271,7,Y,Yes,24,3,4,80,1,7,2,1,1,0,0,0
42,No,Travel_Frequently,636,Research & Development,3,2,Human Resources,1,130,1,Female,82,3,3,Tester,4,Single,12177,15258,2,Y,Yes,17,3,1,80,3,14,3,2,13,12,5,13
34,No,Travel_Rarely,152,Sales,3,3,Technical Degree,1,131,4,Male,41,3,2,Account Manager,4,Married,10443,8113,2,Y,Yes,12,5,3,80,0,16,2,2,14,11,5,14
36,No,Travel_Frequently,1079,Research & Development,7,2,Marketing,1,132,1,Male,67,3,3,Auditor,1,Single,3091,5821,8,Y,No,11,3,2,80,0,20,4,4,15,13,5,13
56,No,Travel_Rarely,479,Research & Development,1,3,Medical,1,133,1,Male,47,1,2,Data Analyst,4,Married,6624,4911,0,Y,Yes,22,2,4,80,1,4,3,4,1,0,0,1
45,No,Travel_Frequently,213,Research & Development,24,2,Marketing,1,134,4,Female,64,4,3,Employee Relations,4,Married,12604,17024,9,Y,Yes,21,4,2,80,1,15,5,2,12,11,7,10
52,No,Travel_Rarely,1067,Research & Development,27,4,Life Sciences,1,135,1,Female,99,2,3,Tester,4,Single,6332,9940,7,Y,Yes,16,5,4,80,0,15,6,2,15,12,4,15
53,No,Travel_Frequently,1093,Sales,18,1,Other,1,136,1,Female,46,1,3,Sales Executive,4,Married,5584,26095,4,Y,No,23,3,3,80,0,14,3,3,7,6,6,7
56,No,Travel_Rarely,959,Research & Development,1,4,Marketing,1,137,1,Female,50,3,2,Helpdesk,3,Divorced,13626,18192,2,Y,No,20,3,1,80,0,8,2,4,7,4,1,6
40,Yes,Travel_Frequently,1435,Research & Development,6,3,Human Resources,1,138,1,Male,99,3,2,Developer,1,Single,4393,3733,6,Y,Yes,21,4,3,80,2,8,0,2,3,2,2,1
38,No,Non-Travel,357,Research & Development,20,2,Human Resources,1,139,2,Other,76,4,4,Developer,1,Single,4308,20406,3,Y,Yes,13,5,2,80,2,16,4,4,7,5,2,7
58,No,Travel_Frequently,244,Research & Development,7,3,Technical Degree,1,140,1,Female,66,3,1,Support Engineer,3,Married,10218,10344,5,Y,No,11,4,4,80,0,12,2,3,3,3,0,3
23,No,Travel_Frequently,602,Research & Development,12,3,Other,1,141,4,Male,83,2,1,Software Engineer,4,Married,8133,18282,4,Y,No,11,3,3,80,1,2,1,3,2,0,1,1
43,No,Travel_Rarely,1093,Research & Development,3,3,Life Sciences,1,142,1,Female,44,4,1,Cybersecurity Specialist,2,Married,9406,4413,6,Y,No,25,4,4,80,1,10,4,2,10,10,2,10
52,No,Travel_Rarely,1022,Sales,27,2,Technical Degree,1,143,4,Female,40,2,1,Business Development,4,Single,3936,2077,6,Y,No,24,3,2,80,0,24,1,4,15,13,5,15
36,No,Travel_Rarely,959,Research & Development,2,3,Marketing,1,144,4,Male,38,4,2,Software Engineer,3,Single,6801,23103,2,Y,No,13,2,4,80,2,5,6,3,4,3,2,4
25,No,Travel_Rarely,713,Sales,28,2,Other,1,145,2,Male,97,2,4,Business Development,4,Single,6805,16408,4,Y,No,20,3,3,80,1,19,6,3,14,11,0,14
24,No,Travel_Rarely,1413,Research & Development,15,1,Medical,1,146,2,Male,32,1,1,Accountant,1,Single,5606,15851,1,Y,Yes,23,3,2,80,0,13,6,4,10,8,0,10
41,No,Travel_Rarely,1475,Research & Development,27,3,Technical Degree,1,147,1,Male,42,3,3,Financial Analyst,4,Divorced,14790,18881,1,Y,Yes,17,4,3,80,0,10,6,4,3,0,2,2
34,No,Travel_Rarely,873,Research & Development,20,1,Human Resources,1,148,1,Female,35,2,2,Accountant,2,Single,11947,2599,4,Y,Yes,12,4,3,80,3,18,4,2,12,10,3,12
59,No,Non-Travel,361,Research & Development,4,2,Life Sciences,1,149,3,Male,30,2,2,SEO Analyst,1,Single,15089,24472,4,Y,No,14,2,3,80,0,10,6,4,7,6,5,7
51,No,Travel_Rarely,639,Sales,27,1,Marketing,1,150,1,Male,34,3,3,Business Development,4,Divorced,11963,18419,8,Y,Yes,14,3,1,80,0,15,3,4,12,10,1,12
34,No,Travel_Rarely,1259,Research & Development,20,2,Life Sciences,1,151,3,Male,95,2,3,Content Lead,4,Divorced,14312,23734,7,Y,Yes,22,3,4,80,0,16,6,3,12,12,8,10
26,No,Travel_Rarely,1459,Research & Development,19,2,Life Sciences,1,152,3,Other,70,2,1,Tester,2,Single,10675,10944,7,Y,Yes,16,4,2,80,0,7,6,4,1,0,0,0
32,No,Travel_Rarely,589,Research & Development,23,5,Life Sciences,1,153,2,Female,79,3,1,Engineer,4,Married,8453,2489,9,Y,No,25,1,1,80,0,15,4,3,6,6,2,6
36,No,Travel_Frequently,1397,Research & Development,21,1,Human Resources,1,154,4,Male,36,4,4,HR Executive,3,Married,5339,16135,3,Y,No,17,3,1,80,2,23,2,3,15,12,7,14
37,No,Travel_Rarely,321,Research & Development,11,3,Medical,1,155,3,Female,50,2,1,SEO Specialist,2,Single,5726,14866,8,Y,No,24,3,1,80,1,18,6,2,14,14,2,14
43,No,Travel_Frequently,1459,Research & Development,20,2,Technical Degree,1,156,1,Male,82,3,1,Tester,3,Married,12683,19702,0,Y,No,12,4,4,80,1,4,1,4,2,1,0,0
34,No,Travel_Rarely,1092,Research & Development,5,4,Human Resources,1,157,3,Male,49,2,2,Accountant,2,Divorced,13115,11124,5,Y,No,11,3,3,80,0,16,0,3,8,8,3,6
27,No,Travel_Frequently,1246,Research & Development,23,1,Other,1,158,2,Female,94,1,3,Recruitment Specialist,1,Married,12043,9209,4,Y,Yes,16,3,2,80,0,14,1,2,14,14,4,13
52,No,Travel_Frequently,1042,Research & Development,20,5,Medical,1,159,3,Other,61,2,2,Engineer,2,Married,3303,7795,2,Y,No,13,5,2,80,3,6,5,2,5,2,3,5
35,No,Travel_Rarely,1075,Research & Development,12,3,Marketing,1,160,3,Female,35,3,2,Developer,2,Married,6226,8977,0,Y,No,21,3,1,80,0,6,5,3,3,2,0,1
37,No,Travel_Frequently,314,Sales,16,1,Technical Degree,1,161,3,Female,70,2,3,Sales Executive,3,Married,8578,14816,4,Y,No,16,2,4,80,3,15,6,2,10,7,6,8
54,No,Travel_Frequently,514,Sales,29,4,Medical,1,162,3,Male,62,3,3,Business Development,3,Married,4765,26050,0,Y,No,12,2,1,80,1,9,3,2,7,4,4,6
25,No,Travel_Rarely,726,Research & Development,10,3,Marketing,1,163,3,Female,54,3,1,Cybersecurity Specialist,2,Single,9938,23045,5,Y,No,20,4,1,80,1,23,5,4,14,13,3,12
47,No,Non-Travel,825,Research & Development,21,2,Other,1,164,3,Female,53,4,1,Tester,1,Divorced,7258,24632,2,Y,No,23,3,1,80,0,13,3,4,11,9,7,9
43,No,Travel_Rarely,484,Sales,22,4,Technical Degree,1,165,3,Male,41,4,1,Business Development,2,Divorced,4380,17260,2,Y,No,17,3,2,80,1,23,0,2,15,14,1,14
34,No,Travel_Rarely,752,Research & Development,6,4,Other,1,166,2,Male,66,1,1,Engineer,4,Single,8810,19812,2,Y,No,25,3,1,80,2,17,4,4,15,13,6,14
35,No,Travel_Rarely,790,Sales,28,3,Marketing,1,167,1,Other,79,3,1,Sales Executive,2,Single,4225,12258,2,Y,No,22,5,3,80,0,6,5,3,2,1,0,1
53,No,Travel_Rarely,612,Sales,12,2,Human Resources,1,168,2,Male,38,3,3,Business Development,1,Married,13610,8556,9,Y,Yes,20,3,1,80,0,7,6,4,5,5,0,3
51,No,Travel_Frequently,496,Research & Development,7,4,Marketing,1,169,3,Male,96,4,4,Employee Relations,3,Married,11190,14162,9,Y,Yes,23,3,2,80,1,11,4,4,11,8,7,9
55,No,Travel_Rarely,909,Research & Development,10,3,Other,1,170,3,Other,33,1,3,Marketing Executive,4,Divorced,6138,18107,2,Y,No,18,1,3,80,1,12,6,2,8,8,4,8
37,No,Travel_Rarely,384,Research & Development,16,4,Life Sciences,1,171,4,Male,83,3,1,Cybersecurity Specialist,2,Single,4246,23682,1,Y,Yes,15,3,2,80,1,17,3,4,13,12,5,13
48,No,Travel_Rarely,961,Research & Development,29,3,Human Resources,1,172,2,Female,35,4,2,Content Lead,2,Married,6750,7977,4,Y,No,24,2,3,80,1,13,0,4,11,9,4,11
39,No,Travel_Frequently,499,Sales,3,2,Marketing,1,173,3,Male,95,2,2,Account Manager,2,Married,8076,2806,5,Y,Yes,25,4,1,80,1,9,3,3,1,0,0,0
43,No,Travel_Rarely,1228,Research & Development,16,4,Human Resources,1,174,4,Female,66,2,3,SEO Analyst,3,Married,12402,18030,5,Y,Yes,19,4,3,80,0,24,1,4,15,13,8,13
52,No,Travel_Rarely,773,Sales,12,2,Technical Degree,1,175,2,Female,74,3,4,Sales Executive,1,Married,13237,17559,1,Y,No,16,3,2,80,0,4,4,3,1,0,0,0
33,No,Travel_Rarely,602,Research & Development,8,2,Life Sciences,1,176,3,Male,43,4,3,Software Engineer,4,Married,13974,16498,0,Y,No,22,3,3,80,2,5,1,4,3,2,0,3
40,No,Travel_Frequently,139,Research & Development,5,3,Life Sciences,1,177,4,Other,72,3,2,Engineer,1,Single,10484,18708,3,Y,No,13,3,4,80,1,7,1,4,3,1,2,2
55,No,Travel_Rarely,1062,Research & Development,17,3,Marketing,1,178,4,Female,95,3,2,Data Analyst,1,Divorced,6109,4171,9,Y,No,25,3,3,80,2,19,2,1,13,12,8,11
25,No,Travel_Rarely,448,Research & Development,20,1,Technical Degree,1,179,3,Female,36,1,3,Engineer,2,Single,5613,21453,7,Y,No,12,3,3,80,3,8,4,3,7,7,4,7
29,No,Travel_Frequently,321,Sales,27,4,Human Resources,1,180,1,Male,84,3,1,Business Development,4,Single,3234,19915,0,Y,No,17,5,4,80,0,10,3,3,6,4,4,5
49,No,Travel_Rarely,1050,Research & Development,20,3,Marketing,1,181,3,Female,66,2,1,Cybersecurity Specialist,4,Married,5822,17358,6,Y,Yes,11,4,4,80,2,9,3,4,7,5,0,5
26,No,Non-Travel,163,Research & Development,14,3,Medical,1,182,4,Female,45,2,1,HR Executive,3,Married,3705,16745,4,Y,Yes,25,3,2,80,3,12,1,4,4,4,1,4
45,No,Travel_Rarely,1127,Research & Development,24,4,Marketing,1,183,1,Male,46,3,3,Engineer,4,Married,9070,14151,7,Y,No,11,3,3,80,1,18,5,3,11,8,4,10
51,No,Travel_Frequently,978,Research & Development,29,3,Medical,1,184,1,Female,30,2,1,Software Engineer,1,Married,10157,2278,1,Y,No,18,3,3,80,0,10,0,2,2,1,0,2
42,No,Travel_Frequently,1107,Research & Development,26,1,Life Sciences,1,185,2,Female,31,1,1,Tester,2,Married,4187,5648,0,Y,No,23,4,1,80,2,7,2,4,2,0,1,2
22,No,Travel_Rarely,1141,Research & Development,9,2,Marketing,1,186,1,Male,62,3,1,Support Engineer,2,Married,6751,12865,8,Y,Yes,16,3,4,80,2,13,2,2,10,9,0,8
25,No,Travel_Rarely,1123,Sales,19,5,Marketing,1,187,4,Male,42,3,2,Business Development,2,Single,11362,7339,3,Y,No,24,3,3,80,1,9,6,3,1,0,0,1
47,No,Travel_Rarely,1465,Research & Development,12,1,Life Sciences,1,188,4,Female,94,3,2,Software Engineer,1,Divorced,4285,21701,3,Y,Yes,13,1,1,80,1,17,6,4,14,13,6,12
45,No,Travel_Rarely,1133,Sales,11,3,Human Resources,1,189,2,Male,80,4,3,Sales Executive,3,Married,8886,4638,1,Y,No,19,4,3,80,1,16,5,3,13,11,3,11
28,No,Travel_Rarely,881,Research & Development,26,3,Other,1,190,4,Female,62,2,2,Developer,3,Single,14125,18204,1,Y,No,22,4,2,80,0,15,5,2,14,13,4,13
21,No,Travel_Frequently,1046,Research & Development,1,3,Marketing,1,191,4,Other,32,2,4,Tester,4,Married,9472,2999,4,Y,Yes,11,3,3,80,3,9,1,4,9,8,3,8
40,No,Travel_Rarely,1497,Sales,11,1,Technical Degree,1,192,4,Female,89,3,1,Sales Executive,2,Divorced,4358,25620,1,Y,Yes,15,3,3,80,3,23,2,4,14,14,5,13
43,No,Travel_Frequently,1489,Research & Development,29,3,Other,1,193,2,Other,73,1,2,HR Executive,2,Single,7940,14006,5,Y,No,11,2,1,80,0,17,2,4,14,14,1,14
52,No,Travel_Rarely,450,Sales,29,3,Life Sciences,1,194,1,Male,34,4,2,Account Manager,2,Married,15271,22313,6,Y,No,23,4,2,80,1,12,1,4,7,5,3,5
31,No,Travel_Frequently,198,Research & Development,27,5,Human Resources,1,195,2,Male,76,3,1,Support Engineer,2,Married,4554,2494,1,Y,Yes,17,4,1,80,1,13,3,3,10,7,7,8
59,No,Travel_Rarely,928,Research & Development,8,2,Other,1,196,1,Female,72,2,1,Recruitment Specialist,2,Single,3780,24214,7,Y,Yes,11,3,1,80,0,6,1,3,3,1,2,2
44,No,Non-Travel,997,Research & Development,25,3,Life Sciences,1,197,4,Male,76,3,1,Financial Analyst,4,Divorced,4702,23360,8,Y,No,14,2,2,80,3,3,1,4,2,0,1,0
31,No,Travel_Rarely,1157,Sales,20,3,Life Sciences,1,198,3,Female,35,2,3,Account Manager,3,Married,11086,7781,9,Y,No,12,3,2,80,0,16,4,4,14,14,4,12
49,No,Travel_Rarely,448,Research & Development,21,3,Human Resources,1,199,2,Female,89,2,1,Data Analyst,3,Single,6982,11972,2,Y,Yes,20,3,3,80,0,5,3,2,3,0,2,1
46,No,Travel_Rarely,676,Research & Development,4,3,Other,1,200,1,Female,65,3,1,Support Engineer,1,Divorced,14094,6475,3,Y,No,19,3,1,80,2,13,1,3,7,6,3,6
36,No,Travel_Rarely,275,Research & Development,4,2,Human Resources,1,201,1,Male,66,3,3,Software Engineer,2,Married,3941,8144,6,Y,No,13,3,1,80,0,8,4,4,5,3,4,4
55,Yes,Travel_Rarely,146,Sales,11,2,Human Resources,1,202,4,Female,35,3,2,Business Development,3,Divorced,5697,13406,0,Y,Yes,16,3,2,80,1,14,6,3,12,12,6,12
40,No,Travel_Rarely,1341,Sales,29,3,Other,1,203,1,Other,59,3,1,Sales Executive,3,Married,5184,17284,3,Y,No,17,3,3,80,3,7,2,1,3,3,2,3
23,No,Travel_Rarely,1344,Research & Development,19,3,Other,1,204,4,Female,39,3,4,Content Lead,4,Married,4660,7213,0,Y,No,12,3,2,80,1,12,6,3,9,9,2,9
21,No,Non-Travel,1134,Research & Development,26,3,Technical Degree,1,205,4,Male,57,1,1,Recruitment Specialist,4,Married,5798,18450,1,Y,Yes,11,4,3,80,0,2,0,4,2,0,0,1
21,No,Travel_Rarely,289,Research & Development,4,2,Medical,1,206,4,Female,35,4,1,Financial Analyst,1,Married,3669,23470,8,Y,No,12,3,4,80,0,12,3,3,7,5,3,6
37,No,Travel_Rarely,999,Sales,25,2,Other,1,207,1,Female,53,2,1,Business Development,1,Single,10687,23508,1,Y,No,18,3,3,80,3,19,6,3,15,13,7,13
22,No,Travel_Frequently,185,Sales,23,1,Other,1,208,3,Female,81,2,1,Sales Executive,3,Divorced,9451,21139,2,Y,No,23,2,3,80,1,16,4,4,10,9,8,10
49,No,Travel_Rarely,644,Research & Development,6,1,Life Sciences,1,209,2,Other,97,3,1,Developer,1,Single,12377,14983,5,Y,No,19,3,4,80,1,13,5,3,6,3,4,5
40,No,Travel_Rarely,706,Research & Development,28,3,Marketing,1,210,1,Female,74,4,2,Financial Analyst,3,Married,13243,17640,0,Y,No,18,4,1,80,0,8,3,3,6,4,3,4
26,No,Travel_Rarely,429,Research & Development,9,4,Medical,1,211,2,Male,56,1,4,Software Engineer,4,Single,8941,3354,6,Y,No,11,1,2,80,3,17,4,3,14,11,1,14
28,No,Travel_Rarely,518,Sales,11,2,Marketing,1,212,1,Female,97,3,2,Business Development,1,Divorced,10063,26637,7,Y,No,12,3,3,80,1,11,2,3,7,7,2,5
49,No,Travel_Rarely,1304,Research & Development,29,2,Marketing,1,213,4,Male,42,3,1,Content Strategist,3,Married,4244,19322,8,Y,Yes,14,2,2,80,1,13,2,3,6,5,3,5
53,No,Non-Travel,1118,Sales,12,2,Marketing,1,214,2,Female,48,3,4,Account Manager,3,Divorced,5059,16477,8,Y,No,25,3,3,80,1,11,6,1,2,1,0,2
23,No,Non-Travel,1407,Research & Development,18,3,Technical Degree,1,215,4,Female,62,1,1,Support Engineer,4,Married,7733,26944,4,Y,No,18,3,1,80,2,17,0,2,11,9,6,10
55,No,Travel_Rarely,634,Research & Development,20,1,Technical Degree,1,216,1,Male,42,3,2,Developer,3,Divorced,14052,9544,4,Y,No,24,2,4,80,0,11,2,3,5,3,4,3
25,No,Travel_Rarely,1172,Research & Development,9,4,Medical,1,217,1,Female,36,2,1,Support Engineer,2,Married,7635,25987,3,Y,No,25,2,2,80,3,7,5,4,3,1,1,3
47,No,Travel_Rarely,943,Research & Development,24,3,Human Resources,1,218,3,Male,62,1,2,Marketing Executive,2,Married,9567,5610,3,Y,No,19,4,1,80,0,12,2,3,9,7,6,9
32,Yes,Travel_Rarely,832,Research & Development,15,5,Technical Degree,1,219,2,Female,61,3,2,SEO Specialist,3,Married,6698,15020,9,Y,Yes,17,3,3,80,0,8,6,2,8,5,1,8
40,No,Travel_Rarely,1125,Research & Development,17,4,Life Sciences,1,220,1,Male,74,3,2,Engineer,1,Single,8307,25603,0,Y,No,18,3,1,80,0,15,0,4,10,7,3,8
40,No,Travel_Rarely,967,Research & Development,9,3,Medical,1,221,1,Female,85,4,2,Financial Analyst,2,Married,12943,10959,6,Y,No,19,4,1,80,0,19,3,4,11,10,0,9
29,No,Travel_Rarely,253,Research & Development,13,3,Life Sciences,1,222,3,Female,75,1,5,SEO Specialist,2,Divorced,6669,13496,7,Y,No,14,3,2,80,1,3,2,2,2,2,0,1
59,No,Travel_Rarely,244,Research & Development,26,2,Marketing,1,223,3,Male,48,2,1,Recruitment Specialist,2,Married,15113,14288,3,Y,No,22,4,4,80,0,15,3,3,15,14,4,13
24,No,Travel_Rarely,1422,Research & Development,2,3,Life Sciences,1,224,3,Female,63,1,3,Content Lead,2,Divorced,12345,4877,2,Y,Yes,14,5,3,80,0,10,0,1,1,1,0,0
39,No,Travel_Rarely,1438,Research & Development,17,4,Technical Degree,1,225,4,Male,92,2,1,Content Lead,1,Single,7520,20623,2,Y,Yes,24,3,4,80,3,19,1,3,15,15,7,15
58,No,Travel_Rarely,825,Research & Development,18,1,Life Sciences,1,226,3,Male,99,3,2,Employee Relations,4,Married,3793,18148,6,Y,Yes,21,3,3,80,3,7,2,4,4,2,0,2
47,No,Travel_Rarely,906,Sales,26,4,Marketing,1,227,3,Other,83,3,1,Business Development,1,Single,6710,21047,5,Y,No,13,3,1,80,0,7,3,3,4,4,2,4
33,No,Travel_Rarely,637,Research & Development,27,2,Marketing,1,228,2,Female,84,2,4,Support Engineer,4,Married,4064,2100,0,Y,No,17,4,2,80,0,12,5,2,12,9,6,10
33,No,Travel_Frequently,1017,Sales,6,4,Technical Degree,1,229,4,Male,79,3,3,Account Manager,2,Married,12252,22859,0,Y,Yes,24,3,2,80,0,10,4,2,10,9,6,9
42,No,Travel_Rarely,814,Research & Development,2,4,Medical,1,230,4,Female,94,3,2,Engineer,2,Married,9565,2833,0,Y,Yes,22,4,2,80,2,11,5,2,11,9,0,11
48,No,Non-Travel,443,Research & Development,1,3,Human Resources,1,231,1,Female,74,3,5,HR Manager,1,Single,9448,15815,4,Y,No,21,5,4,80,0,9,4,3,2,0,1,0
42,No,Non-Travel,1053,Sales,5,3,Other,1,232,2,Male,59,4,3,Sales Executive,1,Single,12161,12668,0,Y,No,14,4,4,80,1,7,1,1,7,6,2,5
39,No,Travel_Rarely,1152,Research & Development,14,3,Medical,1,233,3,Female,90,2,5,Data Analyst,4,Married,14961,8514,6,Y,Yes,23,4,1,80,0,17,2,4,13,12,2,12
28,No,Travel_Frequently,1238,Research & Development,27,4,Human Resources,1,234,4,Male,88,2,3,Engineer,1,Married,9476,11147,8,Y,No,24,3,3,80,2,24,2,4,15,13,1,15
28,No,Travel_Rarely,1389,Research & Development,18,5,Other,1,235,1,Male,31,3,1,HR Manager,3,Single,12803,26593,2,Y,No,23,4,3,80,1,8,2,3,3,0,2,2
46,No,Travel_Rarely,581,Research & Development,27,4,Technical Degree,1,236,2,Male,59,3,2,Engineer,1,Married,11868,26078,3,Y,Yes,11,2,2,80,0,13,4,4,7,7,6,6
46,No,Travel_Frequently,1233,Research & Development,4,3,Technical Degree,1,237,3,Female,75,3,5,Tester,2,Married,14406,15821,6,Y,Yes,24,3,2,80,0,11,1,3,7,4,4,6
43,No,Travel_Rarely,504,Sales,27,3,Technical Degree,1,238,2,Female,97,1,1,Account Manager,1,Single,13604,20464,1,Y,Yes,18,3,2,80,2,9,4,4,1,0,0,0
33,No,Travel_Rarely,816,Research & Development,14,4,Marketing,1,239,2,Female,48,4,3,Helpdesk,2,Married,11368,15578,3,Y,Yes,11,3,1,80,0,6,2,2,6,6,1,4
48,No,Travel_Rarely,862,Research & Development,15,3,Medical,1,240,3,Female,34,3,1,Content Strategist,3,Married,10358,17282,6,Y,Yes,22,2,2,80,0,10,1,4,4,1,0,2
29,Yes,Travel_Rarely,1257,Research & Development,27,4,Human Resources,1,241,1,Female,86,3,2,Cybersecurity Specialist,2,Single,3469,6828,8,Y,Yes,22,3,3,80,0,16,4,4,11,11,4,10
40,No,Travel_Rarely,1375,Research & Development,27,3,Medical,1,242,3,Female,92,3,1,Data Analyst,1,Married,13289,4588,7,Y,No,13,2,4,80,1,16,5,2,8,7,4,7
39,No,Travel_Rarely,612,Research & Development,24,1,Human Resources,1,243,4,Male,81,3,1,HR Manager,4,Single,11155,10128,3,Y,No,19,3,2,80,1,13,2,3,8,8,7,6
59,No,Travel_Rarely,383,Sales,26,3,Life Sciences,1,244,3,Female,88,4,3,Sales Executive,3,Married,4225,24378,1,Y,No,21,3,1,80,0,4,1,2,3,1,2,3
32,No,Travel_Frequently,825,Research & Development,27,3,Medical,1,245,2,Male,89,3,1,Data Analyst,3,Married,15077,24324,8,Y,No,20,5,4,80,1,12,6,3,4,1,2,2
35,No,Travel_Frequently,223,Sales,22,2,Life Sciences,1,246,1,Other,49,2,1,Sales Executive,1,Divorced,11023,18969,3,Y,No,22,3,3,80,1,18,6,3,15,14,9,13
51,No,Travel_Rarely,1320,Sales,8,2,Technical Degree,1,247,3,Female,62,4,2,Account Manager,3,Married,12713,9980,8,Y,Yes,11,4,4,80,1,9,1,2,1,0,0,0
34,No,Travel_Rarely,1455,Research & Development,21,3,Marketing,1,248,4,Female,41,3,4,Helpdesk,2,Single,4168,18958,8,Y,No,11,2,4,80,2,12,0,4,10,7,5,9
31,No,Travel_Rarely,413,Research & Development,2,1,Marketing,1,249,1,Male,50,1,1,Content Lead,4,Divorced,8280,19536,4,Y,Yes,13,3,3,80,0,4,1,4,2,0,1,1
46,No,Travel_Rarely,709,Sales,17,2,Other,1,250,2,Female,85,3,1,Sales Executive,1,Married,13943,20952,5,Y,Yes,23,3,2,80,1,11,5,3,7,7,1,6
47,No,Travel_Rarely,165,Research & Development,28,3,Medical,1,251,3,Male,52,1,1,Cybersecurity Specialist,3,Single,3779,23297,5,Y,Yes,22,3,1,80,0,22,0,3,15,14,3,14
31,No,Travel_Rarely,344,Research & Development,24,5,Life Sciences,1,252,1,Female,49,3,1,Employee Relations,2,Single,11153,23994,4,Y,No,17,4,3,80,1,22,2,2,14,14,6,14
58,No,Travel_Frequently,1073,Research & Development,17,3,Life Sciences,1,253,1,Female,78,4,2,Marketing Executive,2,Single,4349,3400,9,Y,Yes,22,4,1,80,1,14,0,2,11,8,8,9
54,No,Non-Travel,458,Research & Development,26,5,Human Resources,1,254,2,Female,76,3,5,Software Engineer,3,Divorced,8495,13023,6,Y,No,22,4,4,80,1,19,2,3,12,12,8,12
39,No,Travel_Rarely,1444,Research & Development,25,3,Medical,1,255,1,Female,99,2,2,Developer,1,Married,13977,16338,6,Y,No,23,3,4,80,1,24,2,4,15,12,2,14
26,No,Travel_Rarely,225,Research & Development,20,2,Medical,1,256,1,Female,74,4,1,Recruitment Specialist,2,Married,4478,3961,6,Y,Yes,16,3,4,80,0,11,5,3,7,6,0,5
58,No,Travel_Rarely,831,Research & Development,6,3,Life Sciences,1,257,4,Female,64,4,3,Financial Analyst,3,Married,3234,8599,5,Y,Yes,25,3,1,80,1,21,3,3,13,12,8,12
48,No,Travel_Rarely,1484,Research & Development,6,3,Other,1,258,1,Female,56,2,1,Employee Relations,1,Married,13228,21037,1,Y,Yes,22,2,3,80,0,11,5,4,9,6,7,9
21,No,Non-Travel,382,Sales,19,3,Other,1,259,3,Male,76,3,1,Business Development,1,Divorced,15220,6753,7,Y,Yes,23,4,3,80,0,17,0,2,10,9,6,10
55,No,Travel_Rarely,129,Research & Development,1,1,Life Sciences,1,260,4,Female,61,4,2,Support Engineer,2,Married,11237,2828,9,Y,No,15,4,4,80,2,13,1,2,9,8,5,8
28,No,Travel_Rarely,431,Research & Development,6,3,Other,1,261,4,Male,58,2,1,Developer,1,Married,5148,17418,3,Y,No,21,3,1,80,0,16,1,3,9,6,6,9
27,No,Travel_Rarely,867,Research & Development,26,1,Marketing,1,262,3,Female,82,2,2,SEO Specialist,4,Single,13058,20949,5,Y,No,14,4,2,80,1,15,6,2,6,6,2,5
31,No,Travel_Frequently,484,Research & Development,5,3,Medical,1,263,4,Female,85,3,1,Accountant,2,Married,9420,25532,6,Y,No,15,4,3,80,0,8,5,2,8,5,0,7
59,No,Travel_Frequently,1348,Research & Development,4,2,Marketing,1,264,2,Female,72,2,4,Financial Analyst,1,Married,3705,26173,0,Y,No,15,3,2,80,0,17,6,4,9,6,5,9
24,No,Travel_Frequently,1420,Research & Development,25,3,Technical Degree,1,265,2,Male,33,2,1,Developer,4,Single,12147,6876,5,Y,Yes,21,3,4,80,1,16,5,4,12,12,9,12
45,No,Travel_Frequently,1363,Research & Development,13,3,Technical Degree,1,266,3,Male,93,3,2,Accountant,4,Married,3430,20958,7,Y,No,22,5,4,80,0,16,6,2,14,11,2,13
32,No,Travel_Frequently,1116,Research & Development,20,1,Life Sciences,1,267,1,Female,52,2,1,Employee Relations,2,Married,8089,8741,4,Y,No,17,3,4,80,3,8,5,3,7,4,4,6
46,No,Travel_Rarely,468,Research & Development,17,3,Human Resources,1,268,4,Female,89,3,1,Software Engineer,3,Married,4255,6178,7,Y,No,20,3,3,80,2,6,2,3,4,1,1,3
58,No,Travel_Rarely,1057,Research & Development,26,3,Life Sciences,1,269,3,Other,59,2,2,Employee Relations,1,Married,13110,15227,5,Y,No,16,3,2,80,3,14,0,1,14,14,2,12
32,No,Travel_Frequently,868,Research & Development,13,4,Medical,1,270,4,Male,72,1,4,Employee Relations,4,Single,12747,14167,6,Y,No,25,3,3,80,3,9,4,3,4,1,3,4
57,No,Travel_Frequently,744,Research & Development,22,4,Life Sciences,1,271,2,Female,77,3,2,Tester,2,Married,9871,8349,8,Y,No,23,3,2,80,1,12,1,3,6,4,1,6
44,No,Travel_Rarely,1043,Research & Development,16,3,Marketing,1,272,2,Male,36,3,3,Content Lead,1,Married,4512,12838,6,Y,No,25,3,1,80,2,23,4,4,14,14,9,14
36,No,Travel_Rarely,1194,Research & Development,13,3,Life Sciences,1,273,3,Female,60,4,1,Employee Relations,3,Married,11725,15336,1,Y,No,19,3,3,80,1,17,0,2,11,11,7,11
33,No,Travel_Rarely,381,Research & Development,23,2,Marketing,1,274,4,Female,48,2,1,HR Executive,1,Single,4602,26736,7,Y,Yes,24,3,2,80,0,5,1,3,4,2,1,4
45,No,Travel_Rarely,404,Research & Development,1,2,Technical Degree,1,275,2,Male,81,1,1,Developer,3,Single,7298,16528,0,Y,Yes,13,4,1,80,2,13,4,4,11,8,8,10
24,No,Travel_Rarely,358,Research & Development,25,2,Other,1,276,4,Male,97,1,2,Cybersecurity Specialist,1,Married,7059,24336,0,Y,No,17,5,2,80,0,10,6,4,7,4,5,6
31,Yes,Travel_Rarely,1290,Research & Development,10,3,Marketing,1,277,2,Female,35,3,4,Auditor,1,Divorced,4675,22368,9,Y,Yes,16,3,4,80,1,17,1,4,8,5,7,6
52,No,Non-Travel,788,Sales,18,2,Other,1,278,2,Male,89,3,2,Account Manager,3,Married,6282,17476,5,Y,No,13,4,3,80,1,14,5,1,8,7,2,8
27,No,Travel_Rarely,1393,Research & Development,23,1,Medical,1,279,2,Male,41,4,2,Auditor,3,Divorced,8976,23969,7,Y,No,21,4,1,80,1,23,3,3,14,13,9,13
31,No,Travel_Rarely,631,Research & Development,27,3,Life Sciences,1,280,2,Female,67,4,4,Cybersecurity Specialist,2,Divorced,11272,25000,9,Y,Yes,17,3,1,80,1,15,3,4,8,8,1,8
48,No,Travel_Rarely,527,Research & Development,24,3,Medical,1,281,1,Female,42,1,2,Cybersecurity Specialist,2,Married,6076,7682,0,Y,Yes,22,4,3,80,0,10,6,3,2,0,1,0
43,No,Travel_Rarely,236,Research & Development,24,3,Marketing,1,282,3,Male,57,4,2,Data Analyst,3,Married,5288,17194,0,Y,Yes,17,2,2,80,2,19,2,3,14,14,3,12
43,No,Travel_Rarely,802,Research & Development,17,1,Marketing,1,283,4,Female,34,2,1,Employee Relations,4,Single,10560,19979,4,Y,Yes,20,3,3,80,3,16,0,3,10,8,1,8
48,No,Travel_Rarely,1385,Research & Development,26,3,Marketing,1,284,2,Male,75,3,1,Auditor,1,Married,7787,23431,2,Y,Yes,11,3,4,80,1,9,1,4,2,0,0,1
46,No,Travel_Rarely,549,Research & Development,17,3,Marketing,1,285,2,Female,75,3,3,Data Analyst,3,Married,9767,23277,9,Y,Yes,16,3,2,80,0,8,4,2,2,0,1,0
45,No,Travel_Frequently,204,Sales,10,3,Marketing,1,286,2,Female,56,1,3,Account Manager,4,Single,11773,9256,9,Y,Yes,24,3,3,80,1,8,1,4,2,2,0,2
49,No,Travel_Frequently,398,Research & Development,20,2,Life Sciences,1,287,3,Male,55,2,3,Tester,4,Single,10064,6641,0,Y,No,25,4,3,80,0,12,1,3,4,1,1,2
39,No,Travel_Rarely,931,Sales,2,3,Human Resources,1,288,4,Other,91,3,1,Business Development,2,Married,3171,13047,1,Y,No,24,2,3,80,1,14,5,2,5,4,0,3
53,No,Travel_Rarely,196,Research & Development,10,4,Medical,1,289,3,Male,97,3,1,Developer,2,Married,13400,17726,3,Y,No,21,5,2,80,0,9,4,3,4,1,2,2
56,Yes,Travel_Rarely,911,Sales,28,2,Technical Degree,1,290,3,Male,41,2,3,Sales Executive,1,Single,4060,7642,7,Y,Yes,17,3,2,80,1,15,5,2,15,14,5,15
34,No,Travel_Rarely,104,Sales,20,5,Technical Degree,1,291,2,Male,81,3,4,Account Manager,2,Divorced,9402,5278,5,Y,Yes,23,4,4,80,2,7,4,2,5,2,4,5
34,No,Non-Travel,1264,Research & Development,6,3,Medical,1,292,4,Male,66,2,3,Accountant,1,Married,12572,7618,3,Y,Yes,12,3,4,80,2,8,5,4,4,4,0,2
55,No,Travel_Rarely,1499,Research & Development,3,2,Life Sciences,1,293,2,Female,54,3,1,HR Manager,3,Single,4643,3308,6,Y,No,20,3,4,80,3,15,3,2,7,4,2,6
50,No,Travel_Frequently,611,Sales,10,3,Medical,1,294,3,Female,68,3,1,Sales Executive,1,Married,7009,4781,8,Y,No,25,3,2,80,0,10,2,4,10,10,2,9
48,No,Travel_Frequently,986,Research & Development,28,1,Marketing,1,295,1,Male,96,4,4,Tester,2,Married,5110,25050,5,Y,No,13,3,1,80,3,2,4,2,1,0,0,0
37,No,Travel_Rarely,1029,Sales,19,2,Human Resources,1,296,1,Female,48,4,1,Sales Executive,2,Single,4129,2384,0,Y,No,19,2,1,80,1,16,1,4,14,11,4,12
23,No,Travel_Rarely,283,Research & Development,27,3,Medical,1,297,3,Female,53,4,1,HR Manager,4,Married,10690,7584,7,Y,Yes,18,3,2,80,1,16,6,3,13,11,2,11
36,Yes,Travel_Rarely,1324,Research & Development,17,4,Other,1,298,2,Male,80,2,2,HR Manager,2,Married,4939,7066,2,Y,Yes,21,2,2,80,1,6,3,4,1,1,0,0
50,No,Travel_Rarely,445,Research & Development,12,4,Life Sciences,1,299,2,Female,74,3,1,Financial Analyst,4,Married,4178,12652,4,Y,Yes,11,3,4,80,1,8,0,3,2,0,1,1
49,No,Travel_Rarely,1153,Research & Development,21,3,Marketing,1,300,4,Female,37,3,1,Cybersecurity Specialist,2,Divorced,8576,16526,1,Y,Yes,13,5,1,80,0,19,3,1,13,11,3,12
35,Yes,Travel_Rarely,923,Research & Development,12,2,Medical,1,301,4,Female,74,4,1,Data Analyst,4,Married,5717,9883,0,Y,Yes,13,1,3,80,3,2,6,2,1,0,0,1
45,No,Travel_Rarely,223,Research & Development,23,3,Medical,1,302,1,Female,31,2,4,Recruitment Specialist,1,Single,13088,23213,6,Y,No,21,3,3,80,0,14,3,1,12,11,2,12
58,No,Travel_Rarely,569,Research & Development,28,3,Marketing,1,303,2,Male,59,3,1,Accountant,1,Married,12307,21002,2,Y,No,22,4,2,80,0,15,3,3,15,13,6,14
58,No,Travel_Rarely,1020,Research & Development,27,4,Life Sciences,1,304,3,Male,96,3,4,Data Analyst,1,Married,5204,11707,3,Y,Yes,13,3,3,80,0,10,5,3,10,9,2,10
43,No,Travel_Rarely,423,Sales,6,4,Human Resources,1,305,2,Male,74,2,1,Sales Executive,4,Married,7115,16938,1,Y,No,12,3,2,80,1,17,1,4,12,11,9,12
45,No,Travel_Frequently,383,Research & Development,12,4,Human Resources,1,306,2,Male,55,3,3,Tester,1,Divorced,12940,23134,3,Y,No,15,3,1,80,2,15,4,3,12,9,3,10
27,No,Travel_Rarely,1113,Research & Development,20,3,Marketing,1,307,3,Male,46,2,4,Auditor,3,Single,12377,4760,8,Y,No,24,3,2,80,0,19,2,1,10,9,1,10
42,No,Travel_Frequently,1416,Research & Development,6,3,Technical Degree,1,308,1,Male,67,2,2,Accountant,1,Divorced,14814,21133,8,Y,No,24,2,1,80,0,16,6,4,13,12,1,11
37,No,Travel_Rarely,941,Research & Development,3,2,Life Sciences,1,309,3,Female,96,2,3,Software Engineer,1,Divorced,10142,14303,0,Y,Yes,23,3,3,80,0,22,5,4,14,12,8,12
38,No,Travel_Frequently,172,Research & Development,3,5,Technical Degree,1,310,2,Male,86,1,1,Cybersecurity Specialist,4,Divorced,9404,23792,6,Y,No,13,3,2,80,2,18,6,4,11,10,0,10
30,No,Travel_Rarely,1374,Research & Development,23,2,Other,1,311,3,Male,62,1,2,Developer,1,Married,12061,17485,2,Y,No,22,4,2,80,0,5,6,4,3,3,0,3
30,No,Travel_Rarely,1250,Research & Development,9,1,Technical Degree,1,312,4,Other,93,3,2,Content Lead,2,Married,3113,11215,4,Y,Yes,13,4,4,80,0,8,0,3,6,4,1,5
27,No,Travel_Rarely,996,Sales,1,2,Technical Degree,1,313,4,Male,52,4,4,Business Development,4,Single,11055,26607,4,Y,Yes,21,4,2,80,0,17,2,3,10,7,0,8
58,No,Travel_Rarely,321,Sales,4,4,Life Sciences,1,314,4,Female,41,3,2,Business Development,1,Married,6531,12639,3,Y,Yes,11,3,1,80,3,12,5,2,11,9,2,11
47,Yes,Travel_Rarely,430,Research & Development,12,3,Technical Degree,1,315,4,Female,37,2,1,Software Engineer,3,Married,6594,23582,0,Y,Yes,16,3,3,80,0,15,1,2,6,5,1,5
53,No,Travel_Rarely,252,Research & Development,26,3,Marketing,1,316,3,Male,67,2,1,Cybersecurity Specialist,4,Married,6068,11940,8,Y,Yes,24,3,2,80,3,5,2,2,1,1,0,0
21,No,Travel_Frequently,1454,Sales,5,5,Medical,1,317,1,Female,62,3,4,Business Development,1,Married,8846,18923,4,Y,No,20,3,3,80,1,11,5,2,6,5,2,5
54,No,Travel_Rarely,396,Research & Development,18,4,Marketing,1,318,1,Female,77,4,1,Content Lead,3,Single,10923,15453,1,Y,Yes,24,3,1,80,0,9,6,4,5,4,4,3
24,No,Travel_Frequently,680,Research & Development,16,2,Medical,1,319,4,Female,74,2,2,Recruitment Specialist,4,Married,14001,21321,1,Y,Yes,19,4,3,80,1,7,2,2,7,5,0,6
37,No,Travel_Rarely,830,Research & Development,10,2,Human Resources,1,320,2,Female,52,3,2,Auditor,2,Divorced,7033,23268,3,Y,No,16,3,2,80,1,10,0,2,6,5,1,5
24,No,Travel_Rarely,1180,Research & Development,12,4,Technical Degree,1,321,3,Female,72,3,1,HR Manager,2,Married,11944,14664,1,Y,No,23,3,2,80,0,20,3,3,12,12,0,12
46,No,Travel_Rarely,1126,Research & Development,11,4,Human Resources,1,322,2,Male,54,4,1,Engineer,1,Married,5576,9778,4,Y,Yes,16,3,1,80,2,21,4,4,12,9,5,10
24,No,Non-Travel,1003,Research & Development,19,3,Human Resources,1,323,4,Other,44,3,3,Financial Analyst,3,Married,7662,7093,1,Y,No,14,4,3,80,1,8,6,2,7,5,2,5
21,No,Travel_Rarely,670,Research & Development,5,3,Life Sciences,1,324,3,Female,39,3,3,Auditor,2,Single,6615,8982,3,Y,No,11,3,2,80,3,4,4,3,2,2,0,2
27,No,Travel_Rarely,903,Sales,24,2,Technical Degree,1,325,4,Female,49,1,2,Sales Executive,3,Single,4292,15470,3,Y,No,12,3,1,80,1,17,5,4,12,11,6,11
50,No,Travel_Rarely,794,Sales,3,4,Human Resources,1,326,3,Male,45,2,3,Business Development,2,Married,6716,10213,2,Y,Yes,12,4,3,80,2,3,2,4,1,0,0,0
29,No,Travel_Frequently,690,Research & Development,28,3,Medical,1,327,4,Female,86,3,2,Cybersecurity Specialist,4,Single,12020,6120,9,Y,Yes,20,2,2,80,1,19,0,3,14,11,5,14
55,No,Travel_Rarely,268,Sales,19,3,Medical,1,328,1,Other,75,3,1,Business Development,2,Divorced,3076,11773,6,Y,Yes,23,3,1,80,1,13,4,2,7,7,2,7
28,No,Travel_Rarely,1197,Research & Development,6,1,Other,1,329,3,Female,30,4,3,Developer,3,Divorced,6466,3065,1,Y,No,11,4,4,80,2,11,4,4,9,9,6,7
44,No,Travel_Frequently,670,Research & Development,24,4,Life Sciences,1,330,1,Other,54,3,5,Developer,3,Married,14640,20976,4,Y,No,12,4,1,80,0,5,4,3,2,0,0,2
39,No,Travel_Rarely,1285,Research & Development,17,3,Human Resources,1,331,4,Female,85,2,1,HR Executive,1,Married,5691,4554,1,Y,No,25,1,1,80,0,17,2,3,12,11,4,11
56,No,Non-Travel,188,Research & Development,23,2,Human Resources,1,332,3,Male,75,3,5,Accountant,4,Married,14416,2345,8,Y,No,15,3,1,80,1,7,1,3,7,6,0,6
47,No,Travel_Rarely,1441,Research & Development,13,3,Human Resources,1,333,2,Male,88,3,5,Developer,2,Married,4121,12165,5,Y,No,14,3,1,80,1,3,2,4,3,2,1,2
52,No,Travel_Rarely,169,Research & Development,7,3,Other,1,334,2,Other,91,3,1,HR Manager,4,Single,12049,16236,7,Y,No,18,3,3,80,1,10,2,4,6,4,2,4
34,No,Travel_Rarely,922,Research & Development,19,3,Other,1,335,3,Male,90,4,4,Content Lead,4,Single,10139,6910,5,Y,No,13,3,4,80,1,10,1,1,3,3,2,2
38,No,Travel_Rarely,968,Research & Development,19,3,Life Sciences,1,336,1,Male,37,2,3,Cybersecurity Specialist,3,Married,9893,2466,2,Y,Yes,14,5,2,80,0,13,5,3,13,10,6,13
48,No,Travel_Frequently,711,Research & Development,25,3,Technical Degree,1,337,4,Male,70,3,2,Developer,1,Divorced,6077,12737,6,Y,Yes,18,3,3,80,0,10,6,4,10,8,2,8
49,No,Travel_Rarely,1099,Research & Development,26,4,Human Resources,1,338,1,Male,44,2,1,Engineer,4,Single,4936,5383,1,Y,Yes,11,3,1,80,1,13,4,4,13,13,4,11
36,No,Travel_Frequently,195,Research & Development,12,1,Other,1,339,1,Male,73,2,2,Support Engineer,3,Married,10198,18536,3,Y,Yes,22,3,2,80,0,20,6,3,11,8,3,9
55,Yes,Travel_Frequently,889,Sales,11,2,Human Resources,1,340,3,Female,30,2,3,Sales Executive,2,Divorced,3685,25865,9,Y,Yes,17,2,1,80,1,11,2,1,11,8,3,10
51,No,Non-Travel,1498,Research & Development,17,2,Marketing,1,341,2,Female,94,3,1,Financial Analyst,3,Single,4723,14082,4,Y,No,16,3,4,80,0,19,6,4,11,10,6,11
24,No,Travel_Rarely,452,Research & Development,17,3,Medical,1,342,4,Female,63,4,2,Marketing Executive,1,Married,3910,6202,3,Y,Yes,15,3,1,80,0,6,3,4,5,4,0,3
57,No,Travel_Rarely,1114,Sales,18,3,Other,1,343,1,Female,33,1,3,Business Development,3,Divorced,3536,9369,1,Y,No,11,4,2,80,0,20,4,3,15,12,6,13
37,No,Travel_Rarely,967,Research & Development,15,4,Technical Degree,1,344,2,Male,31,4,1,Accountant,4,Married,12125,4511,1,Y,Yes,25,3,3,80,0,3,5,3,2,1,0,0
59,No,Travel_Rarely,693,Sales,6,3,Technical Degree,1,345,1,Female,68,2,4,Account Manager,3,Single,13792,13150,5,Y,No,12,3,4,80,2,12,4,4,8,7,7,8
46,No,Non-Travel,1343,Research & Development,8,3,Technical Degree,1,346,3,Male,83,3,5,Content Lead,3,Married,8893,4416,8,Y,No,15,3,4,80,1,18,4,3,14,14,7,14
59,No,Travel_Frequently,496,Research & Development,11,5,Human Resources,1,347,3,Male,39,3,2,Auditor,3,Married,13063,16561,6,Y,Yes,24,3,2,80,0,16,2,4,8,5,2,7
24,No,Travel_Rarely,1197,Research & Development,26,2,Marketing,1,348,1,Male,71,3,1,Engineer,4,Married,7841,7037,7,Y,Yes,19,2,4,80,2,10,0,4,7,4,6,7
50,No,Travel_Rarely,598,Research & Development,13,4,Technical Degree,1,349,2,Male,74,2,4,Data Analyst,1,Single,12296,8247,5,Y,Yes,17,4,3,80,0,11,0,3,6,3,2,5
50,No,Travel_Frequently,1189,Research & Development,17,3,Life Sciences,1,350,1,Female,55,4,3,Helpdesk,2,Married,10146,7941,7,Y,Yes,24,4,4,80,1,4,1,4,1,0,0,1
42,No,Travel_Frequently,1393,Sales,28,3,Life Sciences,1,351,4,Other,56,3,1,Business Development,4,Married,4417,17310,9,Y,Yes,17,2,4,80,1,13,0,3,8,8,3,7
31,No,Travel_Rarely,606,Research & Development,17,3,Other,1,352,1,Female,68,4,2,Helpdesk,2,Divorced,4703,11792,3,Y,No,24,4,1,80,3,3,4,4,1,0,0,0
22,No,Travel_Frequently,1025,Research & Development,18,3,Medical,1,353,4,Male,54,4,1,Helpdesk,2,Married,11684,16839,9,Y,Yes,11,3,1,80,0,11,6,3,8,6,6,7
32,No,Travel_Rarely,246,Research & Development,28,2,Marketing,1,354,1,Female,58,4,1,Cybersecurity Specialist,4,Married,11438,8589,6,Y,No,23,3,3,80,0,19,6,4,11,10,5,9
50,No,Travel_Rarely,861,Sales,16,3,Technical Degree,1,355,4,Female,51,2,1,Sales Executive,4,Single,10894,13717,2,Y,No,18,3,1,80,0,2,3,3,2,0,1,1
56,No,Travel_Rarely,787,Research & Development,23,3,Marketing,1,356,2,Male,89,4,2,HR Manager,4,Divorced,2963,23498,2,Y,No,14,3,4,80,1,14,3,2,8,5,6,6
38,No,Travel_Frequently,195,Research & Development,16,4,Life Sciences,1,357,1,Male,81,4,4,Financial Analyst,4,Single,13823,10338,2,Y,No,25,1,3,80,0,12,4,3,10,8,0,10
46,No,Travel_Rarely,989,Research & Development,4,3,Other,1,358,1,Female,50,2,1,Financial Analyst,1,Single,11178,14805,9,Y,Yes,22,3,3,80,0,20,5,3,12,12,3,10
27,No,Travel_Rarely,1453,Sales,17,4,Technical Degree,1,359,4,Male,37,4,3,Account Manager,1,Single,4964,6547,4,Y,Yes,12,2,2,80,1,10,2,3,4,1,3,3
21,Yes,Travel_Rarely,744,Research & Development,8,3,Human Resources,1,360,3,Male,95,3,5,Support Engineer,3,Divorced,9148,3673,5,Y,Yes,17,1,1,80,0,8,6,3,7,7,6,5
46,No,Travel_Rarely,1329,Research & Development,20,3,Life Sciences,1,361,2,Female,47,3,2,Cybersecurity Specialist,2,Married,14639,6727,3,Y,No,16,3,2,80,3,9,2,3,5,5,2,4
43,No,Travel_Rarely,333,Research & Development,7,4,Medical,1,362,3,Male,44,1,3,Accountant,2,Divorced,7708,18554,4,Y,Yes,19,3,2,80,1,8,4,3,8,5,1,6
46,No,Travel_Frequently,782,Research & Development,27,3,Technical Degree,1,363,3,Male,32,1,4,Developer,4,Single,8961,14854,2,Y,Yes,22,3,1,80,1,12,4,3,12,10,0,12
26,No,Travel_Rarely,430,Research & Development,8,5,Medical,1,364,1,Male,88,3,3,Helpdesk,4,Married,3760,10572,7,Y,Yes,19,3,2,80,0,21,6,4,15,12,0,13
26,No,Travel_Frequently,582,Research & Development,1,3,Other,1,365,1,Male,84,2,3,Accountant,2,Married,3883,4678,9,Y,No,14,2,4,80,0,12,1,3,6,6,1,5
28,No,Travel_Rarely,1290,Sales,2,3,Marketing,1,366,1,Male,61,1,1,Business Development,4,Married,8362,5317,5,Y,No,15,3,1,80,1,21,2,4,14,14,5,12
44,No,Travel_Rarely,1105,Research & Development,13,1,Medical,1,367,3,Female,40,2,2,Developer,1,Married,3997,19127,3,Y,No,24,4,1,80,1,22,0,4,15,13,4,14
42,No,Travel_Rarely,599,Research & Development,2,3,Medical,1,368,2,Female,82,4,2,Engineer,3,Married,12250,11864,0,Y,Yes,23,3,2,80,0,11,5,4,5,4,0,4
39,No,Travel_Rarely,926,Research & Development,27,2,Human Resources,1,369,4,Female,58,3,2,Accountant,3,Divorced,13482,23312,9,Y,No,22,4,1,80,2,3,6,3,1,0,0,1
57,No,Travel_Frequently,848,Research & Development,5,3,Medical,1,370,4,Male,96,3,2,Tester,2,Married,8766,25998,2,Y,No,15,3,1,80,2,5,6,2,3,1,1,2
38,No,Travel_Rarely,849,Research & Development,5,2,Human Resources,1,371,4,Female,33,4,4,Support Engineer,1,Divorced,9120,7815,7,Y,No,24,4,1,80,1,11,5,4,10,10,2,9
51,No,Travel_Rarely,193,Research & Development,6,2,Medical,1,372,2,Female,38,2,4,Content Lead,1,Married,7549,10912,1,Y,Yes,18,3,4,80,0,9,0,4,9,7,6,9
57,Yes,Travel_Rarely,1303,Sales,18,2,Human Resources,1,373,3,Male,86,1,1,Business Development,4,Divorced,14060,6328,3,Y,Yes,11,2,1,80,1,22,2,1,15,15,8,14
50,No,Travel_Rarely,449,Research & Development,16,2,Life Sciences,1,374,3,Female,67,2,2,Support Engineer,4,Married,5729,9131,9,Y,No,16,3,2,80,0,19,6,4,14,11,8,12
53,No,Travel_Rarely,1362,Research & Development,24,2,Human Resources,1,375,2,Male,36,4,5,Data Analyst,4,Married,4933,24910,4,Y,Yes,15,3,3,80,0,13,3,4,9,8,5,9
30,No,Travel_Rarely,302,Sales,17,4,Life Sciences,1,376,1,Female,94,3,2,Sales Executive,3,Single,13525,11072,5,Y,No,12,3,2,80,0,5,4,3,5,2,2,5
57,No,Travel_Rarely,313,Research & Development,9,4,Life Sciences,1,377,2,Male,64,3,3,Engineer,3,Divorced,5462,17499,1,Y,No,14,3,4,80,0,7,5,4,3,3,0,2
32,No,Travel_Rarely,1389,Sales,21,3,Other,1,378,3,Female,76,3,2,Business Development,1,Single,14700,18941,6,Y,Yes,17,1,3,80,0,15,1,4,6,4,2,5
50,No,Travel_Rarely,206,Sales,26,4,Technical Degree,1,379,4,Female,63,2,2,Business Development,1,Single,6836,16696,8,Y,No,12,3,3,80,0,12,1,4,5,3,1,5
47,No,Travel_Rarely,950,Research & Development,8,2,Life Sciences,1,380,4,Male,92,3,1,Developer,1,Married,15189,17206,8,Y,Yes,16,4,3,80,2,22,5,2,15,12,1,13
59,No,Travel_Rarely,473,Research & Development,8,4,Technical Degree,1,381,4,Male,38,2,1,Developer,4,Married,5819,24287,3,Y,No,15,5,4,80,0,10,6,3,1,0,0,0
29,No,Travel_Rarely,1394,Research & Development,2,2,Human Resources,1,382,1,Female,48,2,4,Accountant,3,Married,6546,13717,9,Y,No,22,3,1,80,0,7,1,4,2,1,0,0
41,No,Travel_Frequently,1439,Research & Development,9,2,Other,1,383,1,Female,55,2,1,Financial Analyst,4,Married,4446,4606,3,Y,Yes,22,1,3,80,1,13,0,4,12,9,4,11
32,No,Travel_Frequently,1158,Research & Development,6,3,Marketing,1,384,2,Female,75,2,2,Accountant,4,Married,6361,22923,1,Y,No,11,2,4,80,1,6,6,3,5,4,4,4
49,No,Travel_Rarely,646,Sales,19,2,Technical Degree,1,385,4,Female,85,2,3,Sales Executive,3,Divorced,9122,18952,8,Y,Yes,11,4,1,80,0,15,5,4,14,14,0,14
53,No,Non-Travel,1124,Research & Development,1,3,Other,1,386,1,Male,39,1,2,Software Engineer,4,Married,5068,12302,4,Y,No,18,4,4,80,3,16,3,2,9,7,2,9
35,No,Travel_Frequently,658,Sales,25,3,Marketing,1,387,3,Male,72,4,2,Sales Executive,3,Divorced,15140,23789,6,Y,Yes,23,4,4,80,0,19,3,3,12,11,4,10
22,No,Travel_Rarely,1232,Sales,19,4,Other,1,388,2,Female,59,2,4,Account Manager,2,Married,10623,26300,2,Y,No,25,3,4,80,3,11,5,4,4,1,2,4
59,No,Travel_Rarely,1234,Research & Development,1,3,Human Resources,1,389,3,Female,69,3,3,Accountant,1,Single,5151,22953,7,Y,No,19,4,1,80,0,9,1,3,9,9,4,7
38,No,Travel_Frequently,1368,Research & Development,21,2,Technical Degree,1,390,3,Male,84,2,5,Helpdesk,2,Married,14817,16419,6,Y,No,17,4,1,80,0,11,4,3,3,3,1,1
23,No,Travel_Rarely,1397,Research & Development,24,3,Human Resources,1,391,4,Female,87,2,2,Tester,1,Single,13110,22484,7,Y,Yes,19,3,2,80,3,10,4,2,1,0,0,1
27,No,Travel_Rarely,1149,Research & Development,13,2,Marketing,1,392,3,Male,60,3,3,Content Lead,1,Divorced,3649,7774,1,Y,No,12,4,3,80,1,9,5,2,6,4,1,4
38,No,Travel_Rarely,415,Sales,29,3,Human Resources,1,393,4,Male,76,3,1,Business Development,2,Married,7057,10057,7,Y,No,20,2,2,80,2,23,4,2,15,14,4,15
58,No,Travel_Rarely,757,Research & Development,7,1,Marketing,1,394,2,Female,66,2,1,HR Manager,3,Married,13712,26350,0,Y,No,20,3,4,80,1,16,1,4,10,8,6,8
57,No,Travel_Rarely,418,Research & Development,21,3,Life Sciences,1,395,3,Female,86,3,1,Software Engineer,4,Single,3701,22906,9,Y,Yes,23,5,1,80,0,16,4,3,14,11,7,12
53,No,Travel_Rarely,652,Sales,13,3,Marketing,1,396,4,Female,86,1,2,Business Development,2,Married,14763,6106,5,Y,No,18,2,2,80,2,16,2,2,7,6,5,6
51,No,Travel_Rarely,821,Research & Development,18,3,Marketing,1,397,3,Male,32,2,1,Cybersecurity Specialist,1,Married,15090,20411,5,Y,Yes,25,3,1,80,0,13,1,4,4,3,3,4
31,No,Travel_Frequently,1166,Research & Development,2,5,Life Sciences,1,398,1,Male,58,3,4,Recruitment Specialist,3,Single,10219,20175,9,Y,Yes,24,3,2,80,1,12,3,2,10,7,6,10
24,No,Travel_Rarely,835,Research & Development,3,4,Technical Degree,1,399,1,Male,74,3,3,SEO Specialist,2,Divorced,4454,20482,9,Y,No,16,4,1,80,0,6,0,4,5,2,4,5
38,No,Travel_Rarely,1417,Research & Development,6,3,Medical,1,400,3,Other,31,2,1,SEO Analyst,3,Married,14516,3419,6,Y,Yes,17,3,1,80,0,10,5,4,4,3,1,4
24,No,Travel_Rarely,1373,Research & Development,28,3,Technical Degree,1,401,1,Male,44,3,1,Support Engineer,2,Single,12100,16838,3,Y,No,17,4,2,80,2,10,2,3,3,3,2,2
54,No,Travel_Rarely,1435,Research & Development,13,2,Medical,1,402,2,Male,47,3,3,Data Analyst,2,Married,4430,20804,7,Y,No,25,3,1,80,1,1,6,1,1,0,0,0
49,No,Travel_Rarely,1088,Research & Development,20,3,Life Sciences,1,403,1,Female,58,3,3,Developer,3,Single,4271,11170,1,Y,Yes,16,3,4,80,1,19,0,4,13,12,1,12
44,No,Travel_Frequently,788,Sales,28,2,Technical Degree,1,404,2,Female,69,1,3,Account Manager,3,Married,4758,7522,7,Y,Yes,14,1,3,80,0,7,2,4,6,3,0,5
42,No,Travel_Frequently,524,Research & Development,29,2,Human Resources,1,405,4,Female,32,4,2,Data Analyst,3,Single,14643,12112,6,Y,No,13,4,2,80,0,16,1,4,10,9,5,10
22,No,Non-Travel,823,Research & Development,9,5,Other,1,406,2,Male,87,1,1,Employee Relations,3,Married,13699,11869,9,Y,No,23,3,4,80,1,10,3,4,5,5,4,3
26,No,Travel_Frequently,1311,Research & Development,3,3,Human Resources,1,407,4,Female,67,3,3,Data Analyst,2,Married,7854,5408,5,Y,Yes,22,3,2,80,3,19,2,4,11,8,8,11
45,No,Non-Travel,454,Research & Development,22,3,Technical Degree,1,408,1,Male,58,3,3,Support Engineer,4,Divorced,3900,16913,7,Y,Yes,19,2,1,80,2,7,1,2,1,0,0,1
41,No,Travel_Rarely,698,Sales,15,2,Human Resources,1,409,4,Male,60,2,3,Sales Executive,3,Single,6512,7734,1,Y,Yes,15,4,2,80,0,13,3,2,5,4,2,4
36,No,Travel_Rarely,411,Research & Development,4,3,Life Sciences,1,410,1,Female,94,4,1,Data Analyst,2,Single,9106,24008,7,Y,No,22,3,3,80,0,10,0,3,6,6,4,5
51,No,Travel_Frequently,728,Research & Development,17,1,Human Resources,1,411,4,Male,72,3,3,Employee Relations,3,Single,11814,2421,9,Y,No,23,4,2,80,1,15,6,2,10,8,8,10
34,No,Non-Travel,673,Sales,17,1,Other,1,412,2,Female,56,3,5,Account Manager,4,Single,11070,9124,3,Y,No,11,3,4,80,1,10,2,4,5,5,0,5
59,No,Travel_Rarely,711,Sales,13,1,Other,1,413,3,Male,56,2,1,Account Manager,2,Married,13310,10371,6,Y,No,11,2,4,80,1,3,1,2,1,0,0,0
48,No,Travel_Rarely,1279,Research & Development,27,3,Human Resources,1,414,3,Male,98,1,3,Marketing Executive,4,Married,13613,11622,9,Y,No,18,3,3,80,2,16,2,3,14,11,6,13
52,No,Travel_Rarely,1160,Research & Development,29,3,Medical,1,415,3,Male,32,4,1,HR Executive,2,Single,9267,16429,7,Y,No,15,4,2,80,0,5,4,2,5,2,3,3
48,No,Travel_Rarely,887,Sales,11,1,Other,1,416,4,Female,58,2,1,Account Manager,2,Single,12325,4624,2,Y,No,24,4,3,80,0,13,2,4,10,10,1,10
29,No,Travel_Rarely,646,Research & Development,29,3,Medical,1,417,3,Female,42,2,2,Marketing Executive,3,Married,10863,13470,7,Y,Yes,15,3,2,80,3,3,5,3,1,1,0,0
42,No,Travel_Rarely,1450,Sales,8,2,Marketing,1,418,1,Female,89,1,4,Sales Executive,4,Married,3832,19827,0,Y,No,21,5,3,80,1,17,3,4,11,8,1,11
52,No,Non-Travel,453,Research & Development,3,3,Life Sciences,1,419,1,Female,96,1,1,Auditor,1,Married,3949,16837,8,Y,No,12,3,1,80,1,8,6,4,3,1,0,2
25,No,Travel_Rarely,1385,Research & Development,18,5,Human Resources,1,420,2,Other,99,2,5,Helpdesk,4,Divorced,3321,19213,1,Y,No,18,3,2,80,0,20,5,2,12,9,3,10
43,No,Travel_Rarely,118,Research & Development,1,3,Life Sciences,1,421,4,Female,76,4,3,Developer,1,Married,5780,12938,1,Y,No,22,3,2,80,1,22,4,3,13,11,5,11
25,Yes,Travel_Rarely,1485,Research & Development,8,4,Life Sciences,1,422,2,Male,97,3,2,Tester,4,Married,9783,8593,4,Y,Yes,16,3,3,80,1,4,5,2,2,2,1,1
52,No,Travel_Rarely,1131,Research & Development,9,4,Medical,1,423,3,Male,62,3,2,Accountant,3,Single,6493,15492,7,Y,No,11,3,4,80,1,18,3,3,13,10,5,11
30,No,Non-Travel,883,Research & Development,17,3,Other,1,424,4,Female,35,4,2,Auditor,4,Married,14499,5564,0,Y,Yes,19,3,2,80,1,9,0,3,1,0,0,0
59,No,Travel_Rarely,1496,Sales,8,3,Human Resources,1,425,2,Female,93,2,4,Business Development,4,Divorced,10068,3802,2,Y,No,22,3,3,80,1,13,6,4,4,3,2,4
35,No,Travel_Frequently,1242,Research & Development,11,4,Marketing,1,426,1,Male,99,4,1,Tester,1,Divorced,8846,14906,7,Y,Yes,16,2,4,80,3,4,4,4,2,2,0,1
27,No,Travel_Rarely,556,Research & Development,1,3,Technical Degree,1,427,3,Female,80,2,2,HR Manager,1,Married,13597,4671,6,Y,No,23,3,1,80,1,13,4,3,5,5,0,5
49,No,Travel_Rarely,1025,Research & Development,26,2,Marketing,1,428,3,Male,96,2,1,Support Engineer,4,Single,14520,20569,5,Y,Yes,13,3,4,80,0,12,3,3,10,7,1,8
23,No,Travel_Rarely,1132,Research & Development,2,4,Medical,1,429,3,Female,51,2,1,Marketing Executive,3,Divorced,5710,22483,0,Y,No,16,3,4,80,0,1,6,1,1,0,0,1
39,No,Travel_Rarely,1291,Research & Development,15,3,Marketing,1,430,2,Female,53,3,3,Auditor,1,Single,14917,13154,3,Y,Yes,14,4,4,80,3,14,1,2,12,9,1,10
30,No,Travel_Frequently,1056,Research & Development,28,2,Medical,1,431,3,Female,94,2,1,Accountant,3,Single,3055,26373,2,Y,Yes,23,2,4,80,1,14,2,4,10,8,3,8
48,No,Travel_Frequently,1486,Sales,17,3,Medical,1,432,1,Female,82,3,1,Sales Executive,1,Single,12697,24438,9,Y,No,19,4,3,80,0,8,6,3,1,0,0,1
49,No,Travel_Frequently,651,Sales,29,4,Life Sciences,1,433,3,Male,70,2,1,Business Development,2,Married,6654,2465,9,Y,Yes,23,4,2,80,0,11,0,4,11,9,3,11
35,No,Travel_Frequently,946,Research & Development,15,3,Other,1,434,2,Other,61,3,1,Data Analyst,2,Married,7565,10191,6,Y,Yes,18,3,1,80,0,13,0,2,10,8,3,9
55,No,Travel_Frequently,366,Sales,29,3,Human Resources,1,435,2,Female,98,3,3,Sales Executive,2,Single,4610,14651,7,Y,Yes,12,3,4,80,0,13,1,4,4,2,0,3
26,Yes,Travel_Rarely,428,Research & Development,29,4,Technical Degree,1,436,3,Male,74,4,2,Auditor,2,Married,3418,16933,6,Y,Yes,13,3,3,80,3,14,3,1,7,6,3,7
32,No,Non-Travel,1139,Research & Development,18,3,Medical,1,437,3,Female,61,4,3,Developer,2,Married,6233,6669,4,Y,Yes,25,3,4,80,0,19,0,3,14,13,4,12
58,No,Travel_Rarely,380,Research & Development,12,3,Medical,1,438,2,Female,57,3,2,Tester,2,Divorced,13608,25580,8,Y,Yes,18,3,3,80,0,17,2,4,14,11,8,12
33,No,Travel_Rarely,1104,Research & Development,14,3,Life Sciences,1,439,1,Male,43,4,1,Financial Analyst,3,Married,7112,13470,3,Y,Yes,12,3,1,80,1,4,1,4,2,0,0,1
49,No,Travel_Rarely,577,Research & Development,12,3,Technical Degree,1,440,1,Male,42,3,3,Software Engineer,3,Divorced,12367,13179,2,Y,Yes,20,3,4,80,1,2,6,3,2,2,0,2
39,No,Travel_Rarely,1420,Research & Development,2,3,Medical,1,441,3,Female,79,3,1,HR Manager,1,Married,3642,11727,7,Y,No,18,3,2,80,3,10,4,4,1,0,0,0
23,No,Travel_Rarely,1093,Sales,28,3,Human Resources,1,442,3,Male,69,2,2,Business Development,4,Single,3575,9562,0,Y,No,18,4,2,80,1,12,2,3,5,2,2,4
28,No,Travel_Rarely,164,Research & Development,21,3,Human Resources,1,443,3,Male,30,2,1,Cybersecurity Specialist,4,Single,8252,9891,9,Y,Yes,15,2,4,80,0,7,5,4,6,4,5,6
28,No,Travel_Frequently,259,Research & Development,29,5,Life Sciences,1,444,2,Female,76,2,1,HR Executive,4,Married,10123,9642,1,Y,No,25,5,4,80,3,19,3,3,13,13,4,11
40,No,Travel_Rarely,1299,Research & Development,26,2,Medical,1,445,4,Male,59,3,2,Financial Analyst,4,Divorced,12919,11586,9,Y,Yes,15,2,2,80,2,8,3,4,6,4,1,5
24,No,Travel_Rarely,1248,Sales,29,2,Technical Degree,1,446,4,Female,63,3,1,Account Manager,2,Single,3174,12382,4,Y,No,18,3,1,80,0,6,1,3,2,2,1,2
41,No,Travel_Frequently,174,Research & Development,16,3,Life Sciences,1,447,2,Male,75,2,2,Developer,4,Divorced,4993,8786,8,Y,Yes,24,3,4,80,0,17,4,3,12,9,2,12
23,No,Non-Travel,652,Research & Development,19,4,Life Sciences,1,448,3,Male,30,2,2,Recruitment Specialist,2,Married,14622,23531,5,Y,Yes,17,2,4,80,3,14,5,4,12,11,0,12
28,No,Travel_Rarely,604,Research & Development,29,2,Marketing,1,449,4,Female,63,2,4,Developer,4,Single,13291,21571,6,Y,Yes,24,4,3,80,0,12,4,4,7,6,1,5
43,No,Travel_Rarely,1462,Research & Development,1,2,Life Sciences,1,450,2,Male,88,2,2,Tester,1,Single,10625,23940,2,Y,No,25,3,4,80,0,12,6,3,6,3,3,6
36,No,Travel_Rarely,981,Research & Development,26,1,Marketing,1,451,2,Male,36,3,1,Data Analyst,3,Single,10725,19135,4,Y,No,22,2,4,80,0,17,5,4,8,7,0,7
33,No,Travel_Rarely,672,Research & Development,2,3,Marketing,1,452,1,Male,94,2,2,Developer,2,Married,11068,25075,3,Y,No,24,3,1,80,1,12,1,2,6,3,1,5
23,No,Travel_Rarely,1258,Research & Development,12,2,Other,1,453,2,Female,71,3,2,Marketing Executive,3,Married,14946,4330,4,Y,Yes,18,3,3,80,1,10,1,3,9,6,2,9
29,No,Travel_Rarely,1048,Research & Development,4,3,Medical,1,454,3,Male,48,2,1,Auditor,4,Married,5941,26973,3,Y,Yes,11,5,1,80,0,11,5,4,10,7,5,8
34,No,Travel_Rarely,1101,Research & Development,7,3,Human Resources,1,455,1,Female,42,2,1,SEO Analyst,3,Single,5204,14418,5,Y,Yes,21,3,4,80,0,4,1,3,2,0,1,0
33,No,Travel_Frequently,713,Research & Development,28,4,Technical Degree,1,456,4,Male,52,2,2,Accountant,4,Married,11990,12370,3,Y,Yes,17,3,4,80,0,13,5,3,7,6,3,7
27,No,Travel_Rarely,152,Research & Development,17,3,Other,1,457,2,Male,95,1,3,Helpdesk,3,Married,7974,5670,5,Y,No,17,2,3,80,1,5,6,3,5,5,0,3
35,No,Travel_Rarely,327,Research & Development,5,2,Life Sciences,1,458,1,Female,32,2,1,Tester,3,Single,14034,15121,7,Y,Yes,12,3,3,80,0,8,6,2,1,0,0,1
27,No,Travel_Frequently,199,Research & Development,2,3,Other,1,459,2,Female,65,2,3,Employee Relations,4,Divorced,6088,4235,8,Y,Yes,23,3,1,80,0,6,6,4,3,1,1,1
58,No,Non-Travel,1021,Research & Development,13,5,Medical,1,460,2,Male,78,2,1,Software Engineer,4,Single,13889,10613,5,Y,No,19,5,4,80,0,9,4,3,4,1,3,2
54,No,Travel_Rarely,928,Research & Development,28,3,Technical Degree,1,461,1,Male,86,3,2,Engineer,2,Married,10804,13388,6,Y,Yes,22,3,4,80,1,16,3,4,12,12,1,12
42,No,Travel_Rarely,1472,Sales,8,5,Life Sciences,1,462,4,Other,93,2,5,Sales Executive,3,Single,4168,3665,1,Y,No,25,4,1,80,1,2,3,3,2,0,0,1
44,No,Travel_Rarely,1158,Research & Development,18,4,Human Resources,1,463,2,Female,40,3,5,Content Strategist,2,Single,3512,4162,3,Y,No,23,5,1,80,3,11,2,4,7,4,6,6
57,No,Travel_Rarely,358,Research & Development,4,1,Human Resources,1,464,3,Male,70,3,2,Developer,4,Married,11350,22942,3,Y,Yes,22,3,3,80,0,5,5,1,1,0,0,0
21,Yes,Travel_Rarely,1489,Research & Development,6,3,Marketing,1,465,4,Male,35,3,1,Recruitment Specialist,4,Married,6393,7953,8,Y,Yes,24,2,4,80,3,9,3,2,3,3,0,2
30,No,Travel_Rarely,419,Sales,9,2,Marketing,1,466,4,Male,74,3,4,Sales Executive,1,Single,9019,6195,5,Y,Yes,25,2,4,80,0,20,1,2,12,11,2,11
36,No,Travel_Rarely,238,Research & Development,10,3,Technical Degree,1,467,2,Male,86,3,1,Developer,1,Married,14241,11691,7,Y,No,16,3,1,80,2,17,2,4,9,8,8,8
28,No,Travel_Frequently,229,Sales,4,2,Life Sciences,1,468,4,Female,62,2,4,Sales Executive,1,Married,11928,10909,9,Y,Yes,18,3,4,80,2,11,5,4,11,10,5,11
45,No,Travel_Rarely,1060,Research & Development,4,2,Marketing,1,469,1,Male,90,1,3,Cybersecurity Specialist,4,Married,8086,21485,6,Y,No,24,2,4,80,3,18,0,3,14,11,7,12
32,No,Non-Travel,1086,Research & Development,7,4,Medical,1,470,1,Male,47,3,4,Developer,3,Divorced,11972,2903,1,Y,Yes,23,3,3,80,0,5,6,3,2,1,0,1
45,No,Travel_Rarely,907,Research & Development,14,2,Other,1,471,4,Female,36,3,3,SEO Specialist,4,Married,7502,12847,4,Y,No,25,3,4,80,0,11,4,4,5,5,4,4
37,No,Travel_Rarely,717,Research & Development,12,4,Other,1,472,2,Female,58,3,5,Cybersecurity Specialist,4,Divorced,7651,19149,8,Y,Yes,16,1,3,80,1,8,2,3,4,3,0,2
46,No,Travel_Rarely,1010,Research & Development,15,1,Other,1,473,3,Male,98,4,2,Developer,1,Married,12315,3811,9,Y,No,17,3,4,80,1,13,5,4,12,10,1,12
34,No,Travel_Rarely,198,Research & Development,17,1,Marketing,1,474,2,Female,45,3,1,Accountant,3,Divorced,7743,17209,9,Y,Yes,13,2,4,80,1,6,0,3,3,0,1,3
56,No,Travel_Rarely,873,Research & Development,21,4,Technical Degree,1,475,2,Female,98,2,2,Employee Relations,2,Married,8575,6174,5,Y,Yes,12,3,4,80,1,14,1,4,5,3,2,5
43,No,Travel_Rarely,965,Research & Development,21,3,Medical,1,476,2,Male,58,3,2,Marketing Executive,1,Single,9340,26766,8,Y,No,14,2,1,80,0,9,3,2,6,5,0,4
26,No,Non-Travel,120,Sales,13,3,Human Resources,1,477,4,Female,58,4,2,Sales Executive,4,Single,3384,23325,8,Y,No,14,4,4,80,1,10,3,3,1,0,0,1
25,No,Non-Travel,951,Sales,1,2,Medical,1,478,4,Female,45,3,4,Business Development,4,Married,6722,13929,1,Y,No,22,2,4,80,0,4,2,2,2,0,1,1
45,No,Travel_Frequently,1478,Sales,22,3,Other,1,479,2,Male,33,4,2,Business Development,3,Divorced,7545,22376,2,Y,No,23,4,2,80,1,5,5,4,1,1,0,0
38,No,Travel_Rarely,802,Research & Development,13,3,Technical Degree,1,480,3,Female,94,2,3,Tester,2,Single,14661,2824,9,Y,Yes,22,3,2,80,3,10,0,3,3,3,0,3
33,No,Travel_Rarely,407,Sales,16,3,Human Resources,1,481,2,Male,30,2,1,Business Development,3,Married,13615,16034,1,Y,Yes,23,3,3,80,2,9,3,2,8,8,4,6
34,No,Travel_Rarely,1321,Research & Development,13,3,Life Sciences,1,482,3,Female,32,2,5,Developer,3,Married,9245,6923,4,Y,No,25,3,4,80,1,9,6,2,8,8,0,8
48,No,Travel_Frequently,557,Research & Development,9,5,Technical Degree,1,483,2,Male,93,3,1,Auditor,2,Married,8906,11747,7,Y,No,15,3,3,80,0,12,6,4,4,1,1,2
38,No,Travel_Rarely,856,Sales,23,3,Marketing,1,484,3,Female,95,2,1,Business Development,2,Single,7713,6210,5,Y,No,25,2,2,80,0,10,5,1,6,6,4,5
48,No,Travel_Rarely,620,Research & Development,18,4,Technical Degree,1,485,2,Female,86,3,3,Financial Analyst,1,Single,12505,5353,7,Y,Yes,17,4,3,80,0,13,1,3,12,9,0,11
47,No,Travel_Rarely,734,Research & Development,16,3,Technical Degree,1,486,1,Male,47,2,3,Financial Analyst,3,Single,10768,9160,0,Y,Yes,24,4,4,80,3,10,0,2,9,8,0,9
52,No,Non-Travel,1155,Research & Development,20,3,Technical Degree,1,487,4,Female,68,3,2,Cybersecurity Specialist,1,Single,12455,4527,8,Y,No,13,5,2,80,0,16,0,3,14,11,0,12
29,No,Travel_Frequently,1481,Research & Development,12,1,Human Resources,1,488,2,Male,36,4,2,Content Strategist,3,Single,4416,22246,6,Y,No,16,3,4,80,2,15,3,3,7,4,6,6
52,No,Non-Travel,1235,Research & Development,8,3,Technical Degree,1,489,4,Male,84,2,2,Software Engineer,3,Single,13022,24029,3,Y,No,23,3,3,80,0,7,2,3,2,1,1,0
40,Yes,Travel_Frequently,823,Research & Development,1,4,Life Sciences,1,490,2,Male,46,2,1,Auditor,1,Single,3223,16421,7,Y,Yes,18,3,3,80,1,11,2,3,11,9,4,10
48,No,Travel_Frequently,1382,Research & Development,13,2,Technical Degree,1,491,4,Female,97,2,3,HR Manager,1,Married,6275,2733,6,Y,No,24,3,1,80,2,11,2,3,2,2,1,2
53,No,Travel_Frequently,1009,Sales,22,2,Marketing,1,492,1,Male,65,2,3,Account Manager,3,Divorced,3391,26155,4,Y,Yes,18,4,2,80,1,5,3,4,3,0,2,3
24,No,Travel_Rarely,376,Research & Development,19,2,Other,1,493,4,Male,30,3,2,Software Engineer,4,Divorced,7791,4597,4,Y,Yes,19,3,3,80,2,12,4,4,8,7,5,7
54,No,Travel_Rarely,427,Research & Development,13,2,Medical,1,494,1,Female,64,3,2,Content Lead,2,Single,4865,19592,0,Y,No,22,4,2,80,1,13,1,3,10,8,7,9
23,No,Travel_Frequently,215,Research & Development,3,4,Human Resources,1,495,4,Female,46,3,1,Developer,3,Single,4102,19949,8,Y,No,12,3,1,80,1,19,1,4,15,12,7,13
46,No,Travel_Rarely,1361,Research & Development,28,4,Marketing,1,496,2,Male,57,2,2,Accountant,1,Divorced,14036,5826,5,Y,No,14,3,2,80,2,9,2,4,9,8,4,8
28,No,Travel_Rarely,1421,Research & Development,1,3,Life Sciences,1,497,3,Male,61,2,4,Data Analyst,4,Married,12289,13138,1,Y,Yes,11,5,3,80,0,13,2,3,13,13,3,13
26,No,Non-Travel,963,Research & Development,14,1,Technical Degree,1,498,4,Female,84,2,3,Developer,3,Divorced,3480,10951,7,Y,Yes,17,4,2,80,1,15,1,3,14,14,1,13
36,No,Travel_Frequently,651,Research & Development,24,3,Human Resources,1,499,1,Male,64,2,2,Employee Relations,3,Married,12402,14227,8,Y,Yes,16,3,1,80,1,11,6,4,3,1,2,3
44,No,Non-Travel,1181,Research & Development,21,3,Other,1,500,1,Male,48,1,1,Engineer,4,Divorced,8069,7686,3,Y,No,23,3,2,80,0,11,3,2,9,8,4,7
59,Yes,Non-Travel,1238,Research & Development,1,5,Human Resources,1,501,4,Female,33,2,4,Cybersecurity Specialist,2,Married,5576,7094,6,Y,Yes,24,3,2,80,1,19,6,3,12,10,2,11
50,No,Travel_Rarely,487,Research & Development,29,3,Human Resources,1,502,1,Male,50,2,1,Developer,2,Married,10892,23857,6,Y,No,13,2,2,80,0,21,0,3,12,10,8,12
33,Yes,Travel_Rarely,412,Research & Development,5,2,Other,1,503,1,Female,73,3,1,Recruitment Specialist,2,Married,4274,21564,6,Y,Yes,15,3,2,80,0,12,1,3,10,10,8,10
25,No,Travel_Frequently,647,Research & Development,5,3,Other,1,504,1,Male,91,3,2,Cybersecurity Specialist,1,Single,13326,12954,2,Y,Yes,13,3,3,80,1,14,1,3,12,12,9,12
45,No,Travel_Rarely,352,Research & Development,11,5,Marketing,1,505,1,Male,30,2,2,Software Engineer,2,Married,13973,16668,6,Y,Yes,20,3,4,80,0,16,0,4,8,5,5,6
40,No,Travel_Rarely,1175,Sales,25,3,Other,1,506,4,Female,80,4,5,Account Manager,4,Single,4661,8721,4,Y,No,22,3,2,80,2,13,0,3,5,3,2,5
38,Yes,Travel_Rarely,1017,Sales,28,3,Medical,1,507,2,Male,46,1,1,Account Manager,4,Married,4483,17011,6,Y,Yes,17,3,1,80,1,12,4,4,11,11,7,9
38,No,Travel_Rarely,621,Sales,26,2,Medical,1,508,2,Female,66,3,3,Account Manager,3,Divorced,7620,10116,3,Y,No,18,3,2,80,1,17,5,4,10,7,0,8
22,No,Travel_Rarely,251,Sales,19,3,Other,1,509,1,Male,65,3,1,Account Manager,2,Married,13543,9837,7,Y,No,23,4,1,80,3,11,1,3,3,3,2,2
30,No,Travel_Frequently,1489,Research & Development,12,4,Life Sciences,1,510,3,Female,58,2,1,Financial Analyst,1,Single,13027,8581,3,Y,No,21,1,4,80,0,17,0,3,11,10,1,9
32,No,Travel_Frequently,151,Research & Development,25,2,Other,1,511,4,Male,98,3,3,Financial Analyst,4,Single,7054,13982,4,Y,No,21,4,1,80,0,14,5,4,7,5,3,6
33,No,Travel_Rarely,1393,Research & Development,8,3,Marketing,1,512,4,Male,32,4,3,Cybersecurity Specialist,1,Single,12516,21798,9,Y,No,18,3,4,80,2,9,1,4,9,9,1,8
31,No,Travel_Frequently,1034,Research & Development,10,2,Marketing,1,513,3,Male,44,1,2,Helpdesk,4,Single,10708,10110,6,Y,Yes,19,3,1,80,3,13,0,4,12,9,7,11
39,No,Travel_Frequently,684,Research & Development,18,2,Marketing,1,514,4,Female,96,3,3,Content Lead,4,Single,5397,25888,1,Y,No,19,4,1,80,0,13,2,2,6,3,0,6
55,No,Travel_Rarely,349,Research & Development,9,1,Other,1,515,3,Male,98,1,4,Support Engineer,4,Married,5622,24225,6,Y,No,14,3,3,80,2,5,5,3,3,0,0,2
59,No,Travel_Rarely,695,Sales,11,2,Technical Degree,1,516,2,Female,50,2,4,Account Manager,1,Married,7683,22127,6,Y,No,21,2,4,80,1,11,2,3,5,5,1,5
46,No,Travel_Rarely,934,Research & Development,5,3,Marketing,1,517,2,Female,52,2,1,Tester,4,Single,8096,24336,5,Y,No,20,3,2,80,0,13,5,3,7,7,3,6
34,No,Travel_Rarely,598,Research & Development,24,1,Marketing,1,518,2,Female,76,3,1,HR Manager,4,Married,14107,18525,1,Y,No,21,3,2,80,1,15,2,2,8,8,7,7
44,No,Travel_Frequently,211,Research & Development,13,2,Human Resources,1,519,2,Male,63,2,3,Financial Analyst,4,Single,10731,10257,7,Y,No,21,3,3,80,2,20,6,2,13,13,1,13
21,No,Travel_Rarely,1226,Research & Development,13,4,Other,1,520,1,Male,70,2,3,Recruitment Specialist,1,Married,13751,9129,5,Y,Yes,15,2,2,80,0,21,1,2,14,14,8,13
42,No,Travel_Rarely,1135,Research & Development,24,3,Other,1,521,1,Male,76,2,2,Accountant,4,Married,13274,24454,0,Y,No,23,2,3,80,1,16,1,2,12,9,1,11
43,No,Travel_Rarely,909,Sales,4,3,Human Resources,1,522,4,Male,60,2,1,Account Manager,4,Divorced,12131,23035,2,Y,Yes,19,3,1,80,0,4,1,4,4,2,1,4
39,No,Travel_Rarely,569,Research & Development,17,3,Human Resources,1,523,3,Male,64,2,2,Accountant,2,Divorced,12977,16521,3,Y,No,15,3,2,80,2,10,3,4,2,1,0,2
38,No,Non-Travel,838,Research & Development,27,3,Marketing,1,524,3,Female,36,3,2,Financial Analyst,4,Married,15327,2038,9,Y,Yes,13,3,4,80,0,18,5,3,10,7,1,10
32,No,Travel_Rarely,1355,Research & Development,14,2,Marketing,1,525,1,Male,74,4,1,Auditor,3,Married,8265,22906,9,Y,No,23,3,1,80,0,7,2,4,2,1,1,1
48,No,Travel_Frequently,1026,Research & Development,9,4,Other,1,526,3,Female,86,3,2,Cybersecurity Specialist,3,Married,3330,5614,7,Y,Yes,19,3,4,80,3,20,0,4,12,10,9,10
48,No,Travel_Rarely,603,Research & Development,22,2,Human Resources,1,527,2,Male,51,3,3,Data Analyst,4,Married,4481,10255,6,Y,No,18,2,4,80,2,9,5,4,3,3,2,3
53,No,Travel_Rarely,993,Research & Development,2,3,Life Sciences,1,528,3,Male,99,4,2,Engineer,4,Single,5510,11473,5,Y,No,22,3,2,80,1,11,5,4,8,8,1,7
39,No,Travel_Rarely,1160,Sales,4,2,Life Sciences,1,529,2,Male,50,3,3,Account Manager,3,Married,11752,2298,9,Y,No,18,4,2,80,0,10,4,3,1,0,0,0
48,No,Travel_Frequently,1273,Research & Development,11,3,Medical,1,530,4,Male,78,2,1,Cybersecurity Specialist,3,Married,4406,14031,5,Y,Yes,16,3,2,80,1,23,3,2,14,11,9,12
57,No,Travel_Frequently,236,Sales,10,3,Technical Degree,1,531,3,Male,76,4,2,Account Manager,1,Married,5398,24055,9,Y,No,12,4,1,80,3,10,5,4,7,7,6,6
46,No,Travel_Rarely,563,Research & Development,5,3,Technical Degree,1,532,2,Female,56,4,5,Developer,3,Married,7615,16393,8,Y,Yes,24,4,4,80,1,6,1,4,6,5,5,4
55,No,Travel_Rarely,1239,Sales,16,2,Medical,1,533,4,Female,39,2,1,Business Development,1,Divorced,15254,8229,4,Y,No,16,4,3,80,0,22,5,4,14,13,7,14
54,No,Travel_Rarely,1464,Research & Development,6,3,Human Resources,1,534,4,Female,73,3,1,HR Manager,3,Married,5728,16604,2,Y,No,13,3,1,80,3,7,2,3,2,0,0,1
55,No,Travel_Rarely,428,Sales,5,5,Human Resources,1,535,4,Other,80,3,2,Business Development,4,Divorced,8438,4559,0,Y,Yes,12,3,3,80,2,15,3,2,9,9,3,8
36,No,Travel_Rarely,1239,Research & Development,13,4,Marketing,1,536,3,Male,47,3,1,Engineer,4,Divorced,2921,13731,1,Y,Yes,24,4,2,80,1,14,2,3,13,13,6,13
58,No,Travel_Frequently,914,Research & Development,9,1,Technical Degree,1,537,2,Other,97,4,1,Software Engineer,3,Divorced,5538,11323,6,Y,No,16,3,4,80,2,14,0,4,12,12,7,10
33,No,Non-Travel,1109,Research & Development,10,3,Marketing,1,538,1,Male,67,3,4,Content Lead,3,Divorced,14026,9926,1,Y,No,18,3,2,80,0,8,4,3,5,5,2,4
43,No,Travel_Frequently,428,Research & Development,27,4,Marketing,1,539,1,Male,65,3,1,Support Engineer,3,Married,13981,11438,8,Y,No,17,2,2,80,1,4,3,3,2,1,0,1
42,No,Travel_Rarely,574,Research & Development,2,3,Technical Degree,1,540,2,Male,89,4,1,Content Strategist,3,Single,9069,19817,0,Y,No,14,3,2,80,0,12,4,2,3,2,1,3
36,No,Non-Travel,895,Research & Development,15,3,Human Resources,1,541,4,Female,97,2,4,Content Lead,4,Single,9636,2746,3,Y,Yes,18,3,1,80,2,15,3,3,7,7,1,6
48,No,Travel_Rarely,134,Research & Development,27,4,Life Sciences,1,542,1,Female,74,3,2,Software Engineer,1,Single,11891,21700,7,Y,Yes,18,3,3,80,3,14,2,2,7,5,3,6
55,No,Travel_Rarely,462,Research & Development,12,4,Human Resources,1,543,3,Male,38,3,3,Auditor,2,Married,8456,22701,7,Y,No,17,3,3,80,3,11,1,3,10,8,4,9
28,No,Travel_Rarely,265,Sales,12,3,Human Resources,1,544,4,Female,42,4,2,Sales Executive,2,Married,4625,26904,3,Y,Yes,21,5,3,80,1,9,2,3,1,0,0,1
42,No,Travel_Rarely,780,Sales,3,3,Marketing,1,545,1,Female,86,4,4,Sales Executive,1,Divorced,14385,15734,3,Y,Yes,12,5,2,80,1,22,1,1,15,13,4,14
41,No,Travel_Rarely,934,Research & Development,26,2,Marketing,1,546,2,Male,86,3,1,Auditor,3,Married,5710,6777,3,Y,Yes,14,4,1,80,3,13,1,4,10,9,6,10
46,No,Travel_Rarely,795,Research & Development,15,3,Marketing,1,547,1,Male,66,3,3,Accountant,1,Married,10917,26820,0,Y,No,13,5,2,80,1,16,6,4,14,13,3,13
41,No,Travel_Rarely,486,Research & Development,27,2,Technical Degree,1,548,3,Male,76,3,3,Financial Analyst,4,Divorced,6612,8687,2,Y,No,17,5,3,80,0,14,1,3,11,8,5,9
45,No,Travel_Rarely,662,Research & Development,19,2,Technical Degree,1,549,2,Female,40,3,1,HR Executive,1,Single,3522,12023,2,Y,No,22,4,4,80,0,12,6,2,11,9,8,9
21,No,Travel_Frequently,1351,Research & Development,13,3,Medical,1,550,1,Male,57,3,3,Cybersecurity Specialist,2,Single,8269,6094,4,Y,No,24,2,1,80,3,19,2,2,12,9,3,11
26,No,Travel_Rarely,688,Research & Development,3,2,Marketing,1,551,1,Male,35,2,3,HR Executive,1,Divorced,14133,14363,7,Y,No,13,3,4,80,0,9,2,4,4,1,2,3
43,No,Travel_Rarely,532,Research & Development,13,3,Technical Degree,1,552,1,Male,62,3,5,Financial Analyst,3,Single,15395,25931,4,Y,No,17,3,1,80,0,15,4,1,6,6,5,6
43,No,Travel_Rarely,325,Research & Development,22,3,Medical,1,553,4,Female,43,2,4,Financial Analyst,1,Single,11846,8859,3,Y,No,21,2,4,80,1,8,3,2,8,8,5,6
43,No,Travel_Rarely,1089,Research & Development,24,3,Other,1,554,4,Male,76,1,2,HR Manager,2,Single,2992,2090,6,Y,No,18,4,2,80,2,9,1,4,3,2,0,1
52,No,Travel_Rarely,1092,Research & Development,5,3,Marketing,1,555,3,Male,58,3,2,Financial Analyst,3,Single,11946,10493,0,Y,No,24,2,1,80,0,17,0,4,14,11,8,13
50,No,Non-Travel,115,Research & Development,11,4,Marketing,1,556,1,Male,44,4,4,HR Manager,4,Married,10913,18490,5,Y,No,14,3,1,80,0,6,0,4,3,3,1,2
33,No,Travel_Frequently,1291,Research & Development,22,1,Life Sciences,1,557,3,Female,85,4,1,SEO Analyst,2,Married,10332,22237,8,Y,No,17,2,1,80,2,12,1,4,8,7,3,8
38,No,Travel_Rarely,936,Research & Development,17,4,Technical Degree,1,558,2,Male,98,3,2,Engineer,3,Single,5839,2394,1,Y,Yes,19,3,4,80,0,15,3,3,8,5,7,8
43,No,Travel_Rarely,1131,Research & Development,26,4,Medical,1,559,3,Other,60,3,1,Tester,3,Married,12240,21463,8,Y,Yes,17,3,2,80,3,17,2,2,8,5,0,8
35,No,Travel_Rarely,833,Research & Development,19,3,Marketing,1,560,4,Male,48,3,3,Content Strategist,4,Single,7026,10870,6,Y,No,12,3,2,80,0,2,4,4,1,1,0,0
53,No,Travel_Rarely,265,Research & Development,20,3,Technical Degree,1,561,1,Female,47,2,3,Data Analyst,2,Single,10409,8158,6,Y,No,19,3,1,80,0,14,0,2,8,7,7,7
41,No,Travel_Frequently,411,Research & Development,27,4,Medical,1,562,4,Female,87,1,3,Accountant,2,Married,6758,9939,3,Y,Yes,15,3,2,80,2,16,3,4,8,5,0,8
59,No,Travel_Rarely,631,Research & Development,23,2,Life Sciences,1,563,2,Female,99,3,5,Tester,1,Married,13996,22672,9,Y,No,20,3,4,80,0,9,2,1,2,0,1,0
43,No,Travel_Frequently,1175,Research & Development,27,3,Medical,1,564,4,Male,59,2,2,Content Lead,1,Married,3004,12914,4,Y,No,21,4,4,80,0,21,6,3,12,10,3,11
47,No,Travel_Rarely,420,Research & Development,12,3,Marketing,1,565,1,Male,64,3,2,Helpdesk,3,Married,7356,14788,5,Y,No,16,3,1,80,2,18,6,4,9,9,2,8
38,No,Travel_Rarely,677,Research & Development,29,2,Human Resources,1,566,4,Female,46,3,2,Cybersecurity Specialist,3,Divorced,6522,2005,5,Y,No,12,2,3,80,1,8,5,4,7,4,3,6
44,No,Non-Travel,1111,Research & Development,5,4,Human Resources,1,567,1,Other,45,4,5,Accountant,3,Divorced,8474,9233,7,Y,No,20,1,3,80,0,11,5,4,8,5,5,8
27,No,Travel_Frequently,374,Sales,17,4,Life Sciences,1,568,3,Male,97,3,4,Account Manager,3,Married,5961,3774,9,Y,Yes,23,4,1,80,1,2,6,4,2,1,0,1
40,No,Travel_Rarely,844,Research & Development,19,4,Other,1,569,1,Female,62,4,5,Accountant,4,Single,10669,2978,4,Y,Yes,25,3,4,80,2,7,1,3,4,1,0,3
47,No,Travel_Rarely,552,Research & Development,11,2,Marketing,1,570,3,Female,65,3,5,SEO Specialist,1,Married,7758,14382,9,Y,Yes,24,2,3,80,2,11,2,4,7,4,5,5
26,No,Travel_Rarely,1399,Sales,2,1,Marketing,1,571,2,Female,40,4,4,Sales Executive,4,Single,5003,9348,3,Y,Yes,17,2,3,80,0,11,2,4,6,4,0,6
47,No,Travel_Rarely,974,Sales,6,3,Technical Degree,1,572,2,Male,89,4,4,Sales Executive,4,Single,5189,4770,7,Y,No,19,4,3,80,1,8,5,4,7,5,0,7
29,No,Travel_Rarely,1431,Sales,21,1,Human Resources,1,573,4,Female,33,2,1,Business Development,1,Divorced,14528,12231,9,Y,Yes,21,3,1,80,1,5,5,3,1,0,0,1
51,No,Travel_Rarely,1214,Research & Development,3,3,Technical Degree,1,574,2,Male,92,4,1,Accountant,2,Divorced,11181,10136,7,Y,No,12,3,4,80,0,12,2,3,8,6,1,8
41,No,Travel_Rarely,1030,Research & Development,15,3,Marketing,1,575,1,Male,34,2,4,Data Analyst,1,Single,6107,8162,2,Y,Yes,19,3,2,80,1,16,5,2,13,10,0,12
46,No,Travel_Frequently,798,Research & Development,18,3,Life Sciences,1,576,4,Male,93,3,3,Auditor,4,Married,9023,2524,1,Y,Yes,15,2,1,80,0,14,4,2,7,7,6,7
33,Yes,Travel_Rarely,767,Sales,17,3,Other,1,577,4,Female,33,4,4,Business Development,3,Married,3307,11149,0,Y,Yes,11,3,1,80,0,22,0,3,13,10,9,12
43,No,Travel_Rarely,358,Research & Development,15,3,Human Resources,1,578,3,Male,64,2,3,Employee Relations,1,Divorced,7762,26839,0,Y,No,15,3,4,80,0,10,0,3,4,4,0,3
40,No,Travel_Rarely,1022,Research & Development,2,2,Technical Degree,1,579,1,Female,55,4,1,Financial Analyst,4,Married,8539,4424,3,Y,Yes,24,3,4,80,1,2,6,2,1,1,0,1
57,Yes,Travel_Rarely,982,Research & Development,5,2,Life Sciences,1,580,1,Other,55,4,4,Engineer,4,Divorced,4713,5901,9,Y,Yes,12,4,2,80,0,22,4,2,15,12,8,15
48,No,Travel_Frequently,103,Research & Development,5,3,Marketing,1,581,3,Male,48,4,3,Support Engineer,3,Divorced,7007,23595,1,Y,Yes,18,3,1,80,2,15,3,3,8,5,3,7
37,No,Travel_Rarely,1336,Research & Development,9,3,Medical,1,582,1,Female,66,4,2,Employee Relations,2,Married,15414,21802,2,Y,Yes,13,3,1,80,0,14,2,4,10,7,2,8
48,No,Travel_Rarely,168,Research & Development,6,4,Medical,1,583,2,Male,40,2,2,Developer,4,Married,11205,8711,2,Y,Yes,19,3,1,80,2,13,1,1,7,7,4,5
22,No,Travel_Frequently,972,Research & Development,19,4,Human Resources,1,584,3,Male,95,3,2,Content Lead,4,Married,5698,14404,6,Y,Yes,25,3,3,80,0,11,5,2,8,7,0,8
45,No,Travel_Rarely,1354,Research & Development,10,5,Other,1,585,2,Female,60,3,2,SEO Analyst,2,Married,8633,23797,5,Y,No,15,3,4,80,1,14,4,3,10,8,4,9
26,No,Travel_Rarely,890,Research & Development,27,2,Other,1,586,1,Female,47,2,3,Recruitment Specialist,4,Married,14305,24889,4,Y,Yes,13,3,1,80,1,3,2,4,1,0,0,0
31,No,Travel_Rarely,1082,Research & Development,19,1,Life Sciences,1,587,4,Male,73,4,4,Financial Analyst,1,Married,3121,8984,8,Y,No,25,3,1,80,0,8,2,4,5,4,3,5
58,No,Travel_Rarely,1008,Research & Development,19,2,Technical Degree,1,588,1,Female,45,2,1,Content Lead,1,Married,8946,9950,3,Y,No,20,3,2,80,2,12,0,3,9,9,5,7
26,No,Travel_Rarely,382,Research & Development,16,3,Life Sciences,1,589,2,Female,87,3,1,Marketing Executive,4,Married,7474,3597,9,Y,No,11,3,3,80,3,11,4,3,5,3,0,3
31,No,Travel_Rarely,730,Research & Development,12,3,Human Resources,1,590,4,Male,31,2,1,SEO Analyst,4,Married,11395,23692,2,Y,No,14,5,3,80,0,22,5,3,13,11,0,11
34,No,Travel_Frequently,1429,Research & Development,24,4,Marketing,1,591,1,Male,88,2,3,Financial Analyst,2,Single,4265,13565,6,Y,Yes,17,2,1,80,0,23,1,3,14,12,6,14
22,No,Travel_Rarely,1115,Research & Development,9,3,Other,1,592,1,Male,77,3,4,HR Executive,3,Married,9969,7537,6,Y,No,13,2,3,80,1,23,5,3,14,11,9,14
23,No,Travel_Rarely,1391,Sales,3,4,Life Sciences,1,593,4,Female,65,3,1,Account Manager,1,Married,3794,21992,1,Y,No,19,2,3,80,3,10,4,3,10,7,7,8
55,No,Travel_Rarely,1261,Research & Development,17,4,Human Resources,1,594,3,Female,37,2,1,Content Strategist,2,Single,5597,21968,8,Y,No,25,3,2,80,1,18,1,2,12,11,7,12
53,No,Travel_Rarely,148,Research & Development,27,1,Human Resources,1,595,3,Male,65,2,4,Tester,3,Divorced,4389,4506,7,Y,No,15,2,2,80,1,7,5,2,3,3,1,2
44,No,Travel_Rarely,1158,Sales,24,3,Technical Degree,1,596,2,Male,54,3,1,Account Manager,1,Single,6816,9438,0,Y,Yes,22,3,3,80,2,16,2,4,9,6,6,7
39,No,Travel_Rarely,1033,Research & Development,10,3,Marketing,1,597,4,Male,69,4,1,Auditor,1,Married,8825,4521,1,Y,No,21,3,2,80,3,20,5,3,13,10,8,13
38,No,Travel_Rarely,281,Research & Development,18,2,Life Sciences,1,598,1,Female,33,2,1,Accountant,4,Married,13783,16501,1,Y,Yes,24,3,1,80,0,14,1,4,9,8,0,8
44,No,Travel_Rarely,219,Research & Development,7,3,Human Resources,1,599,2,Female,72,3,4,Content Strategist,3,Married,9473,7280,7,Y,Yes,24,2,2,80,1,6,2,3,4,1,1,3
55,No,Non-Travel,367,Research & Development,7,3,Marketing,1,600,4,Male,56,2,1,HR Manager,4,Single,8151,25344,2,Y,No,22,3,4,80,2,5,5,2,4,4,0,2
21,No,Travel_Rarely,870,Research & Development,9,2,Technical Degree,1,601,1,Male,67,4,1,Cybersecurity Specialist,2,Single,3933,6962,6,Y,No,21,2,1,80,2,19,6,4,11,10,2,10
56,No,Travel_Frequently,869,Research & Development,16,3,Human Resources,1,602,3,Female,67,1,5,Data Analyst,3,Single,3532,3005,9,Y,Yes,16,2,2,80,0,15,5,3,8,8,4,7
45,No,Travel_Rarely,377,Research & Development,24,3,Technical Degree,1,603,3,Female,93,1,1,Auditor,3,Single,8317,4458,5,Y,No,17,3,3,80,2,16,5,2,7,5,3,7
54,No,Travel_Frequently,902,Research & Development,11,1,Marketing,1,604,1,Male,46,2,3,Data Analyst,4,Single,5716,2723,1,Y,Yes,20,3,1,80,0,15,5,3,11,10,4,10
45,No,Travel_Frequently,1360,Research & Development,9,3,Technical Degree,1,605,3,Other,42,3,1,Engineer,1,Married,12505,19675,8,Y,Yes,24,2,2,80,1,14,5,2,5,5,3,3
36,No,Travel_Frequently,1367,Research & Development,1,2,Life Sciences,1,606,3,Female,53,4,3,SEO Analyst,1,Single,7363,8521,8,Y,Yes,23,3,4,80,0,8,1,4,6,4,3,4
54,No,Travel_Rarely,620,Research & Development,12,3,Technical Degree,1,607,1,Female,36,4,1,Engineer,4,Divorced,13876,19145,6,Y,No,15,3,2,80,2,21,0,3,15,12,7,15
49,No,Non-Travel,954,Research & Development,3,2,Medical,1,608,3,Female,93,3,2,Engineer,2,Married,11558,24972,3,Y,No,12,3,1,80,0,4,4,4,3,1,2,3
39,No,Non-Travel,1377,Sales,20,4,Medical,1,609,1,Female,92,1,2,Business Development,4,Married,11006,13684,0,Y,No,13,4,2,80,3,18,0,4,14,14,6,14
43,No,Travel_Rarely,884,Sales,19,3,Medical,1,610,4,Female,51,2,3,Sales Executive,3,Married,14128,23459,7,Y,No,21,4,4,80,0,18,3,4,15,12,0,13
39,No,Travel_Rarely,753,Research & Development,8,2,Medical,1,611,2,Female,82,4,3,Tester,1,Married,8603,23718,8,Y,No,23,3,4,80,1,10,4,2,6,4,1,6
45,No,Travel_Rarely,343,Sales,7,3,Life Sciences,1,612,4,Male,41,3,4,Sales Executive,2,Married,7478,10654,7,Y,No,19,3,3,80,0,22,4,3,13,11,3,11
36,No,Travel_Rarely,1027,Research & Development,5,3,Human Resources,1,613,1,Male,51,3,2,Engineer,3,Divorced,5241,14670,1,Y,Yes,24,4,1,80,1,12,1,4,8,7,0,6
29,No,Travel_Rarely,797,Research & Development,5,3,Medical,1,614,2,Male,68,3,3,Employee Relations,4,Married,13999,21803,6,Y,No,25,2,4,80,0,10,6,4,10,7,4,10
21,No,Travel_Rarely,1159,Sales,20,3,Other,1,615,4,Male,76,2,5,Sales Executive,1,Married,8134,13041,9,Y,No,13,3,4,80,2,23,2,3,14,13,2,13
39,No,Travel_Rarely,1284,Sales,5,3,Medical,1,616,1,Female,93,4,1,Sales Executive,2,Divorced,10975,23895,0,Y,Yes,12,4,4,80,1,20,1,2,13,13,2,13
53,No,Travel_Frequently,1069,Sales,12,2,Human Resources,1,617,1,Female,73,3,1,Account Manager,1,Married,12231,17315,4,Y,Yes,18,3,3,80,1,12,6,1,11,11,3,9
54,No,Travel_Frequently,1264,Research & Development,21,1,Medical,1,618,4,Male,45,3,3,Marketing Executive,2,Married,6833,6613,7,Y,Yes,23,3,1,80,2,17,4,3,9,9,1,8
36,No,Travel_Frequently,773,Sales,20,3,Other,1,619,1,Male,88,3,2,Business Development,4,Single,6956,6283,8,Y,No,18,3,4,80,0,6,0,3,3,1,2,3
38,No,Non-Travel,1256,Research & Development,5,3,Human Resources,1,620,1,Male,63,4,2,HR Manager,2,Married,15042,5248,9,Y,No,17,2,1,80,1,15,2,3,8,5,3,7
54,No,Travel_Rarely,811,Research & Development,23,3,Medical,1,621,4,Female,75,2,2,Engineer,3,Divorced,7835,21597,2,Y,No,12,3,4,80,0,21,1,2,12,12,3,10
45,No,Travel_Frequently,1397,Sales,25,4,Other,1,622,1,Male,99,2,4,Business Development,1,Single,14005,13155,7,Y,No,12,3,4,80,0,5,0,2,3,2,0,3
26,No,Travel_Rarely,117,Research & Development,7,3,Human Resources,1,623,4,Female,84,2,1,Tester,2,Single,15076,12988,2,Y,No,13,1,1,80,1,6,1,4,2,0,1,2
41,No,Travel_Rarely,1021,Sales,1,4,Human Resources,1,624,2,Female,53,1,2,Sales Executive,3,Divorced,7316,16328,7,Y,Yes,24,2,1,80,0,5,5,4,5,2,1,4
26,No,Travel_Rarely,1399,Research & Development,25,2,Marketing,1,625,3,Male,56,3,1,Engineer,1,Married,3370,12608,4,Y,No,20,3,3,80,1,19,4,3,14,13,5,14
52,No,Travel_Rarely,1483,Sales,19,1,Technical Degree,1,626,1,Male,45,3,4,Account Manager,4,Single,15342,22054,6,Y,Yes,23,2,3,80,0,11,1,3,4,3,0,3
59,Yes,Travel_Rarely,976,Research & Development,2,4,Human Resources,1,627,2,Male,31,4,1,Auditor,3,Divorced,2937,3853,5,Y,Yes,11,3,1,80,0,16,6,2,13,12,7,12
51,No,Travel_Rarely,121,Research & Development,12,3,Medical,1,628,2,Female,60,3,1,Data Analyst,3,Married,5512,18271,4,Y,Yes,23,3,1,80,1,5,0,4,5,2,1,3
30,No,Travel_Rarely,316,Research & Development,10,4,Life Sciences,1,629,1,Male,92,3,5,Tester,1,Married,3351,22902,1,Y,No,22,1,3,80,1,15,5,4,6,4,3,6
50,No,Travel_Frequently,952,Research & Development,25,2,Human Resources,1,630,4,Male,76,4,2,Recruitment Specialist,4,Single,14117,2914,8,Y,Yes,15,3,1,80,0,24,0,3,15,15,7,14
38,No,Travel_Rarely,593,Sales,28,3,Medical,1,631,1,Male,48,4,3,Sales Executive,2,Married,7603,11095,6,Y,No,22,1,1,80,1,10,5,4,3,3,2,2
44,No,Travel_Frequently,300,Sales,28,4,Human Resources,1,632,4,Male,85,3,2,Business Development,3,Divorced,7405,4711,6,Y,No,13,3,3,80,1,6,0,3,1,0,0,0
29,No,Travel_Frequently,1388,Research & Development,16,1,Marketing,1,633,1,Other,40,1,2,Developer,1,Married,11306,23364,4,Y,Yes,14,3,3,80,1,24,1,3,15,13,0,14
51,No,Travel_Rarely,1412,Research & Development,11,4,Life Sciences,1,634,2,Female,37,2,4,SEO Analyst,1,Married,5800,22203,2,Y,Yes,19,3,3,80,2,11,5,4,4,2,3,2
35,No,Travel_Rarely,972,Research & Development,18,3,Life Sciences,1,635,1,Female,35,2,5,Data Analyst,1,Married,7254,22727,8,Y,No,17,3,4,80,2,7,4,3,6,5,2,6
24,No,Travel_Frequently,362,Research & Development,26,3,Medical,1,636,1,Female,60,4,2,Financial Analyst,2,Divorced,11625,11612,9,Y,No,17,3,2,80,1,7,6,3,2,2,1,2
29,No,Travel_Rarely,516,Research & Development,29,3,Technical Degree,1,637,3,Male,79,3,4,HR Manager,1,Married,14205,15425,7,Y,Yes,13,3,4,80,1,3,3,2,2,0,1,0
29,No,Travel_Frequently,165,Research & Development,12,4,Marketing,1,638,2,Male,58,3,4,Recruitment Specialist,2,Divorced,13531,22893,5,Y,No,17,3,1,80,0,6,3,2,1,1,0,1
46,No,Travel_Rarely,1109,Sales,9,1,Technical Degree,1,639,1,Male,50,4,2,Business Development,4,Single,15113,19548,1,Y,No,25,3,3,80,0,14,3,4,9,6,6,7
24,No,Travel_Rarely,555,Research & Development,21,2,Life Sciences,1,640,2,Female,70,3,4,Tester,2,Married,10223,10530,6,Y,Yes,19,4,4,80,1,12,2,4,3,3,1,3
37,No,Travel_Rarely,708,Research & Development,22,4,Other,1,641,4,Male,98,1,1,Cybersecurity Specialist,1,Divorced,8339,12394,4,Y,No,25,3,4,80,3,8,4,2,2,0,0,1
36,No,Travel_Rarely,1054,Sales,7,4,Life Sciences,1,642,1,Female,98,1,4,Sales Executive,1,Married,14146,2491,7,Y,Yes,22,5,1,80,0,4,4,2,4,4,0,2
35,No,Travel_Rarely,192,Research & Development,7,1,Other,1,643,1,Female,85,4,1,Employee Relations,3,Divorced,14461,10229,5,Y,No,21,4,4,80,0,6,2,4,6,4,5,6
55,No,Travel_Rarely,868,Sales,13,3,Technical Degree,1,644,2,Male,57,3,1,Account Manager,2,Married,14159,13442,9,Y,No,22,3,2,80,1,1,3,4,1,0,0,0
25,No,Travel_Rarely,962,Research & Development,20,3,Other,1,645,2,Female,63,3,3,HR Executive,3,Married,11471,21606,8,Y,Yes,20,4,3,80,0,13,5,4,9,6,2,7
25,No,Travel_Rarely,279,Research & Development,13,3,Other,1,646,2,Male,85,2,4,Accountant,2,Divorced,8183,23549,7,Y,No,19,4,3,80,1,9,3,4,9,7,3,8
40,No,Travel_Rarely,1158,Sales,20,2,Human Resources,1,647,2,Female,84,1,1,Account Manager,1,Single,7564,16039,6,Y,No,20,4,1,80,0,10,5,2,8,5,4,6
35,No,Travel_Frequently,1419,Research & Development,28,3,Technical Degree,1,648,3,Female,73,2,2,Developer,3,Married,15320,20942,0,Y,Yes,11,3,1,80,3,6,5,4,6,3,0,4
38,No,Travel_Rarely,527,Sales,5,2,Other,1,649,2,Female,61,3,3,Business Development,3,Single,12828,11131,9,Y,No,19,3,3,80,2,10,2,2,4,4,2,2
22,No,Non-Travel,1418,Research & Development,25,4,Technical Degree,1,650,1,Female,58,3,1,Accountant,4,Married,5215,8257,8,Y,No,13,1,3,80,0,9,0,4,2,2,1,1
49,No,Travel_Rarely,631,Sales,14,4,Other,1,651,1,Female,32,4,1,Sales Executive,4,Married,14197,21151,7,Y,Yes,16,3,4,80,0,11,5,3,8,5,7,8
33,No,Travel_Rarely,1476,Research & Development,16,3,Human Resources,1,652,4,Female,98,4,2,Marketing Executive,1,Single,3194,15744,0,Y,No,12,3,1,80,3,15,4,4,7,7,1,7
24,No,Travel_Rarely,314,Research & Development,13,2,Human Resources,1,653,2,Male,40,3,2,Developer,1,Single,8133,11615,0,Y,Yes,14,3,1,80,2,19,6,3,12,11,1,10
30,No,Travel_Rarely,1176,Research & Development,26,2,Other,1,654,2,Female,77,4,3,Marketing Executive,3,Divorced,14296,24479,2,Y,No,13,5,3,80,3,20,6,4,14,13,5,12
51,No,Travel_Rarely,1263,Research & Development,12,3,Human Resources,1,655,2,Male,82,4,1,Developer,4,Divorced,5940,8158,2,Y,No,16,2,2,80,0,12,3,4,4,4,1,4
28,No,Travel_Rarely,547,Research & Development,1,3,Marketing,1,656,2,Male,85,3,3,Financial Analyst,1,Divorced,12537,16673,1,Y,Yes,11,3,1,80,0,12,3,4,3,0,2,3
23,No,Travel_Rarely,780,Research & Development,8,3,Life Sciences,1,657,2,Male,82,3,2,Employee Relations,1,Married,10899,25569,7,Y,No,14,2,1,80,1,17,2,3,15,12,6,15
29,No,Travel_Rarely,978,Research & Development,8,3,Other,1,658,1,Male,55,2,4,Accountant,4,Married,13830,15026,4,Y,Yes,11,1,1,80,3,7,1,2,6,5,5,4
50,No,Travel_Rarely,125,Research & Development,23,3,Life Sciences,1,659,3,Female,38,2,2,Tester,4,Divorced,11967,21652,0,Y,Yes,11,3,3,80,0,24,5,3,15,13,1,15
31,No,Travel_Rarely,744,Research & Development,22,2,Human Resources,1,660,4,Female,94,4,2,Cybersecurity Specialist,2,Married,14665,17169,0,Y,Yes,14,2,4,80,2,19,4,4,15,12,6,15
55,No,Travel_Rarely,1411,Research & Development,27,1,Other,1,661,2,Male,85,4,1,Data Analyst,1,Divorced,3846,25837,1,Y,Yes,15,5,3,80,0,10,5,4,1,0,0,0
57,No,Travel_Frequently,296,Research & Development,15,1,Other,1,662,2,Male,57,2,1,Support Engineer,4,Single,3795,24686,6,Y,No,22,3,3,80,0,10,4,4,2,2,1,0
33,No,Travel_Rarely,211,Sales,3,2,Human Resources,1,663,2,Female,52,2,2,Account Manager,2,Married,10309,5736,8,Y,No,17,2,1,80,1,8,4,2,7,4,5,7
56,No,Travel_Frequently,1492,Research & Development,29,3,Marketing,1,664,2,Male,60,3,2,Recruitment Specialist,4,Married,3121,19770,8,Y,No,18,1,1,80,1,12,6,2,11,9,1,10
33,No,Travel_Rarely,481,Research & Development,27,4,Marketing,1,665,3,Male,95,3,2,SEO Specialist,2,Married,8178,2862,8,Y,No,13,3,2,80,0,7,0,2,3,3,0,2
32,No,Travel_Frequently,1151,Research & Development,8,4,Medical,1,666,3,Male,90,2,4,Software Engineer,1,Single,11548,17826,9,Y,Yes,22,1,3,80,1,22,5,3,14,11,5,12
57,No,Non-Travel,1270,Research & Development,23,2,Technical Degree,1,667,1,Male,45,3,2,Developer,4,Married,11896,4038,5,Y,Yes,13,3,4,80,1,21,1,3,13,10,8,13
30,No,Travel_Rarely,1433,Research & Development,24,2,Life Sciences,1,668,4,Female,88,1,1,Recruitment Specialist,4,Single,11560,20641,4,Y,Yes,20,3,4,80,2,10,4,4,1,0,0,1
29,No,Travel_Frequently,477,Sales,18,2,Other,1,669,2,Female,77,2,4,Account Manager,1,Married,7121,4543,9,Y,No,14,2,3,80,0,5,0,2,2,2,1,0
27,No,Non-Travel,1204,Research & Development,24,2,Life Sciences,1,670,2,Female,46,4,3,Auditor,3,Married,9830,2928,9,Y,No,16,3,1,80,2,18,0,2,10,7,9,9
22,Yes,Travel_Rarely,1138,Research & Development,29,3,Marketing,1,671,1,Female,64,3,1,Cybersecurity Specialist,2,Married,4201,23484,7,Y,Yes,12,4,1,80,0,10,5,2,10,10,5,8
43,No,Travel_Rarely,880,Research & Development,7,3,Technical Degree,1,672,4,Male,88,3,1,HR Manager,2,Divorced,5881,4178,5,Y,Yes,22,3,2,80,1,22,0,4,14,11,9,13
59,No,Travel_Rarely,1338,Sales,29,2,Marketing,1,673,4,Female,70,4,1,Account Manager,4,Single,3160,15147,7,Y,No,16,3,4,80,1,15,4,3,9,8,5,9
59,No,Travel_Rarely,122,Research & Development,22,2,Other,1,674,1,Female,66,4,1,Developer,1,Divorced,14229,9455,0,Y,No,21,3,1,80,2,15,4,2,7,6,0,5
41,No,Travel_Rarely,435,Research & Development,25,1,Medical,1,675,2,Female,59,1,4,HR Executive,1,Married,14961,4212,3,Y,Yes,24,3,1,80,0,16,6,4,7,5,1,5
43,No,Travel_Rarely,1313,Sales,12,2,Other,1,676,3,Male,45,2,2,Sales Executive,3,Single,6327,12310,9,Y,Yes,16,4,1,80,0,18,2,3,14,14,6,14
49,No,Travel_Rarely,380,Research & Development,15,3,Medical,1,677,1,Male,76,2,4,HR Executive,1,Single,13377,11499,4,Y,No,12,4,2,80,0,15,5,2,10,10,0,9
34,No,Travel_Rarely,259,Research & Development,8,2,Medical,1,678,2,Male,57,4,3,Accountant,1,Divorced,8985,10360,3,Y,Yes,15,3,4,80,0,8,2,3,8,6,0,7
46,No,Travel_Rarely,383,Sales,29,3,Other,1,679,2,Male,50,4,1,Sales Executive,3,Divorced,13220,2419,5,Y,No,22,2,2,80,0,16,1,3,15,12,3,13
25,No,Non-Travel,190,Research & Development,16,3,Other,1,680,2,Male,70,1,2,Tester,2,Single,10338,22360,6,Y,No,21,3,2,80,0,12,6,3,12,9,1,11
51,No,Travel_Rarely,592,Research & Development,5,4,Marketing,1,681,1,Female,74,3,5,Auditor,1,Single,7512,7904,7,Y,No,21,4,2,80,1,12,6,4,12,12,2,11
45,No,Travel_Rarely,583,Research & Development,5,4,Technical Degree,1,682,1,Male,93,3,1,HR Manager,1,Married,10957,25561,7,Y,Yes,17,2,2,80,0,14,2,4,8,7,3,8
51,No,Travel_Frequently,239,Research & Development,9,3,Other,1,683,1,Male,42,2,1,Developer,2,Married,10130,14816,4,Y,Yes,19,3,3,80,0,11,5,3,9,9,6,8
40,No,Non-Travel,1143,Research & Development,13,1,Human Resources,1,684,2,Female,72,3,1,SEO Analyst,2,Divorced,8955,16687,7,Y,Yes,13,3,1,80,0,2,5,4,2,1,1,2
37,No,Travel_Rarely,1462,Research & Development,15,3,Life Sciences,1,685,1,Female,87,2,2,Tester,3,Married,15202,6841,2,Y,Yes,17,3,2,80,3,14,4,3,14,13,6,13
22,No,Travel_Rarely,1038,Research & Development,8,4,Human Resources,1,686,2,Male,49,2,1,Developer,2,Divorced,13128,10330,2,Y,No,13,3,4,80,0,14,2,2,8,7,5,8
45,No,Travel_Rarely,533,Sales,12,1,Technical Degree,1,687,3,Female,92,2,2,Business Development,1,Single,7400,10492,0,Y,Yes,22,3,2,80,0,12,1,4,8,5,3,6
33,No,Non-Travel,1325,Sales,20,3,Other,1,688,3,Male,30,4,1,Sales Executive,2,Single,13861,4904,9,Y,No,12,2,2,80,1,13,4,3,13,12,2,11
59,No,Non-Travel,1023,Research & Development,29,4,Marketing,1,689,3,Male,52,4,1,HR Executive,4,Divorced,9249,16462,0,Y,Yes,24,3,4,80,0,12,3,2,5,5,4,3
48,No,Travel_Frequently,124,Sales,9,3,Marketing,1,690,4,Female,62,4,1,Business Development,3,Married,4776,18912,0,Y,Yes,25,1,2,80,1,10,3,4,5,2,1,4
26,No,Travel_Rarely,1154,Research & Development,27,1,Other,1,691,4,Male,86,4,1,Data Analyst,1,Married,9497,24719,9,Y,No,14,3,1,80,0,8,3,2,4,1,2,2
23,No,Travel_Rarely,1330,Research & Development,15,1,Marketing,1,692,1,Female,83,2,1,Financial Analyst,3,Married,6965,5705,2,Y,Yes,22,4,4,80,0,19,1,4,14,11,0,12
55,No,Travel_Rarely,267,Research & Development,15,3,Medical,1,693,4,Female,95,4,2,HR Executive,3,Married,10720,8350,7,Y,Yes,18,3,1,80,3,12,1,4,5,3,0,5
38,No,Travel_Frequently,1466,Research & Development,13,2,Medical,1,694,2,Male,60,2,4,Tester,3,Divorced,4646,15572,8,Y,No,15,3,4,80,0,10,4,1,2,1,1,2
31,No,Travel_Rarely,1190,Sales,15,3,Medical,1,695,4,Female,83,4,3,Sales Executive,3,Divorced,8736,18490,2,Y,Yes,18,3,3,80,1,10,3,3,2,0,0,0
40,No,Travel_Rarely,1134,Research & Development,22,3,Human Resources,1,696,1,Male,45,3,3,Data Analyst,3,Married,14439,13895,7,Y,No,16,2,1,80,1,7,5,4,5,3,0,3
25,No,Travel_Rarely,510,Sales,5,2,Other,1,697,3,Female,66,2,3,Business Development,2,Single,13228,23836,9,Y,Yes,23,1,2,80,3,11,0,2,11,8,3,10
39,No,Travel_Rarely,1288,Research & Development,10,4,Other,1,698,2,Female,36,2,5,Financial Analyst,3,Single,12481,14026,0,Y,No,22,3,2,80,3,22,2,1,13,12,9,12
42,No,Travel_Rarely,239,Research & Development,23,3,Life Sciences,1,699,3,Female,30,3,5,HR Executive,3,Single,10173,20245,2,Y,No,23,4,2,80,0,8,6,3,3,0,1,2
39,No,Travel_Rarely,580,Research & Development,25,2,Marketing,1,700,2,Male,47,3,3,HR Executive,3,Single,4918,10233,0,Y,No,11,5,4,80,3,7,5,4,1,0,0,0
36,No,Travel_Rarely,1385,Sales,12,4,Marketing,1,701,1,Female,71,3,3,Sales Executive,4,Single,7960,8867,9,Y,No,13,3,2,80,0,14,3,3,9,7,6,9
44,No,Travel_Frequently,605,Research & Development,17,4,Human Resources,1,702,2,Female,68,4,1,Software Engineer,1,Single,12991,7954,8,Y,Yes,18,3,1,80,2,6,6,2,2,0,1,1
24,No,Travel_Rarely,937,Research & Development,9,3,Other,1,703,4,Male,55,2,1,Engineer,3,Married,12258,16683,2,Y,No,24,3,1,80,0,23,3,2,14,11,5,12
35,No,Non-Travel,1039,Research & Development,29,4,Life Sciences,1,704,3,Male,94,3,1,HR Manager,4,Married,11619,10322,9,Y,Yes,25,3,3,80,0,16,3,2,12,10,0,12
45,No,Travel_Rarely,312,Sales,26,3,Life Sciences,1,705,2,Female,86,3,3,Business Development,1,Divorced,3077,25032,9,Y,Yes,25,3,4,80,0,23,6,1,14,14,5,14
55,No,Travel_Rarely,444,Sales,5,4,Human Resources,1,706,4,Male,98,1,1,Business Development,2,Single,10001,10164,4,Y,No,14,3,1,80,0,12,3,3,10,9,5,9
34,No,Travel_Rarely,658,Research & Development,9,3,Marketing,1,707,2,Other,46,2,3,Developer,3,Married,11665,26013,9,Y,Yes,12,4,2,80,2,5,5,4,2,0,0,1
39,No,Travel_Frequently,135,Sales,5,3,Technical Degree,1,708,4,Female,36,4,2,Sales Executive,3,Married,7444,23382,9,Y,No,18,3,2,80,0,23,4,3,14,14,2,14
58,No,Travel_Rarely,1167,Sales,23,5,Technical Degree,1,709,4,Female,41,3,1,Business Development,4,Married,13447,3643,6,Y,Yes,15,3,1,80,0,6,2,3,4,3,1,2
56,No,Travel_Frequently,1018,Research & Development,14,3,Life Sciences,1,710,4,Male,67,3,2,Helpdesk,3,Married,13864,25171,8,Y,No,25,5,3,80,0,10,3,4,2,0,0,0
27,No,Travel_Frequently,506,Research & Development,7,2,Life Sciences,1,711,3,Female,77,2,3,Helpdesk,2,Single,10291,11393,6,Y,Yes,11,3,3,80,0,9,4,4,7,5,2,5
50,No,Non-Travel,186,Research & Development,9,3,Marketing,1,712,3,Male,84,1,1,Data Analyst,1,Married,8730,2788,0,Y,No,18,3,1,80,0,19,6,3,15,13,9,14
39,No,Travel_Rarely,1158,Research & Development,12,3,Life Sciences,1,713,3,Female,83,2,1,Engineer,4,Married,11611,19624,6,Y,Yes,23,3,1,80,1,17,5,4,12,9,6,10
45,No,Travel_Rarely,1440,Research & Development,5,2,Human Resources,1,714,4,Male,44,2,3,Accountant,4,Single,14856,6488,6,Y,No,19,4,4,80,3,17,3,4,10,8,7,8
36,No,Travel_Rarely,820,Research & Development,7,5,Technical Degree,1,715,3,Other,59,2,4,Accountant,3,Married,6202,24539,1,Y,Yes,18,3,4,80,1,24,5,3,15,15,2,15
28,No,Non-Travel,265,Research & Development,5,2,Technical Degree,1,716,2,Female,84,2,2,HR Executive,2,Single,3444,4359,6,Y,No,24,3,1,80,2,6,0,3,1,0,0,0
38,No,Non-Travel,1303,Research & Development,20,2,Life Sciences,1,717,4,Female,50,2,2,Support Engineer,2,Married,12266,6612,1,Y,Yes,11,3,2,80,1,16,5,3,11,8,2,9
48,No,Travel_Rarely,1014,Research & Development,29,4,Human Resources,1,718,2,Male,89,4,3,Engineer,3,Single,4354,26510,0,Y,No,16,4,1,80,0,7,4,4,2,0,0,0
36,No,Travel_Rarely,978,Research & Development,17,3,Other,1,719,3,Male,37,2,3,Helpdesk,1,Single,5726,5548,8,Y,No,16,3,4,80,1,11,0,4,11,11,9,10
39,No,Travel_Rarely,546,Research & Development,11,1,Life Sciences,1,720,2,Female,76,3,1,Employee Relations,1,Married,6418,20202,9,Y,Yes,17,3,1,80,3,14,3,1,5,3,3,3
37,No,Travel_Rarely,1476,Research & Development,5,3,Life Sciences,1,721,3,Male,65,2,1,Financial Analyst,4,Married,6725,3638,9,Y,Yes,11,4,3,80,1,20,2,3,15,15,6,15
33,No,Travel_Frequently,634,Research & Development,28,3,Other,1,722,2,Male,55,3,4,Support Engineer,2,Single,5417,19683,4,Y,No,18,4,4,80,1,2,4,3,2,1,0,0
27,No,Travel_Rarely,1149,Research & Development,4,1,Human Resources,1,723,1,Other,99,2,5,HR Executive,2,Divorced,9582,18668,6,Y,No,14,4,3,80,1,10,0,4,9,8,8,7
47,No,Travel_Rarely,129,Research & Development,27,5,Human Resources,1,724,2,Male,63,1,2,Cybersecurity Specialist,1,Single,8771,11462,9,Y,Yes,21,2,4,80,2,11,5,3,4,4,1,2
30,No,Travel_Rarely,886,Research & Development,1,3,Medical,1,725,4,Male,89,4,2,Financial Analyst,1,Single,9445,24819,5,Y,No,14,3,4,80,1,16,0,3,9,9,5,9
54,No,Travel_Rarely,778,Research & Development,26,3,Technical Degree,1,726,3,Male,52,3,1,SEO Analyst,4,Single,3755,13360,7,Y,No,21,3,4,80,1,12,2,3,11,10,6,11
56,No,Travel_Rarely,323,Research & Development,1,3,Life Sciences,1,727,4,Female,70,2,3,Cybersecurity Specialist,4,Married,14393,21613,9,Y,Yes,20,3,2,80,0,14,4,4,12,11,9,10
45,No,Travel_Rarely,205,Research & Development,14,3,Marketing,1,728,1,Other,98,2,1,Tester,2,Married,7076,25740,2,Y,No,25,4,4,80,0,6,1,2,1,0,0,0
26,No,Travel_Rarely,160,Sales,21,2,Life Sciences,1,729,1,Female,84,3,1,Business Development,4,Divorced,9463,5323,3,Y,Yes,23,4,3,80,1,4,0,3,1,0,0,0
44,No,Travel_Rarely,275,Research & Development,28,2,Life Sciences,1,730,4,Female,74,3,1,Developer,4,Single,14175,13105,1,Y,Yes,14,3,4,80,1,9,4,2,1,0,0,1
38,No,Travel_Rarely,707,Research & Development,28,3,Marketing,1,731,3,Male,90,2,3,HR Executive,1,Married,10398,9161,4,Y,No,23,2,3,80,0,20,1,3,14,12,0,14
43,No,Travel_Rarely,240,Research & Development,9,4,Other,1,732,3,Female,62,3,2,Recruitment Specialist,3,Divorced,11225,14672,9,Y,No,16,1,1,80,1,13,4,3,4,1,2,3
26,No,Travel_Frequently,185,Research & Development,1,1,Technical Degree,1,733,2,Male,81,2,1,HR Manager,1,Married,13679,11682,0,Y,Yes,23,3,3,80,0,17,3,4,9,6,1,7
49,No,Travel_Rarely,734,Sales,8,3,Medical,1,734,2,Male,48,3,3,Sales Executive,1,Single,12102,3014,4,Y,Yes,16,1,3,80,0,14,0,3,8,7,6,6
45,No,Travel_Rarely,452,Research & Development,13,4,Human Resources,1,735,1,Female,37,3,3,Developer,1,Divorced,8057,7805,7,Y,Yes,16,3,3,80,0,12,1,4,7,4,2,7
37,No,Travel_Rarely,1231,Research & Development,9,2,Medical,1,736,4,Female,99,1,4,Financial Analyst,3,Married,5957,21217,5,Y,No,12,3,4,80,1,18,2,3,15,13,8,14
44,No,Travel_Frequently,278,Research & Development,15,1,Life Sciences,1,737,2,Male,35,3,2,Software Engineer,3,Single,8926,14598,9,Y,No,15,4,3,80,0,8,6,2,1,1,0,0
31,No,Travel_Rarely,681,Research & Development,27,2,Life Sciences,1,738,2,Male,86,2,3,Tester,3,Single,12744,17469,8,Y,No,21,2,3,80,2,8,6,3,3,2,0,1
46,No,Travel_Rarely,1075,Research & Development,11,3,Marketing,1,739,2,Male,89,1,4,Developer,2,Married,9898,21024,5,Y,Yes,22,3,3,80,2,18,2,4,9,6,4,8
54,No,Travel_Rarely,738,Research & Development,26,2,Other,1,740,1,Female,48,4,4,Cybersecurity Specialist,3,Married,14237,10297,8,Y,Yes,12,4,3,80,0,19,3,4,15,13,6,14
48,No,Travel_Frequently,513,Research & Development,4,3,Marketing,1,741,2,Other,81,2,2,HR Executive,1,Single,4620,20974,5,Y,No,16,3,3,80,0,14,6,3,9,8,7,9
23,No,Travel_Rarely,305,Research & Development,29,3,Life Sciences,1,742,2,Female,70,3,2,Engineer,1,Single,7212,25927,2,Y,Yes,17,2,2,80,0,10,3,4,5,4,4,5
31,No,Travel_Rarely,1049,Research & Development,8,3,Medical,1,743,3,Female,67,2,4,Content Strategist,2,Single,7024,12524,2,Y,Yes,16,2,1,80,1,13,6,3,12,9,1,10
58,No,Travel_Rarely,874,Research & Development,13,2,Medical,1,744,1,Female,98,2,1,Marketing Executive,4,Divorced,4703,24758,0,Y,No,13,4,3,80,0,15,5,3,13,13,0,12
34,No,Travel_Rarely,1190,Research & Development,17,3,Technical Degree,1,745,3,Female,45,3,3,Engineer,2,Single,9298,14202,9,Y,No,24,3,1,80,0,15,1,4,6,6,5,5
46,No,Non-Travel,578,Sales,4,4,Other,1,746,1,Male,68,3,4,Account Manager,1,Married,12473,22436,7,Y,Yes,21,4,4,80,0,19,0,4,11,11,5,11
41,No,Travel_Rarely,1261,Research & Development,10,4,Life Sciences,1,747,3,Male,80,3,3,Tester,1,Married,10051,20614,6,Y,Yes,24,2,3,80,0,20,0,4,13,10,1,11
59,Yes,Travel_Rarely,324,Sales,2,4,Other,1,748,3,Male,34,3,3,Account Manager,3,Married,4341,19309,4,Y,Yes,24,4,4,80,1,13,5,2,6,6,2,5
50,No,Non-Travel,1184,Research & Development,26,3,Human Resources,1,749,3,Male,91,3,1,Software Engineer,2,Married,5251,12784,3,Y,Yes,20,3,2,80,3,10,2,4,10,9,3,8
28,No,Travel_Rarely,1416,Research & Development,15,3,Human Resources,1,750,3,Female,70,3,1,Employee Relations,3,Married,10456,21089,2,Y,Yes,20,3,4,80,2,12,6,4,4,1,2,4
40,No,Travel_Rarely,114,Research & Development,20,2,Medical,1,751,2,Male,96,3,3,Support Engineer,4,Married,7316,21376,2,Y,Yes,15,5,4,80,2,4,3,1,1,0,0,0
52,No,Travel_Rarely,149,Sales,18,2,Marketing,1,752,4,Female,88,4,3,Business Development,3,Married,3545,6361,8,Y,No,19,3,4,80,1,6,5,4,5,5,1,5
42,No,Non-Travel,1224,Research & Development,14,2,Marketing,1,753,2,Male,48,3,1,Cybersecurity Specialist,3,Single,6903,24043,0,Y,No,24,4,3,80,0,19,6,3,13,12,2,11
27,No,Travel_Rarely,1063,Research & Development,3,3,Medical,1,754,2,Female,91,2,1,Accountant,3,Married,6794,3376,3,Y,No,21,4,4,80,2,6,2,2,1,0,0,0
29,No,Travel_Rarely,1133,Sales,1,2,Technical Degree,1,755,3,Female,82,3,1,Account Manager,4,Single,5726,22966,8,Y,Yes,16,3,2,80,0,9,1,4,1,0,0,0
21,No,Travel_Rarely,855,Research & Development,26,2,Life Sciences,1,756,1,Female,95,3,2,Developer,3,Married,12503,2913,8,Y,Yes,13,3,3,80,1,12,2,1,11,11,5,10
49,No,Travel_Rarely,222,Research & Development,3,5,Human Resources,1,757,1,Male,37,2,2,Tester,1,Married,13576,7994,9,Y,No,25,3,3,80,0,10,2,3,5,2,0,4
28,No,Travel_Frequently,761,Research & Development,23,2,Medical,1,758,4,Male,75,2,1,Employee Relations,4,Married,10620,17852,8,Y,No,19,3,1,80,2,12,3,4,5,2,3,4
24,No,Travel_Rarely,770,Sales,27,2,Other,1,759,3,Male,41,3,1,Account Manager,3,Married,9866,13836,2,Y,Yes,21,3,4,80,1,12,3,4,7,7,5,7
55,No,Travel_Rarely,1095,Sales,13,1,Marketing,1,760,3,Female,94,4,3,Business Development,2,Divorced,6467,21336,4,Y,No,24,4,4,80,2,9,0,4,2,0,0,1
23,No,Non-Travel,352,Research & Development,8,3,Life Sciences,1,761,4,Other,52,2,1,Data Analyst,2,Married,3985,25771,3,Y,Yes,22,1,3,80,1,16,0,3,15,14,5,13
27,No,Travel_Frequently,1455,Sales,22,3,Human Resources,1,762,2,Female,68,2,1,Account Manager,3,Single,5415,26251,9,Y,No,23,3,3,80,0,14,6,3,6,6,3,6
47,No,Non-Travel,1324,Research & Development,17,3,Technical Degree,1,763,3,Male,89,3,1,Accountant,2,Married,13056,4713,3,Y,Yes,15,3,4,80,3,7,5,3,2,1,1,1
21,No,Travel_Frequently,1221,Sales,23,3,Medical,1,764,4,Female,56,1,4,Account Manager,2,Married,8277,23488,3,Y,No,22,3,2,80,1,21,0,2,15,14,2,14
47,No,Travel_Frequently,1345,Research & Development,29,4,Life Sciences,1,765,2,Female,86,4,2,Helpdesk,4,Single,13577,16378,5,Y,No,11,4,1,80,0,14,2,4,13,13,8,13
36,No,Travel_Rarely,819,Research & Development,16,4,Other,1,766,2,Male,73,3,2,Content Strategist,4,Married,7730,8931,7,Y,Yes,20,2,4,80,0,19,2,3,10,7,3,10
58,No,Travel_Rarely,374,Research & Development,16,5,Human Resources,1,767,3,Male,99,3,1,SEO Analyst,1,Married,7497,19423,2,Y,No,13,3,3,80,0,12,4,4,5,4,3,4
27,No,Travel_Rarely,603,Sales,12,4,Technical Degree,1,768,1,Male,57,2,2,Business Development,4,Married,15063,8815,1,Y,No,13,3,1,80,0,12,1,2,4,4,2,4
43,No,Travel_Rarely,945,Research & Development,19,3,Marketing,1,769,4,Female,52,1,2,Cybersecurity Specialist,1,Married,6175,9797,7,Y,No,12,3,1,80,1,13,4,2,11,9,5,10
31,No,Travel_Rarely,658,Research & Development,16,2,Life Sciences,1,770,1,Male,63,2,1,HR Manager,3,Single,7740,10714,8,Y,No,12,3,4,80,3,13,1,4,10,8,6,9
53,Yes,Travel_Frequently,726,Research & Development,15,1,Other,1,771,4,Female,54,3,4,Auditor,4,Married,3829,13245,6,Y,Yes,19,3,3,80,0,10,5,1,5,4,1,4
56,Yes,Non-Travel,795,Sales,29,1,Medical,1,772,3,Female,40,4,3,Account Manager,1,Single,10153,14903,3,Y,Yes,24,3,3,80,3,4,3,1,2,1,1,2
57,No,Travel_Rarely,469,Research & Development,9,3,Human Resources,1,773,2,Male,77,3,3,Software Engineer,4,Single,11344,6413,6,Y,No,13,3,3,80,2,17,5,4,8,8,5,6
37,Yes,Travel_Frequently,622,Sales,16,4,Marketing,1,774,2,Male,94,3,2,Business Development,3,Divorced,8549,17982,1,Y,Yes,20,3,4,80,2,14,2,2,8,8,7,6
55,No,Travel_Rarely,688,Research & Development,27,3,Other,1,775,1,Other,39,4,1,Accountant,2,Married,3876,17871,2,Y,No,21,3,3,80,1,13,4,3,6,3,4,6
25,No,Travel_Frequently,1453,Sales,2,1,Other,1,776,2,Female,55,4,2,Business Development,2,Married,3069,3142,9,Y,No,24,3,4,80,1,7,5,4,3,3,0,3
52,No,Non-Travel,1344,Sales,25,3,Marketing,1,777,1,Other,39,3,1,Sales Executive,1,Divorced,12410,19125,1,Y,Yes,14,3,3,80,0,8,2,4,4,1,2,2
23,No,Travel_Frequently,446,Research & Development,10,4,Human Resources,1,778,3,Male,47,1,1,SEO Analyst,4,Married,11706,6875,7,Y,Yes,25,2,1,80,1,3,4,3,1,0,0,1
55,No,Travel_Rarely,158,Research & Development,12,3,Human Resources,1,779,4,Male,89,2,2,Engineer,2,Single,8726,2312,1,Y,No,16,2,2,80,0,12,0,3,9,6,5,7
34,No,Non-Travel,804,Research & Development,18,4,Human Resources,1,780,3,Female,74,2,2,Developer,4,Married,8902,5144,9,Y,Yes,20,3,1,80,0,12,1,3,10,9,1,9
51,No,Non-Travel,131,Research & Development,18,4,Life Sciences,1,781,2,Male,55,2,1,Software Engineer,3,Married,9030,8471,6,Y,No,19,3,3,80,2,12,0,4,5,5,3,5
51,No,Travel_Frequently,307,Sales,28,4,Medical,1,782,3,Male,38,2,2,Business Development,3,Married,6047,17571,1,Y,Yes,11,1,1,80,1,16,5,4,14,14,0,13
37,No,Travel_Rarely,437,Sales,4,4,Marketing,1,783,3,Female,65,4,2,Sales Executive,1,Divorced,14390,20015,1,Y,Yes,24,3,2,80,1,9,2,4,8,7,6,6
44,No,Travel_Frequently,1336,Research & Development,2,3,Technical Degree,1,784,2,Male,44,3,4,Software Engineer,2,Married,6109,8262,9,Y,No,13,2,1,80,1,8,3,2,3,0,2,3
43,No,Travel_Rarely,278,Research & Development,7,2,Human Resources,1,785,2,Female,53,3,3,Marketing Executive,2,Married,10437,2021,2,Y,Yes,13,5,3,80,1,11,3,4,4,2,3,3
38,No,Travel_Rarely,409,Sales,19,1,Medical,1,786,1,Male,69,3,1,Sales Executive,3,Married,11515,14408,2,Y,Yes,16,3,3,80,1,13,0,3,4,3,1,3
34,No,Travel_Rarely,508,Research & Development,11,3,Technical Degree,1,787,4,Other,31,2,3,Engineer,3,Single,4869,4404,5,Y,No,19,3,4,80,0,15,4,3,8,6,1,8
35,Yes,Travel_Rarely,237,Sales,13,2,Life Sciences,1,788,3,Female,33,2,5,Sales Executive,1,Divorced,10156,21009,9,Y,Yes,21,3,3,80,2,20,0,3,15,14,9,14
35,Yes,Travel_Rarely,490,Sales,29,5,Marketing,1,789,3,Male,49,3,3,Account Manager,1,Divorced,4228,13523,3,Y,Yes,19,4,2,80,1,17,3,2,12,9,4,12
26,No,Travel_Rarely,481,Research & Development,20,2,Medical,1,790,2,Female,68,2,3,SEO Specialist,1,Married,8433,14957,8,Y,Yes,15,2,4,80,1,14,0,3,9,6,7,8
47,No,Travel_Frequently,804,Research & Development,17,4,Medical,1,791,4,Male,74,2,1,Software Engineer,1,Single,11131,19337,9,Y,Yes,19,5,3,80,0,7,1,4,3,1,2,2
35,No,Travel_Rarely,1092,Research & Development,10,3,Marketing,1,792,3,Male,55,2,5,Recruitment Specialist,4,Married,9549,17124,4,Y,Yes,24,3,3,80,1,10,0,4,7,6,6,6
56,No,Travel_Frequently,1398,Research & Development,16,2,Marketing,1,793,1,Female,89,2,1,Data Analyst,3,Married,12647,14213,7,Y,No,25,2,3,80,0,10,4,3,9,9,4,7
28,No,Travel_Rarely,746,Research & Development,20,4,Other,1,794,1,Female,98,1,3,Engineer,4,Single,6205,9098,9,Y,Yes,16,3,3,80,3,6,2,4,2,0,1,2
35,No,Travel_Rarely,144,Research & Development,16,3,Human Resources,1,795,2,Male,97,1,2,Auditor,1,Single,9163,22292,2,Y,No,15,3,1,80,2,5,0,4,4,1,1,3
23,No,Travel_Rarely,561,Research & Development,20,3,Marketing,1,796,3,Male,99,4,2,Cybersecurity Specialist,3,Single,13361,6614,8,Y,Yes,18,5,4,80,1,11,1,3,3,1,1,3
33,No,Non-Travel,1161,Sales,20,2,Medical,1,797,1,Female,60,3,1,Sales Executive,2,Married,13723,5659,3,Y,No,25,4,4,80,0,11,5,2,8,6,6,7
54,No,Travel_Rarely,846,Research & Development,16,3,Human Resources,1,798,3,Female,98,3,2,Marketing Executive,1,Married,12441,12344,2,Y,Yes,25,3,3,80,2,4,4,2,4,3,2,2
44,No,Travel_Rarely,1190,Research & Development,27,2,Marketing,1,799,2,Female,36,3,3,Marketing Executive,3,Divorced,6083,26778,8,Y,No,22,3,1,80,2,18,1,2,9,8,4,7
52,No,Travel_Frequently,686,Research & Development,25,3,Technical Degree,1,800,2,Female,98,3,4,Cybersecurity Specialist,2,Single,11067,9725,3,Y,Yes,24,4,2,80,1,1,4,4,1,0,0,0
52,No,Travel_Rarely,363,Research & Development,19,3,Technical Degree,1,801,4,Male,33,3,2,Content Strategist,4,Single,13100,6091,5,Y,Yes,22,3,1,80,0,10,5,4,1,0,0,0
50,No,Travel_Rarely,704,Research & Development,13,3,Marketing,1,802,3,Female,66,4,3,Developer,1,Single,3127,3830,6,Y,Yes,17,3,1,80,0,8,3,4,4,2,0,4
33,No,Travel_Rarely,1135,Research & Development,23,3,Other,1,803,1,Male,31,2,3,Cybersecurity Specialist,4,Divorced,9028,26770,0,Y,Yes,17,3,1,80,1,10,3,4,3,3,1,1
21,Yes,Travel_Frequently,693,Research & Development,20,3,Medical,1,804,2,Female,78,3,1,Tester,4,Married,3464,6054,0,Y,Yes,14,3,4,80,2,9,2,2,3,2,2,1
54,Yes,Travel_Frequently,270,Research & Development,11,2,Human Resources,1,805,3,Female,46,4,5,Data Analyst,1,Divorced,3644,24850,1,Y,Yes,20,4,1,80,1,16,2,4,10,8,3,8
35,No,Travel_Rarely,1002,Research & Development,12,4,Other,1,806,3,Female,46,1,1,Content Strategist,3,Divorced,7107,24115,9,Y,No,11,3,1,80,1,16,4,4,12,12,4,10
34,No,Travel_Rarely,1473,Sales,17,2,Human Resources,1,807,1,Male,69,2,4,Sales Executive,3,Single,8982,24261,1,Y,No,23,3,1,80,0,10,6,4,2,1,1,0
49,No,Travel_Rarely,1357,Research & Development,15,3,Human Resources,1,808,2,Female,80,3,5,Accountant,4,Single,5920,3638,3,Y,No,25,4,2,80,0,18,1,2,14,12,3,14
54,No,Non-Travel,1427,Research & Development,26,3,Life Sciences,1,809,4,Other,57,4,1,Content Lead,3,Married,4242,10407,0,Y,No,23,1,4,80,0,10,1,2,10,7,0,8
38,No,Travel_Rarely,1075,Research & Development,3,4,Marketing,1,810,3,Female,75,1,4,HR Executive,1,Single,9361,15992,9,Y,Yes,15,3,3,80,0,14,0,4,10,7,2,8
27,No,Travel_Rarely,656,Sales,9,3,Other,1,811,2,Female,78,3,2,Sales Executive,4,Married,9036,12208,6,Y,Yes,24,4,4,80,0,4,3,3,2,0,1,0
49,No,Travel_Frequently,636,Research & Development,10,3,Life Sciences,1,812,4,Male,46,4,3,SEO Analyst,2,Married,5261,21165,5,Y,No,19,3,2,80,1,10,0,4,8,7,6,8
51,No,Travel_Rarely,103,Research & Development,12,3,Other,1,813,2,Female,56,2,1,Developer,4,Married,9505,2675,5,Y,Yes,24,3,1,80,1,5,2,2,1,0,0,1
45,No,Travel_Rarely,329,Sales,22,3,Life Sciences,1,814,2,Male,91,2,3,Business Development,1,Single,14779,4946,8,Y,No,18,3,1,80,3,14,3,3,14,14,6,12
58,No,Travel_Frequently,1045,Sales,24,2,Technical Degree,1,815,3,Male,40,4,2,Business Development,1,Single,12212,7573,3,Y,Yes,14,3,1,80,2,22,1,2,15,15,2,13
34,No,Travel_Frequently,993,Sales,9,3,Human Resources,1,816,3,Female,73,4,2,Account Manager,3,Married,7204,24367,7,Y,No,20,3,2,80,0,16,5,3,8,8,0,7
28,No,Travel_Frequently,294,Research & Development,24,3,Life Sciences,1,817,1,Male,65,3,2,Accountant,2,Single,7534,21525,1,Y,Yes,19,1,1,80,1,19,3,4,10,10,5,10
47,No,Non-Travel,255,Research & Development,5,5,Medical,1,818,1,Male,45,2,3,Developer,1,Married,7430,14983,7,Y,Yes,16,2,2,80,0,6,5,4,3,2,2,3
22,No,Travel_Rarely,209,Research & Development,22,3,Marketing,1,819,2,Other,89,4,1,Tester,4,Single,7449,8762,9,Y,No,17,3,1,80,3,2,2,2,2,0,1,1
37,No,Travel_Rarely,1452,Research & Development,26,3,Medical,1,820,3,Female,81,4,4,Software Engineer,3,Single,5024,25619,5,Y,Yes,20,3,1,80,1,10,3,4,9,8,5,8
57,No,Non-Travel,1120,Research & Development,2,2,Human Resources,1,821,2,Female,51,3,1,Recruitment Specialist,4,Married,10367,21596,7,Y,No,20,4,2,80,0,11,2,3,5,3,1,3
34,No,Travel_Rarely,160,Research & Development,28,4,Technical Degree,1,822,3,Male,67,2,4,Cybersecurity Specialist,1,Married,8126,3258,2,Y,Yes,20,3,2,80,1,15,1,4,15,13,6,13
45,No,Travel_Rarely,736,Research & Development,13,4,Medical,1,823,4,Female,94,3,1,Auditor,3,Single,7174,19346,3,Y,Yes,18,3,2,80,3,16,4,4,14,14,1,13
50,No,Travel_Frequently,696,Research & Development,11,2,Medical,1,824,3,Male,80,1,4,Developer,1,Married,15039,7474,5,Y,No,11,4,2,80,2,11,6,3,5,5,2,5
49,No,Travel_Rarely,820,Research & Development,9,2,Other,1,825,2,Male,52,2,4,Developer,3,Single,5849,6587,0,Y,No,14,1,4,80,0,16,3,4,13,10,4,13
40,Yes,Travel_Rarely,1166,Research & Development,22,3,Life Sciences,1,826,1,Female,44,3,1,Data Analyst,1,Single,7083,13054,0,Y,Yes,16,2,4,80,0,15,4,2,6,4,3,4
41,No,Travel_Rarely,1086,Sales,8,2,Medical,1,827,3,Male,60,1,3,Sales Executive,3,Married,13886,7143,7,Y,No,14,3,1,80,2,7,2,3,4,1,3,4
42,No,Travel_Rarely,383,Sales,23,2,Technical Degree,1,828,2,Male,57,1,2,Account Manager,1,Married,3098,17399,5,Y,Yes,13,2,1,80,3,7,3,4,7,6,0,7
55,No,Travel_Rarely,862,Research & Development,15,2,Medical,1,829,4,Male,96,3,2,SEO Specialist,4,Single,3084,26215,3,Y,No,23,3,3,80,3,14,6,4,7,4,4,6
57,No,Travel_Frequently,1290,Research & Development,28,2,Medical,1,830,1,Male,71,2,1,Accountant,4,Single,9704,9480,4,Y,No,15,5,1,80,3,14,1,4,11,11,1,9
36,No,Travel_Rarely,678,Research & Development,29,3,Human Resources,1,831,1,Male,54,2,1,HR Manager,4,Married,15398,8509,6,Y,No,14,4,1,80,1,17,3,4,9,9,6,9
37,No,Travel_Rarely,818,Sales,16,3,Other,1,832,4,Female,62,2,5,Business Development,2,Single,15341,5301,7,Y,No,15,3,1,80,2,10,1,2,6,5,4,6
36,No,Travel_Rarely,935,Research & Development,10,2,Technical Degree,1,833,3,Male,52,3,2,Marketing Executive,2,Divorced,13490,21268,9,Y,No,22,4,4,80,0,18,2,2,13,11,6,11
22,No,Travel_Rarely,647,Research & Development,2,2,Medical,1,834,4,Female,82,2,1,Engineer,3,Single,8703,9486,6,Y,Yes,25,2,1,80,2,6,6,4,1,0,0,1
24,No,Travel_Frequently,482,Sales,15,2,Human Resources,1,835,2,Female,45,3,2,Sales Executive,2,Single,9045,18189,6,Y,No,12,3,1,80,0,17,5,2,9,9,6,7
41,No,Travel_Rarely,897,Research & Development,18,3,Marketing,1,836,4,Female,66,2,5,Cybersecurity Specialist,2,Divorced,3201,12694,6,Y,No,24,3,3,80,1,14,5,4,12,10,0,11
59,No,Travel_Rarely,448,Sales,13,2,Medical,1,837,1,Male,34,1,1,Account Manager,1,Married,7906,17645,3,Y,Yes,25,3,4,80,1,18,4,4,13,11,7,11
54,No,Travel_Rarely,890,Research & Development,5,3,Medical,1,838,3,Female,40,4,1,Engineer,2,Single,4311,16936,4,Y,No,13,1,4,80,2,18,0,2,10,8,1,9
50,No,Travel_Rarely,546,Research & Development,19,3,Human Resources,1,839,2,Male,41,2,2,Developer,2,Married,8355,18320,9,Y,Yes,23,4,2,80,0,16,0,4,9,9,4,9
26,No,Non-Travel,987,Sales,1,1,Other,1,840,3,Male,50,3,4,Account Manager,2,Married,11732,8017,6,Y,No,18,4,1,80,3,11,5,4,5,5,1,4
37,Yes,Travel_Frequently,1313,Research & Development,26,1,Human Resources,1,841,4,Female,47,3,4,Helpdesk,2,Married,4538,7319,2,Y,Yes,25,3,1,80,1,10,3,3,7,6,4,7
59,No,Travel_Rarely,171,Sales,27,1,Human Resources,1,842,4,Female,43,2,3,Sales Executive,3,Single,3260,2247,4,Y,No,18,2,4,80,1,5,5,3,1,0,0,0
45,No,Travel_Rarely,398,Sales,29,3,Medical,1,843,2,Female,62,1,1,Business Development,2,Divorced,3804,16830,6,Y,No,20,3,2,80,2,10,4,1,4,1,0,2
25,No,Travel_Rarely,1198,Research & Development,3,4,Life Sciences,1,844,4,Female,50,4,3,Financial Analyst,3,Married,6889,21693,1,Y,Yes,23,4,2,80,1,17,1,3,12,12,6,12
25,No,Travel_Frequently,748,Sales,23,1,Life Sciences,1,845,3,Female,55,3,3,Account Manager,4,Married,10361,17333,6,Y,No,18,3,3,80,3,14,0,2,10,7,5,10
40,No,Travel_Rarely,849,Research & Development,10,4,Human Resources,1,846,4,Female,54,3,3,Auditor,2,Married,4514,10176,5,Y,Yes,13,3,3,80,1,12,4,3,4,1,0,3
36,No,Travel_Rarely,380,Sales,15,2,Life Sciences,1,847,3,Male,64,3,2,Business Development,4,Single,7795,9045,7,Y,No,11,4,4,80,1,9,4,3,5,2,3,3
57,No,Travel_Rarely,1084,Research & Development,25,4,Marketing,1,848,4,Male,92,1,2,Support Engineer,1,Divorced,3705,12859,6,Y,Yes,21,3,4,80,3,11,2,2,6,6,4,4
29,Yes,Travel_Rarely,561,Sales,16,3,Life Sciences,1,849,2,Male,49,3,1,Sales Executive,2,Single,6609,11919,3,Y,Yes,12,3,4,80,3,13,0,2,4,2,3,3
25,No,Travel_Rarely,386,Research & Development,27,3,Life Sciences,1,850,3,Female,92,3,3,Marketing Executive,1,Single,14222,22208,4,Y,Yes,13,3,4,80,0,12,2,2,6,3,2,5
22,No,Travel_Rarely,752,Research & Development,29,3,Medical,1,851,2,Female,95,3,3,HR Executive,4,Married,11486,9655,9,Y,No,12,3,3,80,0,11,4,4,10,7,7,8
29,No,Travel_Rarely,932,Research & Development,4,3,Other,1,852,1,Male,41,3,1,Accountant,4,Divorced,7039,12848,9,Y,Yes,13,3,2,80,1,11,6,3,7,6,0,6
56,No,Travel_Frequently,769,Research & Development,24,4,Life Sciences,1,853,1,Male,61,3,1,Helpdesk,2,Married,11938,18100,5,Y,Yes,17,3,4,80,3,8,0,4,3,2,1,1
42,No,Travel_Rarely,300,Research & Development,22,4,Human Resources,1,854,4,Female,77,1,5,Tester,2,Divorced,11455,17093,1,Y,No,15,3,1,80,1,11,1,3,9,6,1,9
42,No,Travel_Rarely,640,Sales,20,3,Medical,1,855,3,Female,88,3,1,Sales Executive,1,Married,5672,18023,9,Y,No,24,3,2,80,1,11,6,3,8,6,2,8
42,No,Travel_Rarely,194,Sales,3,2,Life Sciences,1,856,4,Other,49,3,2,Sales Executive,3,Divorced,8796,7762,5,Y,Yes,21,2,1,80,0,2,3,3,1,0,0,0
54,No,Travel_Frequently,1397,Research & Development,5,2,Marketing,1,857,2,Female,66,3,2,Employee Relations,4,Married,9313,4606,9,Y,No,21,3,4,80,1,19,4,1,13,11,0,12
49,No,Travel_Rarely,230,Research & Development,3,4,Medical,1,858,4,Female,69,3,3,Employee Relations,4,Single,14886,21930,8,Y,No,22,3,2,80,0,3,5,4,2,0,0,1
58,No,Travel_Rarely,1061,Research & Development,8,3,Other,1,859,1,Female,90,2,1,Data Analyst,1,Divorced,3114,15911,7,Y,Yes,21,4,4,80,0,3,1,3,2,2,0,1
53,No,Travel_Rarely,1255,Sales,27,3,Medical,1,860,2,Male,85,3,3,Sales Executive,3,Single,12080,15239,4,Y,Yes,15,3,2,80,0,14,3,3,10,10,9,10
38,Yes,Travel_Rarely,1420,Sales,28,3,Medical,1,861,1,Male,43,4,2,Business Development,1,Married,2960,10015,4,Y,Yes,12,3,2,80,0,13,0,1,9,9,7,9
27,No,Travel_Rarely,1458,Research & Development,6,4,Life Sciences,1,862,2,Female,65,3,4,Developer,4,Divorced,11983,14593,9,Y,No,19,3,2,80,3,17,1,3,12,9,3,10
21,No,Non-Travel,213,Research & Development,15,3,Other,1,863,2,Female,63,3,2,Financial Analyst,4,Divorced,11498,26335,9,Y,No,19,3,1,80,0,10,1,3,9,8,6,7
53,No,Travel_Rarely,564,Research & Development,27,4,Human Resources,1,864,1,Male,35,4,3,Accountant,2,Married,15343,11475,1,Y,Yes,11,3,1,80,1,17,3,3,9,8,6,8
21,No,Travel_Rarely,1213,Research & Development,6,4,Technical Degree,1,865,4,Female,75,2,2,SEO Analyst,3,Single,4562,5568,9,Y,No,25,4,4,80,0,2,1,3,1,0,0,1
44,No,Travel_Rarely,1346,Research & Development,23,3,Other,1,866,1,Female,51,3,5,HR Executive,3,Married,5842,21338,2,Y,No,18,3,1,80,2,7,0,3,7,6,2,5
24,No,Travel_Rarely,897,Research & Development,28,2,Technical Degree,1,867,3,Female,52,3,2,Tester,2,Married,4076,23527,8,Y,Yes,18,4,1,80,1,18,6,4,15,12,4,14
24,No,Travel_Rarely,698,Sales,7,4,Technical Degree,1,868,2,Female,93,3,3,Sales Executive,3,Divorced,6874,14526,6,Y,No,19,2,4,80,0,13,0,4,12,10,0,10
38,Yes,Travel_Rarely,1345,Research & Development,8,3,Life Sciences,1,869,3,Male,73,1,1,Employee Relations,1,Single,7567,23662,7,Y,Yes,24,1,4,80,0,17,4,3,11,10,9,11
47,Yes,Travel_Rarely,1390,Research & Development,16,4,Marketing,1,870,1,Male,40,3,2,Tester,3,Married,8786,14081,8,Y,Yes,12,4,3,80,0,16,3,2,13,12,3,13
52,No,Travel_Rarely,1417,Sales,21,1,Medical,1,871,1,Male,97,1,1,Business Development,4,Married,12403,7463,2,Y,Yes,16,3,3,80,1,4,2,2,3,2,2,3
53,No,Travel_Rarely,1361,Research & Development,13,1,Medical,1,872,4,Male,90,4,1,HR Manager,1,Married,9118,19783,4,Y,Yes,12,3,2,80,0,20,0,4,11,10,4,11
48,No,Travel_Frequently,798,Research & Development,5,4,Other,1,873,2,Other,85,4,2,Engineer,1,Single,11870,26575,3,Y,No,11,3,1,80,0,13,2,4,9,8,1,7
56,No,Non-Travel,347,Research & Development,22,3,Human Resources,1,874,4,Other,80,2,2,Helpdesk,4,Single,8491,12101,3,Y,No,17,2,1,80,1,16,1,1,8,6,5,7
26,No,Non-Travel,710,Sales,20,3,Other,1,875,2,Female,92,3,2,Account Manager,2,Married,11535,23859,4,Y,No,13,3,2,80,0,6,3,2,3,3,1,3
36,No,Travel_Rarely,662,Research & Development,2,4,Medical,1,876,1,Female,59,4,2,HR Executive,4,Married,6835,6255,4,Y,Yes,18,4,2,80,1,1,5,3,1,0,0,0
54,Yes,Travel_Rarely,1319,Research & Development,14,3,Human Resources,1,877,3,Male,39,2,1,Tester,2,Married,4763,21534,3,Y,Yes,13,2,2,80,0,16,3,1,9,9,7,9
43,No,Travel_Rarely,669,Research & Development,18,3,Other,1,878,2,Male,52,2,2,Cybersecurity Specialist,2,Divorced,5228,23973,5,Y,No,24,4,1,80,3,20,0,3,13,12,1,11
44,No,Travel_Frequently,275,Research & Development,18,1,Life Sciences,1,879,2,Male,30,3,4,Auditor,1,Single,14166,12554,6,Y,No,22,3,1,80,1,19,0,4,10,9,4,10
33,No,Travel_Rarely,1309,Research & Development,18,4,Technical Degree,1,880,3,Male,77,3,4,Content Strategist,3,Married,14544,5553,7,Y,No,12,3,4,80,0,10,3,4,1,0,0,0
38,No,Travel_Rarely,585,Research & Development,15,4,Other,1,881,1,Male,33,3,2,Software Engineer,1,Married,7679,9912,2,Y,No,18,2,1,80,0,19,5,3,15,15,3,15
33,No,Non-Travel,776,Sales,5,2,Human Resources,1,882,1,Female,57,4,3,Sales Executive,4,Married,8000,4665,3,Y,No,18,3,3,80,1,10,2,3,3,0,0,3
57,No,Travel_Frequently,234,Research & Development,2,4,Human Resources,1,883,1,Female,73,4,3,Recruitment Specialist,3,Married,10244,11089,0,Y,No,22,2,4,80,2,13,3,2,13,11,7,11
59,No,Travel_Rarely,1122,Research & Development,23,4,Medical,1,884,4,Male,96,4,1,Tester,1,Married,11212,15734,0,Y,No,23,1,2,80,1,7,5,1,6,3,1,5
37,No,Travel_Rarely,671,Sales,11,3,Life Sciences,1,885,1,Other,31,2,2,Sales Executive,2,Married,7605,21445,4,Y,Yes,20,5,1,80,0,9,4,3,6,3,3,5
35,No,Travel_Rarely,1438,Research & Development,20,3,Technical Degree,1,886,3,Female,87,2,3,Employee Relations,2,Married,3733,4865,0,Y,No,11,3,2,80,1,16,5,4,14,14,2,14
38,No,Travel_Rarely,900,Research & Development,10,3,Life Sciences,1,887,4,Male,35,4,2,SEO Specialist,1,Divorced,10094,16789,8,Y,No,11,3,3,80,0,13,3,3,11,9,3,11
43,No,Non-Travel,790,Research & Development,5,2,Technical Degree,1,888,1,Male,71,3,2,Software Engineer,4,Married,8911,3950,2,Y,Yes,22,2,2,80,1,18,5,4,10,8,3,9
50,No,Non-Travel,222,Research & Development,2,3,Marketing,1,889,2,Female,46,2,2,SEO Specialist,3,Divorced,12755,12992,9,Y,Yes,20,4,4,80,0,12,2,4,4,4,0,2
54,No,Travel_Rarely,1031,Research & Development,12,4,Life Sciences,1,890,2,Male,66,3,2,Auditor,1,Single,4080,2152,8,Y,Yes,13,3,1,80,1,9,1,4,2,0,0,2
24,Yes,Travel_Rarely,1490,Research & Development,17,3,Marketing,1,891,2,Male,73,4,3,Developer,2,Single,4061,20678,4,Y,Yes,20,4,2,80,2,19,2,3,13,11,8,11
23,No,Travel_Frequently,905,Research & Development,25,3,Technical Degree,1,892,3,Female,52,2,2,Support Engineer,2,Married,13515,22268,1,Y,Yes,14,1,1,80,2,17,3,4,10,7,3,9
27,No,Travel_Rarely,1367,Research & Development,22,2,Human Resources,1,893,3,Female,69,4,1,HR Executive,2,Married,9863,2281,8,Y,Yes,18,3,4,80,1,9,3,3,6,4,5,6
38,No,Travel_Rarely,450,Research & Development,29,1,Marketing,1,894,2,Female,73,3,2,Auditor,4,Married,11948,20627,6,Y,No,22,5,4,80,0,16,1,4,10,9,9,9
27,No,Travel_Frequently,530,Sales,5,3,Technical Degree,1,895,4,Female,60,3,2,Sales Executive,3,Married,5273,22508,5,Y,No,24,3,4,80,1,12,6,3,5,2,2,4
26,No,Travel_Rarely,688,Research & Development,21,1,Technical Degree,1,896,1,Female,42,2,2,Helpdesk,1,Single,9758,4126,0,Y,No,18,4,3,80,1,16,6,4,13,13,3,11
42,No,Non-Travel,1210,Research & Development,18,3,Marketing,1,897,1,Female,49,3,1,Auditor,3,Single,10159,16518,2,Y,No,18,3,4,80,0,10,5,4,6,3,5,4
21,Yes,Travel_Rarely,1078,Research & Development,16,3,Other,1,898,1,Male,76,3,1,HR Manager,1,Married,3182,15025,4,Y,Yes,24,3,3,80,1,14,5,3,7,4,6,5
24,No,Travel_Rarely,184,Sales,8,4,Life Sciences,1,899,1,Male,39,3,1,Sales Executive,4,Divorced,10517,3916,4,Y,Yes,17,4,1,80,1,12,5,4,11,9,7,9
49,No,Travel_Frequently,885,Research & Development,4,2,Other,1,900,2,Male,94,3,1,Auditor,1,Married,11029,23856,4,Y,Yes,11,3,4,80,1,12,6,4,9,6,6,9
41,No,Travel_Rarely,459,Research & Development,4,3,Human Resources,1,901,1,Male,81,3,2,Employee Relations,2,Married,14403,19999,2,Y,Yes,11,3,4,80,0,15,4,4,12,12,3,12
46,No,Travel_Rarely,1123,Research & Development,24,3,Technical Degree,1,902,3,Other,92,1,3,Engineer,2,Single,14739,8076,3,Y,No,15,3,3,80,1,21,0,4,12,10,3,12
34,No,Travel_Rarely,410,Research & Development,4,1,Life Sciences,1,903,1,Male,58,4,5,Engineer,4,Married,3767,13157,5,Y,Yes,25,2,4,80,0,17,2,3,14,12,4,12
29,No,Non-Travel,409,Research & Development,17,1,Technical Degree,1,904,4,Female,83,4,4,Content Lead,3,Married,6426,10228,2,Y,No,25,3,2,80,0,7,2,2,7,6,1,6
32,No,Travel_Rarely,1228,Research & Development,20,2,Technical Degree,1,905,1,Female,79,2,3,HR Executive,2,Single,11491,22553,7,Y,Yes,22,3,3,80,2,9,3,3,4,1,0,4
26,No,Travel_Rarely,1122,Research & Development,29,4,Technical Degree,1,906,4,Female,94,4,3,Engineer,1,Single,6006,3144,2,Y,No,25,4,3,80,0,12,2,3,10,9,0,8
40,No,Travel_Rarely,876,Sales,10,2,Life Sciences,1,907,2,Male,73,3,2,Account Manager,2,Married,5832,19950,3,Y,Yes,15,3,3,80,1,6,5,3,5,4,4,5
44,No,Travel_Rarely,775,Research & Development,1,3,Medical,1,908,4,Male,37,3,1,Developer,1,Single,9526,10481,5,Y,Yes,15,3,3,80,0,24,5,3,15,14,7,15
47,No,Travel_Rarely,747,Sales,22,5,Human Resources,1,909,1,Male,38,2,2,Business Development,3,Single,10818,6660,6,Y,No,25,4,1,80,0,20,1,2,13,11,9,13
58,No,Non-Travel,1313,Research & Development,18,4,Human Resources,1,910,4,Male,52,2,1,HR Manager,2,Married,13751,23842,2,Y,No,11,3,3,80,2,12,4,1,6,6,4,4
28,No,Travel_Frequently,351,Research & Development,27,2,Medical,1,911,2,Male,63,3,2,SEO Analyst,2,Married,7108,11828,8,Y,Yes,13,4,1,80,2,19,5,4,13,12,4,13
21,No,Travel_Rarely,1337,Research & Development,15,4,Technical Degree,1,912,2,Male,45,3,1,Tester,1,Married,8382,6628,4,Y,No,11,5,1,80,2,15,3,3,9,7,2,8
44,No,Non-Travel,1245,Research & Development,29,1,Medical,1,913,1,Other,91,3,1,Cybersecurity Specialist,4,Married,7795,22063,4,Y,Yes,12,1,1,80,2,6,0,1,5,4,2,5
27,No,Travel_Rarely,916,Research & Development,25,3,Other,1,914,2,Male,94,2,3,Financial Analyst,4,Divorced,11120,24335,8,Y,Yes,21,2,2,80,1,9,1,3,5,3,3,3
39,No,Travel_Rarely,1449,Sales,29,4,Marketing,1,915,4,Male,81,3,1,Account Manager,2,Divorced,6248,14125,2,Y,No,24,2,2,80,2,7,0,4,7,4,3,5
42,No,Travel_Frequently,317,Sales,10,3,Marketing,1,916,3,Male,52,3,2,Business Development,3,Married,9091,21684,1,Y,Yes,22,4,1,80,0,3,2,3,2,2,0,2
55,No,Travel_Rarely,269,Sales,16,3,Life Sciences,1,917,2,Female,67,4,3,Sales Executive,3,Single,10549,16181,2,Y,No,21,2,4,80,0,12,2,2,3,1,0,3
50,No,Travel_Rarely,1381,Research & Development,4,2,Life Sciences,1,918,4,Female,69,2,1,Data Analyst,4,Single,10273,6909,4,Y,Yes,18,3,2,80,1,12,6,2,12,11,0,11
49,No,Travel_Rarely,770,Sales,27,3,Marketing,1,919,2,Female,37,2,1,Business Development,2,Single,8429,4275,6,Y,No,14,3,3,80,0,7,4,4,2,0,1,1
42,No,Travel_Rarely,175,Sales,29,3,Other,1,920,1,Female,61,3,1,Account Manager,4,Married,9049,14446,6,Y,No,14,4,4,80,1,18,0,2,10,10,4,9
31,Yes,Travel_Rarely,456,Sales,24,2,Other,1,921,1,Other,69,2,3,Sales Executive,1,Single,5267,25601,2,Y,Yes,15,4,2,80,0,17,1,2,10,7,4,8
40,No,Travel_Rarely,1363,Research & Development,27,5,Medical,1,922,2,Female,95,3,1,Accountant,3,Married,6145,10490,9,Y,No,12,5,3,80,0,17,0,3,12,10,5,12
49,No,Travel_Rarely,456,Research & Development,18,4,Other,1,923,3,Female,77,2,4,SEO Analyst,4,Divorced,14729,18912,8,Y,No,19,3,4,80,2,20,0,4,14,12,6,14
54,No,Travel_Rarely,1055,Research & Development,21,4,Life Sciences,1,924,3,Male,42,3,2,Accountant,2,Divorced,14421,14109,7,Y,Yes,25,3,2,80,1,4,5,4,2,0,0,2
21,No,Travel_Rarely,417,Research & Development,28,3,Medical,1,925,4,Male,56,3,1,Data Analyst,4,Divorced,10484,13973,4,Y,No,23,1,4,80,0,12,0,3,3,3,2,1
51,Yes,Travel_Frequently,1221,Research & Development,11,3,Life Sciences,1,926,4,Male,75,3,1,Auditor,2,Single,2995,4781,1,Y,Yes,23,3,1,80,1,7,0,3,6,4,4,5
50,No,Travel_Rarely,883,Research & Development,8,4,Human Resources,1,927,2,Female,32,2,2,SEO Specialist,4,Divorced,10749,18018,9,Y,Yes,20,3,1,80,2,12,2,2,5,2,2,3
38,No,Travel_Rarely,204,Research & Development,1,4,Medical,1,928,4,Other,90,3,4,Cybersecurity Specialist,4,Married,3676,23425,9,Y,No,19,5,2,80,0,15,5,4,11,9,1,9
37,Yes,Travel_Rarely,746,Research & Development,22,3,Marketing,1,929,2,Female,94,4,2,Data Analyst,3,Married,6237,3946,3,Y,Yes,23,4,3,80,1,21,6,3,15,15,1,15
58,No,Non-Travel,944,Research & Development,2,2,Marketing,1,930,2,Other,46,2,1,SEO Analyst,4,Single,5633,22007,7,Y,No,13,2,3,80,1,17,4,3,14,12,3,12
34,No,Travel_Rarely,295,Research & Development,21,1,Other,1,931,2,Male,55,4,2,Financial Analyst,1,Divorced,11590,15918,7,Y,No,11,4,1,80,1,16,1,4,13,10,0,12
43,No,Travel_Rarely,1090,Research & Development,17,3,Life Sciences,1,932,1,Male,58,2,4,Engineer,4,Single,3492,23135,0,Y,Yes,12,2,3,80,3,9,3,4,5,2,4,5
45,No,Travel_Rarely,813,Research & Development,28,3,Medical,1,933,2,Female,67,3,1,Cybersecurity Specialist,2,Single,5000,2076,0,Y,Yes,21,2,1,80,0,5,5,3,2,1,0,2
35,No,Travel_Rarely,1007,Sales,20,4,Technical Degree,1,934,2,Male,80,2,3,Sales Executive,2,Single,9987,22942,3,Y,No,21,4,2,80,1,6,2,4,2,0,0,2
42,No,Travel_Frequently,1093,Research & Development,19,2,Marketing,1,935,3,Male,72,3,1,Cybersecurity Specialist,1,Married,7103,3561,5,Y,No,18,5,2,80,0,18,2,2,12,12,9,11
23,No,Travel_Rarely,703,Research & Development,10,2,Marketing,1,936,4,Female,37,2,3,Financial Analyst,1,Married,4499,20908,2,Y,Yes,18,2,4,80,2,6,6,3,1,0,0,0
39,No,Travel_Frequently,1471,Research & Development,21,3,Medical,1,937,2,Female,54,3,4,Auditor,2,Divorced,14343,20112,0,Y,No,23,4,2,80,2,9,5,4,3,0,2,3
54,No,Travel_Rarely,146,Sales,8,3,Medical,1,938,2,Other,84,4,2,Account Manager,4,Married,5313,22384,3,Y,No,12,4,4,80,0,18,1,3,12,10,5,10
55,No,Travel_Rarely,1285,Research & Development,25,2,Life Sciences,1,939,2,Male,74,3,4,Helpdesk,1,Married,4278,8459,5,Y,No,20,2,1,80,0,20,5,4,12,12,6,12
21,No,Travel_Rarely,662,Research & Development,21,3,Other,1,940,2,Other,96,4,2,Tester,4,Married,11421,18507,4,Y,No,15,3,4,80,3,12,1,4,11,9,4,10
41,No,Travel_Rarely,616,Research & Development,9,3,Other,1,941,2,Male,86,3,5,Tester,1,Single,4925,23938,0,Y,No,24,3,4,80,3,16,4,4,14,12,7,12
49,No,Travel_Rarely,403,Sales,10,3,Technical Degree,1,942,3,Female,78,2,3,Sales Executive,4,Married,3271,15153,3,Y,No,19,4,2,80,3,9,3,3,7,7,5,5
26,No,Travel_Rarely,1080,Research & Development,20,3,Marketing,1,943,1,Female,83,2,3,Software Engineer,1,Single,11965,22799,5,Y,Yes,22,3,4,80,3,16,2,3,11,8,3,9
57,No,Travel_Frequently,898,Research & Development,28,2,Medical,1,944,1,Other,76,1,3,Recruitment Specialist,2,Married,8536,8127,9,Y,No,23,2,3,80,1,5,5,4,5,5,2,4
21,No,Travel_Rarely,523,Sales,5,3,Marketing,1,945,3,Male,93,3,1,Business Development,4,Married,10946,3404,5,Y,No,21,3,1,80,3,15,4,3,7,4,0,6
21,No,Travel_Rarely,490,Research & Development,29,4,Technical Degree,1,946,2,Female,53,3,1,Data Analyst,1,Single,13770,11920,5,Y,Yes,14,3,3,80,2,13,2,2,9,9,1,8
47,No,Travel_Rarely,966,Research & Development,27,1,Other,1,947,3,Male,91,3,1,Cybersecurity Specialist,4,Married,5224,16527,8,Y,Yes,11,3,2,80,0,11,5,4,6,4,3,5
41,Yes,Travel_Rarely,1208,Sales,9,4,Other,1,948,2,Female,62,3,1,Sales Executive,3,Single,3166,25697,7,Y,Yes,24,2,1,80,2,8,4,1,2,0,1,2
36,No,Travel_Frequently,395,Research & Development,11,3,Human Resources,1,949,4,Male,69,2,4,Accountant,3,Married,11544,4527,6,Y,No,25,4,1,80,1,1,5,4,1,0,0,0
46,No,Travel_Frequently,581,Sales,25,4,Human Resources,1,950,1,Female,58,1,1,Business Development,1,Married,8545,9646,9,Y,No,11,3,4,80,0,3,4,4,1,0,0,0
36,No,Travel_Rarely,949,Sales,18,4,Technical Degree,1,951,1,Female,37,3,1,Business Development,3,Divorced,14454,6796,3,Y,Yes,16,4,1,80,1,18,3,4,10,7,3,10
48,No,Travel_Rarely,564,Research & Development,21,2,Medical,1,952,4,Female,45,3,1,Developer,1,Divorced,9464,4175,2,Y,Yes,25,4,2,80,1,13,6,3,9,7,2,7
21,No,Travel_Rarely,1353,Research & Development,24,3,Human Resources,1,953,4,Female,62,4,2,Data Analyst,1,Divorced,5122,9932,2,Y,No,25,4,1,80,2,15,0,3,14,14,6,14
56,No,Travel_Rarely,244,Research & Development,1,2,Medical,1,954,1,Male,93,2,3,Accountant,3,Single,13843,5281,2,Y,Yes,17,5,1,80,2,8,2,4,6,6,1,5
30,No,Travel_Frequently,1084,Research & Development,16,4,Life Sciences,1,955,4,Male,40,3,2,Engineer,2,Married,6883,21264,9,Y,Yes,25,5,4,80,3,11,4,3,6,4,2,6
37,No,Travel_Rarely,307,Research & Development,20,3,Marketing,1,956,4,Male,58,4,3,SEO Specialist,1,Married,11092,24972,4,Y,No,19,3,2,80,0,6,4,4,4,2,3,2
43,No,Travel_Rarely,545,Sales,24,3,Life Sciences,1,957,2,Male,78,2,2,Sales Executive,1,Married,9034,8123,5,Y,Yes,22,3,2,80,1,12,1,4,12,9,0,11
27,No,Travel_Rarely,513,Research & Development,10,3,Human Resources,1,958,4,Female,95,4,5,Recruitment Specialist,3,Divorced,10678,25882,3,Y,No,23,3,4,80,0,18,0,4,14,14,9,13
27,No,Travel_Frequently,922,Research & Development,28,4,Human Resources,1,959,2,Male,34,2,1,HR Manager,4,Married,6926,2893,9,Y,No,16,3,4,80,2,11,1,2,2,2,0,2
35,No,Travel_Rarely,1359,Research & Development,18,2,Medical,1,960,4,Male,82,4,2,Financial Analyst,3,Married,10383,24719,0,Y,Yes,20,1,3,80,1,16,6,3,10,7,9,8
54,No,Travel_Frequently,644,Research & Development,1,3,Human Resources,1,961,3,Female,73,1,3,Content Lead,1,Single,6303,10477,6,Y,No,15,3,3,80,1,7,0,4,3,2,0,2
24,No,Travel_Rarely,1227,Research & Development,28,3,Medical,1,962,2,Female,36,3,1,Data Analyst,4,Single,7467,2744,6,Y,Yes,15,2,4,80,0,3,3,4,3,3,0,3
34,No,Travel_Frequently,1165,Research & Development,6,3,Technical Degree,1,963,2,Male,99,3,3,Developer,4,Married,4749,3661,9,Y,Yes,22,3,3,80,1,9,3,4,8,7,3,6
34,No,Travel_Rarely,1254,Sales,22,3,Human Resources,1,964,1,Female,98,2,2,Sales Executive,3,Married,9891,18987,0,Y,Yes,13,2,1,80,1,7,1,3,6,4,5,5
36,No,Travel_Rarely,802,Research & Development,1,3,Technical Degree,1,965,4,Female,56,2,1,Marketing Executive,4,Married,6751,16169,2,Y,No,25,4,2,80,0,16,1,4,7,6,2,6
27,No,Travel_Rarely,855,Research & Development,3,2,Technical Degree,1,966,2,Male,83,1,2,Recruitment Specialist,2,Single,6262,4006,9,Y,Yes,14,3,3,80,3,12,6,4,9,6,2,9
52,No,Travel_Rarely,491,Research & Development,26,4,Other,1,967,3,Male,52,1,3,Cybersecurity Specialist,2,Divorced,8563,12889,5,Y,Yes,21,2,3,80,1,4,0,3,1,0,0,1
39,No,Travel_Rarely,160,Sales,13,2,Marketing,1,968,3,Male,87,3,1,Sales Executive,2,Divorced,10575,25114,3,Y,No,22,3,2,80,1,2,0,2,2,1,1,0
22,No,Travel_Rarely,769,Research & Development,12,3,Other,1,969,1,Male,46,4,2,Tester,1,Married,10477,9798,4,Y,No,13,2,1,80,2,16,1,3,15,15,1,15
30,No,Travel_Rarely,917,Research & Development,24,2,Medical,1,970,4,Female,75,1,3,Employee Relations,3,Single,13313,13755,8,Y,Yes,20,4,2,80,0,10,1,3,9,9,4,8
37,No,Travel_Rarely,1192,Research & Development,14,1,Technical Degree,1,971,2,Male,76,2,3,Support Engineer,3,Single,3657,6165,9,Y,Yes,24,3,2,80,1,5,4,4,5,5,3,4
57,No,Travel_Rarely,393,Research & Development,25,2,Marketing,1,972,1,Male,88,1,2,HR Executive,1,Married,11161,24549,8,Y,No,20,3,4,80,2,8,2,3,4,4,0,2
32,No,Travel_Frequently,194,Research & Development,28,3,Human Resources,1,973,4,Male,74,2,2,Support Engineer,1,Divorced,4361,12637,5,Y,No,19,4,2,80,0,5,1,4,1,1,0,0
26,No,Travel_Rarely,859,Research & Development,24,3,Human Resources,1,974,4,Female,91,4,4,Helpdesk,3,Married,5946,4347,0,Y,Yes,17,3,1,80,0,13,0,4,9,7,5,7
42,No,Travel_Rarely,357,Research & Development,17,1,Technical Degree,1,975,1,Male,83,2,1,Engineer,1,Divorced,13723,8206,5,Y,No,11,4,4,80,0,16,4,4,11,8,1,11
52,No,Travel_Frequently,1386,Research & Development,16,1,Other,1,976,3,Male,42,3,5,Data Analyst,3,Married,11514,8833,1,Y,No,21,3,3,80,3,17,5,4,13,11,3,12
40,No,Travel_Rarely,307,Research & Development,27,4,Human Resources,1,977,1,Male,41,2,2,Tester,4,Married,9222,21449,6,Y,Yes,15,3,4,80,1,18,3,4,9,6,6,9
21,No,Travel_Frequently,493,Research & Development,13,1,Medical,1,978,1,Female,31,2,1,Developer,4,Married,8555,21830,1,Y,Yes,25,3,3,80,1,10,3,3,4,2,0,3
26,No,Travel_Rarely,640,Sales,4,4,Human Resources,1,979,3,Female,71,2,1,Business Development,4,Married,10096,9996,1,Y,No,11,2,1,80,0,17,3,2,9,9,2,7
39,No,Travel_Rarely,833,Sales,15,2,Life Sciences,1,980,1,Female,83,2,1,Sales Executive,3,Married,10718,11235,7,Y,Yes,14,2,2,80,1,18,4,3,10,9,0,9
38,No,Non-Travel,1079,Sales,28,3,Human Resources,1,981,1,Female,40,2,3,Sales Executive,1,Married,5857,11162,7,Y,Yes,20,3,2,80,2,22,6,4,13,12,1,12
26,No,Travel_Rarely,589,Research & Development,9,2,Technical Degree,1,982,2,Male,51,3,2,Cybersecurity Specialist,1,Divorced,15300,10641,4,Y,Yes,11,4,3,80,3,1,1,1,1,0,0,0
53,No,Travel_Rarely,1285,Research & Development,17,4,Marketing,1,983,2,Male,78,3,1,Helpdesk,1,Divorced,6833,26171,5,Y,No,19,3,3,80,0,20,2,1,15,14,8,13
43,No,Travel_Rarely,555,Research & Development,28,3,Medical,1,984,2,Male,66,3,4,Recruitment Specialist,1,Married,6828,5726,6,Y,Yes,19,2,2,80,0,11,6,3,5,5,1,4
43,No,Travel_Frequently,197,Research & Development,11,3,Medical,1,985,2,Male,65,2,3,Helpdesk,1,Married,7169,22470,8,Y,Yes,14,3,1,80,0,9,6,4,1,0,0,1
46,No,Travel_Frequently,272,Research & Development,20,1,Marketing,1,986,3,Female,78,2,1,HR Executive,1,Married,6453,24949,6,Y,No,22,4,3,80,1,13,6,4,4,3,3,2
33,No,Travel_Rarely,738,Sales,26,3,Medical,1,987,3,Male,87,1,1,Account Manager,3,Divorced,13612,15956,8,Y,No,11,2,1,80,1,16,6,2,12,12,4,10
27,No,Travel_Rarely,682,Research & Development,7,3,Other,1,988,2,Female,32,1,1,SEO Specialist,2,Divorced,8372,20702,4,Y,No,23,3,4,80,1,6,3,2,5,2,4,5
35,No,Travel_Rarely,797,Sales,7,1,Technical Degree,1,989,1,Female,95,2,2,Sales Executive,1,Married,13584,24489,0,Y,Yes,24,3,1,80,2,23,1,3,14,13,3,14
47,No,Travel_Rarely,1457,Research & Development,23,1,Technical Degree,1,990,1,Female,62,4,3,HR Manager,3,Single,14168,22914,3,Y,No,16,3,4,80,1,18,3,3,11,9,3,11
46,No,Travel_Rarely,695,Research & Development,26,4,Marketing,1,991,1,Other,47,2,2,Recruitment Specialist,3,Married,12954,2032,6,Y,Yes,24,3,2,80,1,3,3,3,3,2,2,3
53,No,Travel_Frequently,1352,Research & Development,4,2,Technical Degree,1,992,2,Female,77,2,3,HR Manager,3,Married,13287,23092,1,Y,No,25,4,1,80,1,8,3,3,2,0,0,0
35,No,Travel_Rarely,900,Research & Development,8,3,Life Sciences,1,993,4,Female,66,3,5,HR Manager,3,Married,12264,9331,8,Y,Yes,15,3,2,80,2,9,0,4,6,4,3,6
56,No,Travel_Rarely,962,Sales,19,3,Technical Degree,1,994,4,Male,79,3,2,Account Manager,1,Divorced,6455,7477,1,Y,Yes,25,3,1,80,1,20,5,3,11,11,3,11
47,Yes,Travel_Rarely,1373,Research & Development,14,4,Medical,1,995,4,Female,65,3,2,Support Engineer,4,Married,2917,12742,0,Y,Yes,14,3,3,80,2,18,4,4,13,10,1,13
25,No,Travel_Rarely,1469,Research & Development,25,4,Marketing,1,996,1,Female,56,2,2,Software Engineer,4,Married,7063,2330,4,Y,Yes,25,3,2,80,1,10,4,4,3,0,1,2
22,No,Travel_Rarely,829,Research & Development,22,5,Other,1,997,3,Male,51,3,1,Cybersecurity Specialist,3,Single,9711,6086,1,Y,Yes,22,2,2,80,3,12,0,2,10,8,8,8
53,No,Travel_Rarely,481,Research & Development,23,2,Life Sciences,1,998,2,Female,60,3,5,Accountant,2,Single,4691,6920,5,Y,Yes,25,4,2,80,2,2,6,4,1,0,0,0
36,No,Travel_Frequently,1046,Research & Development,25,4,Technical Degree,1,999,2,Other,69,2,3,Engineer,1,Single,13141,10511,1,Y,No,12,2,4,80,0,18,6,4,11,11,3,11
43,No,Travel_Frequently,1315,Research & Development,4,2,Life Sciences,1,1000,1,Male,83,4,3,Marketing Executive,2,Married,6837,10392,5,Y,Yes,23,4,2,80,2,18,3,3,13,11,5,11
58,No,Travel_Rarely,265,Research & Development,21,3,Human Resources,1,1001,4,Female,93,3,1,Auditor,4,Divorced,4151,14874,5,Y,Yes,16,3,3,80,1,10,4,3,5,3,3,5
36,No,Travel_Rarely,1075,Research & Development,17,3,Human Resources,1,1002,4,Female,99,3,3,Developer,2,Divorced,3729,15800,9,Y,No,17,3,2,80,2,9,4,3,2,0,1,0
34,No,Travel_Frequently,111,Research & Development,26,1,Life Sciences,1,1003,4,Male,82,3,3,Accountant,3,Single,3451,4976,1,Y,Yes,11,2,4,80,3,19,4,2,15,13,1,15
49,No,Travel_Rarely,1314,Research & Development,24,4,Human Resources,1,1004,2,Female,83,4,2,Cybersecurity Specialist,2,Married,4625,25276,1,Y,No,13,3,4,80,1,6,3,4,2,1,0,0
46,No,Travel_Rarely,548,Research & Development,18,1,Human Resources,1,1005,1,Male,83,3,2,Auditor,1,Divorced,11958,14890,5,Y,No,17,3,2,80,1,21,3,4,15,14,5,14
55,No,Travel_Rarely,287,Research & Development,21,3,Human Resources,1,1006,4,Male,35,4,4,Software Engineer,3,Married,3625,19297,8,Y,No,20,4,3,80,0,9,4,4,4,4,3,3
35,No,Travel_Rarely,1399,Research & Development,15,4,Other,1,1007,2,Male,93,2,1,Software Engineer,1,Divorced,4670,17754,3,Y,No,16,3,1,80,0,6,2,3,4,4,2,4
23,No,Travel_Rarely,341,Research & Development,5,4,Other,1,1008,1,Male,83,4,1,Cybersecurity Specialist,4,Divorced,14241,19501,9,Y,No,12,3,3,80,1,7,1,3,4,2,3,4
43,No,Travel_Rarely,1445,Research & Development,15,2,Marketing,1,1009,1,Male,94,3,4,Cybersecurity Specialist,4,Married,14492,2316,3,Y,No,18,1,1,80,0,8,1,2,7,4,3,5
49,No,Travel_Rarely,629,Research & Development,26,3,Marketing,1,1010,1,Female,75,3,1,Software Engineer,1,Divorced,11262,22815,1,Y,Yes,16,4,4,80,2,8,3,4,1,0,0,0
54,Yes,Travel_Rarely,557,Research & Development,4,4,Human Resources,1,1011,1,Female,71,1,4,Engineer,2,Married,4048,11239,3,Y,Yes,11,4,4,80,0,18,2,4,13,12,6,13
53,No,Travel_Rarely,1498,Sales,4,2,Medical,1,1012,1,Male,85,2,1,Account Manager,2,Married,7727,11920,9,Y,No,17,3,4,80,1,14,5,3,8,7,4,6
43,No,Travel_Rarely,873,Research & Development,12,3,Human Resources,1,1013,3,Female,69,4,3,Employee Relations,1,Married,7243,22298,6,Y,No,19,1,2,80,2,16,2,3,12,10,7,11
27,No,Travel_Frequently,165,Research & Development,18,2,Human Resources,1,1014,3,Male,44,2,4,HR Executive,3,Married,12727,25813,3,Y,Yes,22,3,2,80,1,19,2,3,13,10,2,12
23,No,Travel_Rarely,1192,Research & Development,29,3,Human Resources,1,1015,1,Male,59,3,2,Accountant,1,Married,13758,22555,5,Y,No,23,4,4,80,2,13,0,3,10,10,1,8
52,No,Non-Travel,738,Research & Development,19,4,Medical,1,1016,3,Female,52,4,2,Developer,2,Divorced,14409,22761,4,Y,No,18,3,1,80,1,18,0,2,9,6,4,7
51,No,Travel_Rarely,1248,Research & Development,26,3,Medical,1,1017,1,Female,41,2,1,Support Engineer,4,Divorced,5536,3874,6,Y,Yes,17,3,2,80,0,13,4,2,10,7,1,8
38,Yes,Travel_Frequently,1225,Research & Development,18,3,Other,1,1018,4,Male,59,3,1,Cybersecurity Specialist,4,Divorced,5848,2960,2,Y,Yes,18,4,3,80,2,14,2,2,13,11,9,13
27,No,Travel_Rarely,1273,Research & Development,1,3,Human Resources,1,1019,1,Male,45,2,4,Accountant,1,Single,10931,5316,2,Y,No,25,2,3,80,1,21,1,3,14,14,4,13
21,No,Non-Travel,610,Research & Development,4,3,Technical Degree,1,1020,3,Female,59,2,3,Developer,2,Divorced,14038,16305,4,Y,No,18,3,3,80,0,21,6,4,15,14,9,15
34,No,Travel_Rarely,1119,Research & Development,25,1,Other,1,1021,3,Male,97,3,1,Data Analyst,4,Married,12459,14989,3,Y,No,14,1,1,80,2,9,5,3,6,4,4,4
52,No,Travel_Rarely,1351,Research & Development,15,2,Life Sciences,1,1022,4,Male,62,2,3,Engineer,1,Divorced,13181,7459,4,Y,Yes,15,2,1,80,1,6,6,1,4,4,1,4
26,No,Travel_Rarely,802,Research & Development,6,3,Marketing,1,1023,1,Female,86,3,2,Auditor,2,Married,8441,12719,0,Y,Yes,25,4,1,80,0,6,0,3,6,6,5,4
59,No,Non-Travel,726,Research & Development,24,3,Life Sciences,1,1024,3,Female,57,4,2,Financial Analyst,1,Divorced,12541,18352,3,Y,No,15,3,4,80,2,14,3,4,10,10,3,10
30,No,Travel_Rarely,339,Research & Development,2,3,Marketing,1,1025,2,Female,55,2,1,Cybersecurity Specialist,4,Single,6168,9675,5,Y,No,18,4,2,80,0,12,6,4,7,4,2,7
27,No,Travel_Rarely,545,Sales,2,2,Other,1,1026,3,Male,43,4,2,Business Development,2,Divorced,6245,23286,6,Y,Yes,25,3,4,80,1,8,3,3,6,3,5,4
46,No,Travel_Rarely,158,Research & Development,2,3,Life Sciences,1,1027,1,Male,86,2,2,Marketing Executive,3,Single,13056,8985,7,Y,No,21,4,1,80,0,20,2,2,11,8,1,11
54,No,Travel_Rarely,693,Research & Development,11,2,Other,1,1028,2,Other,44,2,3,SEO Specialist,4,Divorced,9254,14949,4,Y,Yes,20,3,3,80,1,9,6,2,1,0,0,0
50,No,Travel_Rarely,825,Research & Development,8,4,Medical,1,1029,3,Female,95,2,3,Recruitment Specialist,3,Divorced,8363,26495,1,Y,Yes,21,1,1,80,1,14,5,4,5,3,4,4
56,No,Travel_Frequently,423,Sales,17,3,Human Resources,1,1030,3,Other,45,2,2,Sales Executive,4,Single,8061,10443,1,Y,Yes,19,4,3,80,1,17,5,4,8,7,0,7
41,No,Travel_Rarely,108,Research & Development,21,1,Marketing,1,1031,3,Male,66,3,1,Engineer,3,Divorced,6684,10174,2,Y,No,21,2,2,80,0,23,4,2,15,15,1,14
37,No,Travel_Rarely,555,Sales,12,1,Human Resources,1,1032,3,Female,40,3,1,Sales Executive,3,Divorced,6904,17080,3,Y,Yes,18,3,4,80,1,13,2,3,8,6,1,7
53,No,Travel_Frequently,876,Research & Development,4,5,Human Resources,1,1033,3,Female,40,3,1,HR Manager,1,Divorced,7539,7325,5,Y,No,21,3,1,80,1,16,3,3,12,10,4,11
30,No,Travel_Rarely,1461,Research & Development,27,2,Other,1,1034,1,Male,62,2,4,Engineer,1,Single,14622,5587,4,Y,Yes,12,1,4,80,0,11,3,2,10,9,8,10
32,No,Travel_Rarely,1448,Research & Development,1,4,Medical,1,1035,3,Male,31,3,4,Content Lead,2,Married,7897,21484,4,Y,Yes,17,2,4,80,0,14,4,3,9,9,0,8
36,No,Travel_Rarely,712,Research & Development,28,1,Marketing,1,1036,4,Male,62,2,3,Developer,1,Married,11549,14334,8,Y,Yes,13,4,3,80,2,8,6,3,4,1,3,3
52,No,Non-Travel,217,Research & Development,10,4,Technical Degree,1,1037,2,Male,92,3,1,HR Executive,1,Single,6769,3590,8,Y,No,12,3,3,80,1,12,0,1,10,8,9,10
35,No,Travel_Rarely,552,Research & Development,7,4,Medical,1,1038,3,Female,32,1,3,Cybersecurity Specialist,2,Married,12225,4793,2,Y,No,12,3,1,80,1,15,4,3,6,3,2,5
47,No,Travel_Frequently,506,Research & Development,16,3,Human Resources,1,1039,3,Female,62,3,1,Software Engineer,1,Married,8131,2614,8,Y,Yes,20,3,4,80,3,9,1,4,7,5,5,6
48,No,Travel_Rarely,691,Research & Development,17,1,Other,1,1040,1,Female,55,3,2,Data Analyst,4,Divorced,13417,7558,0,Y,No,12,3,2,80,2,5,5,4,5,3,1,5
37,No,Travel_Rarely,1256,Sales,6,2,Marketing,1,1041,1,Female,63,4,3,Sales Executive,3,Married,5425,11205,3,Y,Yes,13,4,1,80,0,23,3,3,15,13,2,15
22,Yes,Travel_Rarely,591,Sales,28,3,Medical,1,1042,2,Male,81,4,1,Business Development,3,Single,6049,10437,7,Y,Yes,22,4,2,80,2,14,6,2,11,10,7,9
56,No,Travel_Rarely,650,Sales,1,3,Medical,1,1043,1,Male,95,3,2,Account Manager,1,Single,3222,26496,8,Y,No,14,2,4,80,0,16,1,3,8,7,2,6
27,No,Travel_Rarely,614,Sales,11,2,Technical Degree,1,1044,4,Female,56,4,1,Account Manager,1,Single,3794,18792,4,Y,No,16,3,4,80,0,6,3,4,3,3,0,1
33,No,Travel_Rarely,637,Research & Development,13,1,Life Sciences,1,1045,2,Male,78,3,2,Accountant,2,Married,13617,12924,1,Y,Yes,11,3,4,80,0,12,6,3,8,7,1,8
35,No,Non-Travel,1114,Research & Development,13,3,Marketing,1,1046,4,Female,76,3,2,Cybersecurity Specialist,1,Married,5658,13399,7,Y,No,20,3,3,80,1,19,3,4,15,15,4,13
45,No,Travel_Rarely,1387,Research & Development,9,3,Marketing,1,1047,3,Female,50,3,3,Recruitment Specialist,4,Divorced,8831,8648,7,Y,No,18,3,1,80,1,17,2,2,14,14,3,14
43,No,Travel_Rarely,1175,Sales,3,2,Marketing,1,1048,1,Female,50,4,2,Account Manager,3,Married,4353,22234,8,Y,No,18,3,1,80,2,8,3,4,5,3,2,4
42,No,Travel_Rarely,1077,Research & Development,28,1,Marketing,1,1049,3,Female,90,3,1,Auditor,2,Married,6767,21840,5,Y,Yes,14,2,3,80,0,7,5,3,1,0,0,0
46,No,Travel_Rarely,1278,Research & Development,2,5,Life Sciences,1,1050,4,Female,43,4,4,HR Executive,2,Married,8206,19861,8,Y,Yes,11,3,2,80,0,19,3,3,13,11,8,12
53,No,Travel_Rarely,476,Sales,23,3,Medical,1,1051,3,Female,49,2,5,Account Manager,2,Married,5528,4405,9,Y,Yes,25,2,1,80,1,11,3,4,6,6,2,6
31,No,Travel_Rarely,313,Sales,1,4,Medical,1,1052,1,Female,34,4,3,Sales Executive,1,Married,9683,20824,9,Y,Yes,21,2,1,80,1,4,3,3,2,0,1,2
30,No,Non-Travel,667,Research & Development,7,3,Other,1,1053,1,Female,60,2,2,Accountant,1,Married,11620,18481,7,Y,Yes,16,5,1,80,0,20,2,2,15,13,4,15
45,No,Non-Travel,585,Sales,25,1,Life Sciences,1,1054,1,Male,91,3,4,Sales Executive,1,Married,11492,5120,4,Y,Yes,17,3,4,80,3,15,6,4,7,6,1,6
57,No,Travel_Frequently,654,Research & Development,20,2,Medical,1,1055,3,Female,41,3,2,Engineer,2,Married,15334,3985,3,Y,Yes,11,3,2,80,2,17,2,3,15,12,8,14
58,No,Travel_Rarely,1150,Research & Development,10,2,Life Sciences,1,1056,1,Other,85,4,1,SEO Analyst,2,Single,7013,6006,6,Y,No,18,3,4,80,0,21,5,3,15,14,5,14
44,No,Non-Travel,1425,Research & Development,2,4,Life Sciences,1,1057,2,Male,85,2,1,Financial Analyst,3,Single,5947,7362,5,Y,No,14,4,3,80,1,13,5,2,9,6,1,7
53,No,Travel_Rarely,132,Research & Development,4,3,Medical,1,1058,2,Other,41,4,3,HR Manager,3,Divorced,8511,19779,3,Y,Yes,24,3,3,80,0,9,1,3,3,2,0,3
37,No,Travel_Rarely,1250,Research & Development,25,2,Other,1,1059,1,Male,95,1,3,Cybersecurity Specialist,1,Married,12968,6930,1,Y,Yes,11,3,4,80,1,15,1,2,14,13,0,13
44,No,Travel_Rarely,895,Sales,16,5,Medical,1,1060,2,Male,55,1,4,Business Development,1,Divorced,12084,10618,9,Y,No,19,3,3,80,1,12,5,3,10,7,6,8
57,Yes,Travel_Frequently,449,Research & Development,8,2,Life Sciences,1,1061,4,Female,97,4,3,SEO Specialist,3,Single,3084,12412,8,Y,Yes,24,4,4,80,0,15,1,3,14,14,1,13
22,No,Travel_Rarely,965,Sales,12,5,Technical Degree,1,1062,1,Male,59,4,2,Sales Executive,4,Single,8675,25887,3,Y,No,24,4,2,80,1,13,4,4,4,2,2,4
52,Yes,Travel_Rarely,1204,Sales,5,5,Human Resources,1,1063,3,Female,49,3,1,Sales Executive,3,Married,3522,11768,2,Y,Yes,18,3,2,80,1,10,2,2,4,3,0,2
44,No,Travel_Rarely,790,Research & Development,24,2,Marketing,1,1064,2,Female,95,4,2,Employee Relations,1,Married,4229,10797,9,Y,Yes,19,4,3,80,1,12,5,4,4,4,3,2
29,No,Travel_Rarely,803,Sales,23,2,Life Sciences,1,1065,2,Female,64,2,2,Business Development,1,Divorced,3902,26722,5,Y,Yes,14,3,1,80,0,5,2,4,3,3,1,1
24,No,Travel_Rarely,646,Sales,20,3,Medical,1,1066,2,Male,80,1,1,Account Manager,1,Divorced,9834,26875,1,Y,Yes,18,5,2,80,0,11,0,3,5,3,4,3
37,No,Travel_Rarely,519,Research & Development,3,3,Other,1,1067,2,Female,43,4,3,HR Manager,1,Married,13690,7145,7,Y,Yes,24,4,3,80,0,18,0,3,9,9,3,7
37,No,Travel_Frequently,361,Research & Development,1,3,Life Sciences,1,1068,4,Other,84,3,1,Developer,3,Divorced,11718,15967,8,Y,No,18,3,3,80,1,21,0,4,15,15,4,13
50,No,Travel_Rarely,592,Research & Development,14,5,Medical,1,1069,4,Female,65,4,2,Cybersecurity Specialist,1,Divorced,14549,21349,3,Y,Yes,20,3,1,80,3,13,5,3,11,11,9,11
31,No,Travel_Rarely,832,Research & Development,19,3,Life Sciences,1,1070,4,Male,82,4,2,HR Executive,1,Married,9842,7765,9,Y,Yes,25,3,1,80,1,12,1,4,8,7,6,8
41,No,Travel_Rarely,1309,Research & Development,24,2,Medical,1,1071,2,Female,83,3,1,Software Engineer,3,Married,7469,10740,6,Y,No,21,3,2,80,0,15,3,3,10,9,0,8
41,No,Travel_Frequently,1251,Research & Development,25,2,Technical Degree,1,1072,4,Male,92,3,2,Recruitment Specialist,4,Single,8672,5012,0,Y,No,12,2,2,80,0,6,4,2,2,1,0,2
38,No,Travel_Rarely,369,Research & Development,16,3,Other,1,1073,3,Male,87,2,1,Tester,3,Married,8525,22458,1,Y,Yes,23,1,3,80,1,19,2,4,12,9,1,12
49,No,Travel_Rarely,300,Sales,9,2,Human Resources,1,1074,4,Male,56,2,1,Account Manager,1,Married,13310,6301,3,Y,No,20,1,4,80,3,17,1,2,9,6,1,8
44,No,Travel_Rarely,923,Research & Development,5,4,Medical,1,1075,2,Female,31,3,1,Cybersecurity Specialist,1,Single,13570,12701,4,Y,No,18,5,2,80,3,17,4,4,12,10,7,11
30,No,Travel_Rarely,1353,Sales,4,2,Other,1,1076,1,Male,52,4,1,Sales Executive,2,Single,5860,8311,9,Y,No,25,2,4,80,0,11,2,4,10,7,8,9
37,No,Travel_Rarely,1020,Research & Development,6,2,Technical Degree,1,1077,2,Female,64,3,4,Content Strategist,1,Married,3339,2375,7,Y,No,16,1,4,80,2,3,5,2,2,0,1,0
38,No,Travel_Frequently,1271,Research & Development,12,1,Human Resources,1,1078,1,Male,91,1,2,Software Engineer,4,Single,13034,23706,1,Y,No,13,3,1,80,0,10,4,4,7,4,2,6
40,No,Travel_Rarely,313,Sales,14,3,Medical,1,1079,4,Male,88,2,1,Sales Executive,1,Married,10195,11097,1,Y,No,18,3,4,80,2,14,4,3,5,3,0,5
57,No,Travel_Frequently,1013,Research & Development,23,2,Marketing,1,1080,4,Female,93,2,4,HR Manager,3,Married,10017,17538,9,Y,Yes,25,4,2,80,2,17,2,3,15,14,0,14
38,No,Non-Travel,241,Research & Development,14,4,Life Sciences,1,1081,1,Female,70,3,2,Developer,1,Married,6479,13060,4,Y,Yes,11,3,2,80,0,19,4,3,13,13,6,11
37,No,Travel_Rarely,843,Research & Development,6,3,Life Sciences,1,1082,3,Female,62,3,1,Employee Relations,1,Married,12766,18019,1,Y,Yes,12,3,4,80,0,10,0,4,7,7,2,5
29,No,Travel_Rarely,1472,Sales,5,4,Life Sciences,1,1083,2,Male,38,3,3,Sales Executive,2,Divorced,9127,10060,2,Y,No,17,4,2,80,0,7,6,3,5,3,0,5
34,Yes,Travel_Frequently,331,Research & Development,29,3,Medical,1,1084,3,Male,78,3,2,Developer,1,Single,9519,19566,9,Y,Yes,22,1,2,80,1,13,0,2,12,10,3,12
49,No,Travel_Rarely,542,Research & Development,2,1,Marketing,1,1085,2,Female,31,2,2,Employee Relations,1,Divorced,7234,8648,8,Y,No,24,5,1,80,0,9,5,4,6,5,3,5
51,No,Travel_Rarely,412,Research & Development,3,4,Marketing,1,1086,2,Female,32,4,2,Engineer,3,Married,12242,10847,8,Y,Yes,18,2,2,80,1,12,4,3,8,5,2,7
24,No,Non-Travel,300,Sales,9,1,Marketing,1,1087,3,Female,52,2,1,Account Manager,4,Married,4035,7476,5,Y,Yes,23,4,1,80,1,4,6,4,1,0,0,0
38,No,Travel_Rarely,1391,Research & Development,7,3,Other,1,1088,3,Female,48,3,4,Support Engineer,2,Divorced,7729,6394,8,Y,Yes,19,1,2,80,0,22,1,4,13,12,7,11
40,No,Travel_Rarely,102,Research & Development,26,2,Human Resources,1,1089,1,Male,47,2,1,Engineer,4,Single,6983,10314,7,Y,Yes,11,4,4,80,1,19,3,3,11,8,8,10
29,No,Travel_Frequently,452,Research & Development,12,4,Other,1,1090,4,Male,64,1,2,Auditor,4,Married,3511,5338,2,Y,Yes,19,2,3,80,3,13,5,4,13,11,0,12
33,No,Travel_Rarely,1266,Research & Development,18,4,Medical,1,1091,4,Male,83,2,4,Tester,1,Married,8185,14207,7,Y,No,12,2,4,80,0,20,2,3,12,12,1,12
35,No,Travel_Rarely,236,Research & Development,28,3,Technical Degree,1,1092,1,Male,89,4,1,Employee Relations,2,Married,15081,3654,6,Y,No,18,4,4,80,1,8,1,4,1,0,0,0
47,No,Travel_Rarely,148,Research & Development,13,3,Human Resources,1,1093,1,Male,38,2,2,Helpdesk,1,Divorced,10317,19831,8,Y,No,22,2,2,80,1,13,5,3,5,5,0,3
35,No,Travel_Rarely,1295,Research & Development,1,4,Medical,1,1094,4,Male,81,2,5,HR Manager,1,Divorced,5293,10082,6,Y,No,17,4,1,80,1,17,3,4,15,14,3,15
48,No,Non-Travel,1279,Sales,1,1,Marketing,1,1095,3,Male,79,2,4,Account Manager,3,Married,4624,5257,4,Y,Yes,16,3,1,80,0,9,2,3,1,1,0,0
57,No,Travel_Rarely,1120,Sales,1,4,Other,1,1096,4,Male,41,4,3,Sales Executive,1,Divorced,3589,26730,4,Y,No,16,3,3,80,0,11,6,2,3,3,1,3
39,No,Non-Travel,914,Research & Development,22,2,Medical,1,1097,2,Male,46,2,2,Accountant,2,Divorced,10554,24484,3,Y,No,13,3,3,80,1,11,3,3,10,7,6,10
46,No,Travel_Frequently,1144,Research & Development,21,5,Marketing,1,1098,1,Male,78,3,2,Data Analyst,2,Married,13675,20600,1,Y,No,15,4,4,80,3,17,5,3,15,15,6,15
46,No,Travel_Rarely,149,Research & Development,7,3,Technical Degree,1,1099,4,Female,77,2,2,Tester,1,Single,4333,26312,4,Y,No,22,4,4,80,3,16,2,3,9,8,5,8
45,No,Travel_Rarely,274,Sales,28,4,Marketing,1,1100,3,Male,56,4,3,Business Development,2,Married,13911,22819,9,Y,No,12,3,1,80,1,20,0,1,14,12,4,13
46,No,Travel_Rarely,725,Sales,21,3,Human Resources,1,1101,4,Male,43,4,1,Sales Executive,4,Single,11029,17778,3,Y,Yes,15,3,1,80,1,14,1,3,13,11,3,11
46,No,Travel_Rarely,1384,Research & Development,9,3,Medical,1,1102,1,Female,84,3,4,Accountant,4,Married,12392,7988,0,Y,Yes,25,3,2,80,0,16,3,2,7,4,3,7
48,Yes,Travel_Frequently,874,Research & Development,1,3,Life Sciences,1,1103,2,Male,42,3,1,Accountant,4,Married,4687,10414,1,Y,Yes,22,3,1,80,2,20,0,2,12,9,7,11
38,No,Travel_Rarely,904,Sales,15,1,Marketing,1,1104,3,Female,32,2,1,Account Manager,3,Single,15193,12753,1,Y,No,21,3,1,80,0,7,1,3,6,5,2,4
52,No,Non-Travel,1462,Sales,25,3,Marketing,1,1105,3,Male,93,2,2,Business Development,4,Single,5792,5537,8,Y,No,13,4,3,80,1,8,4,3,8,6,2,6
23,No,Non-Travel,515,Research & Development,12,3,Life Sciences,1,1106,2,Other,52,3,1,Marketing Executive,4,Married,7738,10181,1,Y,No,19,4,1,80,0,16,1,3,8,8,1,8
22,No,Travel_Rarely,1377,Research & Development,4,4,Human Resources,1,1107,3,Female,68,2,2,Auditor,2,Single,11532,15012,9,Y,No,11,4,4,80,2,9,1,2,6,6,0,6
53,No,Travel_Frequently,678,Sales,10,3,Technical Degree,1,1108,3,Male,87,2,1,Sales Executive,2,Married,8928,3036,6,Y,Yes,13,3,4,80,0,9,0,4,4,4,1,2
39,No,Travel_Frequently,894,Sales,23,1,Other,1,1109,4,Male,47,4,1,Sales Executive,4,Divorced,12696,15347,2,Y,No,11,3,3,80,1,8,0,3,4,3,1,2
37,No,Travel_Rarely,662,Sales,18,2,Technical Degree,1,1110,3,Male,83,2,2,Sales Executive,1,Single,7138,13856,1,Y,No,19,4,2,80,1,7,5,2,4,3,1,2
53,No,Travel_Rarely,787,Research & Development,19,3,Human Resources,1,1111,1,Female,60,1,2,Cybersecurity Specialist,2,Married,10711,10907,7,Y,Yes,21,4,4,80,0,9,3,4,6,6,3,5
32,No,Travel_Rarely,342,Research & Development,20,2,Medical,1,1112,2,Female,93,3,2,Software Engineer,3,Divorced,11359,2213,1,Y,No,15,3,3,80,0,3,3,3,1,0,0,0
23,No,Travel_Rarely,280,Research & Development,5,2,Technical Degree,1,1113,1,Male,71,2,3,Recruitment Specialist,2,Married,4110,2014,8,Y,Yes,24,1,2,80,2,15,4,4,12,11,4,10
46,No,Travel_Rarely,1473,Research & Development,28,4,Other,1,1114,2,Female,66,3,1,Auditor,3,Single,13985,14422,2,Y,No,17,3,3,80,1,5,0,3,2,1,1,0
55,No,Travel_Rarely,1171,Research & Development,2,3,Other,1,1115,3,Male,99,2,1,Data Analyst,4,Married,15339,15954,8,Y,Yes,13,3,3,80,1,12,5,2,6,6,5,4
28,No,Travel_Rarely,1355,Research & Development,7,3,Other,1,1116,2,Male,71,1,2,Content Strategist,4,Married,8650,6522,2,Y,Yes,25,2,2,80,3,22,0,3,14,13,1,13
56,No,Travel_Rarely,877,Research & Development,6,2,Human Resources,1,1117,3,Other,58,3,1,Financial Analyst,3,Married,12644,13801,8,Y,No,19,3,1,80,0,23,1,3,14,11,4,14
27,No,Travel_Rarely,705,Research & Development,16,3,Other,1,1118,3,Female,99,2,1,Helpdesk,3,Single,2985,12779,5,Y,No,25,3,3,80,2,14,1,4,11,8,4,11
56,No,Travel_Rarely,1107,Research & Development,15,2,Marketing,1,1119,2,Female,32,3,3,Data Analyst,3,Single,14996,4932,1,Y,Yes,23,4,1,80,1,6,5,2,1,0,0,0
36,No,Travel_Rarely,1378,Research & Development,9,3,Other,1,1120,3,Male,47,4,2,SEO Analyst,2,Married,12726,12284,0,Y,Yes,11,3,1,80,1,14,4,4,9,9,5,8
44,No,Non-Travel,185,Research & Development,7,1,Life Sciences,1,1121,1,Male,58,3,1,Cybersecurity Specialist,4,Married,8468,3831,2,Y,No,20,3,1,80,0,16,1,4,12,10,0,11
21,No,Travel_Rarely,194,Research & Development,10,4,Medical,1,1122,2,Male,81,3,2,Developer,2,Single,3876,16856,6,Y,No,11,4,2,80,3,10,1,3,6,6,2,4
45,No,Travel_Rarely,145,Research & Development,26,3,Medical,1,1123,2,Male,71,1,2,Content Strategist,1,Divorced,15245,15382,9,Y,No,14,3,3,80,0,15,3,3,7,7,4,5
30,No,Travel_Rarely,135,Research & Development,2,3,Other,1,1124,2,Male,81,4,1,Auditor,3,Single,11505,20727,2,Y,No,22,4,3,80,1,15,4,3,14,13,6,12
36,No,Travel_Frequently,109,Sales,3,3,Marketing,1,1125,3,Female,65,4,2,Sales Executive,1,Married,12501,18269,2,Y,Yes,24,3,1,80,2,17,3,2,12,10,2,11
36,No,Travel_Rarely,1367,Sales,19,3,Technical Degree,1,1126,1,Female,37,3,1,Business Development,3,Single,3748,13017,6,Y,No,24,4,3,80,1,9,5,3,1,0,0,1
28,No,Travel_Rarely,991,Research & Development,24,2,Medical,1,1127,2,Female,31,2,2,HR Executive,3,Divorced,15059,13234,6,Y,No,16,3,1,80,0,10,4,4,8,5,5,7
49,No,Travel_Rarely,1150,Research & Development,24,4,Life Sciences,1,1128,3,Female,80,3,2,Support Engineer,4,Divorced,8767,21708,3,Y,No,24,2,2,80,3,15,6,4,12,11,9,11
59,No,Travel_Rarely,690,Research & Development,3,2,Marketing,1,1129,4,Male,44,2,2,HR Manager,3,Single,8737,11007,0,Y,Yes,24,3,2,80,0,17,3,4,12,10,5,11
48,No,Travel_Rarely,131,Research & Development,8,4,Medical,1,1130,4,Male,46,4,4,HR Manager,2,Single,12384,10876,9,Y,No,19,4,4,80,0,18,3,2,12,10,4,12
26,No,Travel_Rarely,145,Research & Development,5,4,Other,1,1131,4,Male,42,3,1,Content Lead,3,Married,3724,17555,7,Y,Yes,19,3,3,80,0,14,6,4,12,9,6,12
36,No,Travel_Rarely,671,Research & Development,27,2,Marketing,1,1132,1,Male,83,3,2,HR Manager,3,Married,6965,5823,7,Y,Yes,12,3,1,80,1,19,4,4,12,12,9,12
40,No,Travel_Rarely,1191,Research & Development,29,4,Technical Degree,1,1133,3,Male,54,2,2,HR Executive,1,Single,5507,9353,5,Y,Yes,15,1,2,80,3,13,1,4,5,5,2,3
36,No,Travel_Frequently,116,Research & Development,20,3,Other,1,1134,3,Male,62,2,2,Financial Analyst,4,Divorced,4765,6593,0,Y,No,15,3,4,80,3,6,2,2,5,5,2,5
27,No,Travel_Rarely,284,Research & Development,12,2,Human Resources,1,1135,4,Male,51,3,3,Support Engineer,4,Married,12751,4194,9,Y,Yes,12,3,3,80,1,20,6,3,14,13,1,12
34,No,Travel_Rarely,886,Sales,11,5,Marketing,1,1136,1,Female,73,3,1,Sales Executive,3,Married,13643,5191,2,Y,Yes,21,2,1,80,1,12,0,2,6,5,3,4
46,No,Travel_Rarely,693,Sales,4,3,Technical Degree,1,1137,3,Female,33,2,2,Sales Executive,1,Married,11806,24703,5,Y,Yes,19,3,1,80,1,9,4,2,7,5,2,7
46,Yes,Travel_Rarely,1178,Sales,4,3,Medical,1,1138,4,Male,55,2,1,Sales Executive,2,Married,3017,14793,9,Y,Yes,19,1,4,80,1,8,6,3,7,5,6,5
34,No,Travel_Rarely,1485,Sales,1,3,Medical,1,1139,1,Male,30,2,1,Sales Executive,2,Married,4911,3451,5,Y,No,22,3,3,80,2,13,2,4,5,5,3,4
27,No,Travel_Rarely,588,Research & Development,27,2,Technical Degree,1,1140,4,Male,39,1,3,Data Analyst,3,Married,6617,20390,0,Y,Yes,14,4,4,80,0,7,3,3,1,0,0,0
53,No,Travel_Frequently,103,Research & Development,7,5,Medical,1,1141,2,Female,31,4,2,Tester,3,Married,15170,6117,6,Y,Yes,13,3,1,80,0,14,5,3,11,9,6,10
46,No,Travel_Rarely,1303,Research & Development,27,2,Medical,1,1142,2,Female,58,3,2,Marketing Executive,1,Married,7784,15397,1,Y,No,15,1,3,80,0,18,1,4,9,6,4,7
40,Yes,Travel_Frequently,1142,Sales,26,2,Medical,1,1143,1,Female,54,4,4,Account Manager,4,Single,11370,25009,7,Y,Yes,15,3,3,80,0,19,3,1,15,15,3,13
23,No,Travel_Rarely,1026,Sales,26,3,Technical Degree,1,1144,3,Female,89,3,3,Business Development,1,Married,11547,12539,5,Y,No,17,3,2,80,3,12,4,3,6,5,5,6
24,No,Travel_Frequently,230,Research & Development,20,3,Other,1,1145,4,Male,42,4,3,Employee Relations,2,Married,7956,2495,0,Y,Yes,18,3,2,80,1,21,2,4,13,10,5,12
46,No,Travel_Rarely,597,Research & Development,2,3,Technical Degree,1,1146,2,Male,69,2,1,Engineer,3,Divorced,5228,20462,1,Y,Yes,24,3,4,80,0,13,3,3,9,6,6,8
31,No,Non-Travel,678,Research & Development,1,2,Marketing,1,1147,4,Male,63,3,1,HR Executive,3,Single,8194,5332,5,Y,Yes,24,4,3,80,0,17,1,4,11,11,4,11
22,No,Non-Travel,1408,Research & Development,19,2,Life Sciences,1,1148,1,Female,64,2,2,Developer,1,Married,3906,11215,1,Y,Yes,15,4,1,80,3,4,5,3,4,2,3,3
34,No,Non-Travel,280,Research & Development,17,2,Human Resources,1,1149,1,Female,68,3,3,Developer,4,Divorced,5999,9580,3,Y,Yes,18,2,2,80,2,6,4,3,2,1,0,1
50,No,Travel_Rarely,747,Sales,11,4,Other,1,1150,3,Male,71,3,2,Business Development,1,Single,13099,2126,8,Y,Yes,11,2,1,80,1,20,6,2,13,10,2,12
32,No,Travel_Rarely,475,Research & Development,5,2,Other,1,1151,3,Male,54,3,1,Helpdesk,4,Married,6014,3873,2,Y,No,22,3,3,80,0,14,6,2,13,13,6,12
46,No,Travel_Rarely,744,Sales,6,4,Medical,1,1152,4,Male,43,4,3,Sales Executive,4,Single,8427,20524,4,Y,No,24,3,3,80,0,10,4,3,3,3,2,3
53,No,Travel_Frequently,1187,Sales,27,4,Life Sciences,1,1153,2,Female,30,3,3,Account Manager,2,Divorced,7627,25233,2,Y,No,24,3,1,80,1,16,3,4,12,12,2,12
33,No,Travel_Rarely,578,Research & Development,22,4,Other,1,1154,2,Male,68,4,4,Data Analyst,4,Married,5093,9437,7,Y,No,19,4,4,80,2,11,1,4,4,3,1,2
34,No,Travel_Rarely,638,Research & Development,6,4,Life Sciences,1,1155,2,Male,59,3,2,Employee Relations,2,Married,12728,24486,9,Y,No,13,2,2,80,0,11,4,4,10,10,5,10
44,No,Travel_Rarely,1437,Research & Development,23,2,Technical Degree,1,1156,3,Other,34,3,1,Helpdesk,3,Divorced,12657,22922,4,Y,No,17,4,2,80,0,19,4,2,12,10,7,10
54,No,Travel_Rarely,1441,Sales,17,2,Technical Degree,1,1157,2,Other,91,3,4,Sales Executive,1,Divorced,14065,24068,9,Y,Yes,12,3,2,80,0,12,3,4,8,7,4,7
46,No,Travel_Rarely,949,Research & Development,20,3,Life Sciences,1,1158,1,Other,60,3,3,Employee Relations,2,Married,6665,13932,5,Y,Yes,12,5,4,80,1,6,2,4,3,1,2,3
41,No,Travel_Frequently,571,Research & Development,10,2,Technical Degree,1,1159,1,Male,36,3,1,Auditor,1,Married,4758,24502,5,Y,No,15,3,2,80,3,16,6,3,8,5,5,6
48,No,Travel_Frequently,893,Sales,10,3,Marketing,1,1160,2,Male,58,2,2,Business Development,2,Married,4344,22708,3,Y,No,17,3,1,80,2,8,0,4,6,6,1,4
56,No,Travel_Rarely,1393,Research & Development,9,3,Marketing,1,1161,3,Female,80,4,1,Cybersecurity Specialist,3,Single,6796,15727,9,Y,No,22,2,2,80,1,6,1,4,4,3,2,3
22,No,Travel_Rarely,586,Research & Development,26,4,Human Resources,1,1162,2,Male,80,3,1,Engineer,2,Married,3462,4352,3,Y,Yes,21,4,1,80,2,21,5,3,14,13,2,12
29,No,Travel_Frequently,908,Research & Development,28,1,Human Resources,1,1163,1,Female,98,3,1,Tester,2,Divorced,4406,17525,9,Y,No,19,2,2,80,0,8,5,2,7,4,3,6
43,No,Travel_Rarely,1119,Sales,18,4,Other,1,1164,2,Female,43,2,1,Sales Executive,1,Married,3031,16428,0,Y,Yes,13,3,2,80,0,17,4,4,15,13,4,15
35,No,Travel_Rarely,753,Research & Development,13,2,Other,1,1165,4,Male,52,2,2,Auditor,2,Divorced,10482,9035,5,Y,Yes,21,2,1,80,0,21,4,4,14,14,8,13
33,No,Travel_Frequently,147,Sales,8,3,Human Resources,1,1166,1,Male,72,2,1,Account Manager,1,Single,11722,19792,3,Y,No,13,2,4,80,0,19,6,3,11,10,7,11
43,No,Travel_Frequently,446,Research & Development,11,3,Other,1,1167,4,Male,85,3,1,Tester,3,Single,8692,2898,5,Y,Yes,25,2,1,80,3,13,4,3,13,13,5,13
37,No,Travel_Rarely,1417,Research & Development,7,4,Medical,1,1168,3,Female,50,1,2,Accountant,3,Married,14596,17145,7,Y,Yes,14,2,4,80,3,12,2,3,5,5,0,3
22,No,Travel_Rarely,1156,Research & Development,7,3,Marketing,1,1169,4,Male,59,4,3,Auditor,2,Married,11626,24994,8,Y,No,21,3,1,80,0,14,5,4,5,4,1,4
40,No,Travel_Rarely,462,Sales,29,4,Medical,1,1170,1,Other,69,4,1,Sales Executive,4,Single,4279,8349,8,Y,No,18,5,3,80,1,15,0,2,9,9,8,8
40,No,Travel_Rarely,1147,Sales,3,4,Marketing,1,1171,2,Male,51,3,4,Sales Executive,3,Married,11216,11119,0,Y,Yes,12,3,1,80,0,14,3,4,13,10,9,11
23,No,Travel_Rarely,149,Research & Development,16,4,Other,1,1172,3,Male,31,2,3,Accountant,4,Divorced,9699,18662,4,Y,Yes,23,4,3,80,1,3,6,3,3,2,0,2
32,No,Travel_Rarely,781,Research & Development,13,1,Life Sciences,1,1173,3,Male,52,2,2,Support Engineer,4,Married,9542,22458,6,Y,No,16,2,1,80,0,16,1,3,10,8,9,9
22,No,Non-Travel,1218,Sales,18,4,Medical,1,1174,4,Male,91,3,2,Sales Executive,1,Single,4397,16489,0,Y,Yes,24,3,1,80,0,22,2,3,15,12,5,13
56,No,Travel_Rarely,318,Sales,18,4,Human Resources,1,1175,3,Female,59,2,2,Business Development,4,Married,11382,6074,5,Y,No,18,2,1,80,2,4,4,3,4,1,3,4
34,Yes,Travel_Frequently,480,Research & Development,12,2,Marketing,1,1176,4,Female,56,3,1,Data Analyst,4,Married,6780,26014,0,Y,Yes,21,2,3,80,3,8,5,1,5,3,0,4
36,No,Travel_Rarely,752,Research & Development,13,2,Other,1,1177,2,Female,66,4,1,Cybersecurity Specialist,4,Married,7098,18216,5,Y,No,19,2,3,80,0,3,5,2,1,0,0,1
39,No,Non-Travel,1026,Research & Development,3,2,Human Resources,1,1178,1,Female,99,3,1,Data Analyst,1,Divorced,14071,10419,6,Y,Yes,12,3,3,80,0,11,5,4,7,6,3,5
54,No,Travel_Frequently,1402,Research & Development,3,1,Technical Degree,1,1179,2,Female,45,3,1,Content Lead,2,Single,13460,9146,4,Y,Yes,17,2,1,80,1,16,0,4,8,7,3,6
26,No,Travel_Rarely,1288,Research & Development,26,3,Marketing,1,1180,1,Male,49,4,3,Recruitment Specialist,4,Married,13974,25317,1,Y,Yes,13,4,1,80,1,15,0,3,15,15,4,15
33,Yes,Travel_Rarely,1182,Research & Development,2,5,Other,1,1181,4,Female,75,2,1,Data Analyst,3,Divorced,5941,16091,1,Y,Yes,22,3,3,80,0,8,0,2,6,5,1,5
56,No,Travel_Rarely,541,Research & Development,7,3,Other,1,1182,3,Female,54,3,3,SEO Analyst,1,Single,4549,25102,5,Y,Yes,13,4,3,80,1,10,3,4,9,7,2,9
42,No,Travel_Rarely,693,Research & Development,2,3,Marketing,1,1183,1,Female,88,3,2,Accountant,4,Married,3156,14250,5,Y,Yes,15,5,1,80,2,3,1,3,3,3,0,2
38,No,Travel_Rarely,349,Sales,6,5,Human Resources,1,1184,4,Male,61,4,2,Sales Executive,4,Married,13686,19007,0,Y,Yes,24,3,4,80,0,7,4,3,2,0,1,2
32,No,Travel_Rarely,1215,Research & Development,13,2,Human Resources,1,1185,3,Male,46,4,2,HR Manager,1,Divorced,3728,15651,9,Y,Yes,20,4,2,80,0,10,2,4,5,3,3,3
50,No,Travel_Rarely,1401,Research & Development,11,4,Human Resources,1,1186,3,Female,39,3,2,Employee Relations,1,Single,4238,11103,8,Y,Yes,18,2,4,80,3,21,2,2,13,11,1,12
27,No,Travel_Frequently,686,Sales,5,3,Marketing,1,1187,4,Female,46,3,1,Sales Executive,1,Married,10558,17545,6,Y,Yes,15,4,3,80,2,16,5,4,9,7,1,8
52,No,Travel_Rarely,1017,Research & Development,7,3,Life Sciences,1,1188,3,Male,31,2,2,Auditor,4,Single,7438,12352,7,Y,Yes,23,3,1,80,1,12,2,2,11,11,0,10
39,No,Travel_Rarely,1108,Research & Development,11,2,Technical Degree,1,1189,4,Male,95,3,1,Cybersecurity Specialist,1,Single,14075,8030,9,Y,Yes,25,3,2,80,0,9,2,2,1,0,0,0
26,No,Travel_Rarely,1137,Research & Development,27,3,Other,1,1190,3,Male,58,2,2,Financial Analyst,4,Divorced,9094,21017,1,Y,Yes,25,3,2,80,2,6,4,2,1,0,0,0
40,No,Travel_Rarely,826,Research & Development,7,1,Human Resources,1,1191,2,Other,33,3,2,Recruitment Specialist,3,Married,7448,11702,5,Y,Yes,18,4,3,80,0,18,1,3,10,8,9,9
47,No,Travel_Rarely,1061,Research & Development,8,4,Other,1,1192,1,Male,59,3,3,Software Engineer,4,Married,10090,11860,8,Y,Yes,14,4,4,80,0,9,4,4,3,0,1,1
57,No,Travel_Rarely,1202,Research & Development,4,2,Life Sciences,1,1193,4,Male,90,3,2,Employee Relations,2,Married,11668,22970,0,Y,Yes,24,2,1,80,1,17,6,4,10,9,3,10
27,No,Travel_Frequently,533,Research & Development,10,4,Other,1,1194,4,Female,87,3,3,Cybersecurity Specialist,4,Single,6616,3140,4,Y,Yes,21,3,1,80,3,12,6,3,3,1,1,3
25,No,Travel_Rarely,576,Sales,29,3,Human Resources,1,1195,2,Male,63,2,1,Sales Executive,4,Single,9340,14386,7,Y,Yes,17,4,3,80,3,11,2,2,5,2,4,3
31,No,Travel_Rarely,836,Research & Development,21,2,Marketing,1,1196,3,Male,53,3,1,Cybersecurity Specialist,4,Married,8238,11040,3,Y,Yes,15,3,3,80,1,11,1,1,4,4,3,2
35,No,Travel_Rarely,339,Sales,26,3,Life Sciences,1,1197,1,Female,54,2,2,Business Development,2,Married,7579,16632,0,Y,Yes,20,1,1,80,3,14,3,4,6,5,3,5
23,No,Travel_Frequently,1487,Research & Development,29,2,Other,1,1198,1,Female,54,2,2,Accountant,1,Married,11310,16205,6,Y,Yes,25,3,2,80,1,17,6,4,12,10,4,10
25,No,Travel_Rarely,500,Research & Development,20,4,Marketing,1,1199,4,Male,59,2,3,Financial Analyst,4,Married,14914,23469,0,Y,No,25,4,3,80,0,17,6,4,8,7,5,7
43,No,Travel_Frequently,1265,Sales,29,5,Medical,1,1200,1,Female,84,3,1,Sales Executive,3,Married,4165,9086,6,Y,No,13,3,1,80,0,14,1,3,8,8,7,8
57,No,Travel_Rarely,1362,Research & Development,15,4,Human Resources,1,1201,2,Male,53,3,1,Developer,3,Single,5733,6084,9,Y,Yes,15,3,2,80,0,16,3,4,15,14,2,14
29,No,Non-Travel,628,Research & Development,23,1,Technical Degree,1,1202,1,Male,68,2,3,Data Analyst,1,Married,10194,8293,6,Y,No,24,3,2,80,2,17,4,3,11,8,0,9
35,No,Travel_Frequently,1132,Research & Development,15,3,Life Sciences,1,1203,1,Female,31,4,4,Engineer,3,Married,7273,11372,6,Y,Yes,19,3,2,80,0,4,3,4,4,1,1,4
23,No,Travel_Rarely,483,Research & Development,19,3,Medical,1,1204,1,Female,63,3,2,Employee Relations,2,Married,7602,15236,4,Y,Yes,25,4,2,80,0,10,3,3,1,1,0,0
49,Yes,Travel_Rarely,966,Research & Development,10,4,Human Resources,1,1205,4,Other,45,3,2,Developer,1,Single,6618,13791,3,Y,Yes,24,3,2,80,1,16,1,2,13,11,7,11
26,No,Travel_Rarely,962,Sales,2,1,Medical,1,1206,1,Female,77,3,2,Account Manager,1,Single,6059,24672,3,Y,Yes,17,3,4,80,0,23,5,3,14,13,9,12
37,No,Travel_Rarely,367,Research & Development,16,3,Life Sciences,1,1207,3,Female,53,4,2,Auditor,2,Single,10586,19425,0,Y,No,24,4,1,80,1,16,4,3,14,13,6,12
46,No,Travel_Frequently,1445,Sales,20,3,Technical Degree,1,1208,1,Female,79,2,4,Sales Executive,2,Divorced,5523,18356,1,Y,No,18,1,1,80,0,10,1,4,7,7,5,7
41,No,Non-Travel,1089,Research & Development,5,2,Life Sciences,1,1209,3,Other,31,3,3,Software Engineer,3,Single,5080,20340,6,Y,No,19,4,2,80,1,10,0,2,6,4,0,4
28,No,Travel_Rarely,945,Research & Development,27,2,Technical Degree,1,1210,1,Male,68,1,3,Helpdesk,3,Married,8125,22027,7,Y,No,11,3,1,80,3,14,3,4,5,5,1,5
41,No,Travel_Frequently,359,Sales,17,3,Other,1,1211,4,Male,88,1,1,Sales Executive,2,Married,12369,23788,7,Y,Yes,25,4,1,80,2,7,6,3,4,3,3,2
31,No,Travel_Rarely,1003,Research & Development,3,4,Marketing,1,1212,1,Female,52,4,1,Data Analyst,3,Married,10030,25272,8,Y,No,25,3,1,80,0,9,1,4,6,6,3,4
58,No,Travel_Rarely,1466,Research & Development,8,4,Human Resources,1,1213,4,Female,41,3,3,Accountant,4,Single,3394,13870,6,Y,No,17,3,3,80,1,15,4,4,8,8,6,8
28,No,Travel_Frequently,682,Research & Development,11,3,Medical,1,1214,2,Female,98,2,2,Helpdesk,2,Single,3174,13478,0,Y,No,23,4,2,80,0,7,1,1,6,4,3,6
44,No,Travel_Rarely,628,Sales,5,3,Marketing,1,1215,2,Male,44,3,3,Account Manager,3,Married,10868,4665,7,Y,No,22,3,2,80,0,3,0,4,3,0,0,3
55,No,Travel_Rarely,1225,Research & Development,17,2,Human Resources,1,1216,2,Female,89,4,1,Data Analyst,3,Married,9472,6440,6,Y,No,23,3,4,80,1,16,3,4,9,8,4,8
34,No,Travel_Frequently,1341,Research & Development,4,5,Medical,1,1217,1,Male,93,1,2,Developer,1,Married,6103,25802,1,Y,Yes,20,3,1,80,1,9,0,2,3,3,0,1
34,No,Travel_Rarely,1419,Research & Development,24,5,Marketing,1,1218,3,Male,31,1,2,HR Manager,1,Divorced,14527,24933,5,Y,Yes,18,3,1,80,0,5,0,2,4,2,2,4
30,No,Travel_Rarely,1017,Research & Development,29,4,Human Resources,1,1219,2,Female,99,4,4,Content Lead,4,Single,7444,10757,2,Y,No,18,3,1,80,0,15,3,4,13,10,8,12
32,No,Travel_Frequently,1227,Sales,8,4,Human Resources,1,1220,2,Other,93,3,1,Account Manager,2,Married,13362,19356,4,Y,No,24,3,3,80,0,5,6,3,5,4,0,4
58,No,Travel_Rarely,1256,Research & Development,2,2,Marketing,1,1221,1,Female,65,4,1,Developer,4,Married,7164,10528,5,Y,Yes,24,3,3,80,0,16,5,3,11,9,9,11
54,No,Non-Travel,620,Sales,16,4,Life Sciences,1,1222,4,Female,42,3,1,Sales Executive,2,Divorced,10478,20022,5,Y,No,19,4,4,80,0,5,0,4,2,0,0,0
30,No,Travel_Rarely,1183,Research & Development,9,3,Technical Degree,1,1223,4,Male,31,3,2,Tester,2,Married,12690,3971,7,Y,Yes,16,3,2,80,2,18,3,4,11,9,5,11
37,No,Travel_Rarely,375,Research & Development,26,2,Other,1,1224,2,Female,34,2,4,Software Engineer,3,Married,9169,12107,7,Y,Yes,25,1,2,80,0,12,3,1,10,9,9,10
37,No,Non-Travel,222,Sales,17,3,Technical Degree,1,1225,1,Female,69,2,3,Account Manager,1,Married,5868,15753,8,Y,No,17,1,3,80,0,15,6,2,15,14,8,13
23,No,Travel_Frequently,566,Research & Development,10,1,Other,1,1226,3,Male,93,3,3,Content Lead,1,Single,13960,17490,0,Y,Yes,18,3,3,80,0,20,2,4,11,9,6,10
51,No,Travel_Rarely,1471,Sales,24,1,Other,1,1227,4,Female,68,2,1,Account Manager,2,Married,15299,3152,3,Y,Yes,23,3,3,80,2,10,4,3,10,9,0,9
21,No,Travel_Rarely,1062,Sales,24,3,Other,1,1228,1,Other,64,3,2,Sales Executive,3,Single,6131,14470,9,Y,No,19,3,2,80,1,7,6,2,2,0,0,0
32,No,Travel_Rarely,131,Research & Development,13,3,Life Sciences,1,1229,3,Female,86,2,3,Tester,2,Married,3182,26809,0,Y,Yes,12,4,4,80,0,12,5,4,6,3,2,4
59,No,Non-Travel,273,Research & Development,22,4,Human Resources,1,1230,3,Female,70,3,3,SEO Specialist,1,Divorced,12176,21310,5,Y,Yes,14,3,2,80,1,22,1,3,15,13,8,13
24,No,Travel_Rarely,1488,Research & Development,17,2,Medical,1,1231,1,Male,74,1,5,Developer,4,Married,13572,7420,2,Y,No,14,5,2,80,2,14,1,2,14,11,3,13
33,No,Travel_Rarely,931,Research & Development,12,2,Life Sciences,1,1232,1,Female,63,3,2,HR Executive,1,Single,9692,7904,4,Y,No,14,4,4,80,0,6,4,4,2,0,0,0
54,No,Travel_Rarely,260,Research & Development,29,2,Human Resources,1,1233,3,Male,48,3,1,Tester,4,Married,14706,16620,9,Y,No,11,1,1,80,1,14,0,4,10,10,8,10
41,No,Travel_Rarely,914,Research & Development,9,1,Marketing,1,1234,4,Female,71,3,4,Financial Analyst,1,Married,9648,12769,8,Y,No,23,4,2,80,0,6,4,4,1,0,0,1
42,No,Travel_Rarely,424,Sales,15,1,Marketing,1,1235,2,Female,46,3,5,Business Development,1,Single,5960,13497,2,Y,No,21,3,1,80,3,16,5,2,8,6,4,6
24,No,Travel_Frequently,737,Research & Development,10,3,Other,1,1236,1,Female,64,2,4,Tester,2,Married,7265,20035,1,Y,Yes,12,3,2,80,0,12,3,4,10,8,7,10
38,No,Travel_Rarely,384,Research & Development,19,3,Human Resources,1,1237,1,Female,64,2,3,Support Engineer,4,Single,10539,11608,7,Y,No,19,3,2,80,0,14,3,4,14,14,6,12
25,No,Travel_Rarely,286,Research & Development,17,4,Other,1,1238,1,Male,35,3,1,Cybersecurity Specialist,4,Married,9684,4649,6,Y,Yes,18,4,2,80,1,12,1,4,10,7,3,9
39,No,Travel_Rarely,1282,Sales,7,5,Marketing,1,1239,3,Female,81,3,1,Sales Executive,2,Married,14877,8240,0,Y,Yes,20,5,1,80,1,20,2,4,13,10,8,12
22,No,Non-Travel,184,Research & Development,14,3,Technical Degree,1,1240,2,Male,72,3,3,Employee Relations,2,Married,12898,23579,8,Y,No,11,3,3,80,1,10,0,3,1,1,0,1
32,No,Travel_Frequently,837,Research & Development,13,1,Life Sciences,1,1241,4,Female,52,2,1,Financial Analyst,3,Married,15209,26298,9,Y,No,18,2,1,80,3,12,4,4,10,7,3,9
37,No,Travel_Rarely,788,Research & Development,26,2,Technical Degree,1,1242,1,Female,72,3,5,Data Analyst,4,Married,9855,8762,9,Y,Yes,22,3,2,80,0,20,3,2,14,12,0,12
30,Yes,Travel_Rarely,1438,Research & Development,21,4,Human Resources,1,1243,1,Female,82,3,2,Financial Analyst,1,Married,7093,19038,3,Y,Yes,20,2,3,80,3,14,3,3,6,3,5,6
54,No,Travel_Rarely,338,Research & Development,2,3,Life Sciences,1,1244,4,Male,96,3,1,Accountant,2,Married,4628,15683,5,Y,No,13,3,1,80,2,19,2,3,12,9,3,10
26,No,Travel_Rarely,1170,Research & Development,16,4,Marketing,1,1245,2,Female,95,2,1,Tester,4,Single,7509,20893,6,Y,Yes,14,4,4,80,3,18,3,4,14,11,9,12
28,No,Travel_Rarely,1401,Research & Development,29,4,Life Sciences,1,1246,3,Female,63,3,1,HR Manager,2,Married,10728,14296,7,Y,No,18,3,3,80,0,8,6,3,1,0,0,0
31,Yes,Travel_Rarely,1488,Sales,17,4,Life Sciences,1,1247,4,Male,64,2,3,Business Development,4,Single,4074,19566,3,Y,Yes,22,2,1,80,0,8,4,2,8,8,2,7
32,No,Travel_Rarely,803,Research & Development,6,4,Marketing,1,1248,1,Female,56,3,3,Marketing Executive,1,Divorced,13023,11825,8,Y,Yes,18,3,3,80,1,15,1,2,14,14,4,12
29,No,Travel_Rarely,273,Sales,1,3,Other,1,1249,1,Female,56,2,1,Account Manager,2,Divorced,7290,19793,9,Y,Yes,25,3,2,80,0,7,1,4,5,4,2,4
22,No,Travel_Rarely,1054,Research & Development,6,2,Medical,1,1250,3,Female,93,4,2,Employee Relations,3,Married,13984,17285,0,Y,Yes,21,3,1,80,0,6,0,2,3,3,2,1
28,No,Travel_Rarely,771,Sales,1,5,Marketing,1,1251,1,Female,68,3,1,Sales Executive,1,Single,14774,14396,7,Y,No,13,3,4,80,0,5,5,2,5,4,0,3
31,No,Travel_Rarely,965,Research & Development,23,3,Technical Degree,1,1252,3,Male,89,2,1,Content Lead,2,Married,8882,6709,8,Y,No,14,5,1,80,0,22,4,4,15,12,5,14
56,No,Travel_Rarely,824,Sales,23,1,Other,1,1253,4,Female,52,4,2,Account Manager,3,Divorced,10270,20809,3,Y,No,13,3,1,80,0,16,3,4,13,13,2,13
30,No,Travel_Rarely,190,Research & Development,10,3,Medical,1,1254,4,Male,40,3,3,HR Manager,2,Single,5810,3004,4,Y,No,24,3,3,80,3,7,3,3,1,0,0,1
41,No,Travel_Rarely,776,Research & Development,20,3,Technical Degree,1,1255,4,Female,33,3,4,Employee Relations,1,Married,7035,12944,1,Y,Yes,18,3,2,80,1,10,4,1,1,0,0,0
40,No,Travel_Frequently,1446,Research & Development,23,4,Human Resources,1,1256,4,Other,80,4,2,Financial Analyst,1,Single,6416,16048,4,Y,Yes,18,2,4,80,0,13,5,4,12,9,4,12
28,No,Non-Travel,279,Sales,29,3,Technical Degree,1,1257,2,Female,67,2,1,Sales Executive,1,Divorced,8914,18138,2,Y,No,18,4,2,80,2,19,1,4,14,12,7,13
56,No,Travel_Frequently,526,Research & Development,24,2,Other,1,1258,2,Male,80,1,4,Software Engineer,3,Divorced,5493,2367,8,Y,No,22,3,4,80,1,12,3,4,4,3,1,2
49,No,Travel_Rarely,208,Research & Development,8,5,Other,1,1259,3,Female,77,3,2,HR Executive,4,Married,11188,24024,4,Y,Yes,23,5,4,80,1,15,3,3,9,8,7,7
32,No,Travel_Rarely,645,Research & Development,28,4,Other,1,1260,4,Male,65,3,2,Auditor,1,Married,10312,18646,4,Y,No,25,5,4,80,0,20,4,2,14,12,5,13
34,No,Travel_Rarely,800,Sales,28,3,Life Sciences,1,1261,3,Male,54,1,4,Sales Executive,1,Married,4383,3581,6,Y,No,11,3,2,80,3,11,0,3,9,6,4,9
41,No,Travel_Rarely,426,Sales,16,2,Other,1,1262,3,Female,34,4,2,Sales Executive,4,Married,10694,4980,8,Y,No,24,5,4,80,1,7,4,3,1,0,0,1
42,No,Travel_Rarely,784,Research & Development,12,3,Other,1,1263,2,Male,98,3,1,Helpdesk,3,Married,13187,9801,4,Y,Yes,15,5,1,80,1,11,3,2,3,3,2,3
41,No,Travel_Rarely,780,Research & Development,19,3,Human Resources,1,1264,2,Male,52,4,2,Employee Relations,3,Married,12833,13634,9,Y,Yes,11,3,1,80,1,19,4,4,13,12,4,11
50,No,Travel_Rarely,677,Sales,14,1,Medical,1,1265,1,Female,43,2,2,Business Development,4,Divorced,15197,6784,8,Y,Yes,19,3,3,80,2,13,6,1,12,9,0,12
59,No,Travel_Frequently,1391,Research & Development,8,2,Technical Degree,1,1266,4,Female,81,3,4,Engineer,1,Divorced,5250,10967,6,Y,No,23,4,1,80,0,10,6,4,4,1,3,2
40,No,Travel_Rarely,370,Research & Development,29,3,Human Resources,1,1267,3,Female,77,2,1,Support Engineer,3,Married,13786,12113,5,Y,Yes,25,3,4,80,1,11,4,3,2,0,1,0
44,No,Travel_Rarely,737,Research & Development,19,3,Technical Degree,1,1268,3,Female,86,2,2,Data Analyst,4,Divorced,12856,2374,9,Y,Yes,17,3,4,80,0,15,0,4,7,4,6,5
43,No,Travel_Rarely,603,Research & Development,29,3,Life Sciences,1,1269,1,Female,62,2,4,Auditor,3,Married,5448,24003,5,Y,Yes,11,1,4,80,0,9,1,2,3,1,2,1
27,No,Travel_Rarely,371,Research & Development,27,2,Life Sciences,1,1270,1,Male,67,3,1,HR Manager,2,Single,14821,20476,3,Y,No,19,3,2,80,1,1,4,4,1,0,0,0
29,No,Travel_Rarely,358,Research & Development,15,3,Medical,1,1271,2,Female,94,2,1,HR Executive,2,Married,6325,13653,9,Y,Yes,16,5,4,80,0,7,4,4,1,0,0,0
21,No,Travel_Rarely,1022,Research & Development,5,4,Marketing,1,1272,1,Female,35,2,1,HR Manager,4,Divorced,4940,4980,8,Y,No,24,3,1,80,1,3,5,3,3,3,1,1
46,No,Travel_Rarely,337,Sales,17,2,Other,1,1273,1,Male,50,1,3,Account Manager,1,Single,12403,13192,8,Y,No,22,4,2,80,3,7,5,2,6,5,2,4
58,Yes,Travel_Frequently,506,Research & Development,28,1,Marketing,1,1274,3,Male,56,3,3,Software Engineer,2,Married,3320,12258,2,Y,Yes,19,3,4,80,2,12,0,2,4,4,2,2
58,No,Travel_Rarely,403,Research & Development,23,3,Life Sciences,1,1275,1,Male,98,2,1,Software Engineer,1,Divorced,11017,23811,3,Y,Yes,17,3,4,80,1,3,5,3,1,0,0,0
42,No,Travel_Frequently,1353,Research & Development,14,5,Human Resources,1,1276,4,Male,35,3,1,Employee Relations,3,Single,7929,20140,0,Y,Yes,17,3,2,80,0,14,6,3,7,6,0,7
30,No,Travel_Frequently,402,Research & Development,15,3,Medical,1,1277,3,Male,69,3,3,Engineer,4,Married,7609,7842,8,Y,Yes,21,2,3,80,1,2,6,4,2,1,1,1
26,No,Non-Travel,1026,Sales,26,2,Technical Degree,1,1278,3,Female,54,2,1,Account Manager,2,Single,12224,8942,5,Y,No,17,3,2,80,0,20,3,3,12,11,7,11
37,No,Travel_Rarely,263,Research & Development,8,2,Technical Degree,1,1279,3,Male,98,2,1,Employee Relations,4,Married,15292,14334,2,Y,Yes,18,4,2,80,3,14,2,4,5,5,3,3
58,No,Travel_Rarely,1019,Sales,4,4,Human Resources,1,1280,1,Male,91,3,3,Account Manager,4,Married,13999,10102,1,Y,Yes,11,3,4,80,3,13,6,2,8,8,0,8
44,Yes,Travel_Rarely,1268,Research & Development,7,2,Marketing,1,1281,1,Male,75,3,1,Recruitment Specialist,4,Married,5581,17612,7,Y,Yes,25,3,3,80,3,7,2,1,7,6,0,5
30,No,Travel_Rarely,453,Research & Development,7,3,Life Sciences,1,1282,3,Female,77,1,3,Data Analyst,4,Single,14838,21250,5,Y,No,20,3,2,80,1,17,6,3,11,9,3,10
28,No,Non-Travel,801,Research & Development,22,3,Life Sciences,1,1283,2,Male,67,4,2,Tester,4,Divorced,11617,4870,2,Y,Yes,14,3,4,80,1,16,6,2,12,10,6,12
41,No,Travel_Frequently,1252,Sales,5,2,Medical,1,1284,4,Male,90,3,2,Sales Executive,3,Married,7395,13156,2,Y,No,22,4,3,80,1,12,5,3,8,6,2,7
26,No,Travel_Rarely,887,Research & Development,10,4,Life Sciences,1,1285,2,Female,46,2,1,Auditor,2,Divorced,3122,16818,7,Y,Yes,17,3,1,80,0,21,3,2,13,10,5,12
41,No,Travel_Rarely,1065,Research & Development,20,3,Marketing,1,1286,3,Male,77,4,3,Financial Analyst,4,Married,14515,14192,0,Y,Yes,19,3,1,80,2,15,5,4,10,8,8,9
59,No,Travel_Frequently,808,Research & Development,5,3,Marketing,1,1287,4,Female,62,4,4,Financial Analyst,2,Divorced,5309,25049,2,Y,No,12,2,4,80,0,22,3,2,14,11,1,14
44,No,Travel_Rarely,960,Research & Development,23,2,Human Resources,1,1288,2,Male,47,3,3,Data Analyst,2,Single,6026,25864,4,Y,No,16,3,1,80,2,12,3,4,11,9,6,9
53,No,Travel_Rarely,937,Sales,24,1,Medical,1,1289,4,Male,65,4,1,Sales Executive,3,Single,8376,23114,4,Y,Yes,12,3,2,80,2,9,1,2,6,3,2,4
38,No,Travel_Rarely,1045,Research & Development,4,3,Medical,1,1290,4,Female,83,1,3,Developer,2,Married,7467,25689,7,Y,Yes,14,3,1,80,0,12,5,1,7,6,4,7
48,No,Travel_Frequently,1378,Research & Development,21,3,Life Sciences,1,1291,4,Male,32,4,2,Software Engineer,2,Single,3324,2578,5,Y,Yes,23,3,4,80,1,11,1,4,9,6,6,9
52,No,Travel_Frequently,580,Research & Development,11,2,Other,1,1292,4,Male,49,1,4,Recruitment Specialist,2,Married,9062,6231,2,Y,Yes,17,4,4,80,2,15,6,2,6,4,0,6
32,No,Non-Travel,521,Research & Development,6,1,Technical Degree,1,1293,1,Female,60,3,2,Accountant,3,Married,5580,24852,3,Y,No,12,3,1,80,3,18,0,4,9,7,8,8
47,No,Non-Travel,960,Research & Development,15,1,Medical,1,1294,3,Female,50,2,1,Marketing Executive,1,Single,7129,18367,3,Y,No,19,3,1,80,2,17,3,3,15,14,0,13
30,No,Travel_Frequently,207,Sales,11,5,Life Sciences,1,1295,4,Male,63,1,1,Account Manager,2,Married,14106,3635,5,Y,Yes,25,5,4,80,3,22,4,2,13,11,4,12
52,No,Travel_Rarely,1091,Research & Development,25,4,Technical Degree,1,1296,1,Male,86,4,1,Employee Relations,2,Single,11996,15551,8,Y,Yes,16,5,4,80,3,21,3,3,12,12,7,12
46,No,Travel_Rarely,1404,Sales,26,4,Life Sciences,1,1297,2,Female,66,2,2,Business Development,2,Divorced,10406,9317,7,Y,Yes,21,3,3,80,3,2,5,3,2,0,0,1
45,No,Travel_Rarely,128,Research & Development,22,2,Human Resources,1,1298,2,Male,30,4,1,Tester,1,Married,6079,14322,6,Y,No,18,3,4,80,1,17,3,3,13,11,6,12
31,No,Travel_Frequently,214,Research & Development,7,5,Medical,1,1299,1,Other,86,2,1,Financial Analyst,1,Divorced,3390,12198,8,Y,Yes,23,3,2,80,0,7,4,4,2,1,1,2
43,No,Travel_Rarely,646,Research & Development,24,2,Life Sciences,1,1300,2,Male,84,3,2,Employee Relations,3,Married,11415,7763,8,Y,No,19,2,2,80,1,17,0,4,14,11,6,14
54,No,Travel_Rarely,914,Sales,19,3,Human Resources,1,1301,2,Female,60,2,1,Sales Executive,4,Married,6822,7007,5,Y,Yes,19,4,4,80,0,10,3,3,2,2,0,2
43,No,Travel_Frequently,771,Research & Development,5,4,Life Sciences,1,1302,1,Male,52,3,2,Helpdesk,2,Married,13616,10100,8,Y,No,24,3,3,80,1,11,6,2,6,5,0,4
49,No,Travel_Rarely,738,Sales,4,2,Marketing,1,1303,1,Male,77,3,2,Sales Executive,4,Single,8516,18957,7,Y,Yes,23,2,4,80,1,4,6,4,2,0,1,2
51,No,Travel_Rarely,170,Research & Development,1,3,Life Sciences,1,1304,1,Male,49,3,3,HR Executive,1,Married,7088,20555,9,Y,No,25,4,4,80,2,9,4,3,3,3,2,1
27,No,Travel_Rarely,493,Research & Development,16,2,Marketing,1,1305,1,Female,36,2,5,Software Engineer,4,Single,7769,22017,2,Y,Yes,24,4,2,80,0,17,2,3,13,12,6,13
53,No,Non-Travel,709,Research & Development,12,2,Medical,1,1306,2,Male,31,2,1,Content Strategist,3,Single,6074,13771,5,Y,Yes,13,4,4,80,1,16,2,3,8,7,3,7
41,No,Travel_Rarely,708,Research & Development,20,3,Life Sciences,1,1307,4,Female,69,2,4,SEO Analyst,1,Single,10422,9706,3,Y,No,23,3,2,80,3,12,4,3,8,8,1,8
22,No,Travel_Rarely,637,Research & Development,18,3,Human Resources,1,1308,1,Male,53,4,1,SEO Analyst,2,Divorced,8033,6787,2,Y,No,22,3,1,80,1,17,3,1,11,11,8,10
38,No,Travel_Rarely,1299,Research & Development,20,4,Medical,1,1309,3,Female,38,3,3,Marketing Executive,4,Divorced,3851,12279,9,Y,No,19,2,4,80,1,17,6,4,12,12,7,11
53,No,Travel_Rarely,275,Research & Development,2,3,Medical,1,1310,4,Male,72,3,3,Data Analyst,1,Single,6945,20887,4,Y,Yes,22,4,1,80,2,13,1,2,4,4,0,2
57,No,Travel_Rarely,112,Research & Development,13,3,Other,1,1311,2,Male,80,2,1,Auditor,1,Married,5728,4409,7,Y,Yes,14,4,2,80,0,11,1,3,9,7,4,8
54,No,Travel_Frequently,769,Research & Development,12,1,Marketing,1,1312,4,Male,79,3,3,Content Lead,4,Married,3034,3249,6,Y,Yes,18,4,3,80,0,17,3,4,8,6,0,8
40,No,Travel_Frequently,323,Sales,4,2,Medical,1,1313,2,Female,51,3,4,Account Manager,4,Single,6491,21997,9,Y,Yes,22,4,3,80,1,7,4,4,1,0,0,0
55,No,Travel_Rarely,1348,Research & Development,4,5,Life Sciences,1,1314,1,Male,39,1,4,Auditor,4,Married,11836,8437,6,Y,Yes,21,1,1,80,0,11,0,4,8,6,2,7
38,No,Travel_Rarely,583,Research & Development,13,1,Life Sciences,1,1315,2,Other,96,2,3,SEO Specialist,1,Single,13940,5598,9,Y,Yes,16,3,4,80,0,6,1,3,1,0,0,0
44,No,Non-Travel,293,Sales,27,3,Marketing,1,1316,1,Other,33,2,3,Sales Executive,2,Married,13099,16829,1,Y,No,11,3,1,80,3,20,2,4,15,15,8,15
28,No,Travel_Rarely,224,Sales,3,2,Life Sciences,1,1317,2,Other,59,3,1,Sales Executive,1,Single,12022,10091,6,Y,Yes,22,4,4,80,1,6,0,4,4,1,2,4
50,No,Travel_Rarely,618,Research & Development,21,3,Other,1,1318,1,Female,51,3,1,Accountant,2,Married,5425,10264,0,Y,No,18,2,2,80,3,11,2,3,10,8,9,9
30,No,Travel_Frequently,411,Research & Development,25,3,Marketing,1,1319,2,Female,70,2,1,Support Engineer,4,Single,8719,8276,5,Y,Yes,22,3,3,80,0,8,6,2,6,4,2,5
43,No,Travel_Frequently,1409,Research & Development,17,2,Technical Degree,1,1320,3,Female,45,1,2,Developer,4,Married,12702,18868,9,Y,No,14,2,4,80,0,14,3,4,7,5,4,5
31,No,Travel_Rarely,666,Research & Development,7,2,Marketing,1,1321,1,Female,85,2,2,Data Analyst,3,Married,14474,12453,6,Y,No,20,3,3,80,1,10,0,3,10,8,9,9
22,No,Travel_Rarely,829,Research & Development,26,3,Human Resources,1,1322,1,Female,98,2,3,Data Analyst,2,Married,14834,26998,9,Y,Yes,11,4,1,80,0,15,5,3,13,13,5,12
46,No,Travel_Frequently,1340,Research & Development,13,3,Human Resources,1,1323,3,Male,43,3,2,Auditor,4,Married,4435,4407,1,Y,No,14,3,3,80,0,9,5,4,4,3,3,2
56,No,Travel_Rarely,1293,Research & Development,15,2,Other,1,1324,1,Male,81,2,3,Tester,2,Single,5026,20811,7,Y,Yes,13,4,3,80,2,14,5,2,8,8,1,7
53,No,Travel_Rarely,617,Research & Development,14,3,Life Sciences,1,1325,4,Male,43,3,3,Software Engineer,2,Single,12708,24839,7,Y,Yes,25,3,1,80,2,17,3,2,8,7,2,8
33,No,Travel_Frequently,363,Research & Development,16,2,Technical Degree,1,1326,4,Male,76,3,3,Accountant,2,Married,7767,25568,5,Y,Yes,12,2,3,80,0,17,1,4,14,14,9,13
45,No,Travel_Frequently,940,Research & Development,17,4,Human Resources,1,1327,2,Female,45,4,3,Engineer,2,Married,15245,22626,6,Y,No,20,3,1,80,0,21,3,2,14,14,7,13
24,No,Travel_Frequently,686,Sales,26,3,Human Resources,1,1328,4,Male,72,2,3,Account Manager,1,Married,14386,15129,4,Y,No,18,5,3,80,1,21,5,4,14,12,5,14
39,No,Travel_Rarely,315,Research & Development,16,2,Human Resources,1,1329,2,Female,97,2,3,HR Manager,3,Single,10819,2385,4,Y,Yes,24,3,4,80,1,12,1,3,9,7,3,9
38,No,Travel_Frequently,425,Research & Development,28,3,Life Sciences,1,1330,2,Male,66,2,1,Software Engineer,2,Married,9006,14353,7,Y,Yes,23,2,1,80,0,17,6,3,14,14,2,12
57,No,Travel_Rarely,651,Research & Development,16,3,Medical,1,1331,4,Female,43,2,2,Auditor,2,Married,4912,16000,1,Y,No,21,3,2,80,1,10,1,3,6,4,4,4
50,No,Travel_Rarely,795,Research & Development,28,2,Medical,1,1332,3,Male,70,3,1,SEO Analyst,3,Single,12144,16830,3,Y,No,23,3,3,80,0,6,4,3,4,3,1,2
39,No,Travel_Rarely,691,Research & Development,1,3,Other,1,1333,3,Other,53,3,3,Financial Analyst,4,Married,3521,4127,6,Y,No,20,3,3,80,0,7,3,4,2,0,0,1
43,No,Non-Travel,443,Research & Development,14,2,Medical,1,1334,2,Female,48,2,1,Helpdesk,2,Divorced,9525,4335,7,Y,No,23,3,2,80,0,23,0,4,15,14,0,14
36,No,Travel_Frequently,1227,Research & Development,2,2,Other,1,1335,3,Female,41,2,5,Marketing Executive,4,Single,5651,6517,3,Y,Yes,16,5,3,80,0,8,5,3,7,5,4,5
21,Yes,Non-Travel,607,Sales,26,2,Life Sciences,1,1336,1,Male,76,3,2,Account Manager,1,Married,6947,22979,9,Y,Yes,23,4,1,80,0,12,5,1,10,8,9,10
32,No,Travel_Rarely,413,Research & Development,22,3,Medical,1,1337,3,Male,41,2,1,Auditor,3,Married,8549,13359,5,Y,Yes,18,1,3,80,2,12,0,3,3,3,0,1
44,No,Travel_Rarely,446,Research & Development,27,2,Other,1,1338,1,Male,32,4,2,Helpdesk,1,Single,15373,7985,9,Y,Yes,18,3,2,80,0,11,4,3,11,11,8,11
54,No,Travel_Rarely,1069,Research & Development,9,3,Marketing,1,1339,4,Female,59,1,3,HR Executive,4,Divorced,6123,23742,2,Y,No,15,4,4,80,1,18,3,4,13,13,0,11
28,No,Travel_Frequently,921,Sales,19,3,Life Sciences,1,1340,2,Male,87,3,1,Sales Executive,3,Divorced,12208,13697,6,Y,No,22,4,1,80,1,14,4,2,12,10,7,10
38,No,Travel_Rarely,108,Research & Development,5,3,Life Sciences,1,1341,2,Female,75,1,2,Software Engineer,1,Married,4258,8627,1,Y,No,12,3,1,80,2,3,1,3,3,1,0,2
25,No,Non-Travel,918,Research & Development,24,4,Technical Degree,1,1342,2,Female,80,4,1,Content Lead,4,Married,3652,4781,0,Y,Yes,15,3,3,80,0,9,3,3,3,3,0,3
46,No,Travel_Rarely,749,Research & Development,10,4,Human Resources,1,1343,3,Female,44,3,3,Software Engineer,4,Married,7241,21326,9,Y,Yes,16,4,4,80,3,9,0,3,4,2,3,2
50,No,Travel_Frequently,660,Sales,6,3,Technical Degree,1,1344,2,Other,72,2,1,Sales Executive,3,Single,3333,9236,4,Y,No,21,4,2,80,0,11,5,3,2,0,1,0
33,No,Travel_Rarely,769,Sales,3,3,Medical,1,1345,3,Female,51,3,2,Account Manager,3,Single,6743,10263,9,Y,No,18,3,3,80,1,22,5,4,13,12,3,13
39,Yes,Travel_Rarely,364,Sales,2,2,Life Sciences,1,1346,2,Male,38,3,2,Account Manager,4,Divorced,6014,6757,3,Y,No,22,2,3,80,1,19,5,1,13,12,6,12
49,No,Travel_Rarely,1297,Research & Development,29,4,Other,1,1347,1,Female,68,2,1,HR Manager,4,Divorced,6546,10048,4,Y,No,20,3,3,80,1,11,1,3,5,2,0,5
23,No,Travel_Rarely,477,Research & Development,19,1,Life Sciences,1,1348,3,Female,97,4,4,Helpdesk,1,Married,15061,17205,8,Y,No,12,2,2,80,2,4,4,3,3,2,2,1
46,No,Travel_Rarely,993,Research & Development,6,2,Medical,1,1349,1,Other,86,3,2,SEO Analyst,1,Single,12759,10448,0,Y,No,17,2,1,80,0,13,6,3,10,7,5,10
32,No,Travel_Rarely,893,Research & Development,21,3,Other,1,1350,1,Female,97,3,1,Tester,4,Divorced,11601,3610,7,Y,No,19,3,2,80,1,9,6,3,5,5,4,5
22,No,Travel_Rarely,261,Research & Development,24,1,Human Resources,1,1351,4,Male,36,3,3,Developer,2,Divorced,8410,11509,2,Y,No,20,3,2,80,1,20,6,1,12,9,0,12
31,No,Travel_Rarely,1251,Sales,10,2,Technical Degree,1,1352,4,Other,31,3,4,Account Manager,3,Married,5947,3718,6,Y,No,23,3,1,80,1,20,4,4,13,13,7,11
48,No,Travel_Rarely,126,Research & Development,18,3,Human Resources,1,1353,1,Male,83,3,4,Auditor,3,Married,8099,12885,2,Y,Yes,19,3,3,80,0,14,4,2,7,6,1,7
38,No,Travel_Rarely,1207,Sales,14,3,Medical,1,1354,2,Female,66,2,2,Account Manager,3,Married,11136,16931,4,Y,Yes,20,1,3,80,0,17,5,4,9,6,0,8
33,No,Non-Travel,1339,Research & Development,28,3,Technical Degree,1,1355,4,Male,57,3,2,HR Manager,4,Divorced,8205,19663,6,Y,No,14,2,2,80,1,8,3,4,2,1,1,0
57,No,Travel_Rarely,1292,Research & Development,2,4,Technical Degree,1,1356,4,Male,88,4,4,HR Executive,1,Single,15269,18275,5,Y,Yes,20,2,2,80,0,14,6,2,9,6,0,7
42,No,Travel_Rarely,1141,Research & Development,4,2,Human Resources,1,1357,1,Other,75,4,1,Content Strategist,1,Single,7690,20237,1,Y,No,16,3,1,80,2,18,4,4,10,9,2,9
32,No,Travel_Rarely,1429,Research & Development,29,1,Human Resources,1,1358,1,Male,92,2,3,HR Executive,3,Divorced,13976,11041,2,Y,No,16,3,2,80,1,10,1,2,6,4,4,5
22,No,Travel_Rarely,1164,Research & Development,15,3,Life Sciences,1,1359,1,Female,64,3,1,Tester,2,Single,7839,21526,8,Y,Yes,17,3,3,80,1,16,5,3,12,11,7,10
57,No,Travel_Rarely,971,Research & Development,25,2,Life Sciences,1,1360,3,Male,87,2,2,Auditor,3,Divorced,12622,14191,5,Y,No,22,3,1,80,0,8,5,3,6,3,5,4
27,No,Travel_Rarely,117,Research & Development,21,3,Human Resources,1,1361,3,Male,42,1,5,Helpdesk,3,Married,7095,9385,1,Y,No,20,3,3,80,0,19,3,4,11,10,6,10
46,No,Travel_Frequently,288,Research & Development,23,2,Other,1,1362,3,Female,35,2,2,Financial Analyst,3,Married,8532,14311,4,Y,Yes,17,3,3,80,0,4,3,4,3,3,0,1
46,No,Travel_Rarely,299,Research & Development,23,3,Medical,1,1363,3,Male,74,2,2,SEO Analyst,2,Married,11238,22975,9,Y,No,20,4,1,80,2,23,5,3,14,14,7,13
44,No,Travel_Rarely,1479,Research & Development,6,3,Human Resources,1,1364,3,Male,34,4,1,Tester,3,Single,5711,2885,8,Y,No,23,3,4,80,1,12,1,2,10,7,1,8
32,No,Travel_Rarely,585,Research & Development,28,3,Other,1,1365,3,Male,67,3,1,Financial Analyst,1,Married,8987,9861,3,Y,Yes,12,4,1,80,0,16,5,1,13,11,7,11
36,No,Travel_Rarely,1176,Sales,6,3,Life Sciences,1,1366,4,Male,73,1,1,Sales Executive,2,Married,7162,15558,1,Y,No,15,3,3,80,2,9,0,4,9,8,1,7
43,No,Travel_Rarely,179,Research & Development,9,3,Technical Degree,1,1367,3,Female,54,2,4,Employee Relations,2,Married,14613,2946,1,Y,Yes,25,4,1,80,0,5,3,4,4,4,1,4
29,No,Travel_Rarely,1432,Research & Development,20,2,Other,1,1368,2,Female,44,2,2,Content Strategist,1,Single,10231,10587,9,Y,Yes,11,3,1,80,0,9,1,2,5,3,4,3
52,No,Travel_Rarely,1392,Research & Development,18,1,Medical,1,1369,3,Female,68,3,1,SEO Analyst,4,Divorced,11243,18221,3,Y,Yes,25,3,2,80,2,8,3,4,3,1,2,3
35,No,Travel_Frequently,893,Research & Development,23,1,Life Sciences,1,1370,1,Female,77,3,2,Accountant,2,Single,12321,6561,6,Y,No,12,3,4,80,0,10,0,3,5,3,4,4
57,No,Travel_Frequently,346,Sales,22,3,Medical,1,1371,2,Female,81,3,3,Sales Executive,2,Married,8064,14099,4,Y,Yes,16,4,4,80,0,10,0,4,8,8,3,6
33,No,Travel_Frequently,155,Sales,4,3,Medical,1,1372,3,Other,89,4,1,Business Development,2,Single,6521,7665,6,Y,No,15,3,2,80,1,11,2,3,8,7,6,6
25,No,Travel_Rarely,288,Research & Development,1,3,Technical Degree,1,1373,3,Male,52,3,1,SEO Specialist,4,Divorced,14298,10406,3,Y,No,18,4,3,80,3,22,6,4,14,11,0,14
31,Yes,Non-Travel,1272,Research & Development,4,2,Other,1,1374,1,Female,98,3,2,Engineer,3,Single,4633,20364,0,Y,Yes,22,3,3,80,0,8,3,3,8,7,4,7
30,No,Travel_Frequently,363,Sales,22,3,Life Sciences,1,1375,1,Female,81,4,1,Business Development,4,Divorced,9465,15118,3,Y,No,11,3,1,80,0,14,3,3,6,5,0,5
33,No,Travel_Rarely,836,Research & Development,27,4,Human Resources,1,1376,1,Male,51,3,2,Auditor,1,Single,5269,24344,4,Y,No,19,4,4,80,3,22,1,3,15,13,1,15
35,No,Travel_Rarely,1065,Sales,3,2,Medical,1,1377,2,Female,54,2,5,Sales Executive,1,Single,9533,8950,5,Y,No,14,5,1,80,1,18,1,3,15,15,8,14
27,No,Travel_Frequently,803,Research & Development,13,2,Medical,1,1378,2,Male,84,3,2,Support Engineer,1,Married,9343,21403,3,Y,No,11,3,2,80,0,4,2,1,1,1,0,1
48,No,Travel_Frequently,939,Sales,15,2,Technical Degree,1,1379,2,Female,93,3,3,Sales Executive,2,Divorced,4042,5876,6,Y,No,22,3,1,80,0,15,1,4,11,10,4,9
52,No,Travel_Rarely,681,Research & Development,29,3,Other,1,1380,4,Female,94,3,3,HR Manager,3,Married,10184,10587,3,Y,No,21,3,3,80,1,19,0,4,10,8,6,10
55,No,Travel_Rarely,617,Research & Development,1,3,Life Sciences,1,1381,4,Male,33,3,1,Software Engineer,3,Divorced,4300,16226,3,Y,No,25,3,4,80,0,13,4,2,12,11,1,12
35,No,Travel_Rarely,633,Research & Development,28,2,Other,1,1382,4,Male,81,3,3,Tester,2,Single,8692,20048,5,Y,No,15,2,2,80,1,12,3,4,6,5,4,5
56,No,Travel_Frequently,572,Research & Development,16,3,Medical,1,1383,2,Female,61,4,1,Developer,3,Divorced,14208,26256,0,Y,No,20,2,3,80,1,13,5,4,12,10,8,10
41,No,Travel_Rarely,706,Research & Development,2,2,Medical,1,1384,4,Other,82,3,4,Tester,4,Single,14223,24323,8,Y,Yes,19,3,3,80,1,17,2,3,11,8,1,9
26,No,Travel_Rarely,800,Research & Development,6,3,Marketing,1,1385,4,Female,55,4,1,Financial Analyst,1,Married,14212,7757,5,Y,No,17,4,3,80,0,14,5,2,10,7,3,10
21,No,Travel_Frequently,1441,Research & Development,1,3,Marketing,1,1386,1,Female,64,3,5,HR Manager,1,Single,12448,14203,3,Y,Yes,13,1,3,80,1,13,3,4,7,6,1,6
24,No,Travel_Rarely,680,Research & Development,22,3,Medical,1,1387,1,Male,43,3,3,SEO Analyst,2,Divorced,12231,11444,3,Y,Yes,18,3,3,80,3,14,2,4,14,11,7,14
31,No,Travel_Rarely,668,Sales,17,1,Other,1,1388,4,Male,63,4,1,Account Manager,2,Divorced,8431,7244,8,Y,No,22,3,2,80,0,17,4,4,9,6,0,7
46,Yes,Travel_Frequently,764,Sales,17,4,Other,1,1389,4,Female,89,4,1,Sales Executive,2,Married,7562,24760,8,Y,Yes,12,4,3,80,0,15,2,3,12,10,8,10
57,No,Travel_Rarely,252,Sales,22,3,Other,1,1390,4,Male,54,3,1,Sales Executive,2,Married,13172,18171,5,Y,No,14,2,3,80,3,17,2,4,8,8,3,7
43,No,Travel_Frequently,985,Research & Development,29,2,Technical Degree,1,1391,4,Female,83,3,1,Financial Analyst,1,Married,10016,8017,4,Y,No,22,3,3,80,0,18,5,2,11,9,4,9
49,No,Travel_Rarely,772,Research & Development,1,2,Human Resources,1,1392,1,Other,56,2,3,Tester,2,Divorced,5984,26780,0,Y,Yes,17,5,4,80,2,17,6,4,12,9,2,10
41,No,Travel_Frequently,462,Research & Development,16,3,Marketing,1,1393,1,Male,50,3,2,HR Executive,1,Married,4692,10451,8,Y,No,14,3,3,80,2,11,6,4,8,8,3,8
47,No,Travel_Rarely,1131,Research & Development,28,4,Marketing,1,1394,4,Female,77,1,2,SEO Specialist,3,Divorced,15396,9570,5,Y,No,19,3,1,80,1,24,4,4,15,14,3,15
59,No,Travel_Rarely,1483,Research & Development,9,4,Life Sciences,1,1395,1,Female,64,3,1,Auditor,4,Married,5264,12727,8,Y,No,13,4,2,80,1,14,6,4,7,6,0,5
33,No,Travel_Frequently,240,Research & Development,2,3,Human Resources,1,1396,3,Male,81,2,1,Software Engineer,3,Married,8656,7292,1,Y,No,11,2,2,80,0,10,1,1,2,1,1,1
43,No,Travel_Frequently,416,Research & Development,25,4,Marketing,1,1397,1,Male,99,3,3,Cybersecurity Specialist,4,Married,8549,7280,7,Y,No,20,5,1,80,2,5,0,3,1,0,0,0
36,No,Travel_Rarely,491,Research & Development,21,1,Human Resources,1,1398,1,Male,55,4,3,HR Manager,2,Married,9977,3296,6,Y,Yes,21,4,3,80,2,24,2,4,15,13,2,13
50,No,Non-Travel,339,Research & Development,5,1,Human Resources,1,1399,4,Male,44,2,2,Data Analyst,1,Married,14624,14176,0,Y,Yes,12,2,2,80,0,9,6,4,2,0,0,1
24,No,Travel_Rarely,605,Research & Development,26,4,Life Sciences,1,1400,3,Female,34,2,1,Content Strategist,4,Married,3632,23255,5,Y,No,19,3,3,80,1,18,0,4,15,12,7,13
36,No,Travel_Rarely,728,Sales,8,4,Medical,1,1401,2,Male,62,4,1,Business Development,1,Married,13296,17581,7,Y,No,24,3,4,80,3,15,2,3,6,6,3,4
51,No,Travel_Frequently,972,Research & Development,1,3,Medical,1,1402,1,Male,54,3,2,Recruitment Specialist,3,Divorced,10691,23619,9,Y,No,23,4,1,80,3,16,4,4,13,12,1,13
45,No,Travel_Rarely,126,Research & Development,9,4,Marketing,1,1403,3,Male,81,3,2,Software Engineer,2,Married,13117,3647,9,Y,No,15,2,2,80,3,10,0,2,2,0,1,2
32,No,Travel_Rarely,1433,Research & Development,14,5,Life Sciences,1,1404,3,Male,73,3,2,Auditor,2,Married,4485,13608,0,Y,Yes,25,3,2,80,1,16,5,3,10,9,8,9
46,No,Travel_Rarely,998,Sales,17,4,Marketing,1,1405,4,Female,49,2,4,Sales Executive,4,Single,9338,24425,9,Y,Yes,25,3,3,80,0,8,6,4,4,3,0,3
57,No,Travel_Rarely,900,Research & Development,5,4,Marketing,1,1406,3,Female,85,2,2,Support Engineer,3,Married,3215,26872,2,Y,Yes,21,4,1,80,1,21,3,2,15,12,4,13
53,No,Non-Travel,255,Research & Development,8,4,Other,1,1407,4,Male,95,4,1,Content Lead,2,Single,10739,4444,0,Y,No,15,3,4,80,1,10,0,4,10,9,0,10
48,No,Travel_Rarely,312,Research & Development,17,2,Medical,1,1408,3,Male,37,3,1,Content Strategist,3,Married,13367,26274,3,Y,No,22,3,4,80,0,4,4,1,3,0,0,3
29,No,Travel_Rarely,279,Research & Development,21,4,Life Sciences,1,1409,2,Male,93,1,2,Accountant,3,Married,12655,22631,3,Y,No,23,3,2,80,2,9,1,3,6,5,5,6
32,No,Travel_Rarely,896,Research & Development,29,2,Human Resources,1,1410,2,Female,58,2,3,Data Analyst,1,Married,4699,3736,5,Y,Yes,15,4,3,80,2,21,5,3,12,12,7,10
25,No,Travel_Frequently,192,Research & Development,12,4,Medical,1,1411,4,Female,77,3,4,Cybersecurity Specialist,3,Married,4311,12338,5,Y,Yes,22,3,3,80,2,13,1,4,12,12,5,12
48,No,Travel_Rarely,1312,Research & Development,19,3,Marketing,1,1412,2,Female,48,2,1,Tester,3,Married,14058,24973,1,Y,Yes,22,4,3,80,0,18,0,4,13,11,6,13
55,No,Travel_Rarely,1367,Research & Development,8,3,Marketing,1,1413,1,Female,38,2,1,Auditor,3,Married,15331,10799,6,Y,Yes,20,2,4,80,1,15,4,3,14,11,3,13
25,No,Travel_Rarely,928,Sales,29,3,Technical Degree,1,1414,4,Other,44,2,4,Sales Executive,3,Married,4504,11280,6,Y,No,11,3,3,80,0,15,5,4,8,6,1,8
54,No,Travel_Rarely,761,Sales,19,1,Life Sciences,1,1415,3,Female,97,2,1,Account Manager,2,Married,13054,3438,5,Y,Yes,13,4,1,80,0,17,1,4,11,9,0,10
54,No,Travel_Rarely,144,Sales,12,2,Human Resources,1,1416,1,Male,92,3,3,Sales Executive,1,Divorced,12526,4193,8,Y,No,22,3,2,80,2,10,1,3,6,6,3,5
33,No,Travel_Rarely,692,Research & Development,8,5,Human Resources,1,1417,4,Male,67,4,2,Developer,4,Married,7451,21965,3,Y,No,13,4,3,80,2,11,1,4,2,1,1,1
59,No,Travel_Rarely,826,Research & Development,11,5,Marketing,1,1418,4,Male,76,2,2,Developer,1,Single,6015,18270,7,Y,Yes,12,3,4,80,0,5,0,4,5,5,0,3
34,No,Travel_Rarely,641,Research & Development,11,2,Technical Degree,1,1419,4,Male,42,2,1,Accountant,2,Single,5084,17383,1,Y,No,17,4,1,80,3,18,1,3,11,9,9,10
31,No,Travel_Rarely,241,Research & Development,15,5,Technical Degree,1,1420,4,Male,75,2,3,Tester,2,Married,13380,18960,9,Y,No,15,2,2,80,0,16,4,3,13,13,4,13
58,No,Travel_Rarely,828,Research & Development,2,4,Life Sciences,1,1421,3,Male,65,4,3,Financial Analyst,4,Married,3065,16990,3,Y,No,11,2,2,80,1,9,5,2,6,5,3,6
24,No,Travel_Rarely,1459,Research & Development,26,3,Marketing,1,1422,3,Female,39,3,2,Financial Analyst,2,Single,6432,21825,6,Y,No,25,4,3,80,2,12,6,2,9,6,1,8
53,No,Travel_Rarely,1108,Research & Development,3,1,Marketing,1,1423,2,Other,84,3,2,Employee Relations,2,Married,11656,23298,6,Y,Yes,25,4,4,80,1,6,6,3,6,5,0,4
27,No,Non-Travel,1269,Research & Development,29,4,Marketing,1,1424,4,Male,52,4,3,Auditor,1,Single,11177,2531,3,Y,Yes,11,3,4,80,1,19,4,4,10,9,2,10
28,No,Non-Travel,977,Research & Development,1,3,Life Sciences,1,1425,2,Female,52,3,2,Data Analyst,1,Single,6576,10541,8,Y,No,14,5,2,80,0,14,5,3,5,2,3,5
57,No,Non-Travel,1289,Research & Development,1,4,Human Resources,1,1426,1,Male,97,3,3,HR Executive,1,Married,10349,16322,1,Y,Yes,23,3,3,80,0,2,3,3,1,0,0,0
30,No,Travel_Rarely,727,Research & Development,4,4,Medical,1,1427,3,Male,73,4,1,Content Lead,4,Divorced,3116,25603,5,Y,No,18,5,4,80,0,16,1,3,10,9,6,9
35,No,Travel_Rarely,152,Research & Development,21,4,Technical Degree,1,1428,4,Male,34,3,4,Helpdesk,1,Single,11454,6860,2,Y,Yes,19,3,4,80,1,5,3,4,5,5,0,3
58,No,Non-Travel,242,Research & Development,19,3,Human Resources,1,1429,3,Female,33,2,1,Engineer,4,Married,13062,22600,1,Y,No,25,3,1,80,1,9,3,2,5,4,0,4
35,No,Travel_Rarely,132,Research & Development,18,2,Medical,1,1430,1,Male,59,3,1,HR Manager,2,Married,15154,22541,0,Y,No,13,3,2,80,2,14,1,4,6,3,1,5
25,No,Travel_Rarely,803,Sales,1,2,Human Resources,1,1431,2,Female,81,4,1,Business Development,4,Single,8835,11226,9,Y,No,23,5,3,80,0,14,3,4,7,6,0,7
49,No,Travel_Rarely,1270,Sales,19,2,Human Resources,1,1432,3,Female,42,4,3,Business Development,4,Single,14431,18937,7,Y,Yes,18,3,1,80,2,20,1,2,13,10,8,12
39,No,Non-Travel,667,Research & Development,1,1,Human Resources,1,1433,3,Male,47,3,1,Accountant,3,Single,14671,3272,1,Y,Yes,18,5,3,80,1,17,2,3,13,10,1,13
30,No,Travel_Rarely,1416,Research & Development,26,3,Human Resources,1,1434,4,Male,61,3,5,HR Executive,3,Divorced,10681,12885,3,Y,Yes,17,4,4,80,1,7,4,4,4,3,3,3
32,No,Travel_Frequently,108,Research & Development,10,3,Marketing,1,1435,3,Male,62,4,2,SEO Specialist,2,Married,5160,12469,2,Y,Yes,24,3,2,80,0,16,2,1,7,4,2,5
24,No,Travel_Rarely,231,Research & Development,22,4,Human Resources,1,1436,4,Male,87,3,3,Financial Analyst,2,Single,5631,18472,7,Y,Yes,25,3,1,80,0,6,6,2,5,2,4,5
51,No,Travel_Rarely,682,Sales,13,2,Medical,1,1437,2,Male,91,3,3,Business Development,1,Single,14481,7622,6,Y,Yes,22,3,2,80,2,6,5,2,6,4,1,4
38,No,Travel_Frequently,1314,Research & Development,27,3,Medical,1,1438,4,Male,43,2,1,Software Engineer,4,Married,10045,24700,3,Y,No,21,3,4,80,0,5,0,3,4,2,1,4
36,No,Travel_Rarely,1227,Research & Development,19,1,Technical Degree,1,1439,2,Female,43,3,3,Content Strategist,3,Married,13341,24501,5,Y,Yes,11,2,2,80,0,18,0,4,12,12,4,12
56,No,Travel_Rarely,346,Research & Development,28,1,Other,1,1440,1,Female,39,2,4,Recruitment Specialist,1,Single,14180,6536,4,Y,Yes,21,4,3,80,3,13,3,4,8,7,3,6
45,No,Travel_Rarely,1184,Research & Development,20,1,Life Sciences,1,1441,2,Male,88,3,2,Tester,3,Married,8462,17719,1,Y,No,23,3,4,80,3,15,2,3,9,7,0,8
43,No,Travel_Rarely,519,Research & Development,8,3,Medical,1,1442,2,Female,68,3,3,Data Analyst,1,Single,10404,13228,6,Y,Yes,25,4,3,80,0,11,2,4,2,0,0,1
32,No,Travel_Frequently,363,Research & Development,26,1,Medical,1,1443,1,Female,75,2,3,Tester,3,Single,3604,25079,8,Y,Yes,21,3,1,80,1,14,1,4,12,10,2,12
54,No,Travel_Frequently,701,Research & Development,5,3,Medical,1,1444,1,Male,47,3,2,Tester,1,Married,13367,21680,7,Y,Yes,17,3,3,80,1,15,3,4,11,10,0,9
56,No,Travel_Rarely,1168,Research & Development,11,2,Medical,1,1445,3,Male,48,3,2,Financial Analyst,4,Married,14336,8534,6,Y,Yes,14,3,1,80,1,6,4,3,4,1,3,3
57,No,Travel_Rarely,369,Research & Development,21,4,Life Sciences,1,1446,2,Male,66,3,2,Software Engineer,1,Married,11502,26939,5,Y,No,11,4,4,80,0,19,2,4,11,8,2,10
23,No,Non-Travel,567,Research & Development,8,4,Life Sciences,1,1447,4,Male,32,4,1,Tester,2,Married,13792,16322,1,Y,Yes,21,3,4,80,1,15,2,4,8,5,2,7
29,No,Travel_Frequently,683,Research & Development,26,5,Other,1,1448,1,Female,84,2,2,SEO Specialist,1,Divorced,5663,5239,5,Y,Yes,18,5,2,80,1,14,6,3,8,8,1,6
38,No,Travel_Rarely,475,Research & Development,26,4,Human Resources,1,1449,1,Female,36,3,5,Engineer,3,Married,3189,10610,0,Y,No,13,3,2,80,1,20,1,3,15,13,1,14
55,No,Travel_Rarely,663,Research & Development,28,4,Other,1,1450,3,Female,81,4,2,Financial Analyst,4,Divorced,4194,7833,5,Y,No,20,5,2,80,2,12,1,3,9,9,5,8
54,No,Travel_Rarely,792,Research & Development,14,4,Medical,1,1451,2,Female,83,4,3,Accountant,1,Divorced,9285,26278,6,Y,No,23,4,4,80,0,6,4,3,3,2,0,3
34,No,Travel_Rarely,1253,Research & Development,12,3,Medical,1,1452,3,Male,67,4,1,Helpdesk,1,Divorced,13090,2525,3,Y,Yes,14,4,2,80,1,2,3,4,1,0,0,1
24,No,Travel_Rarely,1044,Research & Development,11,2,Technical Degree,1,1453,4,Female,92,4,2,Employee Relations,2,Single,3184,8866,9,Y,No,11,3,1,80,2,14,1,3,9,6,3,7
49,No,Travel_Rarely,798,Research & Development,13,2,Technical Degree,1,1454,2,Male,93,2,1,Financial Analyst,3,Married,10216,8130,6,Y,Yes,18,3,4,80,3,6,0,2,1,1,0,1
35,No,Travel_Frequently,934,Research & Development,10,2,Technical Degree,1,1455,1,Male,35,2,3,Marketing Executive,2,Single,13929,18605,8,Y,Yes,18,4,1,80,1,12,2,3,3,2,1,2
48,Yes,Travel_Frequently,179,Research & Development,20,3,Technical Degree,1,1456,4,Female,81,2,3,Software Engineer,1,Married,5639,24664,0,Y,Yes,17,3,4,80,1,4,0,3,3,0,1,3
36,No,Travel_Rarely,236,Sales,29,3,Human Resources,1,1457,3,Female,73,2,1,Sales Executive,4,Single,4750,8212,3,Y,Yes,13,3,2,80,2,15,0,1,9,6,5,9
32,No,Non-Travel,714,Research & Development,8,4,Marketing,1,1458,2,Female,65,1,2,Software Engineer,3,Single,12400,23286,9,Y,Yes,12,4,3,80,0,24,2,4,15,13,4,14
25,No,Travel_Rarely,101,Research & Development,10,5,Technical Degree,1,1459,4,Male,66,4,4,Accountant,1,Divorced,9803,15500,3,Y,Yes,23,3,2,80,1,4,2,3,1,1,0,0
54,No,Travel_Rarely,174,Research & Development,21,3,Technical Degree,1,1460,1,Female,93,3,1,Engineer,1,Married,10901,13313,3,Y,No,14,3,1,80,0,12,1,4,7,4,0,5
21,No,Travel_Frequently,1083,Research & Development,6,3,Life Sciences,1,1461,3,Male,77,2,4,Accountant,3,Divorced,6817,22076,0,Y,No,12,2,3,80,1,7,6,1,2,2,1,0
59,No,Travel_Frequently,1038,Sales,1,5,Other,1,1462,3,Female,56,3,2,Account Manager,2,Married,9873,22191,6,Y,Yes,23,3,2,80,2,13,6,4,7,6,4,6
52,No,Travel_Rarely,1344,Research & Development,9,2,Medical,1,1463,1,Other,94,2,4,HR Executive,4,Married,2969,14134,7,Y,Yes,24,4,4,80,0,17,3,3,15,13,0,15
46,No,Travel_Rarely,1107,Research & Development,4,4,Human Resources,1,1464,2,Male,30,1,4,Cybersecurity Specialist,2,Single,8216,10871,6,Y,Yes,25,4,4,80,2,19,2,2,15,15,1,13
37,No,Travel_Rarely,351,Research & Development,1,2,Medical,1,1465,2,Male,77,2,1,Auditor,2,Married,9419,18539,1,Y,No,11,1,2,80,0,5,3,3,1,0,0,1
47,No,Travel_Rarely,926,Research & Development,23,3,Marketing,1,1466,3,Male,66,3,3,Engineer,4,Married,10741,25024,3,Y,Yes,22,4,1,80,0,16,2,3,13,12,2,13
44,No,Travel_Frequently,569,Research & Development,10,2,Human Resources,1,1467,1,Male,78,3,3,Support Engineer,1,Divorced,3228,10387,1,Y,Yes,19,1,1,80,2,19,5,4,10,7,4,9
55,Yes,Travel_Rarely,1426,Research & Development,20,4,Marketing,1,1468,2,Male,84,2,1,HR Manager,3,Single,4289,25204,6,Y,Yes,25,3,4,80,0,19,6,3,10,10,4,8
59,No,Non-Travel,1491,Sales,21,3,Medical,1,1469,4,Male,68,3,4,Sales Executive,3,Single,13647,15050,3,Y,Yes,15,2,1,80,1,17,0,2,8,5,3,6
46,No,Travel_Rarely,1029,Research & Development,27,2,Life Sciences,1,1470,2,Male,65,1,2,HR Manager,2,Single,13400,22955,6,Y,Yes,13,5,1,80,0,16,0,4,10,8,9,9
58,No,Non-Travel,482,Research & Development,7,2,Technical Degree,1,1471,2,Male,95,2,1,Accountant,2,Divorced,11883,8372,5,Y,No,13,5,3,80,0,17,6,1,13,13,2,11
43,Yes,Travel_Rarely,995,Research & Development,23,3,Medical,1,1472,3,Female,95,2,1,Content Lead,1,Married,10135,25959,9,Y,Yes,24,3,3,80,1,12,4,2,10,7,8,9
42,No,Travel_Rarely,263,Research & Development,25,5,Human Resources,1,1473,3,Female,97,1,2,SEO Analyst,4,Married,5985,23409,9,Y,No,21,3,1,80,0,5,1,3,2,0,0,1
24,No,Travel_Rarely,1156,Research & Development,25,4,Technical Degree,1,1474,3,Female,31,3,1,SEO Specialist,4,Married,7715,2490,2,Y,No,19,3,4,80,1,4,6,3,3,1,1,2
29,Yes,Travel_Frequently,1482,Sales,7,3,Human Resources,1,1475,2,Male,94,3,1,Business Development,3,Married,4451,12458,8,Y,Yes,11,4,3,80,3,16,6,4,14,11,6,14
24,No,Travel_Rarely,1314,Research & Development,28,2,Marketing,1,1476,1,Female,47,1,4,Data Analyst,4,Married,13531,14800,7,Y,Yes,11,3,2,80,2,12,1,3,8,8,1,7
27,No,Travel_Rarely,846,Research & Development,26,3,Human Resources,1,1477,1,Male,70,2,3,SEO Specialist,2,Married,4935,8164,6,Y,Yes,13,3,3,80,2,3,2,4,3,2,1,2
43,No,Travel_Frequently,117,Research & Development,25,3,Life Sciences,1,1478,1,Female,68,4,2,Data Analyst,1,Married,7960,25494,2,Y,No,25,3,2,80,0,4,2,4,1,0,0,0
22,No,Travel_Rarely,316,Research & Development,5,4,Marketing,1,1479,4,Female,55,2,1,Cybersecurity Specialist,1,Married,12083,25975,4,Y,No,23,3,1,80,1,13,1,3,9,7,2,8
44,No,Travel_Rarely,1480,Research & Development,2,2,Other,1,1480,3,Female,32,3,1,Employee Relations,2,Single,3698,24635,7,Y,No,24,1,2,80,2,12,4,2,8,6,7,7
51,No,Travel_Rarely,104,Research & Development,9,3,Other,1,1481,2,Female,78,3,2,Financial Analyst,3,Single,9317,13598,1,Y,No,21,3,1,80,3,22,6,3,15,15,8,14
51,No,Travel_Rarely,1411,Sales,6,3,Medical,1,1482,2,Male,57,2,3,Business Development,2,Single,5215,14109,3,Y,No,23,3,4,80,0,6,2,4,4,3,0,2
54,No,Travel_Frequently,471,Sales,22,5,Technical Degree,1,1483,1,Male,45,2,1,Account Manager,1,Married,6648,21805,4,Y,No,15,5,1,80,2,16,3,3,8,7,0,6
44,No,Travel_Rarely,1031,Research & Development,9,4,Technical Degree,1,1484,4,Female,51,2,1,Financial Analyst,1,Married,13291,8451,1,Y,Yes,23,1,1,80,0,17,2,4,14,12,9,14
46,No,Travel_Rarely,369,Research & Development,15,4,Life Sciences,1,1485,2,Male,78,3,4,HR Executive,1,Married,12567,12496,5,Y,Yes,22,3,3,80,0,14,3,3,5,4,0,4
36,No,Travel_Rarely,1082,Research & Development,13,3,Human Resources,1,1486,1,Female,57,2,3,Engineer,4,Single,13812,10770,6,Y,No,11,3,2,80,1,7,3,2,3,2,2,1
33,No,Travel_Rarely,915,Research & Development,15,2,Medical,1,1487,3,Male,45,3,3,Accountant,2,Married,14744,8560,7,Y,No,15,3,4,80,2,2,0,2,1,1,0,0
35,No,Travel_Rarely,919,Research & Development,1,4,Other,1,1488,4,Male,93,4,2,Tester,3,Single,9049,22490,3,Y,Yes,23,3,3,80,0,14,5,4,13,12,0,12
47,No,Travel_Rarely,208,Sales,15,3,Human Resources,1,1489,4,Female,89,3,1,Sales Executive,2,Married,15255,5496,4,Y,No,15,2,1,80,0,18,5,2,10,7,6,8
24,Yes,Travel_Frequently,748,Sales,18,2,Other,1,1490,1,Female,95,4,1,Sales Executive,2,Divorced,4048,25896,2,Y,Yes,16,3,3,80,0,13,6,3,5,4,4,3
36,No,Travel_Frequently,1080,Research & Development,11,3,Human Resources,1,1491,3,Female,55,3,4,Developer,2,Married,4436,14099,4,Y,No,18,4,1,80,0,12,5,4,11,11,9,9
50,No,Travel_Rarely,1231,Research & Development,3,4,Life Sciences,1,1492,4,Male,71,2,2,Content Strategist,4,Single,9870,25783,5,Y,No,11,3,2,80,0,6,0,2,6,4,4,6
50,No,Travel_Frequently,975,Research & Development,1,2,Other,1,1493,2,Female,32,3,3,Software Engineer,2,Divorced,11627,23808,3,Y,Yes,22,5,1,80,3,4,4,3,4,1,0,2
56,No,Travel_Rarely,1261,Research & Development,4,3,Marketing,1,1494,4,Female,50,4,2,Cybersecurity Specialist,1,Married,9664,10379,5,Y,No,19,3,1,80,1,15,6,3,7,7,6,6
23,No,Travel_Rarely,1116,Research & Development,2,3,Other,1,1495,2,Female,61,2,3,Tester,3,Married,9033,3503,8,Y,No,21,3,3,80,0,7,5,3,3,0,0,3
42,No,Travel_Rarely,825,Research & Development,16,1,Marketing,1,1496,3,Female,99,3,1,HR Manager,4,Single,14856,14717,3,Y,Yes,19,3,1,80,0,9,0,2,7,5,5,5
42,No,Non-Travel,168,Research & Development,19,2,Life Sciences,1,1497,4,Female,98,1,2,Software Engineer,4,Married,3220,22495,6,Y,No,11,3,2,80,3,14,3,3,14,14,1,14
32,No,Travel_Rarely,878,Research & Development,16,4,Life Sciences,1,1498,4,Female,53,4,2,Tester,4,Married,6484,21155,7,Y,Yes,16,4,4,80,2,4,4,4,1,0,0,0
41,No,Non-Travel,383,Research & Development,12,4,Life Sciences,1,1499,2,Male,94,3,1,SEO Specialist,4,Married,10371,18161,9,Y,No,20,3,2,80,1,9,0,3,7,4,3,6
24,No,Travel_Frequently,1467,Sales,8,2,Human Resources,1,1500,4,Female,52,2,2,Business Development,1,Divorced,6592,13799,2,Y,Yes,16,3,1,80,0,5,0,3,1,0,0,0
51,No,Travel_Rarely,1285,Research & Development,27,4,Other,1,1501,3,Male,37,4,2,Accountant,1,Married,7170,11223,6,Y,Yes,18,3,2,80,2,22,5,4,13,11,3,11
51,No,Travel_Rarely,536,Research & Development,4,4,Other,1,1502,1,Male,74,1,2,Cybersecurity Specialist,3,Single,13987,3347,8,Y,No,18,5,1,80,1,18,3,4,11,11,7,11
43,No,Travel_Rarely,717,Research & Development,16,3,Human Resources,1,1503,3,Male,40,3,2,Tester,2,Divorced,6729,11117,9,Y,No,12,2,1,80,1,7,2,4,1,0,0,0
40,No,Travel_Frequently,907,Research & Development,9,3,Medical,1,1504,1,Male,86,3,1,Tester,4,Single,8810,18692,0,Y,No,22,3,2,80,1,6,5,2,2,0,0,0
35,No,Non-Travel,1405,Research & Development,22,5,Life Sciences,1,1505,2,Male,41,4,2,SEO Specialist,2,Married,6649,5566,0,Y,Yes,19,3,3,80,0,11,6,2,2,0,0,0
43,Yes,Non-Travel,654,Research & Development,15,3,Human Resources,1,1506,1,Male,39,2,1,Accountant,2,Married,3312,26000,6,Y,Yes,20,4,4,80,3,6,4,4,4,4,3,4
48,No,Travel_Rarely,1066,Research & Development,12,2,Marketing,1,1507,1,Female,92,4,3,Employee Relations,3,Divorced,2920,24170,1,Y,No,11,2,4,80,3,17,0,3,13,11,7,11
36,No,Travel_Frequently,426,Research & Development,17,4,Other,1,1508,4,Female,64,2,1,Engineer,4,Married,3563,4526,7,Y,Yes,15,3,1,80,0,1,3,2,1,0,0,0
57,No,Travel_Rarely,723,Research & Development,22,3,Other,1,1509,2,Female,67,1,1,Software Engineer,2,Divorced,13339,11996,5,Y,No,20,3,3,80,3,6,0,3,4,2,2,4
41,No,Travel_Frequently,1494,Sales,23,2,Life Sciences,1,1510,4,Female,50,1,4,Business Development,3,Married,14660,10405,1,Y,No,12,3,3,80,2,3,2,3,2,0,0,1
35,No,Travel_Rarely,946,Sales,28,3,Marketing,1,1511,2,Male,80,3,1,Business Development,2,Single,7662,6230,3,Y,Yes,20,4,4,80,3,4,1,4,4,4,3,4
37,No,Non-Travel,1489,Sales,15,3,Technical Degree,1,1512,4,Male,47,2,1,Account Manager,3,Married,15285,22890,6,Y,No,11,3,1,80,3,8,4,3,4,2,2,3
57,No,Travel_Rarely,336,Sales,4,4,Medical,1,1513,1,Female,47,1,3,Business Development,1,Married,4537,8722,7,Y,Yes,23,3,2,80,0,9,6,4,9,9,1,8
33,No,Travel_Frequently,806,Research & Development,8,3,Technical Degree,1,1514,3,Male,55,4,1,Cybersecurity Specialist,3,Single,10296,23073,4,Y,No,17,5,1,80,0,10,4,4,9,7,8,8
39,No,Travel_Rarely,912,Research & Development,28,2,Medical,1,1515,1,Male,49,2,2,Accountant,3,Single,6759,22749,1,Y,Yes,19,3,4,80,0,1,3,3,1,1,0,0
50,No,Travel_Rarely,317,Research & Development,26,3,Life Sciences,1,1516,4,Male,54,3,4,Cybersecurity Specialist,1,Married,12955,6480,1,Y,No,12,3,2,80,0,14,6,4,5,4,1,4
38,No,Travel_Rarely,1322,Research & Development,3,3,Other,1,1517,2,Male,74,3,5,Auditor,4,Divorced,6290,17142,3,Y,Yes,18,3,1,80,0,14,5,3,7,4,0,5
34,No,Travel_Rarely,1325,Research & Development,7,2,Medical,1,1518,3,Female,87,2,1,Accountant,3,Married,9719,6114,2,Y,Yes,15,4,3,80,0,11,3,3,4,4,2,4
56,No,Travel_Rarely,961,Research & Development,7,3,Human Resources,1,1519,1,Male,47,2,1,Recruitment Specialist,3,Married,14123,4370,6,Y,Yes,16,3,1,80,0,12,0,3,12,11,9,12
56,No,Travel_Frequently,146,Research & Development,15,4,Marketing,1,1520,2,Male,77,3,2,Financial Analyst,2,Single,11303,2853,4,Y,Yes,20,3,2,80,0,11,4,2,5,2,4,3
40,No,Travel_Rarely,1378,Sales,20,1,Other,1,1521,4,Male,43,3,1,Business Development,3,Single,8386,8830,4,Y,No,24,4,2,80,0,4,5,2,2,1,0,2
39,No,Travel_Frequently,841,Research & Development,17,3,Human Resources,1,1522,3,Female,36,4,1,SEO Analyst,3,Married,6750,7096,9,Y,Yes,22,3,1,80,0,5,0,3,3,3,2,3
27,No,Non-Travel,384,Sales,28,2,Life Sciences,1,1523,2,Other,67,3,2,Account Manager,2,Single,13652,12737,7,Y,Yes,17,4,4,80,0,8,1,4,7,6,0,7
24,No,Travel_Frequently,1314,Research & Development,10,2,Technical Degree,1,1524,3,Male,93,4,1,Auditor,4,Married,5383,10384,0,Y,Yes,23,4,2,80,2,11,5,3,10,7,8,10
54,No,Travel_Rarely,124,Sales,16,3,Marketing,1,1525,1,Male,58,3,4,Business Development,1,Single,12156,15190,5,Y,Yes,14,3,4,80,3,22,4,3,13,11,4,13
22,No,Travel_Frequently,721,Research & Development,16,2,Life Sciences,1,1526,3,Female,84,3,1,Data Analyst,1,Married,12985,19372,5,Y,No,13,4,1,80,0,20,6,4,15,12,2,15
25,Yes,Travel_Rarely,530,Research & Development,26,4,Human Resources,1,1527,3,Female,74,2,1,Content Lead,3,Married,3381,11544,3,Y,Yes,12,2,4,80,1,11,1,2,7,6,6,7
30,No,Travel_Frequently,1186,Sales,22,2,Human Resources,1,1528,1,Male,48,3,3,Business Development,4,Single,12491,19394,6,Y,Yes,25,4,3,80,2,9,0,4,4,2,1,3
52,No,Travel_Rarely,471,Research & Development,15,3,Medical,1,1529,4,Female,31,3,1,Auditor,1,Married,3366,5295,8,Y,No,25,4,1,80,1,21,5,4,12,10,7,12
33,No,Travel_Rarely,1481,Research & Development,26,1,Medical,1,1530,3,Female,95,3,3,HR Manager,2,Married,10919,5641,8,Y,No,21,3,1,80,2,3,6,3,1,0,0,1
59,No,Travel_Rarely,431,Research & Development,28,5,Technical Degree,1,1531,1,Female,65,3,1,Recruitment Specialist,3,Single,13526,18735,7,Y,No,11,3,2,80,3,7,2,1,1,0,0,0
25,No,Travel_Rarely,796,Research & Development,28,3,Medical,1,1532,2,Female,85,3,2,HR Executive,3,Married,11830,5151,0,Y,Yes,14,2,1,80,0,13,1,3,4,3,1,3
30,Yes,Travel_Rarely,1281,Research & Development,12,3,Medical,1,1533,2,Female,50,3,3,Engineer,4,Married,6167,18559,8,Y,Yes,16,1,3,80,0,7,6,4,4,3,1,4
30,No,Travel_Rarely,1009,Research & Development,7,2,Medical,1,1534,2,Female,92,3,2,SEO Specialist,3,Single,8892,2165,3,Y,Yes,13,3,3,80,1,7,5,3,6,6,2,4
58,No,Travel_Rarely,997,Sales,3,3,Technical Degree,1,1535,4,Male,31,2,1,Business Development,4,Married,15087,26999,2,Y,Yes,13,4,1,80,1,13,2,3,7,4,6,5
47,No,Travel_Rarely,669,Research & Development,28,2,Life Sciences,1,1536,1,Male,44,2,3,Financial Analyst,1,Married,15009,8752,1,Y,No,20,3,4,80,0,12,4,4,9,9,6,7
41,No,Non-Travel,1496,Research & Development,21,4,Other,1,1537,1,Male,91,4,2,Accountant,1,Single,15186,11847,3,Y,Yes,18,3,2,80,3,9,2,2,9,7,3,7
28,No,Travel_Rarely,1335,Sales,24,3,Marketing,1,1538,1,Male,41,4,1,Account Manager,4,Married,10312,8820,6,Y,No,15,4,4,80,2,18,2,2,10,10,9,10
21,No,Travel_Rarely,1479,Sales,23,3,Life Sciences,1,1539,1,Male,32,3,5,Sales Executive,1,Married,6512,15958,9,Y,No,12,3,3,80,0,12,5,3,12,11,8,10
48,No,Travel_Rarely,1495,Research & Development,2,3,Other,1,1540,4,Female,33,4,4,Employee Relations,1,Married,13149,7353,0,Y,Yes,20,4,1,80,2,15,0,4,15,13,0,13
59,No,Travel_Rarely,826,Research & Development,4,3,Other,1,1541,4,Female,38,2,1,Software Engineer,1,Divorced,10089,25631,1,Y,No,19,3,1,80,2,18,0,2,12,10,0,12
34,No,Travel_Rarely,518,Sales,23,3,Life Sciences,1,1542,2,Female,75,1,2,Business Development,4,Divorced,7656,12700,0,Y,Yes,22,3,4,80,0,11,6,4,5,4,4,3
41,No,Travel_Rarely,1413,Sales,27,3,Life Sciences,1,1543,1,Male,71,3,2,Sales Executive,2,Married,12907,22219,5,Y,No,24,3,3,80,0,18,0,1,10,8,2,8
50,No,Travel_Rarely,568,Research & Development,25,3,Human Resources,1,1544,2,Male,60,4,1,Financial Analyst,2,Single,8403,22625,9,Y,No,25,4,2,80,2,15,0,1,11,11,9,10
41,No,Travel_Rarely,1259,Research & Development,23,3,Marketing,1,1545,3,Female,66,3,1,Software Engineer,1,Married,5396,14471,6,Y,No,11,2,1,80,0,4,6,4,3,2,0,3
29,No,Travel_Rarely,1442,Sales,8,3,Marketing,1,1546,3,Male,40,1,2,Sales Executive,2,Married,14896,16102,7,Y,No,16,2,4,80,1,10,4,4,3,0,0,1
37,No,Travel_Rarely,866,Research & Development,10,2,Human Resources,1,1547,2,Other,90,1,1,HR Executive,1,Married,14758,23078,1,Y,No,15,3,3,80,0,17,6,3,15,15,4,15
25,No,Travel_Rarely,470,Research & Development,12,4,Other,1,1548,4,Female,56,3,3,Cybersecurity Specialist,3,Married,15398,21895,0,Y,Yes,13,4,1,80,3,10,0,4,6,4,0,5
51,No,Travel_Rarely,289,Research & Development,12,3,Human Resources,1,1549,3,Male,75,4,2,Cybersecurity Specialist,2,Married,10661,4275,1,Y,Yes,25,2,4,80,0,6,4,4,1,0,0,0
58,No,Travel_Rarely,961,Research & Development,9,3,Other,1,1550,2,Female,99,2,3,Content Lead,3,Divorced,15265,5488,7,Y,Yes,22,3,4,80,0,9,4,3,7,7,1,6
39,No,Travel_Rarely,1234,Sales,11,4,Medical,1,1551,1,Male,72,3,3,Business Development,1,Divorced,5978,21372,4,Y,No,11,3,3,80,1,8,5,3,3,3,2,3
56,No,Travel_Rarely,1303,Research & Development,13,1,Human Resources,1,1552,2,Male,74,4,3,Data Analyst,2,Single,13308,15387,5,Y,No,11,3,4,80,0,9,2,1,5,4,2,3
53,No,Travel_Rarely,695,Research & Development,1,4,Technical Degree,1,1553,1,Male,47,3,2,Content Strategist,2,Married,12589,23715,3,Y,No,15,3,1,80,0,13,4,3,7,5,3,7
33,No,Travel_Rarely,1082,Research & Development,3,5,Human Resources,1,1554,3,Male,79,2,5,HR Executive,3,Married,14016,11594,2,Y,Yes,17,3,4,80,0,16,0,3,7,6,3,7
34,No,Travel_Rarely,183,Research & Development,22,4,Medical,1,1555,2,Male,35,4,1,Tester,1,Married,3514,10097,8,Y,Yes,18,3,4,80,1,10,6,4,9,9,8,9
53,No,Travel_Frequently,913,Research & Development,24,4,Human Resources,1,1556,1,Female,42,3,2,Accountant,2,Divorced,10525,12117,4,Y,Yes,13,3,2,80,0,8,3,2,1,0,0,0
49,No,Travel_Rarely,487,Research & Development,11,3,Technical Degree,1,1557,4,Female,41,2,2,Developer,4,Married,15395,24409,6,Y,No,17,2,2,80,0,8,2,3,3,1,0,3
56,No,Travel_Rarely,673,Sales,15,2,Human Resources,1,1558,2,Male,36,1,2,Sales Executive,1,Married,6681,20121,6,Y,Yes,18,3,3,80,2,9,6,4,9,7,4,7
30,No,Travel_Rarely,482,Research & Development,7,3,Other,1,1559,4,Female,43,3,1,HR Manager,4,Divorced,12135,23669,6,Y,No,13,3,1,80,0,9,4,4,8,6,0,6
51,Yes,Travel_Rarely,749,Research & Development,28,2,Life Sciences,1,1560,2,Female,76,3,2,SEO Specialist,2,Single,2999,17451,7,Y,Yes,22,3,4,80,2,4,2,3,2,2,1,1
26,No,Travel_Rarely,232,Research & Development,16,2,Marketing,1,1561,4,Female,36,3,1,Content Strategist,2,Divorced,12931,5499,2,Y,Yes,22,3,2,80,2,10,5,4,8,5,1,8
21,No,Travel_Frequently,963,Sales,6,4,Technical Degree,1,1562,2,Female,68,3,4,Account Manager,4,Married,12950,22222,0,Y,No,20,4,4,80,2,17,4,2,8,5,6,6
27,No,Travel_Frequently,757,Research & Development,20,2,Technical Degree,1,1563,4,Female,85,3,3,Recruitment Specialist,2,Single,14775,3800,3,Y,No,25,3,4,80,0,4,4,4,2,1,0,1
47,No,Travel_Rarely,1442,Research & Development,24,4,Technical Degree,1,1564,3,Male,48,2,1,Engineer,2,Married,10857,14483,0,Y,No,18,3,4,80,1,12,2,4,8,8,7,8
41,No,Travel_Rarely,1212,Research & Development,10,4,Other,1,1565,1,Female,56,3,2,Software Engineer,1,Married,12881,11829,3,Y,No,15,2,3,80,1,11,2,2,3,3,1,2
48,No,Travel_Rarely,866,Sales,4,4,Life Sciences,1,1566,3,Male,90,1,4,Sales Executive,1,Single,13042,8001,1,Y,No,22,3,2,80,0,12,1,3,7,5,2,5
36,No,Travel_Rarely,308,Research & Development,6,4,Life Sciences,1,1567,4,Male,95,2,4,Data Analyst,1,Married,10037,12490,7,Y,No,15,3,4,80,1,21,1,1,13,12,8,12
43,No,Travel_Rarely,1384,Research & Development,12,4,Marketing,1,1568,1,Male,81,4,1,HR Executive,3,Divorced,12043,18357,5,Y,No,18,3,2,80,0,11,0,4,9,7,2,8
40,No,Travel_Frequently,454,Research & Development,3,4,Medical,1,1569,4,Female,85,2,3,Data Analyst,1,Single,9678,22797,4,Y,Yes,16,3,4,80,0,12,4,4,4,4,0,3
58,No,Travel_Rarely,589,Sales,28,3,Marketing,1,1570,2,Male,43,2,5,Account Manager,2,Single,10641,18928,1,Y,No,16,4,4,80,2,18,2,3,15,15,1,13
45,No,Travel_Rarely,1374,Research & Development,12,2,Technical Degree,1,1571,4,Female,62,1,2,Engineer,2,Single,10776,21083,9,Y,Yes,22,4,1,80,1,17,6,4,11,10,3,11
48,No,Travel_Rarely,711,Research & Development,23,4,Technical Degree,1,1572,3,Male,41,2,5,Cybersecurity Specialist,3,Divorced,5198,19087,2,Y,No,24,1,1,80,1,6,5,3,6,5,3,5
25,No,Travel_Rarely,1398,Research & Development,16,4,Technical Degree,1,1573,1,Female,95,1,5,Engineer,2,Married,3257,23067,8,Y,Yes,23,3,2,80,0,18,5,4,9,6,2,7
41,No,Travel_Rarely,762,Sales,12,3,Marketing,1,1574,4,Male,53,3,3,Business Development,3,Single,12987,12402,4,Y,No,16,1,4,80,1,13,3,2,11,11,1,10
38,No,Travel_Frequently,424,Research & Development,15,1,Medical,1,1575,1,Female,74,4,3,Developer,1,Divorced,6269,25529,1,Y,Yes,20,3,2,80,0,14,5,4,11,9,4,10
26,No,Travel_Frequently,1092,Research & Development,22,3,Medical,1,1576,3,Female,84,3,1,Tester,4,Divorced,3228,6669,0,Y,No,11,3,4,80,3,12,6,3,5,4,3,3
49,Yes,Non-Travel,338,Research & Development,23,1,Marketing,1,1577,1,Female,82,1,4,Financial Analyst,4,Married,5493,18756,4,Y,Yes,11,3,2,80,0,12,5,3,12,10,4,11
39,No,Travel_Frequently,1158,Research & Development,21,4,Other,1,1578,1,Male,95,2,2,Developer,4,Single,14689,16992,2,Y,Yes,13,3,2,80,2,7,2,3,1,1,0,1
53,No,Travel_Frequently,414,Research & Development,21,5,Technical Degree,1,1579,2,Female,48,2,2,Marketing Executive,4,Married,13763,14256,4,Y,No,12,4,3,80,3,6,6,4,3,3,0,1
21,No,Travel_Rarely,738,Research & Development,18,2,Marketing,1,1580,1,Male,80,1,3,Data Analyst,4,Single,10567,5154,7,Y,No,19,3,3,80,0,13,1,3,11,8,7,11
23,No,Travel_Frequently,456,Research & Development,16,3,Marketing,1,1581,4,Other,95,2,4,Tester,3,Single,11692,3468,3,Y,No,12,3,2,80,0,22,6,4,15,14,1,14
41,No,Travel_Rarely,1209,Research & Development,6,1,Human Resources,1,1582,1,Female,74,4,3,Employee Relations,2,Single,8655,16809,5,Y,Yes,14,3,1,80,2,13,6,4,9,8,8,7
55,No,Travel_Rarely,814,Research & Development,17,3,Human Resources,1,1583,3,Other,69,2,1,Cybersecurity Specialist,3,Divorced,9616,22541,7,Y,Yes,21,3,1,80,2,8,2,4,3,0,1,3
23,No,Travel_Rarely,1172,Research & Development,23,2,Life Sciences,1,1584,1,Female,35,2,2,Tester,2,Single,6982,4661,2,Y,Yes,24,2,4,80,0,12,5,2,11,9,0,11
45,No,Travel_Rarely,573,Research & Development,3,3,Life Sciences,1,1585,2,Male,80,3,3,Cybersecurity Specialist,1,Married,7212,18478,9,Y,No,24,3,3,80,2,11,3,2,11,8,7,10
58,No,Travel_Rarely,396,Research & Development,18,3,Marketing,1,1586,3,Other,70,3,2,Support Engineer,3,Single,11581,12505,7,Y,Yes,17,3,2,80,2,16,2,3,10,7,4,9
40,No,Travel_Rarely,1228,Research & Development,11,2,Human Resources,1,1587,4,Other,76,3,4,Cybersecurity Specialist,1,Single,12380,6529,0,Y,No,20,3,1,80,1,9,2,2,2,0,1,1
54,No,Travel_Frequently,660,Research & Development,23,3,Technical Degree,1,1588,3,Male,46,4,4,Cybersecurity Specialist,2,Married,12914,5190,9,Y,No,25,2,4,80,3,6,3,4,4,4,3,2
41,Yes,Travel_Rarely,1194,Research & Development,25,2,Life Sciences,1,1589,1,Male,52,2,2,Tester,2,Single,8050,17687,3,Y,Yes,22,2,4,80,1,10,1,2,5,3,4,4
43,No,Travel_Rarely,563,Sales,17,3,Technical Degree,1,1590,3,Female,69,2,2,Business Development,2,Divorced,7085,3926,5,Y,No,17,3,2,80,1,7,2,3,7,6,1,6
26,No,Travel_Rarely,695,Research & Development,6,1,Technical Degree,1,1591,4,Female,66,2,1,Developer,2,Single,14105,7033,3,Y,Yes,22,3,4,80,0,10,5,3,7,7,6,5
33,No,Travel_Rarely,273,Research & Development,24,3,Life Sciences,1,1592,4,Female,87,3,2,Accountant,4,Single,7158,14600,6,Y,Yes,21,3,3,80,3,10,1,4,9,8,2,7
43,No,Travel_Rarely,1443,Sales,18,4,Other,1,1593,3,Female,50,4,1,Sales Executive,2,Married,6086,19056,3,Y,No,16,3,3,80,0,13,3,4,13,10,6,13
29,No,Travel_Rarely,863,Research & Development,5,4,Marketing,1,1594,3,Male,56,2,3,Data Analyst,2,Divorced,13193,2238,5,Y,Yes,24,3,1,80,0,10,2,2,8,5,3,6
37,No,Travel_Rarely,1038,Sales,16,4,Human Resources,1,1595,2,Female,40,3,3,Business Development,1,Divorced,12939,21170,9,Y,Yes,15,3,2,80,1,14,2,1,13,13,9,12
22,No,Travel_Frequently,1413,Research & Development,29,4,Life Sciences,1,1596,4,Other,68,2,2,Recruitment Specialist,1,Married,12171,7046,3,Y,Yes,24,4,3,80,0,19,4,3,15,13,5,15
39,No,Travel_Frequently,313,Sales,29,2,Medical,1,1597,2,Male,92,3,1,Business Development,4,Divorced,3574,25304,5,Y,Yes,16,3,1,80,1,10,0,3,2,0,1,1
39,No,Travel_Rarely,802,Sales,28,2,Medical,1,1598,1,Male,57,3,4,Business Development,4,Divorced,8295,14460,7,Y,Yes,13,5,4,80,0,19,6,3,12,12,7,12
27,No,Travel_Frequently,806,Sales,20,3,Technical Degree,1,1599,4,Male,76,4,2,Account Manager,4,Single,11830,6901,1,Y,No,17,3,2,80,0,9,3,3,8,6,0,6
40,No,Travel_Rarely,254,Research & Development,10,4,Medical,1,1600,4,Male,76,3,1,Engineer,4,Divorced,4157,11362,4,Y,Yes,16,4,2,80,1,14,5,4,8,7,1,8
29,No,Travel_Rarely,106,Research & Development,28,5,Technical Degree,1,1601,2,Female,33,2,2,Financial Analyst,4,Married,14528,16815,6,Y,Yes,24,3,4,80,1,7,1,3,5,5,4,4
37,No,Travel_Rarely,1104,Research & Development,16,1,Other,1,1602,1,Male,90,3,3,SEO Specialist,1,Married,4984,8497,4,Y,No,14,4,3,80,1,20,3,3,15,14,7,13
47,No,Travel_Rarely,1246,Research & Development,3,3,Other,1,1603,3,Female,47,2,1,Financial Analyst,1,Single,6717,26363,6,Y,Yes,12,5,4,80,1,21,4,4,13,11,6,11
22,No,Travel_Rarely,1250,Sales,10,2,Other,1,1604,4,Female,79,2,2,Sales Executive,3,Married,4272,22797,2,Y,No,11,1,4,80,1,5,5,3,3,3,1,2
56,No,Travel_Rarely,485,Sales,24,4,Other,1,1605,2,Female,65,4,1,Sales Executive,4,Married,4439,8890,3,Y,No,19,2,1,80,1,18,3,4,9,6,8,8
39,No,Travel_Rarely,341,Research & Development,18,3,Other,1,1606,4,Male,30,3,3,Data Analyst,2,Married,12455,18085,4,Y,Yes,18,3,2,80,0,21,0,1,12,11,1,11
37,No,Travel_Rarely,622,Research & Development,16,2,Human Resources,1,1607,2,Female,64,3,4,Content Strategist,4,Married,15027,17408,2,Y,No,25,3,4,80,0,8,5,3,7,5,5,6
25,No,Travel_Rarely,933,Research & Development,17,3,Life Sciences,1,1608,2,Female,34,4,1,Content Strategist,3,Single,10862,19192,5,Y,Yes,14,4,1,80,2,2,6,3,1,0,0,0
59,No,Travel_Frequently,1074,Research & Development,17,3,Life Sciences,1,1609,2,Female,35,2,4,Data Analyst,3,Married,10795,19974,9,Y,Yes,20,1,4,80,1,12,3,3,8,8,6,6
38,No,Travel_Rarely,977,Sales,10,4,Human Resources,1,1610,4,Female,89,3,4,Account Manager,2,Married,8467,2718,6,Y,No,21,4,2,80,0,15,1,3,10,7,0,8
27,No,Travel_Rarely,386,Research & Development,5,1,Technical Degree,1,1611,3,Male,34,3,1,Accountant,1,Married,14442,20830,5,Y,Yes,11,2,4,80,0,16,5,4,13,13,3,13
37,No,Travel_Rarely,657,Research & Development,25,4,Other,1,1612,3,Male,61,4,1,Accountant,3,Single,10313,14643,5,Y,Yes,14,3,2,80,2,10,1,3,5,5,1,5
59,No,Travel_Rarely,425,Research & Development,4,3,Marketing,1,1613,2,Other,68,2,3,Content Lead,2,Single,15207,14383,4,Y,No,15,5,2,80,3,9,0,3,6,5,0,5
56,No,Travel_Rarely,328,Research & Development,15,4,Medical,1,1614,3,Female,69,3,1,Helpdesk,2,Married,11089,5549,5,Y,No,11,2,1,80,2,13,4,3,9,9,5,9
24,No,Non-Travel,1105,Research & Development,16,4,Other,1,1615,3,Female,71,3,1,Data Analyst,3,Married,5800,25994,5,Y,Yes,25,3,4,80,1,16,5,3,10,8,3,10
58,No,Travel_Rarely,920,Research & Development,23,2,Human Resources,1,1616,4,Female,37,2,1,Tester,3,Single,11482,5757,9,Y,No,19,2,4,80,2,20,6,2,15,13,4,14
45,No,Travel_Rarely,960,Research & Development,18,2,Medical,1,1617,3,Male,58,3,1,HR Executive,1,Single,4887,9245,7,Y,Yes,24,4,4,80,1,15,2,3,14,13,0,14
25,No,Travel_Rarely,1191,Research & Development,19,3,Marketing,1,1618,1,Female,89,3,1,Engineer,2,Married,8102,14827,0,Y,Yes,17,3,3,80,1,16,2,2,8,8,4,6
50,No,Travel_Frequently,657,Sales,10,2,Technical Degree,1,1619,2,Female,52,2,3,Business Development,2,Divorced,12203,11914,1,Y,Yes,22,4,2,80,2,23,0,3,14,12,3,12
32,Yes,Travel_Rarely,904,Research & Development,11,4,Other,1,1620,1,Female,33,4,3,Engineer,1,Divorced,3564,12225,5,Y,Yes,23,3,3,80,0,15,6,4,11,8,9,9
24,No,Travel_Rarely,1455,Research & Development,9,3,Medical,1,1621,4,Female,63,3,2,Content Strategist,3,Married,11466,21042,5,Y,No,17,3,2,80,2,22,0,4,14,12,2,13
44,No,Travel_Rarely,254,Research & Development,5,4,Technical Degree,1,1622,4,Female,67,2,2,Recruitment Specialist,2,Married,14001,17911,6,Y,Yes,25,1,3,80,0,18,1,3,14,14,8,12
49,No,Travel_Frequently,608,Research & Development,6,2,Other,1,1623,1,Male,90,2,4,Content Strategist,1,Single,13352,17940,0,Y,Yes,25,3,4,80,0,5,0,3,3,0,1,1
29,No,Travel_Rarely,1135,Research & Development,3,2,Marketing,1,1624,4,Male,56,1,4,Engineer,2,Married,9854,17319,5,Y,No,22,3,1,80,2,19,6,3,13,11,3,13
24,No,Travel_Rarely,287,Research & Development,13,3,Technical Degree,1,1625,3,Female,60,4,3,Recruitment Specialist,2,Married,7670,12376,7,Y,Yes,11,3,2,80,1,12,1,4,5,2,2,5
44,No,Travel_Frequently,116,Research & Development,6,1,Marketing,1,1626,1,Male,32,4,2,HR Manager,3,Married,7395,2275,2,Y,Yes,22,3,2,80,1,8,3,3,4,4,3,2
34,No,Travel_Frequently,739,Research & Development,11,3,Life Sciences,1,1627,3,Female,56,4,2,Software Engineer,2,Single,6835,2742,3,Y,Yes,19,2,3,80,1,22,1,4,14,12,3,13
25,No,Travel_Frequently,1474,Sales,29,4,Medical,1,1628,3,Male,72,3,4,Sales Executive,3,Married,7663,24596,0,Y,No,20,3,3,80,3,3,1,4,1,0,0,1
38,Yes,Travel_Frequently,1132,Research & Development,16,3,Medical,1,1629,4,Male,89,4,4,Software Engineer,2,Single,3754,5232,2,Y,Yes,18,3,3,80,2,12,3,3,5,2,3,4
39,Yes,Travel_Rarely,1334,Research & Development,11,4,Marketing,1,1630,4,Male,75,4,3,Engineer,2,Married,3665,10347,6,Y,Yes,24,2,1,80,1,11,1,4,10,9,4,10
32,No,Non-Travel,128,Research & Development,10,2,Marketing,1,1631,1,Female,66,2,3,Engineer,2,Married,13789,4228,8,Y,Yes,16,2,2,80,1,16,2,1,7,6,4,7
38,No,Non-Travel,995,Research & Development,16,2,Human Resources,1,1632,4,Male,96,3,2,Cybersecurity Specialist,1,Divorced,4582,25203,1,Y,No,24,1,1,80,1,1,1,4,1,0,0,0
37,No,Travel_Rarely,508,Research & Development,24,5,Marketing,1,1633,2,Other,35,4,1,Helpdesk,3,Married,12465,18168,5,Y,No,14,4,1,80,2,10,0,2,4,1,2,4
50,Yes,Travel_Rarely,1004,Research & Development,14,5,Marketing,1,1634,4,Male,88,2,1,SEO Analyst,1,Single,6157,15338,6,Y,Yes,16,3,3,80,2,15,1,3,6,4,2,4
44,No,Travel_Rarely,240,Research & Development,16,3,Technical Degree,1,1635,2,Female,32,3,1,Cybersecurity Specialist,4,Divorced,10335,9345,1,Y,Yes,21,4,4,80,0,15,3,4,11,8,0,9
31,No,Travel_Rarely,914,Sales,26,4,Technical Degree,1,1636,4,Male,40,3,3,Business Development,2,Married,10845,24154,7,Y,No,14,3,3,80,1,18,0,3,12,9,4,10
55,No,Travel_Frequently,230,Research & Development,17,3,Medical,1,1637,4,Male,56,3,3,HR Executive,4,Divorced,10751,12128,1,Y,Yes,12,3,2,80,0,11,5,3,9,7,7,7
43,No,Travel_Rarely,477,Research & Development,26,2,Technical Degree,1,1638,3,Female,31,3,2,HR Manager,3,Single,3139,8777,9,Y,No,19,2,4,80,1,13,3,4,11,11,3,9
37,No,Travel_Frequently,1069,Research & Development,24,2,Technical Degree,1,1639,1,Female,93,3,1,Developer,1,Married,9376,8833,4,Y,Yes,25,3,2,80,0,8,3,4,8,6,5,7
21,No,Non-Travel,608,Research & Development,8,4,Medical,1,1640,2,Male,73,3,4,Engineer,1,Married,4872,23099,9,Y,Yes,20,3,2,80,2,4,2,3,2,0,1,0
35,No,Non-Travel,493,Sales,23,2,Other,1,1641,1,Male,84,2,2,Sales Executive,3,Single,10628,20463,9,Y,No,12,2,4,80,1,11,5,3,11,8,2,11
52,No,Travel_Rarely,1287,Research & Development,4,3,Life Sciences,1,1642,4,Other,69,3,5,Financial Analyst,3,Divorced,7117,25574,5,Y,No,17,4,3,80,2,6,4,3,3,2,1,1
29,No,Travel_Rarely,1087,Research & Development,17,3,Human Resources,1,1643,4,Female,52,3,3,Support Engineer,1,Married,14146,24700,0,Y,No,22,3,3,80,3,19,2,3,10,9,8,9
35,No,Travel_Frequently,1308,Research & Development,10,3,Technical Degree,1,1644,4,Male,93,4,1,Support Engineer,4,Single,8690,14315,6,Y,No,13,3,4,80,3,17,6,2,13,10,6,13
48,No,Travel_Rarely,358,Research & Development,2,3,Life Sciences,1,1645,1,Female,86,2,1,Engineer,3,Single,12464,22265,5,Y,Yes,21,3,1,80,0,14,3,2,5,5,2,5
44,Yes,Travel_Rarely,1015,Research & Development,12,2,Human Resources,1,1646,1,Other,39,2,3,Accountant,2,Married,4055,13534,3,Y,Yes,14,3,2,80,0,19,6,3,11,11,4,10
55,No,Non-Travel,532,Research & Development,29,2,Medical,1,1647,3,Female,64,2,2,Recruitment Specialist,4,Single,4636,3439,1,Y,Yes,13,3,1,80,1,7,3,4,7,7,2,7
42,No,Travel_Rarely,1453,Sales,26,3,Technical Degree,1,1648,3,Female,35,3,1,Sales Executive,1,Married,5899,5542,5,Y,No,24,3,2,80,2,10,6,4,3,3,1,2
47,No,Travel_Rarely,1093,Research & Development,19,3,Other,1,1649,3,Female,83,2,1,Accountant,3,Married,6745,22023,8,Y,No,25,1,2,80,0,15,3,3,12,11,3,11
39,No,Travel_Frequently,547,Research & Development,21,3,Technical Degree,1,1650,2,Male,96,3,1,Financial Analyst,3,Single,13712,13719,7,Y,Yes,13,2,2,80,3,10,3,4,7,4,3,7
32,No,Travel_Rarely,889,Research & Development,19,3,Marketing,1,1651,1,Female,85,3,3,Employee Relations,4,Single,11444,4356,9,Y,No,16,3,1,80,1,5,3,2,5,3,2,4
40,No,Travel_Rarely,760,Research & Development,29,2,Technical Degree,1,1652,3,Male,89,1,1,Developer,3,Married,12369,7546,5,Y,Yes,21,3,4,80,1,17,2,3,10,8,2,9
21,No,Travel_Rarely,1348,Sales,8,4,Technical Degree,1,1653,1,Male,43,3,3,Account Manager,2,Married,14642,4897,4,Y,Yes,23,3,4,80,3,10,4,3,6,4,2,4
41,No,Travel_Rarely,435,Sales,6,3,Life Sciences,1,1654,4,Female,75,4,4,Business Development,1,Single,4681,22338,9,Y,Yes,16,3,1,80,2,8,3,2,6,4,2,6
21,No,Travel_Rarely,589,Research & Development,19,2,Life Sciences,1,1655,1,Female,45,2,2,Engineer,4,Single,14941,2764,6,Y,Yes,12,3,1,80,0,15,5,2,11,11,7,9
30,No,Travel_Rarely,518,Research & Development,18,3,Technical Degree,1,1656,3,Female,56,3,1,HR Manager,4,Married,4424,18470,2,Y,No,25,3,4,80,1,17,4,3,11,9,9,10
52,No,Travel_Rarely,711,Research & Development,14,4,Other,1,1657,2,Female,66,3,1,SEO Analyst,2,Single,13212,5349,8,Y,No,24,4,3,80,2,22,0,3,14,11,9,14
59,No,Travel_Rarely,1136,Sales,3,4,Human Resources,1,1658,3,Male,90,3,1,Business Development,3,Divorced,13959,4145,5,Y,Yes,24,2,4,80,1,20,1,2,12,12,6,12
42,No,Travel_Rarely,107,Research & Development,18,2,Medical,1,1659,1,Male,49,3,1,Developer,4,Married,13384,5042,1,Y,Yes,24,3,3,80,1,10,5,4,4,1,2,4
38,No,Travel_Rarely,982,Sales,28,3,Other,1,1660,4,Female,54,2,1,Business Development,1,Married,14287,3487,4,Y,Yes,11,4,4,80,0,20,3,3,12,12,9,12
52,No,Travel_Rarely,258,Research & Development,19,1,Life Sciences,1,1661,4,Male,79,3,2,Auditor,3,Single,10335,26192,8,Y,No,16,3,1,80,0,16,5,2,8,6,1,8
47,No,Travel_Frequently,872,Sales,25,1,Other,1,1662,1,Female,87,2,1,Account Manager,4,Divorced,11848,23488,5,Y,No,23,3,3,80,0,11,6,3,9,7,6,7
48,Yes,Non-Travel,1251,Research & Development,15,3,Other,1,1663,2,Male,66,4,1,Financial Analyst,4,Married,4633,6018,8,Y,Yes,11,2,3,80,0,6,6,3,2,0,1,0
38,No,Travel_Rarely,783,Sales,16,3,Human Resources,1,1664,3,Other,34,2,4,Account Manager,1,Divorced,3122,7161,0,Y,Yes,22,4,1,80,0,10,6,4,9,6,2,7
59,No,Travel_Rarely,918,Research & Development,17,4,Other,1,1665,1,Female,83,2,2,Tester,4,Married,12077,26371,1,Y,No,16,3,2,80,2,20,6,3,11,9,6,10
49,No,Travel_Rarely,1479,Sales,3,2,Technical Degree,1,1666,1,Male,66,2,4,Business Development,3,Single,7356,16924,8,Y,No,24,3,3,80,0,16,5,2,12,9,3,12
38,No,Travel_Rarely,1106,Research & Development,23,1,Marketing,1,1667,1,Male,39,4,1,Marketing Executive,2,Divorced,3494,8622,8,Y,No,25,2,1,80,2,10,3,4,4,1,0,4
28,No,Travel_Rarely,252,Research & Development,18,3,Life Sciences,1,1668,1,Female,38,3,1,Recruitment Specialist,4,Married,7525,16317,0,Y,No,23,1,2,80,3,10,5,4,6,3,5,4
51,No,Travel_Rarely,1040,Sales,13,1,Other,1,1669,3,Male,62,4,3,Sales Executive,2,Married,12599,20927,4,Y,No,20,3,3,80,0,21,3,3,14,14,2,13
54,No,Travel_Rarely,624,Sales,12,1,Life Sciences,1,1670,3,Male,53,3,2,Sales Executive,1,Single,3700,22695,5,Y,No,16,3,1,80,1,16,5,2,7,4,5,5
27,No,Travel_Rarely,1030,Research & Development,19,2,Marketing,1,1671,3,Female,99,2,4,HR Manager,2,Single,12348,8078,4,Y,No,11,4,4,80,0,5,6,4,4,4,1,4
56,No,Travel_Frequently,643,Research & Development,22,3,Technical Degree,1,1672,3,Male,86,4,3,Software Engineer,4,Married,12120,10672,9,Y,No,15,4,4,80,0,13,1,2,8,5,2,7
38,No,Travel_Frequently,505,Sales,28,2,Life Sciences,1,1673,3,Male,55,2,2,Sales Executive,1,Single,5223,9356,2,Y,Yes,14,3,4,80,1,22,4,4,13,10,3,11
58,No,Travel_Rarely,1257,Research & Development,2,3,Technical Degree,1,1674,2,Male,68,2,2,Auditor,3,Married,8632,15911,5,Y,No,16,1,4,80,0,19,5,3,14,13,1,12
29,No,Non-Travel,148,Research & Development,1,1,Human Resources,1,1675,4,Male,73,1,3,Data Analyst,2,Single,12901,22413,8,Y,No,18,3,2,80,1,13,2,4,10,9,0,9
29,Yes,Travel_Rarely,878,Research & Development,10,2,Life Sciences,1,1676,4,Female,93,2,3,Employee Relations,4,Divorced,3140,14610,9,Y,Yes,11,3,3,80,0,8,3,1,8,7,1,7
28,No,Travel_Frequently,167,Research & Development,18,3,Technical Degree,1,1677,3,Male,77,2,1,HR Executive,3,Single,12182,16268,3,Y,No,12,2,4,80,3,6,1,2,1,1,0,0
55,Yes,Travel_Rarely,267,Sales,27,2,Human Resources,1,1678,4,Male,96,2,3,Account Manager,2,Married,4736,16893,1,Y,Yes,12,3,4,80,0,16,0,2,8,5,6,8
38,No,Travel_Rarely,1029,Research & Development,12,3,Other,1,1679,1,Male,77,2,2,Financial Analyst,3,Divorced,4333,17792,2,Y,No,19,1,1,80,0,10,1,2,10,10,9,8
25,No,Travel_Rarely,203,Research & Development,13,1,Life Sciences,1,1680,4,Male,69,3,4,Recruitment Specialist,4,Single,5803,9038,6,Y,Yes,16,3,1,80,1,19,3,4,14,11,4,13
34,No,Travel_Rarely,825,Sales,4,3,Medical,1,1681,3,Male,75,2,4,Business Development,4,Married,6290,25703,0,Y,No,20,4,3,80,0,15,6,3,12,10,8,12
48,No,Travel_Rarely,1281,Research & Development,21,2,Technical Degree,1,1682,2,Female,32,3,1,Auditor,2,Married,8170,19453,6,Y,No,19,3,4,80,0,11,6,2,3,2,2,2
50,No,Travel_Frequently,200,Research & Development,1,2,Human Resources,1,1683,4,Female,43,2,4,Tester,2,Married,12264,10830,9,Y,Yes,25,4,1,80,0,13,4,2,5,4,1,5
24,No,Travel_Rarely,213,Research & Development,4,3,Other,1,1684,1,Male,33,4,4,SEO Analyst,4,Single,13630,17672,9,Y,Yes,14,4,2,80,2,20,4,2,14,14,3,14
59,No,Travel_Rarely,417,Research & Development,21,4,Medical,1,1685,2,Male,41,1,1,Accountant,3,Single,12437,15803,6,Y,No,24,3,1,80,1,10,6,4,10,8,1,9
40,No,Travel_Rarely,777,Research & Development,20,1,Technical Degree,1,1686,4,Male,52,4,2,Financial Analyst,2,Single,8977,2909,9,Y,No,24,3,3,80,0,10,0,3,8,5,2,7
45,No,Travel_Frequently,641,Sales,18,3,Life Sciences,1,1687,1,Female,32,3,2,Sales Executive,4,Married,13594,16469,9,Y,No,19,3,4,80,2,11,3,4,11,10,6,11
48,No,Travel_Frequently,1155,Research & Development,17,3,Other,1,1688,1,Female,32,3,2,Developer,1,Single,6710,16396,5,Y,No,19,4,2,80,1,10,0,4,6,5,1,6
32,No,Travel_Rarely,438,Research & Development,20,3,Technical Degree,1,1689,3,Female,71,2,3,Auditor,3,Married,8159,3699,1,Y,No,11,3,1,80,0,10,5,3,4,3,1,3
22,No,Travel_Rarely,1239,Research & Development,14,4,Human Resources,1,1690,2,Male,48,2,1,Financial Analyst,1,Married,12072,5417,0,Y,No,19,4,1,80,3,19,0,2,15,14,7,15
34,No,Non-Travel,605,Research & Development,2,2,Life Sciences,1,1691,4,Female,57,4,3,Employee Relations,1,Married,8286,10156,2,Y,Yes,15,3,4,80,0,6,3,3,4,2,0,2
42,No,Travel_Rarely,712,Sales,14,5,Life Sciences,1,1692,2,Male,67,3,1,Sales Executive,3,Married,11687,19859,8,Y,No,25,2,2,80,1,16,6,4,12,9,4,12
51,No,Travel_Rarely,976,Research & Development,10,3,Other,1,1693,1,Other,38,3,2,Marketing Executive,1,Married,12057,9197,9,Y,No,25,5,2,80,2,12,4,4,4,4,1,2
43,No,Travel_Rarely,364,Research & Development,25,2,Life Sciences,1,1694,3,Female,85,4,1,SEO Specialist,1,Single,13203,20299,4,Y,No,20,2,3,80,0,8,4,3,6,3,4,6
40,No,Travel_Frequently,1032,Research & Development,20,4,Marketing,1,1695,1,Female,46,2,3,Engineer,1,Divorced,8039,12483,4,Y,Yes,20,4,1,80,0,16,4,3,7,7,3,5
58,No,Travel_Rarely,372,Research & Development,3,3,Human Resources,1,1696,4,Female,36,2,2,HR Executive,4,Married,2937,16095,9,Y,No,21,3,2,80,1,18,4,4,13,11,0,11
24,No,Travel_Rarely,597,Research & Development,15,3,Medical,1,1697,2,Female,83,3,5,Data Analyst,1,Divorced,9537,24847,9,Y,No,17,3,4,80,1,6,4,4,5,4,1,5
35,No,Travel_Rarely,598,Research & Development,7,3,Life Sciences,1,1698,4,Female,57,3,4,Content Strategist,1,Married,13580,10823,3,Y,Yes,15,3,1,80,3,13,0,4,10,9,3,8
44,No,Travel_Rarely,1106,Research & Development,27,3,Human Resources,1,1699,4,Male,95,3,1,Software Engineer,3,Married,8858,10967,3,Y,No,12,4,4,80,0,20,6,3,14,13,5,14
45,No,Travel_Rarely,468,Research & Development,15,2,Marketing,1,1700,1,Male,57,4,2,Data Analyst,3,Married,5282,24367,6,Y,Yes,15,4,1,80,1,16,5,4,8,5,3,7
21,No,Non-Travel,476,Research & Development,19,3,Marketing,1,1701,4,Female,54,2,1,HR Manager,1,Single,3770,11634,9,Y,Yes,11,4,1,80,2,10,2,3,7,5,3,7
27,No,Travel_Rarely,1183,Research & Development,26,2,Other,1,1702,4,Male,78,3,3,HR Executive,1,Single,5381,6071,1,Y,Yes,11,3,3,80,1,17,3,4,8,8,5,8
51,No,Travel_Rarely,871,Research & Development,12,4,Life Sciences,1,1703,4,Male,77,3,2,Employee Relations,1,Single,14512,12263,6,Y,Yes,12,1,4,80,1,17,5,2,15,15,9,14
32,No,Travel_Rarely,524,Research & Development,24,5,Human Resources,1,1704,3,Female,76,3,1,Employee Relations,4,Divorced,15339,25582,3,Y,Yes,14,3,4,80,2,10,5,2,4,3,3,2
25,No,Travel_Rarely,1260,Research & Development,21,3,Marketing,1,1705,4,Male,91,2,3,Recruitment Specialist,1,Divorced,15093,2620,5,Y,No,20,3,4,80,1,9,2,2,8,8,1,8
58,No,Travel_Rarely,878,Sales,4,3,Life Sciences,1,1706,2,Female,62,3,1,Sales Executive,3,Divorced,14198,11377,0,Y,Yes,22,4,1,80,2,16,0,3,13,11,1,13
32,No,Travel_Rarely,1358,Research & Development,1,1,Other,1,1707,1,Female,71,1,1,Marketing Executive,3,Divorced,5305,8532,6,Y,No,19,4,3,80,0,10,6,2,6,3,0,4
59,No,Travel_Rarely,1378,Research & Development,5,1,Technical Degree,1,1708,3,Male,56,3,4,Support Engineer,1,Divorced,13326,17757,2,Y,No,16,3,4,80,1,5,3,1,3,0,1,2
38,No,Travel_Rarely,587,Sales,9,4,Technical Degree,1,1709,2,Female,37,2,1,Business Development,1,Married,3769,9523,8,Y,No,21,3,4,80,0,17,0,4,13,10,7,11
22,No,Travel_Rarely,1472,Research & Development,8,2,Technical Degree,1,1710,3,Female,91,4,2,SEO Specialist,3,Single,5880,14368,4,Y,No,19,4,4,80,2,9,5,3,8,5,7,7
30,No,Travel_Rarely,837,Sales,14,3,Medical,1,1711,4,Female,67,3,3,Business Development,1,Married,11860,23907,5,Y,Yes,15,4,1,80,2,20,3,3,13,11,4,11
35,No,Non-Travel,1491,Research & Development,14,4,Human Resources,1,1712,1,Male,33,3,4,HR Manager,1,Married,12099,18192,9,Y,No,19,3,3,80,1,11,5,3,7,5,2,5
50,No,Travel_Frequently,1221,Sales,4,4,Other,1,1713,2,Female,83,4,2,Sales Executive,4,Married,4279,4703,5,Y,Yes,11,4,3,80,0,17,1,4,10,7,5,9
37,No,Travel_Frequently,1400,Research & Development,25,3,Technical Degree,1,1714,3,Male,77,3,1,Data Analyst,1,Married,13393,2874,6,Y,Yes,23,3,1,80,0,7,0,3,5,2,0,4
24,No,Travel_Frequently,124,Research & Development,7,3,Marketing,1,1715,2,Male,98,3,4,Content Strategist,4,Single,14701,6694,2,Y,Yes,25,1,4,80,0,12,0,3,11,9,7,9
27,No,Travel_Rarely,568,Research & Development,2,3,Medical,1,1716,1,Female,45,1,3,Developer,2,Single,7575,9306,0,Y,Yes,11,2,3,80,1,12,1,3,4,3,2,2
51,No,Travel_Rarely,524,Research & Development,11,5,Technical Degree,1,1717,1,Female,90,3,2,Recruitment Specialist,4,Married,15008,7744,0,Y,No,16,2,3,80,0,5,5,4,1,0,0,0
59,No,Non-Travel,1052,Research & Development,7,3,Life Sciences,1,1718,4,Female,47,2,1,Data Analyst,1,Single,13095,15379,6,Y,Yes,12,2,3,80,1,17,6,3,10,10,7,10
54,No,Travel_Rarely,677,Research & Development,20,3,Marketing,1,1719,3,Female,74,3,1,Marketing Executive,1,Married,4259,20799,9,Y,No,17,1,1,80,2,12,4,4,3,1,1,1
26,No,Travel_Frequently,1388,Research & Development,29,1,Medical,1,1720,2,Female,47,4,1,Cybersecurity Specialist,3,Married,3154,10918,1,Y,No,19,4,4,80,1,6,1,3,2,2,0,0
58,No,Travel_Rarely,1358,Research & Development,21,1,Medical,1,1721,1,Female,37,2,3,Developer,1,Married,9929,21900,6,Y,Yes,25,3,2,80,1,13,1,4,8,6,6,8
54,No,Travel_Rarely,747,Sales,17,3,Marketing,1,1722,4,Female,58,4,1,Sales Executive,1,Single,3264,25326,7,Y,No,17,3,2,80,3,15,2,2,14,14,4,13
35,No,Travel_Rarely,225,Research & Development,27,4,Technical Degree,1,1723,3,Female,50,3,1,SEO Specialist,1,Married,11288,25258,0,Y,Yes,24,3,1,80,0,8,2,2,8,8,3,6
34,No,Travel_Rarely,707,Research & Development,15,4,Other,1,1724,4,Male,83,3,1,Financial Analyst,4,Divorced,14408,10412,4,Y,No,23,3,4,80,1,13,4,1,12,10,1,11
26,No,Travel_Rarely,938,Research & Development,4,5,Other,1,1725,4,Female,76,3,2,HR Executive,4,Divorced,13185,3228,9,Y,No,19,2,4,80,0,6,2,4,5,2,2,5
57,No,Travel_Rarely,649,Research & Development,2,3,Life Sciences,1,1726,4,Male,95,3,1,Data Analyst,2,Divorced,12788,19900,1,Y,No,23,3,3,80,1,22,4,3,14,11,4,13
52,No,Travel_Frequently,1271,Research & Development,9,4,Life Sciences,1,1727,4,Female,97,4,4,Auditor,4,Divorced,12157,2482,2,Y,No,25,4,4,80,1,11,5,4,5,5,2,4
23,No,Travel_Rarely,658,Research & Development,28,4,Other,1,1728,4,Male,77,4,1,HR Manager,3,Married,9077,4620,4,Y,Yes,14,3,1,80,2,19,1,4,15,15,8,15
23,No,Travel_Rarely,178,Research & Development,12,3,Other,1,1729,4,Male,52,3,4,HR Executive,4,Married,12764,20824,9,Y,No,23,3,4,80,1,19,5,2,11,11,8,9
42,No,Travel_Rarely,639,Sales,24,2,Life Sciences,1,1730,4,Female,46,3,5,Sales Executive,1,Married,6305,25345,4,Y,No,17,3,2,80,0,11,2,2,4,2,1,3
42,Yes,Travel_Rarely,578,Research & Development,19,3,Medical,1,1731,4,Male,90,2,3,Engineer,4,Single,3467,14945,1,Y,Yes,21,3,2,80,0,10,5,2,1,0,0,0
30,No,Non-Travel,377,Research & Development,23,4,Technical Degree,1,1732,4,Male,81,2,1,HR Manager,1,Married,10270,17868,3,Y,Yes,20,3,3,80,1,7,4,1,1,1,0,1
23,No,Travel_Rarely,212,Sales,23,2,Other,1,1733,3,Male,71,3,1,Account Manager,3,Single,9967,10206,6,Y,No,11,3,4,80,2,17,5,3,13,10,4,13
32,No,Non-Travel,891,Research & Development,29,4,Other,1,1734,3,Male,80,2,1,Cybersecurity Specialist,2,Single,6825,24807,5,Y,No,25,3,1,80,0,13,4,4,6,6,1,4
49,No,Non-Travel,1349,Research & Development,22,2,Marketing,1,1735,4,Female,30,3,2,HR Manager,2,Married,5670,15044,2,Y,Yes,20,2,2,80,0,24,6,3,15,15,6,15
37,No,Non-Travel,1196,Research & Development,19,3,Human Resources,1,1736,2,Male,50,3,1,Developer,2,Single,14278,13974,3,Y,No,16,4,1,80,2,8,2,2,4,2,3,2
27,No,Travel_Rarely,160,Sales,25,3,Life Sciences,1,1737,1,Male,86,3,1,Account Manager,2,Married,8988,19018,6,Y,No,19,3,2,80,3,8,3,3,4,1,2,3
33,No,Travel_Rarely,613,Research & Development,25,3,Marketing,1,1738,1,Female,65,3,1,Software Engineer,1,Divorced,9340,24991,0,Y,No,16,3,2,80,1,7,2,3,3,2,2,3
22,No,Travel_Rarely,1488,Research & Development,22,3,Other,1,1739,2,Male,31,3,1,Auditor,1,Single,7812,12719,7,Y,No,24,3,2,80,0,15,6,4,14,11,6,12
24,No,Travel_Frequently,1212,Research & Development,3,4,Other,1,1740,1,Male,52,2,1,Tester,4,Married,14803,3302,7,Y,No,22,3,1,80,0,17,6,4,9,7,7,9
30,No,Travel_Frequently,538,Research & Development,20,3,Marketing,1,1741,3,Female,89,3,1,Cybersecurity Specialist,1,Married,10080,24006,2,Y,Yes,17,3,1,80,2,12,4,3,3,0,0,3
59,Yes,Travel_Rarely,1127,Research & Development,5,2,Other,1,1742,4,Male,88,2,1,Data Analyst,2,Divorced,4955,20067,5,Y,Yes,20,2,4,80,1,13,3,3,8,6,6,6
44,No,Travel_Rarely,843,Sales,9,3,Life Sciences,1,1743,3,Female,95,3,3,Account Manager,1,Married,12793,2556,1,Y,No,25,3,3,80,0,3,2,4,2,0,0,0
37,No,Travel_Rarely,157,Research & Development,19,2,Human Resources,1,1744,2,Male,72,3,1,Employee Relations,3,Married,4638,6214,7,Y,Yes,11,3,4,80,0,4,1,3,4,2,0,2
26,No,Travel_Rarely,738,Research & Development,9,2,Medical,1,1745,3,Female,88,2,3,Software Engineer,3,Married,4435,18675,7,Y,No,14,2,1,80,2,4,5,4,1,0,0,0
39,No,Travel_Rarely,254,Research & Development,21,3,Medical,1,1746,1,Male,65,2,2,Developer,3,Divorced,7976,17917,2,Y,Yes,21,2,4,80,0,14,0,3,11,9,3,11
25,No,Travel_Frequently,209,Research & Development,22,4,Technical Degree,1,1747,1,Male,89,2,3,Marketing Executive,2,Single,14454,3928,5,Y,Yes,17,3,1,80,1,9,2,4,5,2,3,3
52,No,Travel_Rarely,458,Sales,18,3,Other,1,1748,2,Male,33,4,2,Business Development,4,Married,3488,16605,0,Y,Yes,16,2,2,80,3,5,6,3,2,0,0,0
30,No,Travel_Frequently,863,Research & Development,16,3,Medical,1,1749,4,Other,50,3,4,Auditor,1,Single,6259,19834,3,Y,No,19,2,3,80,3,11,6,1,11,8,2,9
29,No,Travel_Rarely,1441,Sales,2,3,Marketing,1,1750,3,Female,33,3,1,Business Development,4,Divorced,10565,18083,8,Y,No,14,3,3,80,2,14,2,4,13,11,7,12
47,No,Travel_Rarely,1316,Sales,28,2,Medical,1,1751,1,Female,33,4,3,Sales Executive,1,Married,9595,6540,6,Y,Yes,24,4,1,80,0,6,0,3,1,0,0,1
33,No,Travel_Rarely,954,Research & Development,12,5,Technical Degree,1,1752,1,Male,62,2,1,Developer,2,Married,8631,19301,3,Y,Yes,21,4,4,80,0,10,3,4,1,0,0,0
39,No,Travel_Frequently,532,Sales,18,3,Marketing,1,1753,4,Female,43,4,4,Sales Executive,3,Married,7080,4692,2,Y,Yes,21,4,1,80,0,10,0,4,2,0,0,0
41,No,Travel_Rarely,628,Research & Development,23,4,Marketing,1,1754,1,Male,38,3,1,Engineer,2,Married,3782,10803,9,Y,Yes,13,3,1,80,0,12,6,3,5,2,4,5
44,No,Travel_Rarely,498,Research & Development,29,2,Human Resources,1,1755,3,Male,93,4,2,HR Manager,3,Married,9352,15114,7,Y,No,11,3,1,80,0,18,3,2,12,9,4,10
58,No,Travel_Rarely,766,Research & Development,27,2,Other,1,1756,1,Male,91,2,2,Helpdesk,4,Married,15108,12015,7,Y,No,22,3,1,80,0,21,4,4,15,13,1,14
24,No,Travel_Rarely,216,Research & Development,11,4,Life Sciences,1,1757,3,Female,36,2,2,Employee Relations,4,Married,15230,7084,5,Y,Yes,18,3,3,80,1,15,6,1,15,14,5,15
44,No,Travel_Rarely,328,Research & Development,22,3,Life Sciences,1,1758,1,Male,34,2,2,SEO Specialist,2,Single,8933,3227,6,Y,Yes,11,2,3,80,1,13,6,2,9,6,5,7
55,No,Travel_Rarely,1023,Research & Development,23,2,Life Sciences,1,1759,3,Male,42,3,2,Employee Relations,2,Divorced,6501,19954,1,Y,Yes,15,3,4,80,0,9,3,3,6,5,0,6
23,No,Travel_Rarely,1098,Research & Development,29,2,Technical Degree,1,1760,1,Male,31,2,4,Tester,1,Married,12826,24787,2,Y,No,24,3,3,80,0,16,1,2,12,11,4,11
24,No,Travel_Rarely,390,Sales,3,4,Medical,1,1761,3,Male,41,3,1,Business Development,4,Married,15361,5280,3,Y,No,12,3,2,80,1,9,0,3,4,2,1,4
57,No,Travel_Rarely,1310,Research & Development,20,3,Life Sciences,1,1762,2,Female,36,2,1,Accountant,3,Divorced,12681,4516,5,Y,Yes,22,3,2,80,0,20,1,3,15,12,9,14
55,No,Travel_Rarely,558,Sales,27,3,Medical,1,1763,2,Male,63,2,3,Sales Executive,4,Married,10146,2337,1,Y,Yes,24,2,1,80,0,12,1,4,3,2,0,2
51,No,Travel_Rarely,1284,Research & Development,22,2,Life Sciences,1,1764,2,Female,50,2,1,Financial Analyst,1,Divorced,14834,15414,2,Y,Yes,16,4,2,80,0,12,0,1,8,5,1,7
45,No,Travel_Rarely,154,Research & Development,3,3,Human Resources,1,1765,1,Male,89,3,4,Employee Relations,2,Married,8444,26648,7,Y,Yes,18,3,3,80,1,5,3,3,3,1,0,3
33,No,Travel_Rarely,1142,Research & Development,15,5,Medical,1,1766,4,Male,39,4,2,Helpdesk,3,Married,8943,7197,2,Y,No,14,3,1,80,1,3,1,2,1,0,0,1
24,No,Travel_Rarely,853,Sales,12,2,Technical Degree,1,1767,4,Female,67,4,1,Account Manager,1,Single,11443,17541,9,Y,No,11,4,2,80,1,11,1,3,4,4,3,4
34,No,Travel_Rarely,109,Research & Development,1,3,Other,1,1768,3,Other,87,2,1,Employee Relations,2,Married,6692,16779,7,Y,Yes,23,2,4,80,0,18,5,4,11,9,7,11
33,No,Travel_Frequently,1445,Sales,22,4,Other,1,1769,4,Male,85,2,3,Sales Executive,3,Single,5169,15399,6,Y,Yes,22,4,3,80,1,20,6,4,13,13,0,11
47,No,Travel_Rarely,539,Sales,26,2,Technical Degree,1,1770,1,Other,73,3,4,Account Manager,1,Married,15285,11378,8,Y,No,17,3,1,80,0,11,3,4,5,5,2,3
26,No,Travel_Rarely,1130,Sales,11,3,Medical,1,1771,3,Female,93,3,1,Account Manager,2,Single,8059,4319,5,Y,No,15,3,1,80,1,9,1,2,5,4,2,3
37,No,Travel_Frequently,189,Research & Development,26,3,Other,1,1772,3,Male,49,2,1,SEO Specialist,4,Married,10860,9402,4,Y,No,12,4,3,80,1,10,2,4,5,2,3,5
56,Yes,Travel_Frequently,267,Research & Development,2,3,Technical Degree,1,1773,1,Male,79,4,5,Accountant,2,Married,10096,5330,1,Y,Yes,22,3,3,80,1,13,0,2,8,8,6,7
55,No,Travel_Frequently,502,Research & Development,29,3,Marketing,1,1774,3,Male,83,2,3,Cybersecurity Specialist,2,Divorced,5280,25613,0,Y,No,16,1,4,80,0,16,3,4,8,8,2,7
37,No,Travel_Rarely,297,Research & Development,23,3,Technical Degree,1,1775,4,Male,75,3,1,Financial Analyst,1,Married,4015,4176,3,Y,No,16,1,2,80,0,16,2,3,12,9,7,10
22,Yes,Travel_Rarely,1092,Sales,29,3,Human Resources,1,1776,2,Male,69,2,2,Business Development,1,Married,3520,26893,6,Y,Yes,15,3,3,80,0,19,6,4,13,13,4,11
33,No,Travel_Rarely,986,Research & Development,21,3,Human Resources,1,1777,4,Male,53,3,4,Software Engineer,1,Single,3280,16080,2,Y,No,23,4,3,80,1,12,2,3,4,1,3,4
22,No,Travel_Frequently,1479,Research & Development,14,3,Medical,1,1778,1,Female,87,2,2,Content Lead,2,Single,14510,3184,4,Y,No,23,3,4,80,1,23,5,2,15,13,9,15
48,No,Travel_Rarely,239,Research & Development,1,1,Technical Degree,1,1779,2,Male,60,4,2,Software Engineer,2,Married,5300,4729,7,Y,No,23,3,3,80,0,9,3,3,9,8,4,7
46,No,Travel_Frequently,831,Research & Development,25,3,Medical,1,1780,2,Male,79,3,1,HR Executive,4,Single,7051,17503,1,Y,Yes,16,4,1,80,1,7,4,4,1,0,0,1
42,No,Travel_Rarely,801,Sales,18,5,Life Sciences,1,1781,4,Male,39,4,3,Sales Executive,1,Divorced,11559,10612,8,Y,Yes,19,2,4,80,2,13,1,4,5,4,3,3
23,No,Travel_Rarely,428,Research & Development,18,3,Marketing,1,1782,2,Female,43,2,1,Software Engineer,4,Married,5671,8707,4,Y,Yes,25,4,3,80,0,8,5,3,5,3,0,3
55,No,Travel_Rarely,1419,Research & Development,15,3,Medical,1,1783,4,Female,48,3,2,Tester,3,Single,12640,9409,4,Y,Yes,22,3,3,80,0,7,6,4,5,2,2,5
32,No,Travel_Rarely,1429,Research & Development,26,3,Medical,1,1784,4,Female,59,3,2,Tester,4,Divorced,3537,6130,2,Y,Yes,25,2,1,80,2,8,1,3,8,7,2,8
44,No,Non-Travel,163,Research & Development,26,4,Medical,1,1785,4,Male,86,4,2,Cybersecurity Specialist,1,Divorced,14083,12311,1,Y,Yes,19,2,1,80,1,15,6,4,9,6,4,7
25,No,Travel_Rarely,758,Research & Development,4,4,Other,1,1786,1,Female,45,3,1,Marketing Executive,3,Married,7106,6782,8,Y,Yes,17,5,4,80,0,10,4,3,3,1,0,1
40,No,Non-Travel,311,Research & Development,2,2,Medical,1,1787,2,Female,51,3,3,HR Executive,2,Married,3359,4177,3,Y,Yes,23,3,1,80,1,17,4,3,9,8,1,8
59,No,Travel_Frequently,1216,Research & Development,15,3,Other,1,1788,1,Male,83,3,2,Auditor,2,Married,5568,8571,4,Y,No,13,3,1,80,2,15,6,4,13,12,0,11
59,No,Travel_Rarely,940,Research & Development,13,3,Human Resources,1,1789,1,Female,99,4,2,Tester,3,Single,9803,13700,2,Y,Yes,22,3,1,80,0,13,4,3,11,10,7,11
33,No,Travel_Rarely,413,Research & Development,10,3,Marketing,1,1790,4,Male,72,2,1,Tester,1,Married,4204,5657,5,Y,No,19,3,3,80,1,8,1,4,8,8,7,8
32,No,Travel_Frequently,1185,Research & Development,15,2,Life Sciences,1,1791,2,Male,48,1,1,HR Executive,4,Married,6442,9817,4,Y,Yes,23,3,3,80,0,7,5,2,3,3,1,3
33,No,Travel_Rarely,1482,Research & Development,6,4,Marketing,1,1792,3,Other,34,3,2,Data Analyst,2,Single,14171,2331,2,Y,No,23,3,2,80,0,9,6,4,2,0,1,1
30,No,Travel_Rarely,558,Research & Development,29,1,Medical,1,1793,3,Female,49,2,3,Content Lead,3,Single,13214,26761,9,Y,No,22,3,3,80,1,21,0,4,15,15,7,14
53,No,Travel_Frequently,153,Research & Development,21,3,Human Resources,1,1794,4,Female,44,3,2,Financial Analyst,4,Married,11035,11111,0,Y,No,20,2,4,80,1,10,5,4,4,1,0,4
36,No,Travel_Rarely,397,Research & Development,10,3,Life Sciences,1,1795,4,Female,67,2,4,Financial Analyst,4,Single,5931,22463,9,Y,No,17,3,1,80,2,18,1,2,15,12,1,13
55,No,Travel_Rarely,798,Research & Development,26,2,Other,1,1796,1,Male,30,1,3,Data Analyst,2,Single,13918,10469,2,Y,No,25,2,3,80,2,13,0,2,13,11,6,11
23,No,Travel_Rarely,1387,Research & Development,3,4,Medical,1,1797,2,Female,34,3,2,Support Engineer,1,Married,13841,7672,2,Y,Yes,14,4,3,80,0,18,1,2,12,10,6,10
25,No,Travel_Frequently,1009,Research & Development,13,4,Other,1,1798,4,Female,83,1,1,Employee Relations,1,Single,3010,15828,4,Y,No,11,1,2,80,1,4,0,3,2,0,0,0
46,No,Travel_Rarely,810,Research & Development,18,3,Medical,1,1799,1,Male,90,2,1,Support Engineer,3,Single,9543,6739,8,Y,Yes,20,4,4,80,2,8,5,2,4,1,1,4
31,No,Travel_Rarely,434,Research & Development,6,3,Technical Degree,1,1800,3,Female,46,2,1,Support Engineer,3,Single,6994,23201,3,Y,No,22,3,4,80,0,13,0,4,5,5,0,4
27,No,Travel_Rarely,457,Research & Development,14,2,Marketing,1,1801,1,Male,56,2,2,Recruitment Specialist,1,Married,9724,12349,1,Y,No,16,4,1,80,0,4,2,3,2,2,0,0
30,No,Travel_Frequently,527,Research & Development,18,3,Marketing,1,1802,1,Male,99,4,3,Developer,3,Divorced,12520,4069,0,Y,Yes,22,2,4,80,0,13,1,4,12,9,3,12
54,No,Non-Travel,398,Research & Development,11,2,Marketing,1,1803,4,Female,54,3,3,Recruitment Specialist,1,Divorced,3734,5643,6,Y,Yes,22,5,3,80,0,17,5,4,8,7,1,8
23,No,Travel_Rarely,347,Sales,20,3,Technical Degree,1,1804,4,Male,74,4,1,Account Manager,2,Married,10845,18869,8,Y,No,16,2,4,80,1,8,0,3,1,0,0,0
28,No,Travel_Frequently,770,Research & Development,15,4,Human Resources,1,1805,3,Male,31,3,2,Support Engineer,4,Divorced,4727,14271,5,Y,Yes,16,4,2,80,1,4,2,2,3,2,1,1
51,No,Travel_Rarely,999,Research & Development,21,2,Human Resources,1,1806,2,Female,51,4,2,Accountant,3,Single,8961,18755,8,Y,Yes,21,3,4,80,0,12,1,4,7,4,0,5
31,No,Travel_Frequently,432,Research & Development,13,4,Human Resources,1,1807,3,Female,83,3,2,SEO Analyst,2,Married,6245,4182,3,Y,No,24,3,3,80,0,15,0,3,10,7,2,9
27,No,Travel_Frequently,906,Research & Development,16,1,Other,1,1808,2,Male,46,1,1,Recruitment Specialist,1,Married,9881,14567,5,Y,Yes,25,3,3,80,0,2,2,4,1,0,0,0
22,No,Travel_Rarely,193,Research & Development,27,4,Life Sciences,1,1809,2,Female,90,2,2,Developer,3,Single,4629,7255,1,Y,Yes,14,4,4,80,1,17,4,4,13,10,9,11
26,No,Travel_Rarely,1306,Research & Development,24,2,Technical Degree,1,1810,4,Male,95,3,2,Support Engineer,2,Single,4735,26843,9,Y,No,19,2,3,80,0,11,0,3,11,10,6,11
52,No,Non-Travel,118,Sales,12,3,Technical Degree,1,1811,3,Male,55,2,2,Account Manager,3,Divorced,3666,14681,4,Y,No,15,3,2,80,1,21,2,2,15,14,5,14
40,Yes,Travel_Rarely,1319,Research & Development,1,2,Human Resources,1,1812,1,Female,85,2,2,Financial Analyst,2,Married,5923,6490,6,Y,Yes,11,3,4,80,0,3,0,2,2,0,1,2
54,No,Travel_Rarely,164,Sales,23,4,Human Resources,1,1813,1,Other,62,2,4,Business Development,1,Single,15156,16227,5,Y,Yes,14,5,4,80,1,11,5,3,3,1,2,3
36,No,Travel_Rarely,907,Research & Development,14,3,Human Resources,1,1814,3,Female,30,3,1,Recruitment Specialist,4,Married,14769,5301,0,Y,No,20,3,4,80,1,14,1,3,14,14,7,14
45,No,Travel_Rarely,451,Research & Development,22,2,Technical Degree,1,1815,2,Female,69,3,4,Support Engineer,2,Married,6450,21990,2,Y,No,21,2,3,80,3,17,2,4,14,12,2,12
32,No,Non-Travel,1327,Research & Development,3,3,Human Resources,1,1816,3,Male,72,4,3,Auditor,1,Divorced,12940,2277,4,Y,No,13,3,3,80,2,7,1,4,2,0,0,0
27,No,Travel_Rarely,175,Research & Development,10,3,Marketing,1,1817,4,Female,73,1,2,HR Manager,3,Married,4028,26236,8,Y,Yes,24,2,4,80,3,4,2,4,2,0,1,0
59,No,Travel_Rarely,823,Sales,26,3,Human Resources,1,1818,1,Male,91,2,2,Sales Executive,4,Married,9274,4069,0,Y,No,21,3,2,80,1,17,0,2,12,10,7,10
37,No,Travel_Rarely,1070,Research & Development,10,4,Marketing,1,1819,1,Male,65,3,4,Data Analyst,4,Divorced,15413,25590,9,Y,Yes,18,3,1,80,1,14,6,2,11,11,6,9
31,No,Travel_Frequently,856,Sales,1,3,Medical,1,1820,2,Female,85,2,2,Business Development,3,Married,13835,3832,8,Y,Yes,16,4,1,80,2,7,1,1,6,6,1,6
26,No,Travel_Frequently,1496,Sales,18,2,Medical,1,1821,4,Female,68,3,3,Account Manager,4,Divorced,12030,20487,0,Y,No,20,4,3,80,0,16,5,3,7,6,4,6
43,No,Travel_Rarely,212,Research & Development,17,1,Technical Degree,1,1822,3,Female,42,3,3,Developer,3,Married,8408,8978,1,Y,Yes,20,1,2,80,3,10,6,4,6,3,3,5
47,No,Non-Travel,641,Research & Development,19,3,Life Sciences,1,1823,4,Male,68,3,4,Engineer,3,Married,14127,19531,3,Y,No,17,3,3,80,0,20,3,2,11,10,5,10
26,No,Travel_Rarely,611,Research & Development,1,3,Other,1,1824,1,Female,41,3,1,Engineer,1,Married,12707,14322,5,Y,No,20,3,4,80,1,13,5,2,6,5,0,4
58,No,Travel_Frequently,1359,Sales,26,3,Medical,1,1825,4,Female,50,2,5,Business Development,3,Married,10128,19041,0,Y,No,12,3,3,80,2,16,6,4,15,15,5,15
22,No,Travel_Rarely,704,Research & Development,5,2,Technical Degree,1,1826,3,Male,47,2,5,Marketing Executive,1,Married,14285,4444,6,Y,Yes,11,1,2,80,0,14,3,2,9,9,7,8
42,No,Travel_Rarely,1292,Sales,26,3,Technical Degree,1,1827,3,Female,42,2,1,Sales Executive,2,Divorced,13368,10213,8,Y,No,23,3,1,80,3,15,5,3,8,6,0,7
40,Yes,Travel_Rarely,697,Sales,6,5,Marketing,1,1828,3,Female,48,3,2,Business Development,2,Single,6246,24536,8,Y,Yes,12,5,2,80,3,19,3,3,14,12,5,13
45,No,Travel_Rarely,208,Research & Development,1,2,Marketing,1,1829,2,Other,64,2,1,Content Strategist,3,Single,14485,13845,8,Y,Yes,16,3,2,80,1,12,3,2,8,5,5,6
35,No,Travel_Rarely,404,Research & Development,17,3,Human Resources,1,1830,1,Female,75,2,1,Software Engineer,1,Married,10827,23896,1,Y,No,23,3,3,80,0,8,2,4,6,6,5,4
49,No,Travel_Rarely,256,Research & Development,12,4,Other,1,1831,2,Female,86,2,2,Accountant,2,Married,9161,11233,1,Y,No,22,3,2,80,1,12,5,1,5,3,1,4
28,No,Travel_Rarely,1080,Research & Development,4,3,Medical,1,1832,1,Female,63,1,3,Employee Relations,1,Single,4057,17603,0,Y,No,15,4,2,80,0,18,1,4,9,9,2,7
57,No,Travel_Frequently,1410,Research & Development,4,2,Marketing,1,1833,1,Male,91,2,2,Financial Analyst,2,Divorced,8210,14524,9,Y,Yes,18,1,3,80,3,13,2,3,12,11,5,10
53,No,Non-Travel,382,Sales,24,3,Life Sciences,1,1834,3,Female,85,2,3,Business Development,3,Single,11234,6799,1,Y,No,14,3,2,80,1,11,1,3,2,1,1,1
42,No,Travel_Rarely,1414,Research & Development,10,4,Other,1,1835,3,Female,30,3,3,HR Executive,2,Single,4815,5808,2,Y,No,13,4,2,80,1,15,5,3,7,6,3,5
25,No,Travel_Rarely,1131,Research & Development,23,1,Technical Degree,1,1836,1,Female,86,2,1,HR Manager,3,Single,15070,15605,1,Y,No,14,2,2,80,1,13,3,4,6,3,5,6
59,No,Travel_Rarely,1163,Research & Development,23,3,Other,1,1837,3,Other,57,4,3,Data Analyst,3,Divorced,12551,21506,4,Y,Yes,25,3,1,80,0,12,4,3,7,6,4,7
38,No,Travel_Frequently,233,Research & Development,25,2,Human Resources,1,1838,3,Female,33,3,2,HR Executive,2,Married,11657,26377,3,Y,Yes,19,2,2,80,1,20,0,3,12,9,5,11
58,No,Travel_Rarely,754,Research & Development,8,3,Marketing,1,1839,3,Female,69,3,1,HR Executive,3,Single,8007,22245,6,Y,Yes,22,4,2,80,1,9,3,2,4,4,2,2
57,No,Travel_Frequently,888,Research & Development,12,3,Marketing,1,1840,4,Male,82,2,1,SEO Analyst,1,Married,11435,16007,6,Y,Yes,18,3,4,80,0,16,3,1,9,6,5,8
50,No,Travel_Rarely,1032,Research & Development,29,3,Marketing,1,1841,2,Female,68,3,2,Content Lead,1,Married,8192,13253,6,Y,No,21,5,2,80,2,11,4,4,7,4,0,5
51,No,Travel_Rarely,809,Sales,27,1,Other,1,1842,4,Male,64,3,4,Business Development,1,Divorced,4233,19003,4,Y,No,25,4,4,80,0,8,2,4,2,2,0,2
30,No,Travel_Rarely,409,Sales,27,3,Medical,1,1843,4,Male,39,2,1,Sales Executive,4,Divorced,3358,9196,9,Y,No,18,3,3,80,1,14,2,4,13,11,5,11
35,No,Travel_Rarely,1353,Sales,28,3,Other,1,1844,2,Female,80,2,1,Sales Executive,2,Single,6088,25222,3,Y,No,21,3,3,80,0,4,1,3,4,4,1,4
38,No,Travel_Rarely,1214,Sales,12,3,Marketing,1,1845,4,Male,93,4,3,Account Manager,2,Married,13915,26184,7,Y,No,16,4,4,80,0,12,5,3,5,5,1,3
43,No,Travel_Rarely,186,Research & Development,28,3,Other,1,1846,1,Female,88,4,5,HR Manager,4,Married,14912,12627,3,Y,No,23,2,3,80,1,6,0,3,2,2,1,2
53,No,Travel_Rarely,1398,Research & Development,3,3,Technical Degree,1,1847,3,Female,55,3,2,Helpdesk,2,Married,4103,23449,4,Y,No,25,3,3,80,0,18,1,3,10,10,3,9
36,No,Travel_Rarely,645,Research & Development,16,4,Marketing,1,1848,4,Male,32,4,2,Financial Analyst,1,Married,5192,14319,7,Y,No,15,1,1,80,0,14,3,3,8,7,0,6
58,No,Travel_Rarely,669,Research & Development,4,3,Other,1,1849,4,Female,46,3,1,Data Analyst,4,Married,6425,8367,2,Y,Yes,24,3,4,80,2,4,2,1,1,0,0,0
55,No,Travel_Frequently,810,Research & Development,24,3,Life Sciences,1,1850,3,Female,94,1,1,Financial Analyst,4,Married,10314,25821,6,Y,Yes,21,4,3,80,1,19,3,1,15,14,0,13
54,No,Travel_Rarely,342,Sales,5,4,Marketing,1,1851,3,Female,30,3,1,Business Development,1,Married,13435,6881,0,Y,No,18,4,4,80,0,5,3,4,3,2,0,2
48,No,Travel_Frequently,496,Research & Development,29,2,Human Resources,1,1852,2,Male,86,3,1,SEO Analyst,2,Single,10555,2709,1,Y,No,22,3,3,80,3,19,6,3,15,13,6,15
22,Yes,Travel_Rarely,1383,Research & Development,15,1,Human Resources,1,1853,1,Male,40,3,2,Marketing Executive,3,Married,3794,10145,1,Y,Yes,24,3,4,80,3,23,5,2,14,13,0,13
50,No,Travel_Frequently,277,Research & Development,21,3,Life Sciences,1,1854,3,Female,96,4,5,Financial Analyst,3,Divorced,6505,18665,4,Y,No,14,4,2,80,0,4,5,2,1,0,0,1
33,No,Travel_Rarely,632,Research & Development,24,3,Human Resources,1,1855,4,Female,84,2,3,Developer,2,Single,4349,9282,1,Y,Yes,20,4,4,80,3,17,2,3,15,14,5,14
36,No,Travel_Rarely,144,Sales,8,4,Medical,1,1856,2,Other,70,1,2,Sales Executive,3,Married,13619,4322,3,Y,No,25,3,4,80,1,12,5,3,5,5,1,4
25,No,Travel_Rarely,653,Research & Development,29,5,Technical Degree,1,1857,2,Male,88,3,2,Engineer,4,Married,10088,6933,0,Y,Yes,16,2,4,80,3,11,6,4,8,5,5,8
48,Yes,Travel_Rarely,1300,Research & Development,22,3,Technical Degree,1,1858,3,Male,59,3,2,HR Executive,3,Married,3830,6225,5,Y,Yes,19,3,2,80,3,16,3,2,7,7,5,7
59,No,Travel_Rarely,482,Sales,25,3,Medical,1,1859,4,Male,54,3,2,Sales Executive,2,Divorced,8380,21667,9,Y,Yes,22,3,4,80,1,12,3,4,9,8,2,7
40,No,Travel_Frequently,807,Research & Development,20,3,Human Resources,1,1860,3,Female,93,1,1,Developer,2,Married,3638,3229,0,Y,No,24,3,3,80,0,9,0,4,2,0,0,0
44,No,Non-Travel,906,Research & Development,10,2,Life Sciences,1,1861,2,Male,54,3,2,Marketing Executive,2,Married,12805,10160,1,Y,Yes,24,5,3,80,3,16,6,3,12,11,7,10
47,No,Non-Travel,1171,Research & Development,1,4,Life Sciences,1,1862,4,Male,95,1,2,Engineer,4,Single,13742,4755,3,Y,No,13,4,2,80,1,12,6,4,8,5,2,7
50,No,Travel_Rarely,248,Research & Development,10,4,Technical Degree,1,1863,4,Female,63,3,4,Accountant,2,Married,14640,24452,3,Y,No,19,3,4,80,0,12,1,4,8,7,3,6
47,No,Travel_Rarely,1353,Research & Development,18,3,Other,1,1864,2,Male,84,3,2,Accountant,3,Divorced,9248,5300,8,Y,Yes,23,2,3,80,1,19,0,2,14,13,6,14
46,No,Travel_Frequently,117,Research & Development,17,1,Life Sciences,1,1865,1,Male,87,3,3,Auditor,2,Married,4008,13049,4,Y,No,21,3,4,80,1,10,6,3,6,6,3,4
27,No,Non-Travel,580,Research & Development,4,2,Medical,1,1866,4,Other,83,3,1,Auditor,2,Married,10765,24652,9,Y,No,18,2,1,80,3,3,4,4,3,1,0,1
58,No,Travel_Rarely,1366,Research & Development,25,2,Technical Degree,1,1867,2,Female,30,3,3,Marketing Executive,2,Married,10565,21592,3,Y,No,13,3,4,80,2,2,0,3,2,0,1,2
25,No,Travel_Rarely,262,Research & Development,27,4,Marketing,1,1868,4,Male,47,1,5,Cybersecurity Specialist,4,Divorced,4246,2262,4,Y,No,17,4,2,80,0,19,1,4,14,14,4,14
43,No,Travel_Frequently,1155,Sales,22,1,Medical,1,1869,4,Female,45,4,3,Account Manager,4,Single,4328,14643,6,Y,No,15,3,4,80,0,9,6,4,8,7,0,6
48,Yes,Travel_Rarely,221,Research & Development,13,4,Medical,1,1870,2,Female,85,2,3,Software Engineer,4,Married,6310,19204,8,Y,Yes,17,3,3,80,0,8,0,3,6,3,5,6
54,No,Travel_Frequently,538,Sales,22,3,Life Sciences,1,1871,4,Female,60,3,5,Sales Executive,4,Married,6702,19614,8,Y,No,14,2,4,80,1,9,4,3,4,1,1,4
35,No,Travel_Rarely,714,Sales,6,3,Other,1,1872,1,Male,77,3,2,Account Manager,1,Married,10062,10154,0,Y,Yes,25,3,2,80,2,6,6,2,5,3,0,3
52,No,Travel_Frequently,797,Sales,1,3,Life Sciences,1,1873,2,Female,63,3,3,Account Manager,1,Single,3759,5696,3,Y,Yes,23,4,3,80,1,10,6,3,5,3,3,3
46,No,Travel_Rarely,834,Sales,1,3,Life Sciences,1,1874,2,Male,63,2,2,Business Development,3,Divorced,4288,4553,3,Y,No,13,4,1,80,1,18,6,3,13,11,7,12
51,No,Travel_Rarely,449,Research & Development,3,3,Marketing,1,1875,4,Male,89,2,2,Cybersecurity Specialist,2,Divorced,9519,5716,6,Y,Yes,17,2,1,80,0,10,3,4,9,9,6,8
39,No,Travel_Rarely,225,Research & Development,5,4,Medical,1,1876,1,Male,66,3,3,Engineer,4,Married,8463,17914,5,Y,Yes,22,4,4,80,1,22,3,3,13,13,1,13
29,No,Travel_Rarely,459,Sales,18,3,Human Resources,1,1877,1,Female,69,3,1,Account Manager,4,Married,13535,13365,7,Y,No,24,3,4,80,0,14,6,3,13,12,7,12
49,No,Travel_Frequently,1149,Research & Development,27,3,Technical Degree,1,1878,3,Female,46,2,5,Financial Analyst,2,Married,7588,16788,3,Y,Yes,16,3,1,80,0,15,0,4,9,9,2,9
59,No,Travel_Rarely,805,Research & Development,12,3,Life Sciences,1,1879,2,Male,70,3,1,Cybersecurity Specialist,2,Married,12366,9766,7,Y,Yes,15,2,2,80,0,16,4,3,8,7,5,8
24,No,Non-Travel,1482,Research & Development,1,2,Life Sciences,1,1880,4,Male,85,1,1,Developer,1,Married,7520,15964,5,Y,Yes,14,3,3,80,0,8,1,3,8,7,1,6
23,No,Travel_Rarely,1076,Research & Development,9,3,Medical,1,1881,4,Female,83,3,1,Marketing Executive,2,Married,9696,11541,1,Y,No,16,1,2,80,3,19,6,4,12,11,6,11
49,No,Travel_Rarely,827,Research & Development,27,5,Marketing,1,1882,3,Male,42,3,4,Financial Analyst,1,Single,15328,22398,0,Y,No,25,3,2,80,3,5,4,4,2,0,1,2
31,No,Non-Travel,961,Research & Development,17,1,Life Sciences,1,1883,4,Female,75,2,1,Software Engineer,2,Single,9665,9660,9,Y,No,11,3,2,80,2,19,0,3,14,14,5,13
53,No,Travel_Frequently,136,Research & Development,29,2,Marketing,1,1884,1,Male,46,3,2,Engineer,2,Single,4768,23353,8,Y,No,25,3,1,80,1,5,2,4,3,2,0,2
58,No,Travel_Rarely,489,Research & Development,13,2,Marketing,1,1885,2,Female,40,2,4,Support Engineer,4,Married,9566,11569,7,Y,Yes,22,4,1,80,2,23,2,3,14,13,3,14
31,No,Travel_Frequently,537,Research & Development,14,3,Human Resources,1,1886,1,Female,69,3,1,Support Engineer,4,Married,8243,19665,0,Y,Yes,18,1,3,80,3,8,5,4,8,6,1,7
47,No,Travel_Rarely,314,Research & Development,27,2,Marketing,1,1887,2,Male,75,3,1,Auditor,1,Single,11237,24920,3,Y,Yes,24,4,1,80,0,13,4,4,13,12,8,11
53,No,Travel_Rarely,274,Research & Development,11,3,Human Resources,1,1888,3,Male,94,3,1,HR Manager,2,Married,9459,17321,1,Y,No,16,3,3,80,0,9,0,3,5,2,3,4
41,No,Non-Travel,213,Research & Development,11,1,Technical Degree,1,1889,2,Male,61,2,2,Developer,4,Divorced,7470,22883,1,Y,No,24,3,3,80,1,10,4,3,7,7,5,5
59,No,Non-Travel,1426,Research & Development,4,1,Marketing,1,1890,1,Female,81,4,1,Financial Analyst,1,Single,11498,15129,6,Y,Yes,21,3,1,80,1,21,0,4,14,13,4,14
51,No,Travel_Rarely,602,Research & Development,9,3,Technical Degree,1,1891,4,Female,39,3,2,Tester,4,Married,9895,7972,9,Y,No,15,2,1,80,2,10,1,3,8,7,5,7
58,No,Travel_Rarely,253,Research & Development,26,2,Marketing,1,1892,2,Male,88,3,4,Recruitment Specialist,3,Married,14691,23244,4,Y,No,18,3,1,80,0,8,6,2,6,6,3,6
22,No,Travel_Rarely,380,Research & Development,18,5,Human Resources,1,1893,3,Female,44,2,3,HR Executive,1,Married,6197,22667,1,Y,No,14,3,3,80,0,16,6,3,15,14,1,15
47,No,Non-Travel,519,Research & Development,26,1,Human Resources,1,1894,3,Female,32,3,2,Data Analyst,3,Married,10114,17988,0,Y,Yes,25,4,2,80,1,13,2,2,5,3,3,5
56,No,Travel_Frequently,1400,Research & Development,19,3,Technical Degree,1,1895,4,Female,38,3,4,SEO Specialist,2,Married,8699,16612,0,Y,No,12,5,3,80,0,12,3,3,8,7,6,8
31,No,Travel_Rarely,1101,Sales,4,2,Medical,1,1896,3,Female,37,2,1,Sales Executive,1,Single,3971,19105,3,Y,No,15,1,3,80,0,9,2,3,1,1,0,0
38,No,Non-Travel,1402,Sales,12,3,Medical,1,1897,1,Female,37,4,2,Sales Executive,3,Married,15138,9732,3,Y,No,17,3,4,80,0,7,3,4,1,1,0,0
21,No,Travel_Rarely,1188,Research & Development,18,5,Medical,1,1898,2,Male,45,1,1,Financial Analyst,2,Married,8893,8876,1,Y,No,15,3,4,80,0,8,0,4,1,0,0,1
55,No,Travel_Rarely,416,Research & Development,18,4,Marketing,1,1899,2,Female,40,2,2,Software Engineer,1,Single,3580,7489,1,Y,No,17,3,2,80,0,9,3,3,3,0,0,1
55,No,Travel_Rarely,429,Research & Development,28,1,Medical,1,1900,1,Male,52,2,2,Developer,2,Divorced,6910,25887,3,Y,No,12,4,3,80,2,14,1,4,10,7,3,9
51,No,Travel_Rarely,185,Research & Development,6,3,Technical Degree,1,1901,3,Female,85,2,1,Employee Relations,3,Married,5479,26343,7,Y,No,22,1,3,80,1,14,6,2,13,13,3,12
48,No,Non-Travel,1362,Sales,27,3,Medical,1,1902,1,Male,85,3,3,Account Manager,1,Single,12993,11921,5,Y,No,11,3,1,80,1,19,6,2,12,9,6,12
59,No,Travel_Rarely,1323,Research & Development,11,2,Technical Degree,1,1903,2,Female,51,3,1,SEO Analyst,2,Married,4534,13614,0,Y,Yes,13,3,4,80,0,10,0,2,6,3,4,5
21,No,Travel_Rarely,1228,Research & Development,26,2,Technical Degree,1,1904,2,Female,47,3,2,Auditor,2,Divorced,4056,19606,7,Y,No,11,3,1,80,0,13,2,2,6,3,1,6
45,No,Travel_Rarely,675,Research & Development,5,4,Other,1,1905,2,Female,68,3,2,Developer,4,Single,13595,19315,4,Y,No,13,3,4,80,0,9,2,4,5,3,4,3
58,No,Travel_Frequently,516,Research & Development,16,5,Marketing,1,1906,2,Female,32,3,2,Accountant,3,Divorced,9091,21236,9,Y,No,13,2,4,80,3,13,4,4,13,10,9,12
40,No,Travel_Rarely,303,Sales,11,5,Other,1,1907,4,Male,37,2,1,Account Manager,1,Married,2922,7265,5,Y,Yes,18,3,2,80,0,22,5,4,13,11,1,13
23,No,Travel_Rarely,1299,Research & Development,5,4,Human Resources,1,1908,2,Female,34,3,3,Data Analyst,1,Married,8652,25261,6,Y,No,15,3,1,80,0,22,3,1,14,12,4,12
22,No,Travel_Rarely,650,Sales,9,3,Marketing,1,1909,3,Male,34,3,1,Sales Executive,2,Divorced,14309,14361,9,Y,Yes,13,3,4,80,1,11,0,4,7,4,3,7
38,No,Travel_Rarely,147,Research & Development,23,2,Marketing,1,1910,1,Male,48,2,3,Financial Analyst,3,Married,14760,20152,5,Y,No,15,2,1,80,0,6,5,4,5,5,2,4
30,No,Travel_Rarely,747,Research & Development,11,2,Life Sciences,1,1911,3,Female,90,4,1,Software Engineer,2,Single,10216,3118,2,Y,No,18,5,1,80,2,17,3,4,14,13,5,12
25,No,Travel_Rarely,491,Research & Development,29,1,Medical,1,1912,2,Female,75,3,1,Developer,2,Married,12659,12575,9,Y,No,20,4,4,80,2,2,1,3,2,0,0,2
29,No,Travel_Rarely,1364,Sales,15,3,Medical,1,1913,3,Male,47,4,2,Account Manager,1,Married,12942,11490,1,Y,Yes,25,4,2,80,2,7,1,3,4,1,0,2
22,No,Travel_Rarely,1331,Sales,25,4,Technical Degree,1,1914,4,Female,90,3,2,Business Development,2,Married,9793,15625,1,Y,Yes,21,5,2,80,1,5,4,2,1,1,0,0
54,No,Travel_Rarely,583,Research & Development,17,4,Human Resources,1,1915,1,Male,89,2,1,Auditor,1,Single,8305,13555,2,Y,No,20,2,1,80,0,8,0,4,7,5,3,5
58,No,Travel_Rarely,995,Research & Development,18,4,Other,1,1916,2,Male,31,2,1,Auditor,1,Married,12774,9247,5,Y,No,11,2,4,80,0,9,6,2,4,1,1,3
51,Yes,Travel_Rarely,821,Research & Development,21,4,Medical,1,1917,3,Male,79,4,1,Financial Analyst,4,Single,3822,12348,0,Y,Yes,17,1,4,80,0,16,0,4,13,13,8,12
30,No,Travel_Rarely,719,Sales,26,5,Medical,1,1918,4,Male,92,2,3,Business Development,1,Single,3240,25675,2,Y,No,23,4,3,80,2,8,3,2,4,2,2,3
32,No,Travel_Frequently,440,Research & Development,14,2,Human Resources,1,1919,4,Male,78,2,4,Tester,4,Single,12766,10179,1,Y,No,15,4,2,80,1,22,4,4,13,13,7,12
56,No,Travel_Rarely,1191,Research & Development,7,4,Medical,1,1920,4,Male,47,4,1,Software Engineer,2,Divorced,13309,5720,3,Y,No,14,3,4,80,3,13,5,3,4,1,3,3
41,No,Travel_Rarely,469,Research & Development,24,3,Life Sciences,1,1921,1,Female,45,4,1,Cybersecurity Specialist,1,Divorced,5527,2280,0,Y,No,13,4,2,80,1,7,6,3,3,2,2,1
26,No,Travel_Rarely,1194,Research & Development,23,2,Medical,1,1922,3,Female,75,2,1,Engineer,1,Married,7128,13843,2,Y,Yes,22,3,3,80,0,11,2,4,8,7,2,6
23,No,Travel_Frequently,1221,Research & Development,16,5,Life Sciences,1,1923,3,Male,54,1,4,Cybersecurity Specialist,4,Married,11146,18440,3,Y,No,17,2,3,80,0,4,0,4,4,1,2,3
30,No,Travel_Frequently,263,Research & Development,9,4,Marketing,1,1924,1,Male,37,1,2,Support Engineer,4,Married,3832,24852,4,Y,Yes,22,2,1,80,0,12,0,2,8,7,0,8
25,No,Travel_Frequently,968,Research & Development,27,2,Marketing,1,1925,4,Male,93,3,4,Employee Relations,1,Single,3135,18474,3,Y,No,20,2,3,80,0,12,0,3,9,6,8,9
46,No,Travel_Frequently,897,Sales,3,1,Life Sciences,1,1926,2,Male,43,3,2,Business Development,3,Divorced,14336,2003,4,Y,No,23,3,3,80,1,6,4,2,1,0,0,0
41,No,Travel_Rarely,701,Research & Development,27,3,Other,1,1927,3,Female,51,2,4,Content Lead,3,Married,10274,10724,0,Y,No,24,3,4,80,0,21,5,3,15,13,8,14
46,No,Travel_Rarely,1198,Research & Development,21,3,Other,1,1928,2,Male,64,2,5,Employee Relations,4,Single,10189,26010,7,Y,Yes,12,4,4,80,2,7,6,2,4,2,1,2
58,No,Travel_Rarely,1152,Research & Development,16,4,Technical Degree,1,1929,4,Female,80,2,1,Tester,1,Married,8289,10606,1,Y,No,24,2,3,80,1,8,1,2,6,4,4,4
46,No,Travel_Rarely,929,Research & Development,28,2,Life Sciences,1,1930,1,Male,72,2,2,HR Manager,2,Married,6009,10827,5,Y,No,23,3,4,80,1,8,6,4,8,8,7,7
28,No,Travel_Rarely,622,Sales,22,1,Technical Degree,1,1931,2,Male,32,4,3,Account Manager,2,Married,10593,7328,1,Y,No,18,3,4,80,3,15,2,3,14,14,2,13
25,No,Travel_Frequently,172,Research & Development,26,2,Human Resources,1,1932,3,Female,84,3,1,Recruitment Specialist,3,Divorced,14001,10454,1,Y,No,23,5,1,80,1,6,6,3,6,5,4,6
35,No,Travel_Frequently,317,Research & Development,7,1,Human Resources,1,1933,3,Other,48,4,2,Content Strategist,3,Single,6888,10936,7,Y,Yes,14,4,4,80,2,20,1,3,12,9,6,12
36,No,Non-Travel,217,Research & Development,28,1,Life Sciences,1,1934,1,Other,71,4,4,Employee Relations,2,Divorced,10195,15914,2,Y,Yes,20,5,1,80,0,9,6,4,6,3,0,4
21,No,Travel_Rarely,1310,Research & Development,7,4,Technical Degree,1,1935,4,Male,90,3,4,Employee Relations,4,Single,4117,24128,7,Y,Yes,12,3,4,80,3,16,5,4,10,8,0,10
36,No,Travel_Frequently,355,Sales,20,3,Marketing,1,1936,3,Male,52,3,4,Account Manager,1,Single,12410,8258,1,Y,Yes,24,2,1,80,0,9,6,4,4,1,0,2
57,Yes,Travel_Frequently,171,Research & Development,1,3,Life Sciences,1,1937,3,Female,33,4,5,Cybersecurity Specialist,3,Single,7850,2310,0,Y,Yes,23,3,1,80,1,9,5,3,9,8,8,9
23,Yes,Travel_Frequently,312,Research & Development,8,1,Life Sciences,1,1938,1,Male,94,4,3,Software Engineer,1,Single,9591,24211,0,Y,Yes,12,2,2,80,3,8,6,3,7,6,6,6
51,No,Travel_Rarely,171,Research & Development,26,2,Technical Degree,1,1939,2,Female,33,3,1,Marketing Executive,4,Single,4406,25353,6,Y,Yes,21,3,1,80,0,17,5,2,14,14,0,14
33,No,Travel_Rarely,922,Research & Development,1,4,Human Resources,1,1940,4,Female,88,3,2,Auditor,4,Single,9841,13178,7,Y,No,25,3,4,80,0,16,3,3,11,9,4,9
36,No,Travel_Rarely,1077,Research & Development,12,3,Other,1,1941,2,Male,59,3,2,Employee Relations,3,Divorced,9469,2108,0,Y,Yes,20,3,1,80,0,10,0,4,6,4,3,6
41,No,Travel_Rarely,1385,Research & Development,17,4,Marketing,1,1942,4,Male,62,4,1,Auditor,4,Single,6514,4333,2,Y,No,11,4,3,80,0,3,3,4,1,0,0,0
22,No,Travel_Rarely,1400,Sales,25,3,Technical Degree,1,1943,2,Female,62,4,3,Sales Executive,2,Married,7488,24999,3,Y,No,20,3,1,80,1,10,5,3,2,0,1,0
47,No,Travel_Frequently,527,Research & Development,29,2,Technical Degree,1,1944,2,Female,49,3,2,HR Manager,4,Married,5250,22847,7,Y,No,18,5,1,80,0,18,3,4,12,11,6,10
58,No,Travel_Rarely,859,Sales,26,3,Marketing,1,1945,3,Male,77,2,3,Account Manager,3,Divorced,4622,7225,6,Y,No,21,3,3,80,0,11,0,4,6,3,1,4
46,No,Travel_Rarely,531,Research & Development,10,2,Other,1,1946,2,Male,56,2,1,Data Analyst,4,Married,10568,6095,4,Y,Yes,18,3,4,80,2,15,5,3,11,11,4,10
58,No,Travel_Frequently,1210,Research & Development,28,4,Other,1,1947,4,Female,61,3,4,Support Engineer,4,Single,11435,13715,6,Y,Yes,16,3,4,80,0,22,4,4,15,12,8,15
45,No,Travel_Frequently,1031,Research & Development,19,2,Life Sciences,1,1948,1,Female,56,2,1,Recruitment Specialist,3,Divorced,8359,6156,1,Y,No,12,4,4,80,0,8,3,4,1,1,0,1
31,No,Travel_Rarely,309,Sales,9,3,Life Sciences,1,1949,1,Male,54,2,2,Business Development,3,Married,9914,4294,6,Y,No,13,3,1,80,0,24,4,4,15,15,2,15
28,No,Travel_Rarely,992,Research & Development,10,2,Medical,1,1950,2,Female,95,2,1,Tester,1,Single,4130,17797,0,Y,No,19,3,3,80,0,24,1,2,15,15,0,14
28,No,Non-Travel,1342,Research & Development,11,3,Marketing,1,1951,4,Female,41,1,2,Employee Relations,2,Single,3705,22902,5,Y,Yes,17,3,2,80,0,20,6,3,11,9,3,11
53,No,Travel_Frequently,349,Research & Development,10,4,Technical Degree,1,1952,4,Male,75,3,1,Developer,3,Single,7693,17636,7,Y,Yes,24,1,4,80,2,14,2,4,5,5,0,4
27,No,Travel_Frequently,1207,Research & Development,28,3,Medical,1,1953,3,Male,77,2,1,SEO Specialist,4,Married,11434,24795,6,Y,Yes,22,2,3,80,0,5,6,2,1,1,0,0
58,No,Travel_Frequently,1142,Research & Development,17,3,Medical,1,1954,1,Male,66,4,4,Support Engineer,1,Married,15128,2337,4,Y,Yes,23,3,3,80,0,13,2,4,13,12,1,11
41,No,Non-Travel,634,Research & Development,7,5,Medical,1,1955,1,Male,33,2,4,Developer,4,Married,9246,23956,2,Y,Yes,15,5,4,80,1,5,2,4,3,0,1,2
28,No,Travel_Rarely,662,Sales,5,3,Life Sciences,1,1956,3,Male,90,3,3,Account Manager,2,Divorced,15229,18016,6,Y,No,15,4,2,80,0,15,2,3,12,11,4,11
41,No,Travel_Frequently,1391,Research & Development,28,2,Human Resources,1,1957,1,Male,76,4,2,Data Analyst,4,Married,10815,18996,8,Y,No,17,3,4,80,0,12,5,3,12,9,8,11
40,No,Travel_Frequently,1215,Research & Development,28,2,Medical,1,1958,4,Male,76,3,2,Cybersecurity Specialist,1,Married,11976,9795,9,Y,No,11,3,3,80,0,12,4,2,12,11,0,11
28,No,Travel_Rarely,520,Sales,20,3,Technical Degree,1,1959,2,Male,46,4,1,Sales Executive,2,Single,4804,21195,6,Y,Yes,11,3,3,80,0,10,1,4,7,6,3,7
51,No,Non-Travel,1413,Sales,27,3,Other,1,1960,2,Female,61,2,3,Sales Executive,4,Single,10274,8923,0,Y,No,13,1,2,80,0,8,4,4,5,2,3,5
49,No,Travel_Rarely,861,Research & Development,12,2,Life Sciences,1,1961,4,Male,39,4,1,Engineer,1,Married,9391,21702,9,Y,No,19,3,3,80,1,21,3,3,15,12,2,13
29,No,Travel_Rarely,179,Research & Development,5,2,Other,1,1962,2,Male,79,2,1,HR Executive,4,Divorced,3806,4735,6,Y,No,18,3,4,80,1,17,0,4,12,12,4,10
35,No,Travel_Rarely,1442,Research & Development,1,5,Human Resources,1,1963,3,Female,88,4,2,Developer,2,Married,9664,12773,9,Y,No,22,3,4,80,1,15,5,3,15,14,4,14
50,Yes,Travel_Rarely,743,Research & Development,10,2,Human Resources,1,1964,1,Male,47,3,1,Developer,4,Married,3321,5430,1,Y,Yes,13,3,2,80,3,10,3,2,10,8,9,10
46,No,Travel_Rarely,537,Research & Development,7,3,Medical,1,1965,1,Female,95,1,3,HR Executive,4,Single,14150,22403,6,Y,Yes,25,4,4,80,2,6,4,4,1,1,0,0
30,No,Non-Travel,333,Research & Development,27,1,Medical,1,1966,3,Female,64,3,1,Recruitment Specialist,1,Single,5529,9404,4,Y,Yes,22,3,4,80,3,7,3,2,1,1,0,0
49,No,Travel_Rarely,409,Sales,12,4,Life Sciences,1,1967,2,Male,35,3,2,Business Development,4,Married,8145,4802,5,Y,Yes,18,3,4,80,0,16,3,2,15,15,1,13
36,No,Travel_Rarely,105,Research & Development,2,1,Medical,1,1968,2,Female,32,2,2,Helpdesk,3,Married,12933,20515,5,Y,No,14,3,2,80,3,10,3,2,8,5,4,8
56,No,Travel_Rarely,490,Research & Development,28,3,Life Sciences,1,1969,3,Female,64,4,2,Data Analyst,2,Single,9096,24522,9,Y,Yes,17,4,2,80,0,12,1,2,11,10,8,9
40,No,Travel_Frequently,901,Research & Development,9,1,Human Resources,1,1970,4,Male,95,2,1,Employee Relations,1,Divorced,13037,26911,2,Y,Yes,24,3,1,80,0,19,1,4,14,12,4,13
57,No,Travel_Rarely,167,Sales,5,3,Technical Degree,1,1971,1,Male,95,2,1,Account Manager,3,Married,9308,17305,8,Y,Yes,12,3,2,80,1,13,6,2,13,10,9,11
42,No,Travel_Rarely,624,Research & Development,5,4,Technical Degree,1,1972,2,Male,80,4,1,Developer,3,Married,3496,13525,2,Y,No,15,3,3,80,2,15,0,4,9,9,1,7
27,No,Travel_Rarely,812,Research & Development,14,3,Marketing,1,1973,2,Other,63,2,3,Auditor,2,Married,4721,21709,1,Y,Yes,22,3,1,80,3,16,2,4,7,5,6,5
43,Yes,Travel_Rarely,904,Research & Development,19,3,Other,1,1974,4,Male,68,1,1,Developer,1,Single,3450,24998,1,Y,Yes,15,3,3,80,1,14,5,4,13,11,5,13
49,No,Non-Travel,521,Research & Development,26,3,Marketing,1,1975,1,Male,78,4,2,Tester,3,Married,3018,26639,6,Y,No,21,2,2,80,0,7,5,3,3,1,2,1
36,No,Travel_Frequently,817,Research & Development,18,2,Marketing,1,1976,2,Male,76,3,2,Data Analyst,4,Married,14855,22281,6,Y,Yes,15,3,4,80,0,12,4,3,12,11,7,11
58,No,Travel_Frequently,328,Sales,8,4,Technical Degree,1,1977,4,Male,65,3,1,Account Manager,3,Married,15120,4301,1,Y,No,19,3,4,80,1,15,6,4,6,4,1,6
48,No,Travel_Frequently,1026,Research & Development,29,2,Medical,1,1978,1,Female,51,3,2,SEO Specialist,2,Married,4356,7528,3,Y,No,23,3,1,80,0,12,6,4,3,1,0,2
58,No,Travel_Rarely,1489,Sales,25,3,Life Sciences,1,1979,4,Female,73,3,2,Sales Executive,3,Divorced,12116,15948,4,Y,Yes,19,3,3,80,0,16,4,3,10,9,1,10
51,No,Travel_Rarely,822,Sales,3,2,Technical Degree,1,1980,1,Male,96,4,1,Business Development,1,Married,10617,17316,1,Y,Yes,12,3,1,80,2,8,1,4,4,3,2,4
34,No,Travel_Rarely,927,Sales,28,2,Marketing,1,1981,2,Female,90,3,2,Business Development,3,Married,6956,25604,7,Y,No,20,4,1,80,0,16,1,3,12,12,6,12
53,No,Travel_Rarely,1114,Research & Development,14,2,Marketing,1,1982,2,Female,38,3,1,Content Strategist,3,Divorced,6629,18767,5,Y,Yes,22,4,4,80,1,11,0,3,4,2,3,2
29,No,Travel_Rarely,368,Research & Development,11,3,Other,1,1983,1,Female,77,2,1,Auditor,2,Divorced,14410,10316,4,Y,No,19,4,2,80,1,10,4,4,3,3,2,3
47,No,Non-Travel,1016,Research & Development,29,3,Medical,1,1984,4,Other,47,2,2,Cybersecurity Specialist,3,Married,9122,20963,7,Y,No,11,3,1,80,3,17,4,4,10,10,9,8
44,No,Travel_Rarely,1218,Research & Development,8,3,Marketing,1,1985,3,Female,58,3,2,Software Engineer,3,Married,5014,22456,5,Y,No,15,3,4,80,1,8,6,4,6,4,5,5
33,No,Non-Travel,271,Research & Development,22,2,Marketing,1,1986,3,Male,77,3,1,Software Engineer,1,Divorced,5591,8786,8,Y,Yes,25,3,3,80,0,12,0,2,5,4,4,5
46,No,Non-Travel,895,Research & Development,12,1,Life Sciences,1,1987,4,Female,41,2,3,Engineer,2,Married,8037,14735,6,Y,No,20,1,1,80,1,15,5,4,11,8,8,11
49,No,Travel_Frequently,1094,Research & Development,11,4,Medical,1,1988,2,Male,68,4,2,Support Engineer,2,Married,7436,11094,7,Y,Yes,11,4,1,80,0,9,0,3,9,6,7,9
48,No,Travel_Rarely,1058,Research & Development,9,4,Human Resources,1,1989,1,Male,52,2,2,Auditor,2,Single,9149,22738,9,Y,Yes,13,4,2,80,0,12,6,3,9,9,1,9
48,No,Travel_Frequently,1446,Sales,26,1,Human Resources,1,1990,4,Female,48,2,1,Account Manager,2,Divorced,7466,24442,6,Y,No,20,3,2,80,1,7,6,4,3,2,1,2
28,No,Travel_Rarely,987,Research & Development,4,3,Marketing,1,1991,1,Other,53,2,5,Helpdesk,4,Married,13098,20667,6,Y,Yes,22,2,2,80,2,20,3,4,13,13,6,11
43,No,Travel_Rarely,349,Research & Development,19,3,Marketing,1,1992,1,Male,73,3,3,Engineer,4,Divorced,11384,24316,7,Y,No,22,5,2,80,3,18,0,4,9,7,2,8
49,No,Travel_Rarely,166,Research & Development,7,4,Life Sciences,1,1993,3,Female,78,1,1,Engineer,4,Married,7753,18197,5,Y,No,16,4,2,80,1,14,3,4,13,13,0,11
25,No,Travel_Rarely,885,Research & Development,17,4,Human Resources,1,1994,2,Female,33,4,1,Marketing Executive,2,Divorced,4290,20644,9,Y,No,20,3,4,80,1,17,5,3,12,9,8,10
27,No,Travel_Rarely,1158,Research & Development,16,4,Medical,1,1995,2,Female,91,4,3,Content Lead,2,Single,12793,12667,3,Y,No,19,2,1,80,1,6,4,2,3,0,1,3
56,No,Travel_Rarely,480,Research & Development,19,4,Medical,1,1996,3,Male,47,2,2,Content Lead,4,Divorced,13872,6863,8,Y,No,14,3,4,80,2,6,3,3,4,1,2,3
47,No,Non-Travel,738,Research & Development,23,2,Technical Degree,1,1997,4,Female,89,3,1,Software Engineer,2,Divorced,14743,18809,7,Y,No,12,2,4,80,0,9,2,3,1,0,0,0
22,No,Travel_Rarely,1208,Research & Development,12,4,Other,1,1998,1,Female,93,2,1,Engineer,3,Divorced,4449,9353,3,Y,Yes,15,3,2,80,1,9,1,3,5,5,2,3
45,No,Travel_Rarely,822,Research & Development,7,3,Technical Degree,1,1999,3,Male,49,3,2,HR Manager,1,Married,10749,5635,2,Y,No,11,3,1,80,0,13,6,4,12,12,0,12
29,No,Travel_Rarely,339,Research & Development,25,1,Medical,1,2000,3,Female,81,3,2,Software Engineer,2,Divorced,7861,11667,8,Y,Yes,20,4,2,80,0,11,3,3,9,6,5,8
47,No,Travel_Rarely,1425,Sales,14,3,Technical Degree,1,2001,2,Female,65,4,3,Sales Executive,3,Single,6469,10112,4,Y,Yes,23,3,2,80,2,23,6,4,15,14,3,15
21,No,Travel_Frequently,139,Sales,26,4,Other,1,2002,4,Male,91,1,2,Sales Executive,3,Single,4696,10331,7,Y,No,17,3,3,80,0,9,2,4,2,0,1,0
43,No,Travel_Rarely,833,Research & Development,25,4,Other,1,2003,3,Female,77,4,3,Financial Analyst,4,Divorced,9830,25090,8,Y,Yes,21,2,2,80,0,9,0,3,4,1,0,4
30,No,Non-Travel,923,Research & Development,11,2,Life Sciences,1,2004,1,Male,86,4,1,Financial Analyst,1,Married,7249,12350,5,Y,Yes,25,3,2,80,2,17,6,1,10,8,3,9
45,No,Travel_Frequently,254,Sales,11,3,Marketing,1,2005,3,Other,86,3,2,Sales Executive,2,Single,11502,21425,8,Y,Yes,22,4,4,80,1,2,0,4,2,1,1,2
23,No,Travel_Rarely,1271,Sales,7,4,Medical,1,2006,1,Female,70,3,4,Sales Executive,2,Married,12934,23638,9,Y,Yes,12,3,4,80,1,15,0,3,14,12,6,13
26,No,Travel_Rarely,817,Sales,11,2,Human Resources,1,2007,4,Male,82,3,1,Account Manager,1,Married,3628,2114,2,Y,Yes,25,3,1,80,0,13,0,4,8,5,6,6
26,No,Travel_Rarely,924,Sales,3,3,Human Resources,1,2008,3,Male,91,1,3,Sales Executive,3,Married,13944,7562,5,Y,No,18,3,1,80,1,13,6,3,9,7,0,7
22,No,Travel_Rarely,1135,Research & Development,15,3,Medical,1,2009,1,Male,58,3,3,Tester,2,Single,14948,2039,9,Y,No,24,3,2,80,0,3,2,4,3,3,1,2
38,No,Travel_Rarely,111,Research & Development,3,3,Technical Degree,1,2010,2,Female,68,3,3,Recruitment Specialist,2,Married,7401,21889,8,Y,No,19,2,2,80,1,16,6,4,13,12,8,13
43,Yes,Travel_Frequently,1240,Research & Development,21,2,Technical Degree,1,2011,2,Female,39,2,1,HR Executive,1,Divorced,7008,18493,1,Y,Yes,23,3,3,80,0,22,1,2,15,12,5,14
22,No,Travel_Rarely,207,Research & Development,9,3,Medical,1,2012,3,Male,90,3,2,Support Engineer,3,Divorced,13686,18920,2,Y,No,12,2,3,80,1,17,5,1,9,6,1,8
32,No,Travel_Rarely,138,Research & Development,17,4,Medical,1,2013,2,Female,85,2,1,Content Strategist,3,Married,11221,12970,6,Y,No,12,4,4,80,0,6,5,3,6,5,2,4
42,No,Travel_Rarely,833,Research & Development,17,3,Medical,1,2014,3,Male,38,3,1,Cybersecurity Specialist,3,Married,7594,8079,4,Y,No,23,2,1,80,1,7,3,4,6,4,2,6
57,No,Travel_Rarely,147,Research & Development,25,4,Life Sciences,1,2015,1,Male,79,3,5,Financial Analyst,2,Married,13391,9522,8,Y,Yes,24,2,1,80,2,9,1,4,7,7,4,6
40,No,Non-Travel,446,Research & Development,12,3,Human Resources,1,2016,1,Female,41,2,2,HR Manager,3,Married,11707,23035,0,Y,No,20,3,1,80,1,18,3,2,12,12,2,11
59,No,Travel_Frequently,934,Research & Development,7,2,Life Sciences,1,2017,4,Male,31,2,3,Engineer,1,Single,7331,4048,7,Y,No,19,4,4,80,0,9,1,3,5,3,4,5
44,No,Travel_Rarely,867,Research & Development,11,3,Other,1,2018,2,Male,46,4,3,Engineer,4,Married,7751,24096,5,Y,Yes,22,5,1,80,3,7,2,1,6,6,2,4
40,No,Travel_Frequently,964,Research & Development,29,2,Life Sciences,1,2019,4,Female,64,3,2,Accountant,4,Married,8233,15188,1,Y,No,18,4,4,80,1,13,6,3,11,10,2,9
21,No,Travel_Rarely,904,Research & Development,14,4,Marketing,1,2020,3,Male,75,3,5,Content Strategist,1,Single,7233,7547,5,Y,No,17,3,4,80,0,8,2,2,1,1,0,1
21,No,Travel_Rarely,1035,Research & Development,20,2,Life Sciences,1,2021,1,Female,96,3,3,Software Engineer,1,Married,15226,23817,0,Y,No,11,3,1,80,0,6,0,2,3,1,2,1
37,No,Travel_Rarely,1108,Research & Development,1,3,Other,1,2022,3,Male,99,1,2,SEO Specialist,1,Divorced,9285,17967,6,Y,Yes,19,4,3,80,0,21,4,4,12,10,4,10
21,Yes,Travel_Rarely,883,Research & Development,6,3,Human Resources,1,2023,4,Male,64,1,1,SEO Specialist,3,Single,3536,9468,8,Y,Yes,14,4,3,80,0,17,2,4,9,6,4,9
50,No,Travel_Rarely,1043,Sales,25,4,Technical Degree,1,2024,2,Male,63,3,1,Business Development,1,Married,5419,9609,2,Y,No,16,3,1,80,0,17,6,3,12,11,8,12
23,No,Travel_Rarely,117,Research & Development,22,2,Human Resources,1,2025,3,Female,40,4,2,Cybersecurity Specialist,2,Married,8463,18040,3,Y,Yes,12,3,3,80,3,12,6,3,5,5,0,3
31,No,Travel_Rarely,1250,Research & Development,21,1,Medical,1,2026,4,Female,32,3,2,Content Strategist,4,Single,4944,23666,5,Y,No,23,3,3,80,0,14,2,4,5,2,0,3
44,No,Travel_Rarely,1455,Research & Development,17,2,Other,1,2027,2,Male,39,4,3,Auditor,2,Married,8547,7795,4,Y,No,15,4,4,80,1,13,0,3,8,5,2,7
42,No,Travel_Rarely,909,Research & Development,25,4,Medical,1,2028,3,Male,41,1,1,Developer,2,Single,13706,5625,1,Y,Yes,21,3,4,80,1,12,4,2,11,8,8,9
46,No,Travel_Rarely,1125,Research & Development,9,2,Medical,1,2029,4,Male,80,3,3,HR Manager,3,Married,9831,18073,7,Y,No,11,3,1,80,1,20,2,4,11,9,4,10
33,No,Travel_Rarely,1176,Research & Development,1,2,Life Sciences,1,2030,4,Other,88,2,2,Auditor,3,Divorced,3260,22481,9,Y,Yes,22,5,2,80,3,20,2,4,13,12,3,13
21,No,Travel_Rarely,1082,Research & Development,12,2,Other,1,2031,2,Male,31,3,2,Auditor,4,Married,4300,25313,9,Y,No,15,3,1,80,3,8,6,2,2,1,1,1
44,No,Travel_Rarely,1183,Research & Development,20,3,Marketing,1,2032,3,Female,31,2,1,Auditor,3,Single,8411,13426,9,Y,No,22,3,1,80,1,16,1,3,13,11,8,11
30,No,Travel_Frequently,1059,Sales,28,1,Technical Degree,1,2033,3,Male,34,3,4,Account Manager,3,Married,6466,24506,7,Y,No,18,3,4,80,2,12,3,1,7,6,5,6
55,Yes,Travel_Rarely,1420,Research & Development,17,2,Life Sciences,1,2034,4,Male,51,3,2,Cybersecurity Specialist,4,Single,9936,11493,1,Y,Yes,15,2,1,80,0,17,6,3,9,6,8,7
44,No,Non-Travel,956,Research & Development,26,2,Medical,1,2035,3,Female,62,3,3,Data Analyst,1,Married,6395,6918,1,Y,No,17,3,3,80,1,7,3,2,7,6,4,5
48,No,Travel_Rarely,871,Sales,4,3,Human Resources,1,2036,2,Male,98,2,1,Sales Executive,4,Married,13455,11134,9,Y,Yes,22,3,1,80,0,20,6,2,12,12,3,10
56,No,Travel_Rarely,1400,Research & Development,23,3,Medical,1,2037,4,Other,57,2,1,Auditor,4,Divorced,10164,16999,6,Y,Yes,18,3,2,80,1,14,6,3,5,3,4,5
36,Yes,Travel_Rarely,743,Sales,8,3,Human Resources,1,2038,4,Female,87,2,2,Sales Executive,1,Married,4391,8175,2,Y,Yes,11,3,4,80,0,16,5,3,13,10,7,12
36,No,Travel_Rarely,359,Research & Development,19,4,Technical Degree,1,2039,3,Female,43,3,5,Tester,1,Married,10793,26560,8,Y,Yes,18,1,4,80,0,6,1,3,6,3,4,5
37,No,Travel_Frequently,1255,Sales,19,5,Medical,1,2040,4,Male,79,2,2,Sales Executive,4,Married,11072,18612,5,Y,Yes,21,5,1,80,0,11,6,3,4,2,1,3
35,No,Non-Travel,1359,Sales,26,3,Other,1,2041,2,Female,70,2,2,Account Manager,1,Married,8235,13632,2,Y,No,21,4,1,80,1,21,5,4,14,14,4,13
36,No,Travel_Frequently,154,Research & Development,5,4,Other,1,2042,1,Male,44,3,2,SEO Analyst,1,Divorced,14632,2777,5,Y,Yes,11,3,2,80,0,20,5,4,12,9,9,10
35,No,Travel_Rarely,1206,Research & Development,11,3,Technical Degree,1,2043,4,Male,97,2,1,Marketing Executive,4,Single,13789,2370,7,Y,Yes,18,4,3,80,2,16,3,4,7,4,2,6
54,No,Travel_Rarely,609,Research & Development,6,4,Medical,1,2044,3,Female,72,3,2,Financial Analyst,1,Divorced,6700,18485,6,Y,No,25,3,3,80,3,1,0,4,1,0,0,0
31,No,Travel_Rarely,1411,Sales,13,3,Medical,1,2045,3,Male,84,1,1,Sales Executive,2,Married,14849,21626,6,Y,No,24,4,4,80,0,5,6,4,4,2,2,4
21,No,Travel_Rarely,1437,Sales,19,3,Human Resources,1,2046,2,Female,78,4,1,Business Development,3,Married,13197,8662,4,Y,No,25,3,1,80,2,8,4,3,3,1,2,3
35,No,Travel_Rarely,556,Research & Development,6,3,Marketing,1,2047,3,Female,47,3,2,Software Engineer,3,Married,15024,15103,9,Y,No,24,4,4,80,1,17,2,1,13,11,5,12
46,Yes,Travel_Rarely,1029,Research & Development,26,4,Other,1,2048,3,Female,54,3,1,Developer,4,Married,3051,24772,3,Y,Yes,20,2,2,80,2,6,3,3,4,2,1,4
24,No,Travel_Frequently,1314,Research & Development,28,2,Human Resources,1,2049,1,Male,41,4,3,Accountant,1,Married,6501,6684,7,Y,Yes,12,3,3,80,0,3,2,4,1,0,0,1
25,No,Travel_Rarely,316,Research & Development,23,2,Life Sciences,1,2050,4,Female,84,4,1,Auditor,2,Married,4939,26470,8,Y,No,14,4,3,80,3,20,1,4,12,11,5,12
55,No,Travel_Frequently,344,Research & Development,13,3,Technical Degree,1,2051,3,Female,76,2,1,Marketing Executive,1,Married,8936,21146,1,Y,No,11,1,2,80,3,13,6,3,13,13,5,11
33,No,Travel_Rarely,877,Research & Development,6,2,Technical Degree,1,2052,3,Other,96,2,2,Developer,1,Married,11774,9138,4,Y,No,11,2,2,80,0,5,1,3,2,2,1,2
30,No,Travel_Rarely,1155,Research & Development,16,3,Marketing,1,2053,1,Other,93,2,4,Developer,1,Married,4413,20567,6,Y,No,14,3,4,80,0,18,3,3,12,12,4,12
31,No,Travel_Rarely,360,Research & Development,22,2,Medical,1,2054,4,Female,89,2,2,SEO Specialist,4,Married,5293,6566,4,Y,No,25,3,4,80,1,15,1,3,11,10,0,10
38,No,Travel_Rarely,256,Research & Development,29,2,Technical Degree,1,2055,2,Female,72,3,1,Cybersecurity Specialist,3,Divorced,14668,12246,7,Y,No,22,2,2,80,1,21,3,3,13,12,7,12
54,No,Non-Travel,1258,Research & Development,18,4,Marketing,1,2056,1,Male,66,3,2,Engineer,3,Single,5130,10969,7,Y,No,23,3,4,80,3,18,0,3,9,6,8,7
59,No,Travel_Rarely,1389,Research & Development,29,3,Life Sciences,1,2057,1,Male,61,4,1,Financial Analyst,2,Single,8142,10587,4,Y,Yes,21,3,4,80,2,22,3,4,15,12,0,15
43,No,Travel_Frequently,494,Sales,11,3,Technical Degree,1,2058,3,Other,81,3,1,Account Manager,2,Divorced,13433,18862,7,Y,Yes,23,2,3,80,2,7,1,2,7,4,4,6
27,No,Travel_Rarely,1176,Research & Development,20,2,Life Sciences,1,2059,3,Female,82,3,1,Financial Analyst,1,Divorced,4796,9626,1,Y,Yes,14,4,1,80,1,20,0,4,13,10,5,11
59,No,Travel_Frequently,411,Research & Development,17,2,Other,1,2060,2,Female,85,2,2,Financial Analyst,2,Married,7782,10345,4,Y,Yes,14,3,2,80,0,15,5,3,6,4,3,5
23,No,Travel_Frequently,139,Research & Development,10,4,Human Resources,1,2061,2,Male,31,3,1,Tester,2,Single,13397,26580,4,Y,No,18,3,1,80,3,11,0,2,2,1,1,1
32,No,Travel_Rarely,1309,Research & Development,16,4,Technical Degree,1,2062,2,Male,77,3,1,Tester,2,Divorced,6675,10114,8,Y,No,14,3,2,80,1,5,3,4,1,1,0,1
27,No,Travel_Rarely,346,Research & Development,29,3,Technical Degree,1,2063,1,Male,45,3,1,Cybersecurity Specialist,1,Married,7733,24190,9,Y,Yes,25,3,2,80,0,7,2,4,2,2,0,1
46,No,Travel_Frequently,1080,Research & Development,5,5,Medical,1,2064,1,Male,65,3,2,Tester,1,Divorced,4958,2774,1,Y,No,15,4,4,80,0,7,2,4,7,6,1,7
53,No,Non-Travel,687,Research & Development,29,4,Life Sciences,1,2065,1,Male,39,2,1,Cybersecurity Specialist,3,Single,10521,19699,2,Y,No,21,2,4,80,0,6,1,4,2,0,0,2
57,No,Travel_Frequently,1063,Sales,29,5,Human Resources,1,2066,2,Female,47,2,1,Sales Executive,4,Single,3209,9686,9,Y,Yes,22,4,2,80,0,6,6,2,3,3,1,2
35,No,Non-Travel,703,Research & Development,10,3,Marketing,1,2067,4,Male,31,2,2,Auditor,1,Married,3287,17657,8,Y,No,20,4,2,80,1,16,6,3,8,7,5,6
22,No,Travel_Frequently,832,Research & Development,3,2,Human Resources,1,2068,2,Female,69,3,3,Auditor,3,Divorced,4822,26829,5,Y,Yes,21,4,4,80,1,10,6,4,7,4,3,6
27,No,Travel_Frequently,725,Sales,19,3,Technical Degree,1,2069,3,Male,71,2,1,Sales Executive,2,Divorced,9076,20787,5,Y,No,12,2,4,80,1,17,5,2,12,12,6,10
52,No,Non-Travel,1350,Research & Development,4,3,Other,1,2070,1,Other,54,2,2,Tester,2,Married,4060,8897,9,Y,No,20,2,1,80,3,20,3,2,11,8,5,10
24,No,Travel_Rarely,1332,Sales,12,2,Life Sciences,1,2071,3,Male,30,4,3,Account Manager,4,Single,13614,5253,3,Y,Yes,21,3,3,80,1,13,2,3,11,9,2,11
40,No,Travel_Frequently,883,Research & Development,25,4,Technical Degree,1,2072,2,Female,45,2,3,SEO Analyst,1,Single,8672,5028,2,Y,No,20,2,3,80,0,22,6,2,14,14,8,12
56,No,Travel_Rarely,1448,Research & Development,27,1,Marketing,1,2073,3,Female,71,2,1,Data Analyst,4,Divorced,11171,9158,7,Y,No,19,2,1,80,0,18,3,3,11,11,3,10
52,No,Travel_Rarely,739,Research & Development,22,3,Marketing,1,2074,1,Female,66,3,2,HR Executive,3,Married,13297,2578,0,Y,Yes,17,2,2,80,1,17,2,3,9,8,4,8
48,No,Travel_Frequently,1465,Research & Development,10,2,Technical Degree,1,2075,4,Female,66,4,3,Data Analyst,4,Divorced,12684,10294,8,Y,Yes,23,3,4,80,1,21,0,4,12,12,2,12
33,No,Non-Travel,859,Research & Development,11,3,Other,1,2076,4,Male,35,1,1,Tester,4,Married,5038,19677,0,Y,Yes,22,1,2,80,0,9,3,2,4,4,3,3
21,Yes,Travel_Rarely,372,Research & Development,8,2,Technical Degree,1,2077,2,Male,51,4,1,Tester,2,Single,7899,20426,1,Y,Yes,11,2,3,80,0,14,6,3,7,6,2,7
55,No,Travel_Rarely,430,Sales,27,4,Technical Degree,1,2078,4,Male,75,2,2,Business Development,2,Married,10927,6440,3,Y,No,14,4,4,80,0,1,2,2,1,1,0,0
50,No,Travel_Frequently,569,Research & Development,12,3,Life Sciences,1,2079,1,Female,69,2,1,Recruitment Specialist,2,Married,14531,25524,4,Y,No,17,2,1,80,3,11,4,4,11,10,6,10
56,No,Travel_Rarely,527,Research & Development,14,4,Medical,1,2080,2,Female,83,3,1,Accountant,3,Married,11857,20404,3,Y,No,22,3,1,80,0,20,1,4,11,9,6,10
45,No,Travel_Rarely,399,Research & Development,21,5,Marketing,1,2081,1,Female,75,3,2,Developer,3,Divorced,3989,17951,9,Y,Yes,19,3,3,80,0,5,1,4,2,0,1,2
36,No,Travel_Rarely,839,Research & Development,29,3,Life Sciences,1,2082,3,Female,65,4,3,Developer,1,Married,5184,20638,9,Y,Yes,14,5,2,80,1,7,3,4,7,5,6,7
39,No,Non-Travel,908,Sales,22,5,Marketing,1,2083,2,Male,70,2,2,Account Manager,1,Married,5931,11711,7,Y,No,17,4,2,80,0,21,4,3,15,13,2,14
21,No,Travel_Rarely,593,Research & Development,3,1,Technical Degree,1,2084,4,Male,96,3,4,Cybersecurity Specialist,2,Single,9565,21863,8,Y,Yes,18,3,2,80,1,5,0,3,2,0,0,0
25,No,Travel_Rarely,333,Research & Development,27,2,Marketing,1,2085,1,Other,52,2,1,SEO Analyst,2,Married,3454,14840,4,Y,Yes,18,4,3,80,1,6,1,4,6,4,1,6
42,No,Travel_Rarely,971,Sales,11,2,Other,1,2086,2,Male,72,4,3,Business Development,4,Married,14401,16023,1,Y,Yes,13,3,3,80,0,13,6,4,13,12,0,11
44,No,Travel_Rarely,1306,Sales,27,2,Other,1,2087,2,Male,90,2,2,Sales Executive,1,Single,5672,6345,0,Y,No,23,3,3,80,0,15,3,4,10,9,4,8
57,No,Travel_Rarely,870,Research & Development,7,4,Other,1,2088,4,Female,46,3,3,Cybersecurity Specialist,4,Married,14657,20741,8,Y,Yes,25,3,2,80,1,17,5,2,12,12,3,10
56,No,Travel_Rarely,190,Research & Development,28,1,Human Resources,1,2089,1,Female,94,2,1,Developer,3,Married,12521,26193,4,Y,No,25,3,1,80,2,14,1,4,9,9,1,9
56,No,Non-Travel,1232,Research & Development,27,3,Marketing,1,2090,3,Male,32,4,2,Cybersecurity Specialist,3,Single,11108,3660,2,Y,No,25,3,2,80,1,19,3,1,11,9,0,11
24,No,Travel_Rarely,851,Research & Development,15,3,Other,1,2091,4,Male,59,1,3,Software Engineer,3,Single,14478,16441,3,Y,Yes,22,3,3,80,2,11,5,2,5,3,2,3
56,No,Travel_Rarely,604,Research & Development,11,3,Human Resources,1,2092,2,Male,50,2,3,HR Executive,1,Single,8743,21801,0,Y,No,15,3,4,80,2,16,4,2,10,10,5,10
38,No,Travel_Rarely,1136,Research & Development,25,3,Life Sciences,1,2093,1,Female,45,3,2,Cybersecurity Specialist,3,Divorced,10431,15713,7,Y,No,17,2,3,80,1,7,2,4,7,5,4,6
36,No,Travel_Frequently,278,Research & Development,25,4,Life Sciences,1,2094,2,Other,91,4,3,Auditor,1,Married,9162,16865,0,Y,No,16,3,4,80,1,20,6,4,13,12,1,11
38,No,Travel_Rarely,281,Research & Development,7,2,Other,1,2095,4,Female,89,4,3,Accountant,2,Married,10345,24674,4,Y,Yes,18,3,3,80,3,6,6,2,1,0,0,0
42,No,Travel_Rarely,757,Research & Development,19,2,Human Resources,1,2096,3,Female,38,2,2,Recruitment Specialist,4,Married,5216,19060,0,Y,No,12,2,3,80,1,12,2,1,8,6,1,8
22,No,Travel_Rarely,907,Research & Development,16,3,Marketing,1,2097,3,Male,95,2,5,HR Manager,4,Single,6788,25008,7,Y,Yes,18,3,4,80,0,14,5,4,9,8,6,8
41,No,Travel_Frequently,196,Sales,21,3,Other,1,2098,1,Female,55,4,1,Account Manager,3,Single,8800,10287,4,Y,Yes,22,3,3,80,0,23,6,4,15,15,6,13
56,No,Travel_Rarely,308,Research & Development,26,3,Life Sciences,1,2099,3,Male,96,1,2,Software Engineer,4,Married,4551,14122,4,Y,Yes,20,4,1,80,0,16,6,4,13,12,2,12
59,No,Travel_Rarely,1100,Research & Development,25,4,Marketing,1,2100,2,Female,44,3,1,Accountant,3,Married,6620,6310,6,Y,No,23,2,4,80,1,11,2,4,5,3,0,5
59,No,Non-Travel,143,Research & Development,27,3,Medical,1,2101,3,Male,41,3,4,Software Engineer,1,Married,9785,21146,5,Y,Yes,19,3,3,80,0,8,2,3,6,5,0,5
49,No,Travel_Frequently,845,Research & Development,25,3,Other,1,2102,3,Female,48,3,1,Tester,3,Married,14481,24676,9,Y,Yes,23,2,4,80,0,14,0,2,13,11,4,11
46,No,Travel_Rarely,235,Research & Development,19,1,Medical,1,2103,3,Female,43,3,2,Financial Analyst,3,Single,10735,9006,8,Y,Yes,13,3,4,80,1,13,3,4,11,9,1,10
41,No,Travel_Frequently,775,Sales,13,3,Other,1,2104,2,Male,44,3,3,Account Manager,4,Married,5205,21769,7,Y,No,21,2,4,80,2,14,0,3,8,7,6,8
37,No,Travel_Rarely,1037,Research & Development,21,3,Human Resources,1,2105,3,Female,40,3,1,Auditor,4,Married,12114,5106,7,Y,Yes,15,3,1,80,1,9,2,3,4,2,3,4
36,No,Travel_Rarely,641,Research & Development,17,2,Human Resources,1,2106,2,Female,92,3,1,Engineer,1,Married,14386,15666,2,Y,Yes,18,4,3,80,0,4,6,3,2,0,1,1
51,No,Travel_Rarely,1371,Research & Development,14,2,Marketing,1,2107,1,Male,72,3,1,Marketing Executive,4,Single,3322,21763,2,Y,No,15,3,1,80,2,18,2,2,15,14,9,13
29,No,Travel_Frequently,319,Research & Development,23,4,Medical,1,2108,2,Other,96,3,1,Engineer,1,Divorced,4492,13502,4,Y,No,12,3,4,80,2,10,4,3,10,7,9,9
51,No,Travel_Rarely,1069,Sales,2,3,Medical,1,2109,2,Female,72,3,3,Account Manager,4,Single,3676,20252,7,Y,No,20,3,4,80,1,14,1,4,8,8,3,6
34,No,Travel_Rarely,1106,Research & Development,26,2,Human Resources,1,2110,1,Female,30,3,4,HR Executive,3,Divorced,8539,22713,2,Y,Yes,14,3,2,80,1,6,2,2,2,0,0,1
57,No,Travel_Rarely,658,Research & Development,26,3,Technical Degree,1,2111,3,Male,33,3,4,SEO Analyst,2,Married,10743,25762,2,Y,Yes,20,3,2,80,2,5,0,4,5,2,1,5
22,No,Travel_Frequently,1267,Sales,22,2,Marketing,1,2112,3,Male,54,4,2,Account Manager,4,Married,13538,10329,7,Y,No,24,3,2,80,2,18,5,1,15,13,6,13
34,No,Travel_Frequently,859,Research & Development,10,4,Marketing,1,2113,1,Other,82,2,3,Software Engineer,4,Married,11378,2559,3,Y,Yes,19,3,4,80,2,16,0,4,13,11,4,11
53,No,Travel_Rarely,1197,Research & Development,28,2,Life Sciences,1,2114,3,Female,64,3,3,Financial Analyst,4,Divorced,4594,21941,0,Y,Yes,19,4,1,80,1,12,6,4,6,6,4,4
55,No,Non-Travel,128,Sales,6,3,Human Resources,1,2115,3,Male,54,4,3,Sales Executive,1,Single,8666,21268,4,Y,Yes,24,4,4,80,0,10,5,2,5,4,2,5
59,No,Travel_Rarely,861,Research & Development,16,3,Life Sciences,1,2116,1,Female,32,2,1,Support Engineer,1,Married,2953,24782,4,Y,No,20,4,4,80,0,15,6,3,6,5,1,6
40,No,Travel_Rarely,220,Research & Development,7,4,Technical Degree,1,2117,3,Female,80,3,1,Cybersecurity Specialist,4,Married,13207,12047,3,Y,No,18,3,1,80,1,15,0,4,6,6,1,6
22,No,Non-Travel,114,Research & Development,19,2,Life Sciences,1,2118,4,Female,79,2,4,Support Engineer,1,Divorced,14811,7486,5,Y,No,16,2,3,80,0,6,4,3,3,1,0,2
39,No,Travel_Rarely,319,Research & Development,24,3,Technical Degree,1,2119,1,Female,42,2,3,Helpdesk,1,Single,9721,13056,3,Y,No,15,4,2,80,2,15,0,4,11,11,4,10
57,No,Travel_Rarely,406,Sales,21,3,Life Sciences,1,2120,3,Male,64,3,3,Business Development,1,Married,2917,19483,6,Y,Yes,15,3,4,80,1,12,5,3,11,10,3,10
38,No,Travel_Rarely,923,Sales,10,3,Human Resources,1,2121,3,Female,84,4,2,Account Manager,1,Married,3503,19132,7,Y,No,11,3,4,80,2,9,3,3,3,1,2,1
36,No,Travel_Rarely,571,Research & Development,20,3,Technical Degree,1,2122,3,Male,47,2,2,Financial Analyst,1,Married,3451,14731,0,Y,No,17,4,3,80,1,17,5,3,9,8,6,7
24,No,Travel_Rarely,786,Research & Development,27,3,Marketing,1,2123,4,Male,80,2,3,Financial Analyst,3,Single,8708,7593,7,Y,Yes,15,4,2,80,1,11,3,2,3,3,2,1
32,No,Travel_Rarely,448,Research & Development,15,4,Human Resources,1,2124,3,Female,59,2,2,Engineer,4,Married,9298,25342,3,Y,No,13,3,3,80,0,9,4,3,3,0,0,1
49,No,Non-Travel,101,Research & Development,12,1,Human Resources,1,2125,1,Male,69,2,2,Recruitment Specialist,2,Single,14056,26746,8,Y,No,15,4,2,80,0,17,3,3,11,8,8,11
27,No,Travel_Frequently,977,Research & Development,25,1,Other,1,2126,4,Other,59,3,1,Content Strategist,4,Divorced,4290,16303,1,Y,Yes,11,3,4,80,0,21,5,2,14,14,5,12
34,No,Travel_Rarely,1155,Research & Development,9,4,Medical,1,2127,2,Male,87,2,1,Accountant,2,Single,5745,20460,1,Y,No,14,3,2,80,1,6,4,4,2,0,0,1
32,No,Travel_Rarely,978,Research & Development,18,2,Marketing,1,2128,2,Female,94,4,2,Data Analyst,2,Divorced,10415,22981,2,Y,Yes,25,3,4,80,3,7,4,2,7,4,0,6
55,No,Non-Travel,1433,Sales,17,5,Life Sciences,1,2129,1,Female,41,2,2,Business Development,1,Married,4656,12397,5,Y,No,20,1,1,80,1,19,4,4,10,7,7,10
25,No,Travel_Rarely,1388,Sales,19,3,Human Resources,1,2130,1,Female,37,3,2,Sales Executive,4,Single,4004,18924,3,Y,No,12,3,1,80,2,19,5,3,10,10,1,8
37,No,Travel_Rarely,374,Research & Development,10,3,Life Sciences,1,2131,3,Male,47,3,1,HR Manager,4,Single,5616,8907,4,Y,Yes,14,4,1,80,3,13,5,4,4,4,3,4
52,No,Travel_Rarely,745,Research & Development,8,2,Human Resources,1,2132,3,Female,94,4,4,Tester,1,Married,8633,6570,7,Y,No,21,2,3,80,0,3,3,4,1,0,0,1
30,No,Travel_Rarely,453,Research & Development,20,2,Marketing,1,2133,4,Male,39,3,3,Auditor,2,Married,10213,10398,6,Y,Yes,25,3,3,80,1,8,6,2,6,3,2,5
37,No,Travel_Rarely,541,Research & Development,5,3,Human Resources,1,2134,4,Female,66,3,1,Financial Analyst,3,Married,5208,19891,7,Y,Yes,21,3,4,80,1,7,5,3,5,3,1,5
25,No,Travel_Rarely,868,Research & Development,13,4,Life Sciences,1,2135,4,Male,58,3,1,Employee Relations,1,Single,11341,18731,2,Y,No,14,3,3,80,0,18,2,1,14,14,4,14
29,No,Travel_Frequently,873,Research & Development,21,5,Life Sciences,1,2136,4,Female,75,2,2,Financial Analyst,2,Married,6801,13209,1,Y,No,23,3,3,80,0,17,6,2,11,9,8,10
53,No,Travel_Frequently,710,Sales,27,2,Marketing,1,2137,2,Female,73,1,1,Sales Executive,2,Married,11109,18161,5,Y,Yes,18,5,3,80,0,10,3,3,2,2,0,1
56,No,Non-Travel,1280,Research & Development,2,2,Life Sciences,1,2138,2,Female,65,3,1,Tester,2,Married,9944,19854,2,Y,No,17,3,1,80,1,9,4,2,6,6,2,4
56,No,Travel_Frequently,293,Research & Development,1,1,Technical Degree,1,2139,1,Male,47,3,3,Accountant,2,Married,11332,2907,0,Y,Yes,11,3,3,80,0,8,1,3,1,1,0,0
38,No,Travel_Rarely,1197,Research & Development,8,4,Human Resources,1,2140,1,Male,61,2,1,Engineer,3,Married,10667,24424,7,Y,No,25,4,2,80,0,12,3,3,3,3,1,3
29,No,Travel_Rarely,1410,Research & Development,10,2,Technical Degree,1,2141,3,Male,49,3,2,Developer,1,Single,9729,23639,2,Y,Yes,21,3,3,80,2,9,1,4,4,3,1,3
49,No,Travel_Frequently,524,Research & Development,28,1,Medical,1,2142,3,Female,63,3,2,Marketing Executive,3,Married,14625,9796,5,Y,Yes,13,2,2,80,0,15,3,3,13,11,8,13
34,No,Travel_Frequently,483,Research & Development,5,2,Medical,1,2143,3,Male,70,4,1,Tester,4,Single,8349,11983,8,Y,Yes,18,3,1,80,1,12,6,4,3,3,1,2
45,No,Travel_Rarely,924,Sales,18,2,Other,1,2144,2,Male,64,3,1,Account Manager,3,Divorced,10403,4423,6,Y,No,22,5,4,80,3,19,4,3,15,13,1,13
35,No,Travel_Rarely,736,Research & Development,23,5,Other,1,2145,4,Female,86,3,4,Engineer,4,Married,11450,13893,3,Y,Yes,24,3,3,80,1,20,3,4,13,10,2,11
26,No,Travel_Rarely,642,Research & Development,2,3,Human Resources,1,2146,2,Female,56,1,1,Engineer,1,Single,6178,8640,5,Y,No,22,3,4,80,1,6,0,1,6,4,5,6
49,No,Travel_Rarely,112,Sales,22,2,Life Sciences,1,2147,1,Female,47,2,3,Sales Executive,3,Married,8878,10543,9,Y,Yes,13,5,4,80,0,13,0,4,11,10,0,9
35,No,Travel_Frequently,170,Sales,9,2,Marketing,1,2148,2,Female,50,2,4,Account Manager,4,Married,9329,24916,8,Y,No,23,4,4,80,1,11,4,2,4,4,1,4
49,No,Travel_Rarely,1174,Research & Development,16,2,Medical,1,2149,3,Female,47,3,1,SEO Analyst,1,Married,7829,3170,0,Y,Yes,16,3,4,80,0,20,2,4,14,14,1,13
24,No,Travel_Frequently,676,Research & Development,20,1,Life Sciences,1,2150,1,Male,56,3,3,Software Engineer,1,Single,3896,5146,1,Y,Yes,20,5,3,80,2,1,1,4,1,0,0,0
38,No,Travel_Rarely,656,Research & Development,21,2,Other,1,2151,2,Male,57,3,3,HR Executive,2,Divorced,12748,16416,0,Y,Yes,20,2,2,80,2,8,5,1,5,5,2,4
59,No,Travel_Rarely,724,Research & Development,17,3,Marketing,1,2152,4,Female,44,4,2,Developer,4,Single,9962,15467,4,Y,No,12,4,4,80,0,9,3,3,5,4,1,4
36,No,Travel_Frequently,664,Research & Development,16,2,Human Resources,1,2153,3,Female,74,2,2,Tester,3,Married,14163,23783,4,Y,Yes,24,3,1,80,1,13,4,4,9,6,6,9
31,No,Non-Travel,540,Research & Development,29,2,Life Sciences,1,2154,1,Female,76,2,1,Auditor,3,Single,10781,5237,0,Y,No,12,3,1,80,2,12,1,3,8,5,2,8
34,No,Travel_Rarely,1405,Research & Development,1,3,Technical Degree,1,2155,2,Other,65,2,1,Recruitment Specialist,1,Married,4347,2966,0,Y,Yes,13,3,2,80,1,18,6,3,15,15,3,13
23,No,Travel_Rarely,243,Research & Development,25,4,Human Resources,1,2156,1,Female,48,4,3,Recruitment Specialist,2,Single,8390,9727,7,Y,No,13,1,4,80,1,16,3,3,8,7,1,7
58,No,Non-Travel,879,Research & Development,5,3,Medical,1,2157,1,Female,74,3,2,HR Manager,2,Married,9998,20306,7,Y,Yes,18,3,1,80,2,5,3,2,5,4,4,4
38,No,Travel_Rarely,371,Research & Development,28,3,Human Resources,1,2158,2,Female,86,1,1,Data Analyst,2,Single,6802,20635,0,Y,No,12,2,3,80,3,14,2,4,8,5,5,7
40,No,Non-Travel,1470,Research & Development,27,3,Human Resources,1,2159,3,Male,58,2,5,Tester,1,Married,12648,22953,9,Y,No,12,2,1,80,0,14,1,4,14,12,8,12
45,No,Travel_Rarely,1175,Sales,19,3,Marketing,1,2160,2,Female,45,2,4,Business Development,1,Single,8626,10935,9,Y,Yes,18,3,4,80,0,12,3,3,10,9,8,9
58,No,Travel_Rarely,694,Research & Development,18,1,Medical,1,2161,4,Male,51,4,1,Cybersecurity Specialist,4,Single,9813,11986,6,Y,Yes,23,4,4,80,2,16,2,2,7,7,6,6
33,No,Travel_Rarely,687,Research & Development,26,4,Other,1,2162,4,Female,84,2,4,Financial Analyst,3,Married,13977,12158,3,Y,Yes,23,3,4,80,0,5,0,3,1,1,0,0
24,No,Travel_Rarely,465,Research & Development,23,2,Marketing,1,2163,3,Female,41,3,1,Support Engineer,3,Married,7745,23876,0,Y,Yes,24,3,4,80,2,19,6,3,12,12,7,11
34,No,Travel_Rarely,763,Sales,20,3,Human Resources,1,2164,1,Female,45,2,2,Sales Executive,4,Married,6539,22645,3,Y,Yes,15,3,1,80,0,13,2,4,7,6,4,5
53,Yes,Travel_Rarely,1237,Research & Development,3,4,Life Sciences,1,2165,3,Male,84,3,3,Accountant,4,Married,4253,2796,7,Y,Yes,19,3,3,80,0,17,1,1,11,8,4,9
48,No,Travel_Rarely,669,Research & Development,18,3,Technical Degree,1,2166,3,Female,76,4,1,Software Engineer,1,Divorced,8733,16443,1,Y,No,17,4,4,80,1,12,6,2,8,8,4,7
57,No,Travel_Frequently,552,Research & Development,11,4,Technical Degree,1,2167,1,Male,56,2,2,Tester,3,Single,14946,18276,8,Y,No,17,4,4,80,0,12,2,4,3,2,2,2
28,No,Travel_Frequently,868,Sales,11,3,Marketing,1,2168,2,Female,40,2,2,Sales Executive,3,Married,12256,21376,6,Y,No,23,3,2,80,0,15,6,2,9,8,5,7
54,No,Travel_Frequently,554,Research & Development,11,4,Life Sciences,1,2169,1,Female,44,2,3,Marketing Executive,3,Single,7576,25797,4,Y,Yes,17,5,1,80,1,17,0,1,8,7,0,6
25,No,Travel_Rarely,595,Research & Development,10,4,Technical Degree,1,2170,3,Male,82,2,2,HR Executive,1,Married,15306,15276,7,Y,No,15,3,3,80,0,4,0,2,2,2,0,0
25,No,Travel_Rarely,1469,Research & Development,10,5,Life Sciences,1,2171,4,Female,62,3,2,HR Executive,1,Single,14030,14013,6,Y,Yes,18,3,3,80,0,9,1,2,6,5,2,6
51,No,Travel_Frequently,699,Research & Development,4,4,Other,1,2172,2,Female,51,2,3,Tester,4,Married,14932,24233,8,Y,Yes,18,3,3,80,0,7,4,4,4,1,1,2
29,No,Travel_Frequently,288,Research & Development,9,4,Other,1,2173,2,Female,94,3,3,Marketing Executive,1,Divorced,3234,21274,9,Y,No,13,3,2,80,1,4,2,4,3,3,2,1
52,No,Travel_Rarely,1331,Research & Development,10,3,Marketing,1,2174,1,Female,87,3,2,Cybersecurity Specialist,1,Married,5523,22837,5,Y,Yes,20,3,1,80,3,15,1,2,11,11,8,9
53,No,Travel_Rarely,583,Research & Development,13,3,Medical,1,2175,1,Female,56,1,2,Auditor,3,Divorced,9670,25065,8,Y,No,24,3,4,80,0,14,3,3,6,3,3,5
23,No,Travel_Rarely,1192,Research & Development,23,2,Life Sciences,1,2176,3,Female,41,3,1,Accountant,3,Married,14855,10806,0,Y,No,18,3,1,80,1,11,2,4,10,8,6,8
50,No,Travel_Rarely,1192,Research & Development,1,3,Life Sciences,1,2177,2,Female,89,3,1,Employee Relations,4,Divorced,9005,22603,2,Y,Yes,15,5,2,80,1,13,0,4,13,10,7,12
32,No,Travel_Rarely,1175,Research & Development,16,5,Medical,1,2178,2,Male,62,1,5,Helpdesk,1,Divorced,7458,13208,0,Y,Yes,23,4,4,80,0,24,2,2,15,12,9,14
49,No,Travel_Frequently,718,Research & Development,19,3,Human Resources,1,2179,1,Male,95,2,1,Helpdesk,3,Married,6773,24911,3,Y,No,23,3,2,80,0,16,1,2,9,8,1,8
23,No,Travel_Rarely,657,Research & Development,12,4,Human Resources,1,2180,1,Female,38,3,1,Content Strategist,3,Married,6654,2923,6,Y,Yes,13,1,3,80,0,6,4,4,2,2,0,1
46,No,Travel_Rarely,244,Research & Development,5,4,Human Resources,1,2181,4,Male,55,2,2,Auditor,4,Married,3299,4751,0,Y,No,19,3,2,80,1,13,4,3,10,10,2,8
50,No,Travel_Rarely,588,Sales,23,2,Marketing,1,2182,3,Female,74,3,3,Business Development,3,Married,10910,17314,2,Y,Yes,14,3,4,80,3,12,5,4,10,9,7,10
29,No,Travel_Frequently,696,Sales,5,2,Human Resources,1,2183,4,Male,84,3,3,Business Development,4,Single,15122,7522,3,Y,Yes,25,4,4,80,1,16,3,3,10,9,5,9
46,No,Travel_Rarely,1153,Research & Development,25,2,Marketing,1,2184,3,Male,81,2,3,Cybersecurity Specialist,3,Divorced,10639,11299,2,Y,No,16,4,2,80,0,11,1,4,5,3,2,3
22,Yes,Travel_Rarely,461,Sales,7,2,Medical,1,2185,4,Male,38,3,5,Business Development,4,Divorced,4533,10805,8,Y,Yes,24,4,1,80,0,14,5,4,6,6,2,4
23,No,Travel_Rarely,960,Research & Development,12,3,Life Sciences,1,2186,2,Male,36,4,1,Engineer,4,Divorced,7760,22142,5,Y,No,20,3,1,80,3,7,2,3,4,1,0,4
24,No,Travel_Frequently,778,Research & Development,14,5,Technical Degree,1,2187,1,Female,86,1,2,Tester,4,Single,13659,25379,9,Y,No,13,4,1,80,0,9,0,3,7,4,2,7
45,No,Travel_Rarely,348,Research & Development,1,4,Technical Degree,1,2188,3,Female,86,2,4,Cybersecurity Specialist,2,Single,3203,21503,5,Y,No,21,1,3,80,1,7,2,2,2,0,0,1
33,No,Travel_Rarely,810,Sales,6,3,Marketing,1,2189,2,Male,66,2,2,Account Manager,2,Married,3805,26342,8,Y,No,24,3,3,80,0,12,6,3,7,6,2,7
59,No,Travel_Rarely,1160,Sales,18,1,Marketing,1,2190,3,Female,59,3,4,Account Manager,1,Divorced,7773,13604,7,Y,No,13,2,3,80,0,6,2,3,2,0,0,2
55,No,Travel_Rarely,1066,Research & Development,6,2,Other,1,2191,2,Female,80,3,1,Financial Analyst,1,Divorced,14247,21422,5,Y,Yes,25,4,3,80,0,2,0,3,1,0,0,0
43,No,Travel_Rarely,114,Research & Development,19,3,Life Sciences,1,2192,3,Female,76,2,2,Financial Analyst,3,Single,5298,4436,7,Y,Yes,15,4,1,80,3,12,3,3,11,8,0,9
29,No,Travel_Frequently,544,Sales,12,2,Medical,1,2193,1,Female,83,2,4,Business Development,2,Married,8539,6650,8,Y,Yes,21,3,1,80,2,9,5,3,5,2,4,5
22,No,Travel_Rarely,1216,Research & Development,18,2,Life Sciences,1,2194,2,Male,52,3,1,HR Manager,4,Married,13209,16030,3,Y,Yes,22,3,2,80,0,4,4,4,2,1,1,2
51,No,Travel_Frequently,877,Research & Development,3,3,Other,1,2195,1,Female,87,3,4,Engineer,1,Married,11881,17225,4,Y,Yes,13,5,3,80,0,10,6,3,8,8,3,6
22,No,Travel_Rarely,887,Research & Development,11,2,Marketing,1,2196,1,Female,85,3,1,HR Manager,1,Single,9239,12340,5,Y,Yes,11,3,2,80,1,21,5,4,12,10,1,12
52,No,Travel_Rarely,733,Research & Development,26,4,Life Sciences,1,2197,2,Other,60,3,1,Recruitment Specialist,4,Single,9850,15965,6,Y,Yes,12,3,3,80,0,19,4,3,12,10,3,11
38,No,Travel_Rarely,336,Research & Development,4,2,Marketing,1,2198,3,Female,97,2,2,Developer,4,Single,9090,10731,9,Y,No,16,3,4,80,1,12,5,3,12,10,3,10
33,No,Travel_Rarely,809,Sales,13,1,Technical Degree,1,2199,3,Female,91,2,1,Sales Executive,2,Married,11731,19993,4,Y,No,23,3,3,80,2,12,6,4,8,6,3,8
25,No,Travel_Rarely,731,Sales,1,1,Life Sciences,1,2200,2,Male,89,2,1,Business Development,4,Divorced,9900,8893,4,Y,Yes,12,5,3,80,1,5,5,2,1,0,0,1
30,No,Travel_Frequently,1187,Research & Development,20,2,Medical,1,2201,2,Female,66,3,1,Content Strategist,1,Married,13308,16078,9,Y,No,24,3,1,80,2,12,2,3,4,3,3,3
45,No,Travel_Frequently,403,Research & Development,6,3,Technical Degree,1,2202,4,Male,63,3,2,Content Lead,1,Married,14428,20963,4,Y,No,20,2,4,80,2,14,5,1,14,14,0,13
54,No,Travel_Rarely,325,Research & Development,21,3,Medical,1,2203,1,Female,30,3,2,Engineer,2,Divorced,3809,19987,6,Y,No,18,2,3,80,1,9,6,3,9,8,8,7
57,No,Travel_Rarely,402,Research & Development,29,3,Medical,1,2204,2,Female,70,3,4,Cybersecurity Specialist,3,Married,9710,23357,9,Y,Yes,16,1,4,80,2,7,1,3,5,4,1,4
50,No,Travel_Rarely,291,Research & Development,14,3,Marketing,1,2205,2,Female,73,3,4,Support Engineer,2,Married,13704,20370,9,Y,Yes,25,3,2,80,0,17,4,3,12,12,6,12
27,No,Travel_Rarely,1446,Research & Development,21,3,Medical,1,2206,2,Male,64,2,3,SEO Analyst,1,Married,13490,7662,2,Y,Yes,16,4,2,80,0,19,6,2,11,10,1,10
26,No,Non-Travel,1396,Research & Development,9,3,Other,1,2207,1,Other,56,2,3,Accountant,2,Single,10182,5249,9,Y,No,21,3,1,80,1,19,5,2,10,10,2,10
23,No,Travel_Frequently,534,Research & Development,9,1,Human Resources,1,2208,1,Male,50,4,1,Engineer,3,Married,11237,7587,7,Y,Yes,21,5,3,80,0,19,3,3,13,12,7,11
33,No,Travel_Rarely,805,Research & Development,25,3,Medical,1,2209,1,Male,52,3,2,Financial Analyst,1,Divorced,3934,21498,9,Y,No,16,4,1,80,0,15,3,2,6,5,3,5
23,No,Travel_Frequently,1249,Research & Development,7,4,Life Sciences,1,2210,1,Female,70,3,1,HR Executive,4,Divorced,5997,4904,3,Y,No,15,3,2,80,0,11,0,4,3,1,0,2
46,Yes,Travel_Rarely,303,Sales,29,4,Other,1,2211,4,Male,79,1,2,Business Development,1,Single,5761,10751,3,Y,Yes,25,3,3,80,2,6,1,2,5,5,4,5
44,No,Travel_Frequently,943,Sales,15,3,Marketing,1,2212,4,Male,51,3,2,Sales Executive,4,Single,12620,26275,5,Y,Yes,23,3,4,80,3,18,4,3,14,11,4,14
26,Yes,Non-Travel,638,Sales,10,2,Marketing,1,2213,2,Female,69,3,3,Business Development,1,Married,4245,6840,7,Y,Yes,12,2,1,80,1,12,1,3,12,9,6,10
32,No,Travel_Rarely,1213,Research & Development,9,2,Other,1,2214,1,Male,31,3,3,HR Manager,3,Married,9515,8260,8,Y,No,16,3,3,80,3,20,4,3,13,11,0,13
56,No,Travel_Rarely,726,Sales,29,5,Human Resources,1,2215,2,Male,71,1,1,Account Manager,4,Single,8787,21434,0,Y,No,23,3,2,80,2,15,0,2,13,11,2,11
22,No,Non-Travel,139,Sales,28,2,Marketing,1,2216,1,Male,59,2,1,Business Development,1,Married,10033,4843,1,Y,No,18,3,4,80,0,19,1,3,13,11,1,11
31,No,Travel_Rarely,259,Research & Development,24,2,Marketing,1,2217,2,Female,73,2,1,Recruitment Specialist,4,Married,14941,5550,9,Y,Yes,25,3,3,80,1,1,1,2,1,0,0,0
59,No,Travel_Rarely,1223,Sales,24,2,Technical Degree,1,2218,3,Other,39,4,4,Account Manager,1,Married,3171,4680,5,Y,Yes,21,3,3,80,1,13,4,3,8,6,2,8
54,No,Travel_Rarely,1424,Research & Development,15,2,Technical Degree,1,2219,1,Female,92,4,2,Software Engineer,3,Divorced,5189,20120,6,Y,No,22,3,1,80,0,19,2,2,11,9,9,11
46,No,Travel_Frequently,969,Research & Development,21,2,Technical Degree,1,2220,2,Male,53,3,1,Auditor,2,Married,6345,9416,9,Y,No,21,3,4,80,0,19,4,3,15,15,5,15
38,No,Travel_Rarely,1367,Sales,9,3,Human Resources,1,2221,2,Female,35,3,1,Account Manager,3,Married,15282,15000,4,Y,Yes,25,2,1,80,2,12,1,1,6,4,2,5
41,No,Travel_Rarely,435,Research & Development,24,3,Other,1,2222,1,Male,74,1,2,Financial Analyst,2,Divorced,14442,13424,4,Y,Yes,20,3,4,80,0,18,0,4,12,12,5,11
56,No,Travel_Frequently,648,Sales,7,4,Marketing,1,2223,1,Female,47,1,1,Business Development,1,Married,11007,21685,5,Y,No,17,3,3,80,3,9,0,4,2,0,1,1
42,No,Non-Travel,242,Research & Development,24,1,Marketing,1,2224,4,Male,45,1,2,Auditor,3,Married,8647,15269,5,Y,No,24,4,4,80,1,8,2,3,4,3,0,2
50,No,Travel_Rarely,1454,Research & Development,25,2,Marketing,1,2225,2,Female,69,3,2,HR Executive,3,Married,6514,16506,3,Y,No,13,2,3,80,0,7,2,4,4,3,1,3
50,No,Travel_Rarely,599,Research & Development,23,3,Medical,1,2226,3,Male,45,2,1,Developer,2,Married,13886,15296,9,Y,Yes,16,3,2,80,0,9,1,4,9,8,5,8
28,No,Travel_Frequently,364,Research & Development,25,3,Marketing,1,2227,4,Other,99,3,1,Cybersecurity Specialist,3,Married,4281,17104,6,Y,Yes,18,3,2,80,1,16,2,3,9,8,1,8
54,No,Travel_Rarely,1205,Research & Development,8,3,Marketing,1,2228,1,Male,42,3,1,HR Manager,2,Divorced,5059,5408,8,Y,No,17,2,2,80,0,10,0,3,5,5,2,4
29,No,Travel_Frequently,836,Research & Development,2,4,Other,1,2229,3,Female,97,4,2,Data Analyst,2,Divorced,15103,3480,1,Y,No,11,3,1,80,0,12,1,2,12,10,3,10
40,No,Travel_Rarely,1260,Sales,3,1,Life Sciences,1,2230,2,Female,79,4,1,Business Development,2,Single,11835,13657,7,Y,Yes,22,3,4,80,1,7,5,3,3,3,1,1
45,No,Travel_Rarely,931,Research & Development,22,4,Life Sciences,1,2231,4,Female,58,4,4,Employee Relations,3,Married,5216,22625,9,Y,No,17,3,2,80,1,10,5,3,1,1,0,1
39,No,Non-Travel,1164,Research & Development,22,3,Marketing,1,2232,4,Male,87,3,2,Employee Relations,4,Single,9107,23768,9,Y,No,14,2,4,80,2,7,2,3,6,6,2,6
25,No,Travel_Rarely,135,Sales,23,2,Medical,1,2233,2,Male,36,3,2,Account Manager,1,Married,10057,11464,5,Y,Yes,21,3,1,80,1,13,0,2,8,5,2,6
31,No,Travel_Rarely,1031,Sales,2,4,Medical,1,2234,3,Male,34,3,2,Business Development,3,Single,12830,13260,2,Y,No,23,3,2,80,3,1,2,4,1,0,0,0
35,No,Non-Travel,676,Research & Development,28,3,Human Resources,1,2235,1,Female,69,2,1,Content Strategist,4,Single,6272,11740,1,Y,No,20,3,2,80,0,14,0,4,11,8,2,9
28,No,Travel_Rarely,132,Sales,1,2,Human Resources,1,2236,4,Female,33,2,5,Sales Executive,2,Married,6969,13050,9,Y,No,25,4,4,80,0,3,5,4,1,0,0,1
39,No,Travel_Rarely,1246,Research & Development,27,1,Other,1,2237,2,Male,36,4,5,Support Engineer,4,Single,5420,7217,9,Y,Yes,23,2,2,80,1,20,1,4,15,14,3,14
43,No,Travel_Rarely,1001,Sales,12,2,Marketing,1,2238,1,Female,66,3,1,Sales Executive,4,Single,14443,20819,5,Y,No,13,3,3,80,1,17,0,4,11,8,8,10
47,No,Travel_Frequently,1454,Research & Development,5,3,Technical Degree,1,2239,1,Female,88,2,3,Financial Analyst,1,Married,10030,10746,5,Y,Yes,18,3,3,80,0,11,5,2,7,7,3,5
52,No,Travel_Frequently,1299,Sales,27,2,Medical,1,2240,3,Female,79,2,1,Business Development,4,Married,14022,24238,4,Y,No,12,3,2,80,1,14,3,4,7,6,4,7
46,No,Travel_Rarely,958,Sales,18,2,Technical Degree,1,2241,2,Female,98,2,3,Account Manager,3,Divorced,7248,15470,3,Y,Yes,17,3,3,80,0,4,4,1,2,1,1,0
47,No,Travel_Rarely,552,Research & Development,25,1,Human Resources,1,2242,1,Female,58,2,1,Recruitment Specialist,1,Married,5030,5546,8,Y,No,16,3,1,80,3,5,6,2,3,1,2,3
39,No,Travel_Rarely,173,Research & Development,19,3,Medical,1,2243,1,Other,84,4,1,Support Engineer,1,Divorced,5853,13752,1,Y,No,18,1,1,80,1,3,0,4,2,2,0,1
49,No,Travel_Frequently,1279,Research & Development,28,4,Technical Degree,1,2244,4,Female,96,3,2,Marketing Executive,1,Married,13283,7144,3,Y,Yes,14,2,4,80,0,14,3,3,6,3,3,5
59,No,Travel_Rarely,974,Sales,2,4,Marketing,1,2245,1,Male,59,2,2,Business Development,2,Single,12878,6311,0,Y,No,12,3,3,80,0,16,2,3,13,13,1,11
53,No,Non-Travel,1149,Research & Development,28,2,Technical Degree,1,2246,2,Male,49,2,1,Data Analyst,2,Married,13875,11291,9,Y,No,19,3,2,80,2,14,5,4,13,13,6,12
39,No,Travel_Rarely,789,Research & Development,16,4,Human Resources,1,2247,4,Male,96,4,2,Auditor,1,Married,8165,7972,3,Y,Yes,13,2,3,80,2,14,5,3,8,8,2,6
57,No,Travel_Rarely,1177,Research & Development,28,3,Medical,1,2248,3,Female,90,4,1,Content Strategist,1,Married,8348,13536,7,Y,No,13,3,3,80,1,15,4,2,8,7,2,8
39,No,Travel_Rarely,305,Research & Development,23,4,Medical,1,2249,4,Female,73,2,2,HR Executive,2,Divorced,11961,16273,9,Y,No,15,2,4,80,0,17,0,2,15,14,0,13
53,No,Travel_Rarely,1316,Sales,6,3,Medical,1,2250,3,Female,85,3,1,Account Manager,2,Single,4970,9835,2,Y,No,24,2,1,80,0,9,0,4,1,0,0,1
36,No,Travel_Rarely,1152,Sales,24,3,Marketing,1,2251,2,Male,89,4,4,Account Manager,2,Married,6124,2712,2,Y,No,19,3,2,80,2,14,1,4,11,8,8,9
43,No,Travel_Rarely,367,Research & Development,25,4,Medical,1,2252,3,Male,70,3,1,Developer,2,Married,9902,19475,5,Y,Yes,23,2,1,80,1,15,0,4,9,6,4,7
27,No,Travel_Rarely,1192,Sales,3,1,Technical Degree,1,2253,3,Male,69,3,4,Business Development,2,Divorced,14169,22548,1,Y,No,11,4,3,80,2,19,4,4,11,8,9,11
46,No,Travel_Rarely,131,Sales,8,3,Life Sciences,1,2254,3,Female,79,3,1,Business Development,2,Married,6857,6976,3,Y,No,14,2,3,80,2,14,2,3,8,8,0,7
52,No,Travel_Rarely,1389,Research & Development,4,4,Other,1,2255,3,Male,39,1,1,Helpdesk,3,Single,14767,8668,4,Y,Yes,20,3,2,80,0,13,1,3,9,6,0,9
32,No,Travel_Rarely,232,Research & Development,18,4,Other,1,2256,3,Male,46,2,2,Support Engineer,2,Divorced,5873,11300,7,Y,Yes,14,3,4,80,0,22,4,3,13,11,0,11
28,No,Travel_Frequently,382,Sales,20,5,Life Sciences,1,2257,4,Female,44,3,2,Business Development,4,Divorced,9341,26209,3,Y,No,12,3,2,80,1,14,6,3,14,13,8,13
25,No,Travel_Rarely,266,Research & Development,4,3,Other,1,2258,1,Female,82,4,2,Auditor,4,Single,4798,19544,4,Y,Yes,25,2,1,80,0,14,0,3,13,13,7,13
48,No,Travel_Rarely,115,Research & Development,8,2,Marketing,1,2259,4,Male,80,3,1,HR Manager,1,Single,14904,9001,3,Y,No,23,4,2,80,2,15,5,4,9,9,5,9
25,No,Travel_Frequently,1373,Sales,26,1,Technical Degree,1,2260,4,Female,95,2,1,Account Manager,4,Divorced,8920,2745,2,Y,Yes,18,4,4,80,0,15,4,4,11,8,9,10
46,No,Travel_Rarely,713,Research & Development,24,3,Other,1,2261,2,Male,55,3,1,Software Engineer,4,Married,14722,10491,5,Y,Yes,11,2,2,80,1,20,4,2,12,12,5,11
25,No,Travel_Rarely,736,Research & Development,29,3,Marketing,1,2262,1,Female,67,3,4,Cybersecurity Specialist,3,Single,10894,6634,8,Y,Yes,25,3,3,80,0,8,5,4,6,5,5,6
42,No,Non-Travel,309,Sales,7,2,Life Sciences,1,2263,1,Female,59,2,3,Sales Executive,2,Married,4473,7288,5,Y,Yes,20,3,3,80,0,11,2,4,3,3,0,3
35,No,Travel_Frequently,694,Sales,20,2,Other,1,2264,2,Male,84,2,3,Business Development,2,Married,13128,13831,6,Y,Yes,16,4,3,80,0,10,5,4,1,0,0,0
33,No,Travel_Rarely,308,Research & Development,18,3,Medical,1,2265,1,Female,38,3,1,Auditor,4,Divorced,5431,7469,7,Y,No,17,3,2,80,0,16,6,2,11,8,9,11
48,Yes,Travel_Rarely,625,Research & Development,1,4,Life Sciences,1,2266,3,Male,45,2,3,SEO Analyst,2,Single,4646,16891,0,Y,Yes,22,3,4,80,0,17,5,2,8,6,2,7
53,No,Travel_Rarely,396,Research & Development,27,5,Life Sciences,1,2267,1,Male,53,2,3,Financial Analyst,2,Married,13929,13273,6,Y,Yes,21,3,4,80,1,19,0,4,10,9,2,10
43,No,Travel_Rarely,685,Research & Development,18,4,Life Sciences,1,2268,2,Male,49,2,1,Employee Relations,1,Single,10947,3439,7,Y,Yes,21,3,2,80,0,5,3,3,3,2,1,2
53,No,Travel_Rarely,572,Sales,2,4,Marketing,1,2269,4,Other,91,3,1,Account Manager,1,Single,6740,6677,6,Y,No,13,3,4,80,0,13,5,2,13,13,6,11
38,No,Travel_Rarely,271,Research & Development,19,3,Human Resources,1,2270,1,Female,81,3,3,Auditor,3,Single,6825,3751,0,Y,Yes,23,3,3,80,1,16,1,2,7,6,4,6
50,No,Travel_Frequently,940,Research & Development,10,5,Marketing,1,2271,3,Female,81,3,2,Data Analyst,1,Divorced,11576,7672,1,Y,Yes,22,1,4,80,2,21,5,2,13,13,7,12
46,No,Travel_Rarely,1395,Research & Development,21,3,Human Resources,1,2272,2,Male,72,1,2,Tester,2,Single,8838,12227,3,Y,No,20,1,4,80,2,12,5,2,10,10,4,9
36,No,Travel_Frequently,1249,Research & Development,1,4,Marketing,1,2273,1,Female,39,2,1,SEO Specialist,2,Married,8917,16349,4,Y,No,22,3,4,80,2,7,2,3,6,6,3,6
33,No,Travel_Rarely,635,Research & Development,21,4,Other,1,2274,4,Female,95,2,1,Developer,3,Married,14070,3177,8,Y,No,22,3,2,80,3,3,6,2,3,0,1,3
59,No,Travel_Rarely,376,Research & Development,7,4,Other,1,2275,3,Female,94,1,2,Auditor,4,Married,15158,20019,8,Y,No,15,3,3,80,0,9,1,4,6,5,2,6
53,No,Travel_Rarely,604,Research & Development,28,3,Other,1,2276,2,Female,44,2,2,Developer,3,Married,4414,2676,1,Y,Yes,20,4,2,80,1,18,6,2,12,12,1,11
46,No,Travel_Frequently,581,Research & Development,14,1,Life Sciences,1,2277,2,Male,79,2,2,Cybersecurity Specialist,2,Married,9632,10419,6,Y,Yes,12,3,3,80,0,5,5,4,3,1,2,3
21,No,Travel_Rarely,1034,Research & Development,1,2,Medical,1,2278,3,Female,70,3,3,Developer,4,Single,4467,9361,2,Y,No,22,3,1,80,3,22,0,4,13,13,6,13
58,Yes,Travel_Rarely,1286,Research & Development,4,1,Technical Degree,1,2279,2,Female,89,3,3,Employee Relations,1,Single,4819,24812,7,Y,Yes,22,3,4,80,0,20,5,4,15,15,7,14
22,No,Travel_Rarely,1053,Research & Development,11,2,Human Resources,1,2280,2,Female,62,2,1,HR Executive,3,Married,6310,15267,8,Y,Yes,24,3,2,80,0,15,5,3,13,12,4,12
26,No,Non-Travel,365,Research & Development,2,2,Marketing,1,2281,4,Male,81,2,1,Cybersecurity Specialist,4,Divorced,12604,20281,3,Y,No,25,4,4,80,3,22,1,3,14,14,0,14
58,No,Travel_Rarely,417,Research & Development,8,2,Other,1,2282,1,Male,67,2,1,Helpdesk,3,Single,9416,15687,1,Y,Yes,16,1,1,80,2,15,4,2,9,8,2,9
44,No,Travel_Rarely,1221,Research & Development,18,3,Medical,1,2283,3,Male,93,2,1,SEO Analyst,1,Single,7316,19639,9,Y,No,24,2,3,80,0,18,4,4,13,10,3,13
38,No,Travel_Rarely,863,Sales,17,3,Technical Degree,1,2284,1,Female,39,2,4,Account Manager,4,Married,14967,5315,8,Y,No,13,3,1,80,0,4,4,3,1,0,0,0
47,No,Travel_Rarely,699,Research & Development,14,2,Medical,1,2285,4,Female,79,1,1,Software Engineer,3,Single,14314,17030,1,Y,No,25,3,2,80,2,16,6,1,13,12,9,13
28,Yes,Travel_Rarely,1243,Research & Development,18,3,Other,1,2286,1,Female,92,3,4,Data Analyst,1,Divorced,3770,18648,1,Y,Yes,22,1,4,80,0,11,3,2,8,6,4,7
48,No,Travel_Rarely,661,Research & Development,10,3,Human Resources,1,2287,4,Female,88,4,1,Employee Relations,2,Single,6690,9070,8,Y,No,11,3,1,80,2,9,4,1,5,3,4,5
30,No,Travel_Frequently,1164,Research & Development,20,3,Human Resources,1,2288,1,Male,41,3,1,Engineer,4,Married,9802,19876,5,Y,No,13,3,3,80,3,15,4,4,15,13,3,13
37,No,Travel_Rarely,1170,Research & Development,21,4,Technical Degree,1,2289,3,Female,87,1,1,Financial Analyst,1,Single,13384,21554,4,Y,Yes,19,3,1,80,0,10,0,2,4,2,3,2
49,No,Travel_Rarely,588,Research & Development,18,2,Technical Degree,1,2290,2,Female,38,3,1,Recruitment Specialist,3,Married,4348,22060,5,Y,No,22,3,4,80,0,9,4,4,1,0,0,0
26,Yes,Travel_Rarely,781,Research & Development,20,2,Other,1,2291,3,Male,78,3,1,Auditor,2,Married,6567,23427,8,Y,Yes,17,1,3,80,0,14,6,3,9,7,0,9
34,No,Travel_Rarely,1017,Research & Development,23,3,Other,1,2292,2,Male,90,4,1,Marketing Executive,3,Divorced,6127,9325,0,Y,Yes,14,2,3,80,0,14,3,4,13,12,9,12
42,Yes,Travel_Rarely,366,Research & Development,5,2,Human Resources,1,2293,3,Male,80,2,2,Helpdesk,4,Married,2918,16412,6,Y,Yes,23,3,4,80,1,15,6,3,9,7,8,8
26,No,Travel_Rarely,1235,Research & Development,8,3,Human Resources,1,2294,2,Male,74,3,1,Cybersecurity Specialist,1,Single,11666,10586,7,Y,No,24,3,1,80,1,15,3,4,13,10,9,13
46,No,Travel_Rarely,110,Research & Development,10,3,Life Sciences,1,2295,1,Female,96,1,4,HR Executive,3,Single,7967,10472,3,Y,No,22,4,3,80,1,10,2,2,5,3,3,5
59,No,Travel_Rarely,113,Research & Development,25,2,Technical Degree,1,2296,1,Female,47,3,2,Content Lead,3,Married,10186,8809,7,Y,Yes,17,2,4,80,0,22,3,2,14,12,1,14
32,No,Travel_Rarely,580,Research & Development,1,2,Technical Degree,1,2297,2,Male,90,1,4,Support Engineer,1,Married,11659,22105,9,Y,No,23,4,3,80,0,20,4,3,11,11,8,11
55,No,Travel_Rarely,831,Research & Development,17,2,Human Resources,1,2298,1,Female,79,2,1,Engineer,4,Single,6423,2588,0,Y,No,16,3,2,80,0,16,6,4,9,9,3,8
34,No,Travel_Rarely,442,Sales,19,3,Marketing,1,2299,4,Female,43,4,1,Account Manager,4,Single,15194,9839,7,Y,Yes,24,3,3,80,1,20,1,2,15,15,3,13
42,No,Travel_Rarely,860,Research & Development,24,3,Life Sciences,1,2300,3,Male,39,3,3,Marketing Executive,4,Single,11551,16901,2,Y,No,23,3,1,80,2,19,2,3,10,9,5,8
43,No,Travel_Rarely,1196,Research & Development,17,2,Marketing,1,2301,3,Male,35,4,2,Data Analyst,2,Single,11109,10860,3,Y,Yes,20,3,3,80,1,18,3,3,14,12,7,13
27,No,Travel_Rarely,1184,Research & Development,10,2,Human Resources,1,2302,3,Female,32,3,4,Tester,2,Married,10390,3698,7,Y,Yes,23,3,2,80,3,12,2,4,9,6,4,9
45,No,Travel_Rarely,1102,Research & Development,18,1,Life Sciences,1,2303,2,Female,31,3,1,Auditor,4,Married,10851,7235,7,Y,Yes,12,3,3,80,0,14,6,3,7,7,3,7
33,No,Travel_Rarely,379,Research & Development,1,1,Life Sciences,1,2304,2,Male,30,3,1,HR Executive,3,Divorced,4199,24139,1,Y,No,12,3,3,80,2,13,0,4,8,7,7,7
41,No,Travel_Rarely,1150,Research & Development,17,4,Human Resources,1,2305,3,Female,81,3,4,Support Engineer,1,Married,10571,13476,8,Y,Yes,21,3,4,80,0,8,4,2,1,0,0,0
30,No,Travel_Frequently,390,Research & Development,28,1,Other,1,2306,2,Female,42,3,3,Tester,3,Married,4733,19291,3,Y,Yes,20,3,4,80,2,12,6,4,4,4,0,2
29,No,Travel_Rarely,1112,Research & Development,13,3,Medical,1,2307,4,Male,61,1,3,Engineer,2,Single,12247,15292,5,Y,No,24,3,3,80,3,13,4,4,10,7,3,9
35,No,Travel_Frequently,1063,Research & Development,25,4,Medical,1,2308,4,Female,54,2,1,Content Strategist,1,Married,11014,22655,7,Y,No,21,3,4,80,1,19,5,3,10,9,0,10
22,No,Travel_Rarely,121,Research & Development,28,1,Technical Degree,1,2309,3,Female,67,2,1,Engineer,3,Married,8444,24514,3,Y,Yes,13,4,4,80,0,16,5,4,15,14,2,14
45,No,Travel_Rarely,622,Research & Development,10,3,Human Resources,1,2310,1,Male,34,2,2,Financial Analyst,4,Single,14438,24790,7,Y,Yes,21,4,4,80,1,10,2,2,4,1,2,3
33,No,Non-Travel,735,Research & Development,1,5,Other,1,2311,1,Male,47,3,5,Data Analyst,3,Single,4891,21142,6,Y,No,16,5,3,80,1,19,3,3,12,12,6,11
54,No,Travel_Frequently,554,Research & Development,20,4,Human Resources,1,2312,1,Male,39,3,4,HR Manager,1,Married,3085,10276,7,Y,Yes,14,2,2,80,1,12,1,2,9,8,0,9
54,No,Travel_Rarely,972,Research & Development,7,3,Other,1,2313,3,Male,82,2,1,Cybersecurity Specialist,3,Single,14388,12804,3,Y,Yes,18,4,3,80,2,4,3,4,3,0,0,3
55,No,Travel_Rarely,1309,Research & Development,28,4,Marketing,1,2314,2,Female,63,3,1,Content Lead,2,Married,10499,15648,1,Y,Yes,17,4,3,80,2,23,2,3,15,15,0,13
58,No,Travel_Frequently,584,Sales,21,4,Human Resources,1,2315,3,Male,59,2,1,Business Development,1,Married,3357,25278,3,Y,No,23,3,4,80,0,14,5,2,12,10,5,11
23,No,Travel_Rarely,709,Research & Development,26,2,Medical,1,2316,3,Male,61,3,3,HR Manager,3,Married,3530,3603,4,Y,No,16,3,3,80,0,12,3,2,10,8,8,10
26,No,Travel_Rarely,175,Research & Development,13,4,Other,1,2317,3,Male,40,3,3,HR Manager,2,Married,4408,8316,3,Y,Yes,18,5,1,80,0,23,2,3,15,12,2,13
39,No,Travel_Rarely,231,Sales,21,3,Human Resources,1,2318,1,Female,59,3,1,Sales Executive,2,Married,11075,14064,7,Y,No,15,5,3,80,1,17,4,4,10,9,5,10
23,No,Travel_Rarely,293,Research & Development,7,3,Marketing,1,2319,1,Male,30,2,2,HR Manager,2,Single,4832,12183,9,Y,No,19,3,4,80,0,4,4,3,1,0,0,0
38,No,Travel_Rarely,1490,Sales,6,5,Technical Degree,1,2320,1,Male,35,3,2,Account Manager,3,Married,11680,18056,4,Y,No,11,3,2,80,0,24,4,2,15,15,3,14
59,No,Travel_Rarely,1444,Sales,22,4,Other,1,2321,3,Other,85,3,2,Business Development,3,Married,10281,14561,8,Y,Yes,14,4,3,80,1,14,2,3,11,9,5,9
29,No,Travel_Rarely,1269,Sales,13,3,Life Sciences,1,2322,2,Female,96,4,2,Account Manager,1,Married,14969,7775,6,Y,No,12,2,2,80,1,5,6,4,5,4,1,4
32,No,Travel_Rarely,453,Research & Development,8,1,Other,1,2323,2,Other,87,3,1,Recruitment Specialist,4,Married,6068,8750,6,Y,No,16,3,1,80,3,7,5,3,7,5,3,6
25,No,Travel_Rarely,855,Sales,16,3,Technical Degree,1,2324,2,Male,48,3,2,Business Development,4,Married,11867,14847,4,Y,Yes,19,5,2,80,2,20,4,2,12,12,6,11
23,No,Travel_Rarely,464,Research & Development,26,3,Marketing,1,2325,2,Female,90,4,3,HR Manager,1,Married,7185,5152,2,Y,Yes,24,4,3,80,0,4,0,4,4,1,3,3
31,No,Travel_Rarely,822,Research & Development,9,3,Human Resources,1,2326,2,Other,91,2,1,Software Engineer,4,Single,10757,9836,7,Y,Yes,24,4,2,80,2,10,6,2,9,8,5,7
50,No,Travel_Frequently,1419,Research & Development,13,5,Medical,1,2327,2,Male,64,3,5,Financial Analyst,4,Divorced,10454,8376,3,Y,Yes,18,3,4,80,2,12,6,3,6,3,0,4
24,No,Travel_Frequently,267,Research & Development,27,4,Other,1,2328,3,Male,72,2,1,Developer,1,Married,12030,7657,2,Y,Yes,19,3,4,80,1,7,1,3,6,5,2,6
25,No,Travel_Rarely,278,Research & Development,2,3,Human Resources,1,2329,4,Male,34,4,2,Tester,1,Married,12089,7065,3,Y,No,16,5,1,80,0,6,2,4,3,0,2,1
21,No,Travel_Rarely,1356,Research & Development,12,1,Other,1,2330,1,Male,75,3,2,Support Engineer,1,Married,8237,23070,0,Y,Yes,21,3,4,80,3,19,5,4,10,7,0,9
47,No,Non-Travel,492,Research & Development,12,3,Life Sciences,1,2331,2,Female,64,3,1,Tester,2,Married,13232,18048,7,Y,No,24,4,3,80,3,11,5,2,10,9,5,10
48,No,Non-Travel,752,Research & Development,26,3,Medical,1,2332,1,Other,65,2,2,Accountant,1,Single,15169,13943,8,Y,No,24,3,1,80,0,7,4,2,5,2,2,3
49,No,Travel_Rarely,356,Research & Development,15,3,Technical Degree,1,2333,4,Other,33,3,4,HR Executive,2,Married,7286,5196,2,Y,No,19,3,3,80,2,15,0,3,10,9,2,9
38,Yes,Travel_Frequently,431,Sales,20,3,Other,1,2334,4,Female,90,1,4,Business Development,3,Married,3722,18641,9,Y,Yes,16,1,1,80,0,12,6,3,6,5,4,6
32,No,Travel_Frequently,237,Research & Development,10,3,Marketing,1,2335,3,Female,31,3,1,Recruitment Specialist,1,Divorced,10382,19076,5,Y,No,15,3,4,80,0,15,3,3,14,12,0,12
33,No,Travel_Rarely,1347,Research & Development,25,2,Technical Degree,1,2336,2,Female,64,2,2,HR Manager,4,Divorced,11964,11934,3,Y,No,13,3,4,80,0,12,1,3,4,3,1,4
22,No,Travel_Rarely,1145,Research & Development,14,2,Life Sciences,1,2337,4,Male,75,2,3,Data Analyst,4,Divorced,5555,2054,8,Y,No,22,2,3,80,1,14,5,2,13,10,1,11
57,No,Travel_Frequently,371,Research & Development,26,3,Other,1,2338,1,Male,33,1,1,Data Analyst,4,Married,8274,26727,1,Y,No,22,3,1,80,1,6,5,4,3,0,2,1
36,No,Travel_Rarely,768,Research & Development,17,2,Life Sciences,1,2339,4,Other,89,2,2,Software Engineer,4,Married,4348,25195,2,Y,Yes,22,3,4,80,0,9,1,4,5,3,2,5
44,No,Travel_Rarely,1281,Research & Development,10,2,Human Resources,1,2340,3,Male,77,2,2,Tester,2,Married,6913,20181,0,Y,Yes,13,3,4,80,0,14,4,3,7,5,6,7
55,No,Travel_Rarely,924,Research & Development,29,2,Human Resources,1,2341,3,Male,33,2,2,Support Engineer,3,Single,3355,4471,6,Y,No,19,2,1,80,0,14,2,4,11,10,7,11
42,No,Travel_Rarely,1188,Sales,24,3,Other,1,2342,4,Male,99,2,1,Account Manager,1,Single,8151,18322,8,Y,No,19,3,2,80,2,6,5,3,6,3,0,5
56,No,Travel_Rarely,1129,Sales,11,1,Human Resources,1,2343,4,Female,80,4,2,Business Development,1,Single,5918,24991,0,Y,No,23,2,2,80,0,8,6,2,2,1,0,1
31,No,Travel_Rarely,190,Research & Development,17,4,Life Sciences,1,2344,2,Male,46,2,1,Cybersecurity Specialist,3,Married,13020,22214,2,Y,Yes,13,1,4,80,1,9,2,4,1,1,0,1
49,No,Travel_Rarely,390,Sales,11,3,Medical,1,2345,4,Male,33,3,1,Sales Executive,4,Married,9383,20038,6,Y,No,13,2,3,80,1,9,0,3,5,2,2,3
55,No,Travel_Rarely,1240,Sales,15,3,Other,1,2346,1,Male,86,2,1,Business Development,1,Married,13921,22673,2,Y,No,15,3,3,80,1,6,2,4,5,5,1,5
35,No,Travel_Rarely,1348,Sales,4,3,Technical Degree,1,2347,2,Male,36,4,2,Sales Executive,3,Married,6536,4300,2,Y,No,11,2,1,80,1,20,4,2,12,9,0,11
51,No,Travel_Frequently,414,Research & Development,25,2,Technical Degree,1,2348,4,Male,77,3,4,HR Executive,4,Single,15378,25799,2,Y,Yes,11,1,2,80,0,14,1,2,12,12,2,12
36,No,Travel_Rarely,483,Research & Development,4,3,Marketing,1,2349,2,Female,62,3,2,Engineer,1,Single,9349,11866,3,Y,No,12,2,3,80,3,7,6,4,6,4,0,6
30,No,Travel_Frequently,625,Research & Development,21,5,Marketing,1,2350,2,Female,97,3,5,Recruitment Specialist,4,Divorced,12965,12862,3,Y,Yes,20,4,2,80,0,6,1,4,3,3,0,2
52,No,Travel_Rarely,1038,Research & Development,15,4,Medical,1,2351,2,Male,85,4,2,Auditor,3,Divorced,9959,2833,7,Y,Yes,16,4,4,80,0,4,1,4,1,0,0,0
22,No,Travel_Rarely,986,Research & Development,14,5,Human Resources,1,2352,3,Female,54,2,3,HR Manager,2,Single,3722,12940,4,Y,No,12,2,3,80,2,24,4,3,15,13,6,13
44,No,Travel_Rarely,761,Research & Development,29,3,Human Resources,1,2353,3,Female,64,3,3,Auditor,4,Married,10523,7330,2,Y,No,12,3,2,80,2,8,3,4,4,1,1,3
43,No,Travel_Rarely,287,Research & Development,9,2,Medical,1,2354,4,Female,68,3,3,Tester,4,Single,7289,6336,9,Y,No,16,4,3,80,2,4,4,2,4,2,1,3
22,No,Travel_Frequently,589,Sales,16,1,Technical Degree,1,2355,3,Female,52,4,3,Business Development,2,Single,9242,20618,4,Y,Yes,19,2,2,80,0,19,1,3,10,7,0,10
58,No,Travel_Rarely,184,Research & Development,24,3,Human Resources,1,2356,4,Male,40,2,2,Software Engineer,3,Married,10636,15917,8,Y,Yes,14,2,1,80,2,2,1,2,2,0,1,0
51,No,Travel_Rarely,219,Research & Development,1,3,Technical Degree,1,2357,1,Male,51,2,2,Engineer,3,Married,5457,5478,5,Y,No,13,2,3,80,2,23,2,2,14,11,2,12
46,No,Travel_Rarely,424,Research & Development,3,2,Life Sciences,1,2358,2,Male,76,3,1,Software Engineer,2,Married,11347,7642,3,Y,Yes,12,5,2,80,1,14,1,2,8,7,7,7
49,No,Travel_Rarely,1266,Research & Development,4,4,Other,1,2359,4,Male,41,4,2,Developer,4,Single,5069,20127,0,Y,No,22,3,1,80,0,10,6,4,6,4,5,4
23,No,Travel_Rarely,1429,Research & Development,19,3,Marketing,1,2360,3,Female,64,1,2,Recruitment Specialist,2,Married,10954,19948,7,Y,Yes,12,3,3,80,1,21,5,4,12,9,5,11
34,No,Travel_Rarely,851,Research & Development,9,2,Human Resources,1,2361,3,Female,63,2,3,Recruitment Specialist,2,Married,7399,8134,4,Y,No,23,1,2,80,0,8,6,4,3,3,0,1
45,Yes,Travel_Rarely,573,Research & Development,22,4,Marketing,1,2362,3,Male,30,2,4,Recruitment Specialist,2,Divorced,3720,24630,8,Y,Yes,25,5,3,80,3,21,0,4,15,15,7,13
21,No,Travel_Rarely,802,Sales,19,4,Medical,1,2363,3,Female,61,2,1,Account Manager,1,Married,9237,18110,6,Y,No,12,3,3,80,1,1,4,3,1,1,0,0
23,No,Travel_Frequently,1030,Research & Development,8,3,Other,1,2364,4,Female,33,1,3,HR Manager,2,Married,15108,26070,1,Y,No,17,3,1,80,1,16,6,3,12,12,9,12
46,No,Travel_Rarely,1117,Research & Development,25,4,Life Sciences,1,2365,3,Male,53,4,5,Content Lead,4,Single,4016,4213,1,Y,No,23,3,3,80,2,18,2,2,11,9,8,11
38,No,Travel_Rarely,955,Research & Development,26,4,Human Resources,1,2366,1,Female,51,1,4,Software Engineer,4,Married,7272,18387,7,Y,No,16,4,2,80,1,5,2,2,3,0,2,1
29,No,Travel_Rarely,125,Research & Development,4,3,Human Resources,1,2367,4,Female,64,3,3,Developer,4,Married,10333,5637,4,Y,Yes,17,2,3,80,0,9,5,2,8,8,2,8
58,No,Travel_Rarely,736,Research & Development,13,1,Technical Degree,1,2368,1,Female,58,1,1,Developer,2,Divorced,6454,6347,4,Y,Yes,13,4,3,80,0,5,3,2,4,2,3,2
43,No,Travel_Frequently,1365,Research & Development,21,1,Marketing,1,2369,1,Other,46,3,1,Accountant,1,Single,10557,25799,5,Y,Yes,12,3,1,80,3,6,3,4,3,2,2,3
41,No,Travel_Frequently,1465,Research & Development,19,3,Life Sciences,1,2370,2,Male,57,3,1,Data Analyst,1,Married,3801,2471,6,Y,Yes,15,2,1,80,2,19,1,4,13,13,5,13
21,No,Travel_Rarely,374,Research & Development,14,2,Other,1,2371,1,Female,76,3,4,Support Engineer,1,Single,11704,25453,3,Y,Yes,21,3,2,80,3,12,0,2,11,9,7,9
41,No,Travel_Rarely,1344,Research & Development,5,5,Technical Degree,1,2372,1,Male,70,3,3,Tester,2,Single,3063,12738,8,Y,Yes,20,4,4,80,0,9,6,3,4,2,1,4
47,No,Non-Travel,1035,Sales,18,4,Other,1,2373,2,Male,46,4,2,Business Development,3,Divorced,3212,4313,7,Y,Yes,24,3,1,80,0,17,0,4,11,8,1,10
26,No,Travel_Rarely,930,Research & Development,18,4,Life Sciences,1,2374,4,Male,33,3,5,Auditor,2,Married,15397,7747,5,Y,No,25,1,1,80,0,23,2,3,15,13,8,15
56,No,Travel_Rarely,906,Research & Development,27,5,Life Sciences,1,2375,4,Female,70,4,1,Software Engineer,3,Married,11911,24056,0,Y,No,17,3,2,80,2,10,6,2,4,4,0,2
48,No,Travel_Rarely,1251,Research & Development,29,4,Medical,1,2376,4,Female,35,2,2,SEO Analyst,1,Single,13556,3207,5,Y,Yes,25,3,4,80,0,2,4,3,2,2,0,2
37,No,Non-Travel,718,Research & Development,21,2,Medical,1,2377,1,Female,73,3,2,Content Lead,4,Married,6944,15843,0,Y,No,12,3,3,80,1,11,3,4,4,4,0,3
23,No,Travel_Rarely,1007,Sales,15,2,Technical Degree,1,2378,1,Male,53,1,1,Business Development,1,Married,5025,24277,4,Y,No,16,3,3,80,0,13,6,3,11,9,1,10
32,No,Travel_Frequently,1039,Sales,23,3,Technical Degree,1,2379,4,Male,83,2,2,Business Development,4,Married,6646,20173,5,Y,No,19,2,3,80,3,18,2,4,12,10,2,12
59,No,Travel_Rarely,947,Sales,17,3,Other,1,2380,4,Female,60,3,1,Account Manager,4,Married,6648,5169,1,Y,Yes,22,3,2,80,1,14,3,3,9,8,5,7
32,No,Travel_Rarely,531,Research & Development,3,3,Technical Degree,1,2381,1,Male,38,4,3,Developer,1,Divorced,12972,7014,2,Y,No,18,3,2,80,2,6,3,3,4,2,1,3
22,No,Non-Travel,772,Sales,1,3,Life Sciences,1,2382,3,Male,82,2,2,Account Manager,2,Single,3535,13778,6,Y,No,22,4,2,80,1,13,6,2,12,10,3,11
42,No,Travel_Frequently,562,Sales,24,4,Human Resources,1,2383,3,Male,31,3,1,Sales Executive,3,Divorced,3988,21797,4,Y,No,21,3,1,80,1,4,0,4,1,0,0,0
43,No,Travel_Rarely,355,Research & Development,18,3,Medical,1,2384,2,Male,49,4,5,Auditor,4,Divorced,10666,19179,9,Y,Yes,23,3,2,80,0,1,2,3,1,1,0,0
50,No,Travel_Rarely,1365,Sales,22,4,Other,1,2385,4,Male,33,2,2,Sales Executive,2,Single,6371,25442,8,Y,Yes,22,3,4,80,0,10,0,2,1,0,0,0
25,No,Travel_Rarely,1243,Sales,27,2,Other,1,2386,4,Male,73,2,3,Business Development,2,Divorced,13898,13877,7,Y,No,15,3,1,80,0,23,5,3,14,13,7,13
29,No,Travel_Rarely,1129,Sales,16,3,Other,1,2387,2,Female,91,3,1,Business Development,1,Divorced,3371,9737,9,Y,Yes,15,3,3,80,0,11,0,4,5,2,0,3
41,No,Travel_Rarely,972,Research & Development,6,1,Human Resources,1,2388,2,Female,42,2,1,Software Engineer,1,Married,12179,9868,8,Y,Yes,14,3,1,80,1,8,2,2,6,4,4,5
31,No,Travel_Rarely,756,Research & Development,9,4,Marketing,1,2389,2,Male,49,3,4,HR Executive,1,Single,6155,20087,5,Y,No,22,4,1,80,1,13,4,4,12,11,5,10
25,No,Travel_Rarely,603,Research & Development,22,1,Medical,1,2390,2,Female,81,2,2,Financial Analyst,1,Married,4441,21028,1,Y,Yes,25,3,1,80,1,10,3,4,6,3,1,5
55,No,Non-Travel,869,Research & Development,10,3,Other,1,2391,4,Female,35,2,2,Content Lead,4,Single,14636,21424,5,Y,Yes,15,3,2,80,2,12,0,3,6,3,5,5
47,No,Travel_Rarely,691,Research & Development,22,1,Marketing,1,2392,4,Male,44,3,2,Financial Analyst,1,Single,14464,22866,4,Y,No,15,2,4,80,0,9,4,1,9,9,0,8
22,No,Travel_Rarely,210,Research & Development,29,2,Marketing,1,2393,3,Male,93,4,1,Software Engineer,1,Married,3070,17904,9,Y,No,20,3,2,80,1,1,1,3,1,0,0,0
44,No,Travel_Rarely,862,Research & Development,27,3,Technical Degree,1,2394,3,Male,65,2,4,Developer,2,Married,12861,2903,3,Y,Yes,17,1,3,80,1,19,2,3,10,8,1,9
51,No,Travel_Rarely,1391,Sales,17,3,Other,1,2395,1,Male,65,3,1,Account Manager,2,Married,6181,3446,8,Y,No,12,3,1,80,0,13,1,2,6,3,0,6
53,No,Travel_Rarely,976,Research & Development,7,2,Life Sciences,1,2396,4,Female,32,3,1,Employee Relations,3,Single,5783,14234,1,Y,Yes,15,3,1,80,0,17,5,4,13,12,5,11
59,No,Travel_Frequently,147,Research & Development,14,2,Human Resources,1,2397,1,Male,69,4,4,Auditor,2,Single,4797,5497,2,Y,No,22,3,1,80,0,15,5,4,8,8,7,6
50,No,Travel_Frequently,820,Sales,14,3,Other,1,2398,4,Other,67,2,1,Sales Executive,1,Divorced,11074,23723,3,Y,Yes,12,3,4,80,2,10,1,3,8,7,6,8
57,No,Non-Travel,1228,Research & Development,12,3,Marketing,1,2399,4,Male,74,4,4,Tester,1,Married,4435,23787,6,Y,No,15,3,1,80,0,13,2,3,12,9,8,12
48,No,Travel_Rarely,169,Research & Development,6,1,Other,1,2400,3,Male,91,1,3,HR Executive,3,Divorced,10854,21219,0,Y,Yes,18,5,2,80,1,21,3,3,15,14,8,14
51,No,Non-Travel,460,Research & Development,29,3,Technical Degree,1,2401,3,Male,95,4,2,Data Analyst,1,Married,13287,16314,8,Y,No,24,3,4,80,1,20,4,3,15,13,3,13
31,Yes,Travel_Rarely,957,Research & Development,14,1,Life Sciences,1,2402,1,Female,53,4,1,Accountant,3,Divorced,4351,13486,4,Y,Yes,25,3,4,80,3,6,1,4,3,3,2,1
43,No,Travel_Rarely,100,Sales,8,3,Medical,1,2403,1,Female,35,4,3,Sales Executive,3,Married,13798,18051,0,Y,No,15,3,1,80,2,19,6,3,13,10,4,13
22,No,Travel_Rarely,913,Research & Development,17,2,Marketing,1,2404,2,Female,31,4,2,Tester,1,Married,8839,23581,7,Y,No,13,3,4,80,0,13,1,3,5,3,3,5
47,No,Travel_Rarely,1099,Research & Development,8,3,Other,1,2405,1,Male,55,4,1,Content Lead,2,Married,11968,12403,2,Y,No,21,1,2,80,0,18,4,3,10,7,9,10
55,No,Travel_Rarely,1182,Research & Development,8,2,Technical Degree,1,2406,4,Male,73,4,4,Financial Analyst,2,Divorced,14877,14512,0,Y,No,23,3,3,80,0,6,1,4,4,4,2,4
22,No,Travel_Rarely,914,Research & Development,17,5,Other,1,2407,4,Other,30,4,3,Content Lead,2,Single,11813,17636,6,Y,Yes,25,3,3,80,0,12,2,2,12,10,0,11
59,No,Travel_Rarely,883,Research & Development,11,2,Other,1,2408,4,Female,31,3,4,Content Strategist,3,Married,13622,22516,3,Y,No,15,3,4,80,0,4,4,3,1,0,0,1
57,No,Travel_Rarely,1169,Research & Development,7,2,Other,1,2409,3,Female,40,4,2,Developer,2,Divorced,4725,13233,4,Y,Yes,23,3,2,80,0,18,0,2,9,9,3,7
41,No,Travel_Rarely,179,Research & Development,23,2,Other,1,2410,2,Male,59,2,1,Software Engineer,3,Divorced,15094,21817,9,Y,Yes,20,3,4,80,0,5,0,3,5,4,4,5
25,No,Travel_Rarely,522,Sales,7,4,Technical Degree,1,2411,4,Other,63,3,4,Business Development,4,Married,6949,5601,1,Y,Yes,11,3,2,80,0,8,3,4,2,2,1,1
41,No,Non-Travel,576,Research & Development,12,3,Technical Degree,1,2412,2,Male,90,3,2,Accountant,3,Single,3023,3220,3,Y,No,20,3,1,80,2,13,6,3,12,9,2,10
49,No,Travel_Rarely,1428,Sales,16,3,Medical,1,2413,2,Male,63,4,2,Sales Executive,1,Married,11942,6856,4,Y,Yes,23,4,1,80,2,9,5,3,2,0,0,2
40,No,Travel_Rarely,462,Research & Development,13,4,Life Sciences,1,2414,4,Male,31,3,2,Engineer,1,Married,11663,17983,3,Y,No,25,3,1,80,0,15,1,3,11,10,4,10
58,No,Travel_Rarely,1399,Research & Development,29,4,Human Resources,1,2415,2,Male,93,1,2,Helpdesk,2,Married,7913,21767,2,Y,Yes,12,3,1,80,1,16,2,4,7,6,3,5
40,No,Travel_Rarely,1352,Sales,15,3,Human Resources,1,2416,4,Female,32,3,1,Business Development,1,Divorced,11066,24465,4,Y,No,11,3,3,80,0,4,6,4,4,2,3,3
45,No,Travel_Frequently,1498,Research & Development,19,2,Marketing,1,2417,4,Female,95,1,2,HR Manager,2,Married,13728,12753,1,Y,Yes,11,3,1,80,0,2,4,2,1,0,0,1
22,No,Travel_Rarely,432,Research & Development,3,4,Life Sciences,1,2418,4,Female,59,3,3,Recruitment Specialist,4,Single,7465,20196,9,Y,Yes,25,4,1,80,1,8,5,4,5,5,4,3
52,No,Travel_Rarely,683,Research & Development,11,2,Marketing,1,2419,3,Female,64,4,4,Employee Relations,3,Married,13256,4319,9,Y,No,11,4,2,80,0,4,5,3,2,0,1,0
46,No,Travel_Frequently,579,Sales,24,3,Human Resources,1,2420,3,Female,51,4,1,Business Development,1,Married,12196,2675,0,Y,No,25,3,4,80,1,19,1,4,15,15,2,13
26,No,Travel_Rarely,1104,Sales,8,3,Medical,1,2421,1,Male,91,4,1,Business Development,2,Married,5173,18482,6,Y,No,16,4,3,80,0,10,5,4,7,7,1,6
23,No,Travel_Rarely,780,Research & Development,8,4,Other,1,2422,4,Female,83,3,3,Accountant,4,Married,15213,23587,2,Y,No,17,2,2,80,1,16,2,4,15,12,7,13
53,No,Travel_Rarely,366,Sales,12,3,Life Sciences,1,2423,4,Female,89,2,3,Account Manager,1,Single,11594,16625,5,Y,No,15,4,4,80,1,17,2,2,9,7,1,9
21,No,Travel_Frequently,1353,Research & Development,3,3,Life Sciences,1,2424,4,Male,67,3,1,Financial Analyst,1,Married,7855,18481,7,Y,No,25,3,1,80,2,19,0,2,13,10,7,13
25,No,Travel_Rarely,1102,Research & Development,20,5,Marketing,1,2425,1,Female,59,3,1,Helpdesk,4,Single,15395,11747,2,Y,Yes,14,3,4,80,0,5,0,4,1,1,0,0
33,No,Travel_Rarely,658,Sales,28,2,Marketing,1,2426,3,Female,31,2,2,Account Manager,3,Married,12929,3260,8,Y,Yes,14,4,3,80,1,15,2,3,12,9,4,11
39,No,Travel_Rarely,994,Sales,2,2,Medical,1,2427,3,Other,49,3,1,Sales Executive,1,Married,7972,18754,4,Y,No,17,3,1,80,1,11,1,2,2,0,1,0
32,No,Travel_Rarely,177,Research & Development,27,3,Life Sciences,1,2428,1,Female,73,4,3,Recruitment Specialist,4,Divorced,15262,19558,7,Y,Yes,14,5,1,80,3,15,4,2,11,10,4,11
45,No,Travel_Rarely,971,Sales,3,5,Human Resources,1,2429,4,Female,97,3,3,Sales Executive,2,Married,12956,6088,9,Y,Yes,21,2,4,80,0,7,3,3,6,5,0,4
55,No,Non-Travel,917,Research & Development,16,1,Human Resources,1,2430,4,Female,38,3,4,HR Manager,1,Married,9330,17648,1,Y,No,22,3,3,80,0,15,6,3,8,8,3,7
32,No,Travel_Rarely,964,Sales,21,1,Technical Degree,1,2431,3,Male,43,3,2,Account Manager,3,Married,14130,8790,1,Y,Yes,23,3,2,80,0,8,1,4,7,5,4,7
50,No,Travel_Rarely,460,Research & Development,19,1,Human Resources,1,2432,4,Male,40,3,2,Cybersecurity Specialist,3,Single,14122,9218,5,Y,Yes,15,1,4,80,0,16,6,3,9,9,1,7
25,No,Travel_Rarely,160,Research & Development,20,1,Other,1,2433,3,Female,39,1,5,Auditor,4,Married,8567,23164,1,Y,No,21,2,4,80,2,18,2,2,14,13,5,14
54,No,Travel_Frequently,106,Research & Development,7,4,Other,1,2434,4,Male,86,4,5,Cybersecurity Specialist,3,Married,6116,22931,5,Y,Yes,16,1,2,80,1,5,4,2,2,2,0,2
42,No,Travel_Rarely,1394,Research & Development,19,3,Technical Degree,1,2435,2,Female,35,3,1,Auditor,2,Single,5257,19455,8,Y,Yes,15,5,1,80,1,18,3,4,12,11,7,11
59,No,Travel_Rarely,946,Research & Development,1,3,Technical Degree,1,2436,3,Male,46,3,1,Accountant,4,Married,10241,12865,2,Y,Yes,24,4,4,80,2,9,6,4,9,6,4,7
33,No,Travel_Rarely,620,Research & Development,13,3,Marketing,1,2437,2,Male,42,3,5,HR Manager,4,Single,3414,21838,7,Y,No,23,3,2,80,0,10,2,3,4,1,2,3
23,No,Travel_Rarely,312,Sales,14,4,Human Resources,1,2438,3,Female,88,3,2,Sales Executive,3,Single,3665,21534,2,Y,No,17,2,4,80,3,20,4,3,11,8,9,11
40,No,Travel_Frequently,1288,Research & Development,1,2,Technical Degree,1,2439,1,Male,76,1,3,Cybersecurity Specialist,3,Married,7424,24852,8,Y,No,21,2,3,80,2,19,6,2,15,14,6,14
51,No,Non-Travel,330,Research & Development,4,3,Human Resources,1,2440,3,Male,33,4,4,Auditor,4,Married,11846,5263,4,Y,Yes,25,3,4,80,0,8,4,3,3,0,1,2
25,No,Travel_Frequently,926,Sales,17,3,Human Resources,1,2441,3,Male,55,4,2,Sales Executive,2,Single,4950,13021,7,Y,No,16,5,2,80,1,11,3,4,7,4,3,5
44,No,Travel_Frequently,767,Research & Development,6,2,Human Resources,1,2442,4,Other,61,4,2,HR Manager,2,Single,6911,20154,0,Y,Yes,16,3,4,80,2,11,6,4,5,4,4,3
53,No,Travel_Rarely,463,Research & Development,20,3,Medical,1,2443,4,Male,85,3,1,Software Engineer,2,Single,3221,2945,0,Y,No,16,3,4,80,0,13,2,3,13,11,8,11
28,No,Travel_Frequently,114,Research & Development,21,2,Technical Degree,1,2444,1,Male,96,3,4,Engineer,2,Single,4685,4952,8,Y,No,21,3,4,80,3,6,5,3,5,3,0,5
44,No,Travel_Frequently,1241,Sales,6,1,Other,1,2445,4,Male,40,3,2,Sales Executive,2,Single,15396,10235,6,Y,Yes,21,5,3,80,2,17,0,2,12,11,4,12
40,No,Travel_Rarely,187,Research & Development,2,2,Human Resources,1,2446,4,Male,87,3,1,SEO Specialist,4,Single,9977,17892,4,Y,No,23,3,3,80,2,19,1,3,13,10,4,11
36,No,Travel_Rarely,850,Research & Development,17,4,Marketing,1,2447,1,Female,81,3,2,Developer,4,Single,14494,20648,9,Y,No,13,5,3,80,0,9,5,3,2,1,0,2
32,No,Travel_Rarely,1237,Sales,29,1,Medical,1,2448,1,Male,58,3,1,Sales Executive,1,Married,3277,20111,0,Y,No,16,1,1,80,0,9,5,3,6,5,5,6
33,No,Non-Travel,326,Research & Development,26,4,Technical Degree,1,2449,3,Male,31,1,1,Tester,3,Divorced,5905,15367,2,Y,No,19,3,3,80,1,8,3,3,6,5,1,4
59,No,Travel_Rarely,1367,Sales,16,1,Life Sciences,1,2450,4,Male,97,2,1,Account Manager,2,Divorced,6072,23457,9,Y,No,12,3,4,80,1,20,1,4,12,10,6,12
45,No,Non-Travel,520,Research & Development,12,4,Technical Degree,1,2451,4,Female,78,3,2,Helpdesk,3,Single,12932,19418,9,Y,Yes,13,3,4,80,0,5,3,4,4,2,1,3
52,No,Travel_Rarely,101,Research & Development,12,4,Medical,1,2452,1,Female,50,4,2,Marketing Executive,4,Single,9915,12718,8,Y,Yes,24,3,3,80,2,14,0,3,5,3,3,3
44,No,Travel_Rarely,530,Sales,18,4,Marketing,1,2453,3,Other,46,4,3,Business Development,1,Single,13347,11085,9,Y,Yes,13,1,2,80,2,7,6,4,7,4,3,6
29,Yes,Travel_Rarely,1483,Research & Development,16,4,Medical,1,2454,4,Male,32,4,1,Engineer,4,Single,11339,18952,2,Y,Yes,13,2,1,80,1,19,1,3,14,12,9,13
43,No,Travel_Rarely,735,Sales,6,2,Human Resources,1,2455,1,Other,71,2,4,Business Development,1,Married,10392,2104,4,Y,No,24,4,4,80,1,10,4,4,8,8,1,7
33,No,Non-Travel,1023,Sales,13,2,Other,1,2456,3,Male,77,3,2,Business Development,4,Divorced,8437,5664,1,Y,No,16,3,2,80,1,12,6,2,6,6,3,5
52,No,Travel_Rarely,679,Sales,26,3,Other,1,2457,4,Male,60,3,1,Business Development,2,Divorced,9532,10812,4,Y,Yes,21,5,3,80,0,12,6,4,5,3,3,4
35,No,Travel_Rarely,246,Research & Development,25,2,Medical,1,2458,4,Female,30,3,2,Data Analyst,3,Married,12810,21286,6,Y,No,12,3,4,80,0,13,5,1,12,9,5,10
56,No,Travel_Rarely,1387,Research & Development,16,1,Life Sciences,1,2459,1,Female,98,1,4,Accountant,3,Married,13981,14837,4,Y,Yes,23,3,1,80,2,9,4,3,3,3,1,3
25,No,Travel_Rarely,898,Research & Development,24,4,Life Sciences,1,2460,1,Male,30,2,2,Engineer,1,Single,5066,18027,4,Y,Yes,22,4,2,80,1,16,1,3,7,6,6,7
42,No,Non-Travel,1152,Research & Development,10,3,Human Resources,1,2461,2,Male,65,2,4,Helpdesk,1,Married,10475,4054,3,Y,No,19,4,2,80,1,12,2,3,8,8,2,6
36,No,Travel_Rarely,1260,Research & Development,11,3,Human Resources,1,2462,3,Male,88,3,1,Cybersecurity Specialist,4,Married,7355,13169,3,Y,Yes,25,3,1,80,1,7,6,2,3,1,2,3
30,Yes,Travel_Rarely,937,Research & Development,1,4,Life Sciences,1,2463,1,Male,90,3,4,Tester,1,Married,7544,21073,4,Y,Yes,15,2,1,80,0,9,4,3,5,2,1,5
44,No,Travel_Frequently,845,Research & Development,21,3,Other,1,2464,3,Male,33,2,2,Tester,2,Married,4268,4709,1,Y,No,13,4,3,80,0,15,6,2,11,8,0,11
38,No,Non-Travel,1471,Sales,7,3,Marketing,1,2465,1,Male,78,3,4,Business Development,4,Divorced,4032,14217,5,Y,Yes,25,4,2,80,2,11,3,3,2,0,0,2
38,No,Travel_Frequently,1453,Sales,24,4,Other,1,2466,3,Male,70,2,4,Account Manager,2,Married,14026,6343,1,Y,No,18,4,2,80,1,14,2,4,10,9,8,9
27,No,Non-Travel,1177,Sales,23,2,Other,1,2467,3,Female,89,3,3,Account Manager,1,Married,4584,5968,8,Y,No,24,3,4,80,0,16,3,3,10,8,0,10
24,No,Travel_Rarely,870,Sales,17,3,Medical,1,2468,4,Female,50,2,3,Sales Executive,3,Married,13495,3633,5,Y,No,17,3,2,80,0,19,0,4,12,10,7,12
46,No,Travel_Frequently,175,Research & Development,12,5,Life Sciences,1,2469,3,Male,69,1,1,Financial Analyst,2,Single,8613,10228,4,Y,No,15,4,1,80,0,7,5,3,4,2,1,4
25,No,Travel_Rarely,391,Sales,20,4,Human Resources,1,2470,2,Female,69,3,2,Business Development,4,Single,15275,25178,2,Y,Yes,16,1,3,80,0,18,4,1,12,9,5,11
36,No,Travel_Rarely,1071,Research & Development,20,4,Human Resources,1,2471,4,Other,56,2,2,Accountant,3,Married,10932,23052,9,Y,No,11,3,3,80,0,12,0,4,4,2,2,4
55,No,Travel_Rarely,728,Research & Development,15,3,Marketing,1,2472,3,Female,71,3,1,Developer,1,Married,12566,12202,8,Y,Yes,23,1,2,80,0,13,5,3,12,9,6,10
46,No,Travel_Rarely,140,Research & Development,9,4,Technical Degree,1,2473,1,Other,65,1,2,Content Lead,2,Married,13149,23133,7,Y,No,23,2,2,80,0,21,2,4,13,11,1,13
38,No,Travel_Rarely,545,Research & Development,28,1,Human Resources,1,2474,2,Other,40,2,4,SEO Analyst,1,Married,13351,8727,2,Y,Yes,25,3,3,80,1,13,3,3,8,6,3,6
49,No,Travel_Rarely,206,Research & Development,22,2,Marketing,1,2475,4,Female,64,2,1,Engineer,2,Married,9183,11808,0,Y,Yes,16,1,1,80,0,11,4,3,3,3,1,2
43,No,Travel_Rarely,492,Sales,6,3,Life Sciences,1,2476,3,Male,66,2,2,Account Manager,3,Single,3006,12316,0,Y,Yes,21,2,4,80,1,11,1,4,5,3,0,4
34,No,Travel_Rarely,1463,Research & Development,5,3,Technical Degree,1,2477,1,Male,41,2,1,Cybersecurity Specialist,4,Married,14768,16055,9,Y,No,24,3,3,80,2,15,0,1,11,10,5,11
35,No,Travel_Frequently,1227,Research & Development,5,2,Life Sciences,1,2478,3,Male,79,3,5,Financial Analyst,1,Married,9174,19262,7,Y,No,20,3,1,80,0,9,4,3,5,2,3,5
53,No,Travel_Rarely,140,Research & Development,9,3,Marketing,1,2479,2,Female,54,3,5,Financial Analyst,3,Married,7246,5334,9,Y,No,24,3,4,80,1,2,1,3,2,0,1,2
45,No,Travel_Frequently,1022,Research & Development,2,2,Life Sciences,1,2480,1,Other,92,3,2,Marketing Executive,3,Single,5976,21022,6,Y,Yes,22,3,1,80,0,11,5,3,9,9,8,9
41,No,Travel_Rarely,1127,Sales,10,3,Medical,1,2481,1,Male,39,2,2,Account Manager,4,Married,6978,3448,6,Y,No,25,4,1,80,0,9,2,1,4,2,2,3
37,No,Travel_Rarely,109,Sales,5,4,Marketing,1,2482,1,Male,87,3,4,Sales Executive,4,Divorced,11855,2739,2,Y,Yes,18,3,2,80,1,10,5,4,9,9,3,9
43,No,Travel_Rarely,660,Research & Development,17,3,Technical Degree,1,2483,4,Male,32,4,1,SEO Analyst,3,Single,15009,23709,5,Y,No,23,3,4,80,3,14,1,3,9,6,8,9
37,No,Travel_Frequently,1014,Research & Development,21,2,Human Resources,1,2484,4,Male,98,2,2,Auditor,2,Divorced,8569,16429,9,Y,Yes,20,5,4,80,1,6,5,3,2,0,1,2
34,No,Travel_Rarely,1197,Research & Development,4,3,Life Sciences,1,2485,2,Female,84,2,1,Cybersecurity Specialist,3,Married,6910,25229,4,Y,No,16,1,4,80,0,9,6,4,9,7,1,9
49,No,Travel_Rarely,147,Research & Development,4,3,Marketing,1,2486,1,Female,41,4,5,Content Strategist,3,Married,6243,9971,4,Y,Yes,14,3,3,80,0,11,6,4,9,9,6,9
40,No,Travel_Rarely,1247,Research & Development,13,3,Life Sciences,1,2487,3,Male,74,3,1,HR Executive,2,Divorced,10228,19534,5,Y,No,11,3,1,80,0,2,6,3,2,2,0,1
50,No,Travel_Frequently,1274,Sales,20,3,Other,1,2488,3,Male,70,4,2,Sales Executive,1,Single,13441,25629,7,Y,Yes,19,4,3,80,1,17,2,4,11,10,4,10
39,No,Travel_Rarely,588,Research & Development,19,3,Marketing,1,2489,4,Female,71,3,2,Recruitment Specialist,3,Single,10725,14616,8,Y,No,15,4,1,80,0,19,6,3,13,13,7,13
59,No,Travel_Rarely,549,Research & Development,6,5,Other,1,2490,1,Other,62,1,4,Software Engineer,2,Single,6440,2352,4,Y,Yes,22,1,2,80,1,6,0,3,6,4,2,6
33,No,Travel_Rarely,886,Sales,19,1,Marketing,1,2491,2,Male,99,2,5,Account Manager,1,Married,11854,24073,9,Y,No,25,3,3,80,2,16,6,4,9,7,7,7
38,No,Non-Travel,811,Research & Development,22,3,Other,1,2492,1,Female,35,3,1,Financial Analyst,2,Divorced,12026,24262,6,Y,No,11,3,1,80,0,10,1,3,4,1,1,2
43,No,Travel_Rarely,829,Research & Development,16,3,Technical Degree,1,2493,1,Female,31,3,3,Content Lead,2,Single,3983,6283,0,Y,Yes,13,3,1,80,1,4,3,4,2,1,1,2
53,No,Travel_Rarely,737,Research & Development,6,3,Life Sciences,1,2494,1,Male,55,3,2,Engineer,2,Divorced,12818,6686,4,Y,No,20,2,1,80,2,8,5,3,7,4,3,7
59,No,Travel_Rarely,327,Research & Development,11,2,Life Sciences,1,2495,4,Female,77,4,1,Developer,1,Married,10696,18613,9,Y,No,23,3,1,80,2,23,5,3,15,15,3,13
38,No,Non-Travel,366,Sales,10,2,Marketing,1,2496,3,Female,86,3,2,Business Development,1,Single,4058,16236,2,Y,Yes,24,3,1,80,0,15,3,3,9,6,7,7
29,No,Travel_Frequently,1382,Research & Development,18,2,Medical,1,2497,3,Female,98,3,5,Developer,3,Single,4198,2320,9,Y,Yes,18,1,2,80,0,11,3,3,6,6,2,6
53,No,Travel_Rarely,544,Sales,9,5,Human Resources,1,2498,2,Other,75,3,2,Sales Executive,3,Married,4009,20917,1,Y,No,24,3,3,80,3,15,2,3,11,10,6,10
52,No,Travel_Rarely,577,Sales,10,3,Human Resources,1,2499,4,Male,77,1,1,Account Manager,3,Married,6982,22122,2,Y,Yes,19,1,2,80,0,15,5,3,11,11,7,10
37,No,Travel_Frequently,1268,Research & Development,15,3,Medical,1,2500,2,Female,70,3,3,Recruitment Specialist,3,Single,12333,14365,9,Y,Yes,25,3,4,80,1,16,6,4,14,14,7,13
39,No,Non-Travel,684,Research & Development,24,4,Technical Degree,1,2501,2,Female,45,4,4,Data Analyst,3,Divorced,8456,15767,8,Y,No,16,3,2,80,0,8,1,2,4,4,2,2
47,No,Travel_Rarely,129,Research & Development,14,2,Other,1,2502,4,Female,81,3,1,Tester,1,Single,13965,8662,8,Y,Yes,12,3,3,80,2,8,4,4,1,1,0,0
26,No,Travel_Rarely,1131,Research & Development,16,4,Medical,1,2503,3,Female,41,2,1,Auditor,4,Married,7352,26768,1,Y,Yes,21,4,2,80,0,5,6,4,4,2,1,4
55,No,Travel_Rarely,1292,Sales,29,3,Other,1,2504,3,Male,44,2,2,Business Development,2,Married,12168,17081,8,Y,No,16,3,4,80,0,5,1,4,3,3,0,3
57,No,Travel_Frequently,1021,Research & Development,7,2,Medical,1,2505,3,Male,50,2,1,Auditor,3,Divorced,10627,8987,2,Y,Yes,15,3,1,80,1,9,1,2,7,6,6,7
54,No,Travel_Rarely,104,Research & Development,25,4,Technical Degree,1,2506,4,Male,54,3,2,Auditor,2,Single,11326,2808,2,Y,Yes,17,5,3,80,0,16,5,4,11,10,9,11
40,No,Travel_Rarely,424,Research & Development,8,4,Marketing,1,2507,4,Female,59,1,1,Software Engineer,2,Single,9877,13849,4,Y,No,23,4,3,80,1,13,5,3,13,10,3,12
45,No,Travel_Rarely,849,Sales,25,4,Other,1,2508,4,Male,62,2,1,Business Development,3,Single,8700,20217,3,Y,No,19,3,2,80,1,15,0,4,11,8,7,9
24,No,Travel_Rarely,251,Research & Development,8,2,Life Sciences,1,2509,3,Female,95,3,1,HR Executive,2,Single,9067,6514,0,Y,Yes,23,3,3,80,1,18,4,3,10,9,5,8
30,No,Travel_Rarely,1457,Sales,13,5,Other,1,2510,2,Male,62,3,3,Business Development,2,Married,4352,15729,0,Y,Yes,20,3,4,80,2,5,3,3,5,5,4,3
30,No,Non-Travel,480,Sales,19,5,Other,1,2511,3,Male,57,3,1,Sales Executive,4,Single,6431,8024,4,Y,No,22,4,4,80,1,17,2,3,12,10,3,10
44,No,Travel_Rarely,1084,Research & Development,10,3,Human Resources,1,2512,2,Female,70,3,4,SEO Specialist,2,Married,10818,19200,3,Y,Yes,20,1,4,80,0,9,4,3,3,2,0,2
41,No,Travel_Frequently,1012,Sales,1,1,Other,1,2513,3,Female,30,2,5,Account Manager,2,Married,14111,24933,7,Y,No,21,3,3,80,0,14,3,3,14,13,0,14
31,No,Travel_Frequently,1450,Research & Development,27,2,Human Resources,1,2514,1,Male,92,2,1,SEO Analyst,4,Married,11046,14708,1,Y,No,16,4,4,80,1,7,2,4,2,0,0,0
47,Yes,Travel_Rarely,690,Research & Development,22,5,Human Resources,1,2515,4,Female,64,4,2,Content Strategist,2,Married,3178,4363,7,Y,Yes,15,3,2,80,1,16,6,4,13,12,7,11
36,No,Travel_Rarely,681,Sales,28,3,Medical,1,2516,2,Male,77,4,1,Sales Executive,2,Married,11024,14299,5,Y,Yes,13,3,3,80,2,5,4,3,2,2,1,0
46,No,Travel_Rarely,1411,Sales,16,3,Marketing,1,2517,2,Male,68,4,2,Business Development,2,Single,14489,4426,9,Y,Yes,13,3,1,80,0,10,2,3,5,2,0,5
50,No,Travel_Rarely,1183,Sales,3,2,Marketing,1,2518,3,Female,49,2,1,Account Manager,2,Single,3105,13049,8,Y,Yes,15,3,2,80,0,22,2,4,13,12,2,11
36,No,Travel_Rarely,1251,Research & Development,3,2,Other,1,2519,2,Male,67,1,2,SEO Specialist,2,Single,7732,15151,5,Y,No,14,3,1,80,1,22,3,3,13,13,8,13
27,No,Travel_Rarely,1293,Research & Development,6,3,Medical,1,2520,1,Male,52,3,1,Financial Analyst,2,Divorced,14518,2894,6,Y,Yes,12,3,4,80,0,15,0,3,8,6,1,7
36,No,Travel_Frequently,651,Sales,26,3,Technical Degree,1,2521,2,Male,41,4,1,Account Manager,1,Married,13916,17440,7,Y,No,21,3,2,80,0,10,3,2,8,6,4,6
55,No,Travel_Frequently,1150,Research & Development,12,5,Technical Degree,1,2522,2,Female,35,2,3,HR Manager,4,Divorced,6695,24401,0,Y,No,12,4,3,80,2,20,4,3,14,13,9,14
36,No,Travel_Frequently,104,Research & Development,25,3,Marketing,1,2523,1,Male,36,4,1,HR Executive,1,Married,13151,4974,6,Y,No,13,4,1,80,0,21,3,1,12,12,5,12
32,No,Travel_Rarely,544,Research & Development,5,4,Medical,1,2524,4,Female,80,2,1,Engineer,1,Single,9029,13027,6,Y,Yes,23,1,1,80,0,8,3,1,5,2,0,3
55,Yes,Travel_Rarely,1056,Research & Development,16,2,Other,1,2525,3,Female,43,2,1,Tester,4,Married,6277,9205,2,Y,Yes,23,3,4,80,1,15,3,3,13,11,8,11
41,No,Travel_Rarely,1431,Sales,17,1,Human Resources,1,2526,3,Female,45,2,1,Sales Executive,4,Married,10756,23124,6,Y,No,18,3,2,80,0,4,5,4,2,1,0,2
56,No,Non-Travel,1198,Research & Development,10,3,Life Sciences,1,2527,4,Male,52,2,2,Accountant,2,Married,9347,4247,3,Y,No,25,3,2,80,0,18,5,4,13,12,5,11
37,Yes,Travel_Rarely,1468,Sales,7,2,Marketing,1,2528,1,Female,47,4,1,Sales Executive,3,Single,4865,17631,5,Y,Yes,15,3,1,80,0,13,5,4,4,3,3,3
52,No,Travel_Rarely,352,Sales,25,2,Human Resources,1,2529,4,Male,36,3,2,Sales Executive,3,Single,3209,2571,1,Y,Yes,15,3,1,80,1,14,4,4,7,5,3,7
26,No,Travel_Rarely,933,Sales,10,5,Marketing,1,2530,2,Male,97,2,5,Account Manager,1,Single,14344,7727,3,Y,No,15,3,1,80,1,14,6,3,14,14,4,14
44,No,Travel_Rarely,1087,Sales,2,3,Life Sciences,1,2531,3,Male,54,2,2,Account Manager,2,Married,13231,17048,9,Y,No,12,3,3,80,0,9,4,4,6,3,4,4
47,No,Travel_Rarely,746,Research & Development,15,2,Other,1,2532,3,Male,62,3,2,Data Analyst,3,Married,9478,3145,9,Y,Yes,21,4,1,80,0,10,6,3,10,7,6,10
40,No,Non-Travel,1033,Research & Development,25,2,Technical Degree,1,2533,3,Male,80,1,2,Tester,4,Married,10053,5299,3,Y,Yes,16,2,4,80,1,14,2,4,7,7,6,5
45,No,Travel_Rarely,278,Research & Development,21,2,Marketing,1,2534,1,Male,52,2,2,Accountant,4,Married,13715,24048,4,Y,Yes,11,3,3,80,2,9,2,2,5,5,4,3
22,No,Travel_Frequently,356,Research & Development,29,5,Other,1,2535,1,Male,79,1,5,Marketing Executive,3,Married,9571,14613,5,Y,No,14,3,4,80,3,4,4,3,2,0,1,0
29,No,Travel_Rarely,856,Research & Development,17,2,Medical,1,2536,2,Male,50,1,1,Engineer,2,Married,7483,25135,3,Y,Yes,18,5,2,80,0,15,5,3,8,7,7,8
48,No,Travel_Rarely,788,Research & Development,4,2,Technical Degree,1,2537,1,Female,92,4,4,Tester,2,Married,11280,5345,5,Y,Yes,19,2,2,80,1,22,2,3,14,11,0,12
58,No,Travel_Frequently,631,Research & Development,8,3,Technical Degree,1,2538,1,Male,50,3,1,HR Manager,1,Married,3115,23763,8,Y,Yes,25,3,4,80,0,16,3,3,12,12,0,10
23,No,Travel_Rarely,454,Research & Development,19,2,Human Resources,1,2539,1,Male,56,3,1,Employee Relations,4,Single,13989,24699,3,Y,Yes,25,4,1,80,0,2,1,2,2,0,1,0
40,No,Travel_Frequently,653,Research & Development,21,2,Medical,1,2540,4,Male,55,3,3,Data Analyst,2,Single,12841,24765,6,Y,Yes,16,4,1,80,0,17,5,4,12,11,1,10
26,No,Travel_Rarely,1267,Research & Development,2,2,Other,1,2541,4,Male,48,4,1,Software Engineer,4,Single,5879,12587,6,Y,No,21,4,1,80,1,12,5,3,8,6,3,6
59,No,Travel_Rarely,694,Research & Development,21,2,Marketing,1,2542,3,Male,87,2,2,Data Analyst,1,Married,10454,14962,7,Y,Yes,20,3,1,80,1,20,5,3,15,12,2,15
53,No,Travel_Rarely,883,Research & Development,16,2,Marketing,1,2543,1,Other,36,3,3,Developer,2,Divorced,11722,19778,1,Y,No,16,4,2,80,0,10,1,3,7,5,3,5
21,Yes,Travel_Frequently,787,Sales,14,1,Medical,1,2544,1,Female,44,2,2,Account Manager,2,Single,9597,9777,0,Y,Yes,25,3,3,80,3,9,2,2,3,0,1,2
57,No,Travel_Frequently,1091,Research & Development,12,4,Technical Degree,1,2545,3,Female,95,3,1,Developer,3,Divorced,6701,16881,8,Y,Yes,21,3,2,80,0,17,6,4,13,11,1,12
26,No,Travel_Rarely,1434,Sales,9,2,Marketing,1,2546,1,Female,95,2,1,Account Manager,4,Married,9005,4160,8,Y,No,14,3,4,80,0,10,2,4,4,4,1,3
54,No,Travel_Frequently,847,Research & Development,12,4,Marketing,1,2547,4,Other,76,2,1,Support Engineer,2,Single,12317,6260,3,Y,No,25,3,1,80,1,22,0,4,13,10,6,13
35,No,Travel_Frequently,812,Research & Development,3,4,Marketing,1,2548,1,Female,75,3,4,Content Lead,1,Married,9465,11696,3,Y,No,17,3,2,80,3,8,3,4,7,6,6,7
46,No,Travel_Rarely,762,Research & Development,23,3,Life Sciences,1,2549,4,Male,73,1,3,Software Engineer,4,Married,3274,5471,9,Y,Yes,24,3,2,80,3,6,3,3,4,3,1,4
34,No,Travel_Rarely,897,Sales,13,2,Medical,1,2550,4,Female,38,4,5,Business Development,2,Married,12042,9909,2,Y,No,21,3,4,80,0,9,0,3,9,7,0,9
27,No,Travel_Rarely,544,Research & Development,6,2,Life Sciences,1,2551,3,Female,40,2,4,Employee Relations,4,Single,13639,12212,2,Y,No,15,3,1,80,0,9,0,3,7,6,2,5
51,No,Non-Travel,195,Research & Development,2,3,Life Sciences,1,2552,2,Male,85,3,2,HR Manager,1,Single,10123,15520,4,Y,No,11,3,1,80,1,8,1,4,1,0,0,0
44,No,Travel_Rarely,443,Sales,7,3,Human Resources,1,2553,1,Male,33,3,4,Account Manager,3,Married,11146,15310,4,Y,Yes,25,3,3,80,1,5,3,2,1,1,0,0
51,No,Non-Travel,814,Research & Development,26,3,Marketing,1,2554,2,Female,66,1,3,Data Analyst,3,Married,14256,5978,3,Y,No,22,4,1,80,1,23,3,4,15,14,1,13
49,No,Travel_Frequently,343,Research & Development,20,1,Life Sciences,1,2555,2,Male,63,4,2,Recruitment Specialist,1,Married,12540,25154,4,Y,Yes,22,3,4,80,0,4,6,2,4,2,0,4
52,No,Travel_Frequently,637,Research & Development,14,4,Medical,1,2556,2,Female,76,2,2,Developer,4,Divorced,15241,15369,2,Y,Yes,19,4,4,80,0,18,5,4,14,13,8,12
37,No,Travel_Rarely,375,Sales,6,1,Human Resources,1,2557,3,Male,59,4,3,Account Manager,1,Married,8513,8744,5,Y,Yes,18,3,2,80,0,15,4,4,14,11,7,13
34,No,Travel_Rarely,773,Sales,23,3,Human Resources,1,2558,2,Female,75,1,2,Sales Executive,3,Divorced,7938,26879,7,Y,Yes,20,3,3,80,2,20,3,4,13,10,2,13
56,No,Travel_Frequently,1223,Sales,9,3,Other,1,2559,3,Male,99,3,2,Business Development,4,Married,12833,25506,5,Y,Yes,11,3,3,80,0,10,1,4,9,6,4,7
44,No,Travel_Rarely,1213,Sales,7,1,Technical Degree,1,2560,1,Female,62,2,2,Account Manager,4,Single,11187,2071,6,Y,No,25,3,1,80,2,21,1,3,13,11,2,12
47,No,Travel_Frequently,496,Research & Development,19,3,Technical Degree,1,2561,2,Male,79,3,3,Financial Analyst,2,Married,12802,24149,7,Y,Yes,11,1,1,80,0,9,5,2,4,3,1,3
45,No,Travel_Rarely,701,Research & Development,25,4,Human Resources,1,2562,4,Female,44,3,1,HR Manager,2,Divorced,9154,12839,6,Y,No,19,3,3,80,2,22,0,4,13,11,5,13
52,No,Travel_Frequently,140,Research & Development,16,4,Medical,1,2563,2,Female,49,3,3,Recruitment Specialist,2,Married,4297,7378,9,Y,Yes,25,3,4,80,0,13,1,4,5,2,4,4
38,No,Travel_Rarely,1074,Research & Development,13,4,Life Sciences,1,2564,2,Female,69,2,3,Developer,2,Married,3933,12088,4,Y,Yes,12,5,1,80,2,2,6,3,1,0,0,0
38,No,Travel_Rarely,702,Research & Development,6,3,Technical Degree,1,2565,4,Male,61,3,2,Developer,2,Divorced,3912,14089,5,Y,No,14,1,4,80,2,23,1,4,15,13,1,13
57,No,Travel_Rarely,633,Research & Development,4,3,Life Sciences,1,2566,1,Male,41,4,1,Data Analyst,1,Married,9860,11238,5,Y,Yes,24,3,1,80,0,17,5,2,14,13,9,13
46,No,Non-Travel,749,Research & Development,12,1,Medical,1,2567,4,Other,44,2,2,Employee Relations,1,Divorced,14809,5768,8,Y,No,21,4,1,80,0,4,4,2,2,0,1,0
29,No,Non-Travel,1173,Research & Development,26,3,Life Sciences,1,2568,1,Male,88,3,1,Marketing Executive,4,Married,5119,12322,4,Y,Yes,11,4,3,80,0,14,1,3,11,11,7,10
55,No,Travel_Rarely,371,Research & Development,21,2,Human Resources,1,2569,3,Male,89,3,1,Software Engineer,4,Married,13510,3664,3,Y,No,20,1,1,80,2,11,2,2,4,4,1,4
28,No,Travel_Frequently,595,Sales,10,3,Technical Degree,1,2570,3,Male,33,3,2,Sales Executive,2,Single,10223,26322,1,Y,Yes,13,3,1,80,0,18,2,3,12,10,2,10
40,No,Travel_Rarely,1063,Research & Development,16,2,Medical,1,2571,4,Male,56,2,3,Auditor,3,Married,3575,10982,3,Y,Yes,16,1,1,80,0,9,0,4,4,2,0,3
42,No,Travel_Frequently,422,Research & Development,1,3,Human Resources,1,2572,3,Male,87,4,1,Data Analyst,3,Divorced,5155,16336,1,Y,Yes,25,4,4,80,3,11,3,2,11,9,0,11
39,No,Travel_Frequently,292,Sales,12,3,Medical,1,2573,4,Male,82,3,1,Sales Executive,4,Married,6531,12606,6,Y,No,24,3,3,80,1,11,3,4,10,9,4,9
50,No,Travel_Rarely,607,Research & Development,20,4,Other,1,2574,3,Female,68,3,2,Software Engineer,4,Married,5295,26219,9,Y,No,13,4,2,80,2,15,4,1,6,3,3,4
48,No,Travel_Frequently,1412,Research & Development,19,3,Technical Degree,1,2575,4,Female,44,3,3,HR Manager,4,Married,3872,9151,5,Y,Yes,14,4,3,80,1,14,1,4,13,13,1,13
55,No,Travel_Rarely,1261,Research & Development,22,5,Life Sciences,1,2576,4,Male,48,4,1,Auditor,2,Single,7746,12308,5,Y,Yes,24,5,4,80,0,13,5,2,6,5,4,6
31,No,Travel_Rarely,1103,Research & Development,25,4,Medical,1,2577,3,Male,43,4,1,Employee Relations,4,Divorced,4908,2594,0,Y,No,25,4,3,80,2,12,1,3,8,7,1,7
51,Yes,Non-Travel,1434,Sales,29,3,Technical Degree,1,2578,3,Female,35,3,1,Account Manager,2,Married,4858,7004,2,Y,Yes,23,3,1,80,1,16,5,3,12,9,8,10
59,No,Travel_Rarely,286,Research & Development,19,3,Other,1,2579,1,Female,63,3,4,Developer,1,Divorced,13307,17128,1,Y,Yes,21,2,3,80,1,18,1,3,13,13,9,11
56,No,Non-Travel,969,Research & Development,28,2,Other,1,2580,4,Male,54,3,3,HR Manager,4,Single,10015,3261,3,Y,Yes,19,3,4,80,0,11,1,2,9,8,6,7
50,No,Travel_Rarely,386,Sales,21,4,Human Resources,1,2581,2,Other,70,3,4,Business Development,3,Divorced,8741,6380,8,Y,Yes,13,3,1,80,3,15,1,3,14,11,5,12
43,No,Travel_Frequently,571,Research & Development,18,3,Technical Degree,1,2582,2,Female,79,3,3,HR Manager,2,Married,11579,24902,7,Y,No,15,1,1,80,2,3,2,3,1,0,0,1
39,No,Travel_Rarely,187,Research & Development,9,5,Life Sciences,1,2583,2,Male,71,3,5,SEO Specialist,1,Single,15189,4432,0,Y,No,18,3,2,80,0,5,6,3,1,1,0,0
32,No,Travel_Rarely,535,Research & Development,24,3,Technical Degree,1,2584,4,Other,96,4,2,Employee Relations,1,Single,4562,13201,6,Y,No,25,4,1,80,0,24,4,4,15,13,0,14
35,No,Non-Travel,237,Sales,26,4,Human Resources,1,2585,1,Female,95,1,2,Account Manager,2,Single,7901,17137,9,Y,Yes,15,4,3,80,1,14,0,3,6,5,5,4
51,No,Travel_Rarely,978,Sales,4,4,Human Resources,1,2586,1,Male,51,2,2,Sales Executive,2,Single,3091,7690,0,Y,No,17,3,1,80,0,8,0,2,4,3,1,4
57,No,Travel_Frequently,1487,Research & Development,11,2,Medical,1,2587,4,Male,57,2,1,Developer,1,Single,10943,15536,8,Y,No,22,3,3,80,0,16,5,4,11,10,1,10
57,No,Travel_Frequently,1025,Sales,24,2,Human Resources,1,2588,3,Female,30,4,1,Sales Executive,1,Single,4828,22928,8,Y,No,20,3,4,80,1,13,2,1,4,4,2,4
35,No,Travel_Rarely,216,Research & Development,16,3,Marketing,1,2589,3,Female,73,3,1,HR Executive,1,Divorced,13642,11417,2,Y,Yes,24,4,4,80,0,3,1,4,1,0,0,0
49,No,Travel_Rarely,946,Sales,26,3,Human Resources,1,2590,2,Female,52,3,2,Sales Executive,2,Divorced,10545,6305,1,Y,No,16,3,3,80,2,13,1,1,9,7,6,9
46,No,Travel_Rarely,1058,Research & Development,20,2,Life Sciences,1,2591,4,Female,34,3,2,HR Manager,4,Married,9953,17381,7,Y,No,24,5,3,80,2,15,6,4,12,11,2,10
22,No,Non-Travel,955,Research & Development,2,4,Human Resources,1,2592,2,Other,44,4,2,Employee Relations,1,Married,10664,17028,5,Y,No,18,4,1,80,3,17,3,4,11,10,1,10
40,No,Travel_Rarely,1186,Research & Development,9,3,Medical,1,2593,1,Female,98,3,3,Financial Analyst,1,Married,11833,9710,2,Y,No,22,5,2,80,0,10,5,2,3,0,1,2
35,No,Travel_Rarely,1197,Research & Development,18,5,Human Resources,1,2594,4,Male,33,3,3,Auditor,3,Married,10227,6417,4,Y,No,25,3,2,80,0,15,0,4,15,14,7,13
24,No,Travel_Rarely,481,Sales,17,4,Technical Degree,1,2595,4,Female,73,1,5,Sales Executive,4,Single,12565,16550,9,Y,No,16,4,3,80,1,7,3,3,5,2,2,3
42,No,Travel_Rarely,1143,Research & Development,17,3,Other,1,2596,1,Other,62,3,2,SEO Specialist,2,Married,12139,7378,8,Y,Yes,17,4,4,80,2,18,5,3,10,7,1,8
58,No,Travel_Rarely,1152,Research & Development,14,4,Other,1,2597,2,Female,89,2,1,Software Engineer,1,Single,10772,5757,7,Y,Yes,18,3,1,80,0,1,6,4,1,1,0,1
43,No,Non-Travel,1285,Research & Development,13,3,Technical Degree,1,2598,1,Male,99,4,1,HR Manager,2,Married,3686,25979,9,Y,Yes,15,3,4,80,0,15,0,3,8,7,5,8
46,No,Travel_Rarely,805,Research & Development,19,4,Technical Degree,1,2599,2,Female,75,3,1,Data Analyst,4,Married,8966,21624,1,Y,Yes,18,4,1,80,1,4,3,2,3,2,0,2
31,No,Travel_Rarely,921,Research & Development,26,3,Marketing,1,2600,2,Female,56,2,1,Developer,4,Divorced,14164,23004,3,Y,No,12,2,4,80,1,23,1,4,14,14,6,13
